variant,repeat,communication,backend,size_bytes,sample_index,publish_timestamp_ns,publish_duration_ns,receive_timestamp_ns,e2e_latency_ns
baseline,1,inter_process,cpu,64,0,515687756980480,331648,515687757621694,641214
baseline,1,inter_process,cpu,64,1,515687856975870,320628,515687857607864,631994
baseline,1,inter_process,cpu,64,2,515687956977002,324611,515687957606742,629740
baseline,1,inter_process,cpu,64,3,515688056984575,320691,515688057615382,630807
baseline,1,inter_process,cpu,64,4,515688156974072,327726,515688157593747,619675
baseline,1,inter_process,cpu,64,5,515688256964182,289685,515688257518381,554199
baseline,1,inter_process,cpu,64,6,515688356974556,352813,515688357587203,612647
baseline,1,inter_process,cpu,64,7,515688456987154,319051,515688457614618,627464
baseline,1,inter_process,cpu,64,8,515688556930653,323898,515688557550247,619594
baseline,1,inter_process,cpu,64,9,515688656957313,239448,515688657506079,548766
baseline,1,inter_process,cpu,64,10,515688756895728,237910,515688757363630,467902
baseline,1,inter_process,cpu,64,11,515688856967829,328331,515688857594008,626179
baseline,1,inter_process,cpu,64,12,515688956961018,340294,515688957608405,647387
baseline,1,inter_process,cpu,64,13,515689056979528,333748,515689057618933,639405
baseline,1,inter_process,cpu,64,14,515689156929098,597510,515689157832339,903241
baseline,1,inter_process,cpu,64,15,515689256978239,237327,515689257562103,583864
baseline,1,inter_process,cpu,64,16,515689356935350,327406,515689357530959,595609
baseline,1,inter_process,cpu,64,17,515689456836829,139904,515689457133968,297139
baseline,1,inter_process,cpu,64,18,515689556764575,163454,515689557090859,326284
baseline,1,inter_process,cpu,64,19,515689656969171,324459,515689657591695,622524
baseline,1,inter_process,cpu,262144,0,515694847055037,574412,515694847991231,936194
baseline,1,inter_process,cpu,262144,1,515694947101330,646038,515694948156840,1055510
baseline,1,inter_process,cpu,262144,2,515695047243012,655145,515695048295204,1052192
baseline,1,inter_process,cpu,262144,3,515695147230561,612358,515695148228650,998089
baseline,1,inter_process,cpu,262144,4,515695247245692,726491,515695248350851,1105159
baseline,1,inter_process,cpu,262144,5,515695347215518,662706,515695348402760,1187242
baseline,1,inter_process,cpu,262144,6,515695447203329,657339,515695448326841,1123512
baseline,1,inter_process,cpu,262144,7,515695547262856,472947,515695548416378,1153522
baseline,1,inter_process,cpu,262144,8,515695647066329,273729,515695647524953,458624
baseline,1,inter_process,cpu,262144,9,515695746929308,226956,515695747389040,459732
baseline,1,inter_process,cpu,262144,10,515695847112256,353673,515695847693401,581145
baseline,1,inter_process,cpu,262144,11,515695947181267,602237,515695948176176,994909
baseline,1,inter_process,cpu,262144,12,515696047224552,660243,515696048331989,1107437
baseline,1,inter_process,cpu,262144,13,515696147208449,585753,515696148216040,1007591
baseline,1,inter_process,cpu,262144,14,515696247236365,649644,515696248341802,1105437
baseline,1,inter_process,cpu,262144,15,515696347203319,578705,515696348219015,1015696
baseline,1,inter_process,cpu,262144,16,515696447203638,466577,515696448270459,1066821
baseline,1,inter_process,cpu,262144,17,515696547222314,581646,515696548258332,1036018
baseline,1,inter_process,cpu,262144,18,515696646974894,280315,515696647453501,478607
baseline,1,inter_process,cpu,262144,19,515696747256418,661186,515696748389241,1132823
baseline,1,intra_process_va,memfd,262144,0,515698629173215,18593,515698629298574,125359
baseline,1,intra_process_va,memfd,262144,1,515698729198043,19200,515698729325948,127905
baseline,1,intra_process_va,memfd,262144,2,515698829221105,19238,515698829347381,126276
baseline,1,intra_process_va,memfd,262144,3,515698929179036,16698,515698929294774,115738
baseline,1,intra_process_va,memfd,262144,4,515699029161789,16858,515699029276854,115065
baseline,1,intra_process_va,memfd,262144,5,515699129180289,17427,515699129297213,116924
baseline,1,intra_process_va,memfd,262144,6,515699229174878,19036,515699229294155,119277
baseline,1,intra_process_va,memfd,262144,7,515699329207243,18668,515699329333729,126486
baseline,1,intra_process_va,memfd,262144,8,515699429084256,15769,515699429191180,106924
baseline,1,intra_process_va,memfd,262144,9,515699529201451,16945,515699529311158,109707
baseline,1,intra_process_va,memfd,262144,10,515699629183784,19540,515699629311515,127731
baseline,1,intra_process_va,memfd,262144,11,515699729224693,18657,515699729349822,125129
baseline,1,intra_process_va,memfd,262144,12,515699829191851,17246,515699829315415,123564
baseline,1,intra_process_va,memfd,262144,13,515699928817772,7950,515699928871001,53229
baseline,1,intra_process_va,memfd,262144,14,515700028816344,6997,515700028861704,45360
baseline,1,intra_process_va,memfd,262144,15,515700129169129,17246,515700129284533,115404
baseline,1,intra_process_va,memfd,262144,16,515700229195179,18734,515700229320871,125692
baseline,1,intra_process_va,memfd,262144,17,515700329212340,18749,515700329339880,127540
baseline,1,intra_process_va,memfd,262144,18,515700429227884,18799,515700429353955,126071
baseline,1,intra_process_va,memfd,262144,19,515700529157746,16530,515700529266241,108495
baseline,1,inter_process,cpu,65536,0,515705535981012,457728,515705536708429,727417
baseline,1,inter_process,cpu,65536,1,515705635778597,112407,515705635988794,210197
baseline,1,inter_process,cpu,65536,2,515705735929158,440843,515705736627421,698263
baseline,1,inter_process,cpu,65536,3,515705836053698,451992,515705836785284,731586
baseline,1,inter_process,cpu,65536,4,515705936063933,429998,515705936775425,711492
baseline,1,inter_process,cpu,65536,5,515706035950627,295683,515706036644444,693817
baseline,1,inter_process,cpu,65536,6,515706135802516,464755,515706136547725,745209
baseline,1,inter_process,cpu,65536,7,515706235786553,79048,515706235932679,146126
baseline,1,inter_process,cpu,65536,8,515706335764664,86947,515706335920485,155821
baseline,1,inter_process,cpu,65536,9,515706435969242,419702,515706436888471,919229
baseline,1,inter_process,cpu,65536,10,515706535814263,395552,515706536451310,637047
baseline,1,inter_process,cpu,65536,11,515706635706690,128794,515706635937662,230972
baseline,1,inter_process,cpu,65536,12,515706735935491,444862,515706736644682,709191
baseline,1,inter_process,cpu,65536,13,515706836066726,456109,515706836803425,736699
baseline,1,inter_process,cpu,65536,14,515706936040135,453091,515706936769527,729392
baseline,1,inter_process,cpu,65536,15,515707036070420,448163,515707036790375,719955
baseline,1,inter_process,cpu,65536,16,515707135997874,490909,515707136752376,754502
baseline,1,inter_process,cpu,65536,17,515707235952050,412067,515707236602215,650165
baseline,1,inter_process,cpu,65536,18,515707335947091,423053,515707336616085,668994
baseline,1,inter_process,cpu,65536,19,515707435772375,408589,515707436459975,687600
baseline,1,inter_process,memfd,4096,0,515712631812469,89371,515712632018811,206342
baseline,1,inter_process,memfd,4096,1,515712732138453,451632,515712733083542,945089
baseline,1,inter_process,memfd,4096,2,515712832164728,534228,515712833245139,1080411
baseline,1,inter_process,memfd,4096,3,515712932178032,361333,515712932953369,775337
baseline,1,inter_process,memfd,4096,4,515713032173399,414413,515713033082656,909257
baseline,1,inter_process,memfd,4096,5,515713132187396,346025,515713133160965,973569
baseline,1,inter_process,memfd,4096,6,515713232137292,396439,515713233077402,940110
baseline,1,inter_process,memfd,4096,7,515713332137809,441962,515713333116545,978736
baseline,1,inter_process,memfd,4096,8,515713432172106,441603,515713433160421,988315
baseline,1,inter_process,memfd,4096,9,515713531952581,319880,515713532771887,819306
baseline,1,inter_process,memfd,4096,10,515713632038418,388055,515713632881634,843216
baseline,1,inter_process,memfd,4096,11,515713732203769,459815,515713733240076,1036307
baseline,1,inter_process,memfd,4096,12,515713832143013,389973,515713832995712,852699
baseline,1,inter_process,memfd,4096,13,515713932170426,422479,515713933092589,922163
baseline,1,inter_process,memfd,4096,14,515714032181812,408671,515714033062183,880371
baseline,1,inter_process,memfd,4096,15,515714132106048,400592,515714132959769,853721
baseline,1,inter_process,memfd,4096,16,515714232103401,398877,515714232959566,856165
baseline,1,inter_process,memfd,4096,17,515714332050352,411150,515714333032469,982117
baseline,1,inter_process,memfd,4096,18,515714432220439,456410,515714433203756,983317
baseline,1,inter_process,memfd,4096,19,515714532167153,434598,515714533081162,914009
baseline,1,inter_process,memfd,16777216,0,515720363743960,2269077,515720366126272,2382312
baseline,1,inter_process,memfd,16777216,1,515720463777045,2543943,515720466440435,2663390
baseline,1,inter_process,memfd,16777216,2,515720563803709,1822043,515720565736412,1932703
baseline,1,inter_process,memfd,16777216,3,515720662370540,2149711,515720664753334,2382794
baseline,1,inter_process,memfd,16777216,4,515720763731915,2150161,515720765991513,2259598
baseline,1,inter_process,memfd,16777216,5,515720863436263,1929899,515720865478510,2042247
baseline,1,inter_process,memfd,16777216,6,515720961339040,1431813,515720962931646,1592606
baseline,1,inter_process,memfd,16777216,7,515721062958704,2673491,515721065741420,2782716
baseline,1,inter_process,memfd,16777216,8,515721163640529,2350099,515721166104822,2464293
baseline,1,inter_process,memfd,16777216,9,515721263501579,2249247,515721265868796,2367217
baseline,1,inter_process,memfd,16777216,10,515721363730807,2513147,515721366356222,2625415
baseline,1,inter_process,memfd,16777216,11,515721463467377,2373088,515721465949979,2482602
baseline,1,inter_process,memfd,16777216,12,515721563482895,2328781,515721565922300,2439405
baseline,1,inter_process,memfd,16777216,13,515721662459025,967133,515721663536502,1077477
baseline,1,inter_process,memfd,16777216,14,515721763503194,2030004,515721765645367,2142173
baseline,1,inter_process,memfd,16777216,15,515721863442043,2057914,515721865611411,2169368
baseline,1,inter_process,memfd,16777216,16,515721963400850,2059663,515721965562955,2162105
baseline,1,inter_process,memfd,16777216,17,515722063478056,2232216,515722065824804,2346748
baseline,1,inter_process,memfd,16777216,18,515722163291320,1914460,515722165311698,2020378
baseline,1,inter_process,memfd,16777216,19,515722263501223,2256219,515722265865757,2364534
baseline,1,intra_process_va,memfd,16777216,0,515725125416170,17251,515725125512313,96143
baseline,1,intra_process_va,memfd,16777216,1,515725222487735,6669,515725222517712,29977
baseline,1,intra_process_va,memfd,16777216,2,515725325554885,20145,515725325689920,135035
baseline,1,intra_process_va,memfd,16777216,3,515725425547732,20643,515725425658588,110856
baseline,1,intra_process_va,memfd,16777216,4,515725525469206,19294,515725525584670,115464
baseline,1,intra_process_va,memfd,16777216,5,515725625385122,16491,515725625485459,100337
baseline,1,intra_process_va,memfd,16777216,6,515725725334296,17032,515725725434407,100111
baseline,1,intra_process_va,memfd,16777216,7,515725825602157,20666,515725825720451,118294
baseline,1,intra_process_va,memfd,16777216,8,515725925608577,21656,515725925719926,111349
baseline,1,intra_process_va,memfd,16777216,9,515726025418788,16989,515726025519310,100522
baseline,1,intra_process_va,memfd,16777216,10,515726125550092,20239,515726125666116,116024
baseline,1,intra_process_va,memfd,16777216,11,515726225685072,17853,515726225787283,102211
baseline,1,intra_process_va,memfd,16777216,12,515726325590437,20038,515726325709945,119508
baseline,1,intra_process_va,memfd,16777216,13,515726425358547,17607,515726425458507,99960
baseline,1,intra_process_va,memfd,16777216,14,515726525299146,17651,515726525398841,99695
baseline,1,intra_process_va,memfd,16777216,15,515726625584796,19642,515726625702040,117244
baseline,1,intra_process_va,memfd,16777216,16,515726725378368,16840,515726725478305,99937
baseline,1,intra_process_va,memfd,16777216,17,515726825538531,20305,515726825656071,117540
baseline,1,intra_process_va,memfd,16777216,18,515726925351025,17009,515726925452467,101442
baseline,1,intra_process_va,memfd,16777216,19,515727025625998,20667,515727025741257,115259
baseline,1,intra_process_va,cpu,65536,0,515728719061339,19856,515728719175398,114059
baseline,1,intra_process_va,cpu,65536,1,515728819107288,19140,515728819222898,115610
baseline,1,intra_process_va,cpu,65536,2,515728918926478,16128,515728919149019,222541
baseline,1,intra_process_va,cpu,65536,3,515729019184190,20060,515729019305786,121596
baseline,1,intra_process_va,cpu,65536,4,515729119064990,18999,515729119171607,106617
baseline,1,intra_process_va,cpu,65536,5,515729218985404,44180,515729219109605,124201
baseline,1,intra_process_va,cpu,65536,6,515729318757029,7705,515729318800300,43271
baseline,1,intra_process_va,cpu,65536,7,515729418932435,13838,515729419030398,97963
baseline,1,intra_process_va,cpu,65536,8,515729519073359,20613,515729519189407,116048
baseline,1,intra_process_va,cpu,65536,9,515729619141811,21588,515729619257894,116083
baseline,1,intra_process_va,cpu,65536,10,515729718993350,48063,515729719124649,131299
baseline,1,intra_process_va,cpu,65536,11,515729819120766,20166,515729819242818,122052
baseline,1,intra_process_va,cpu,65536,12,515729919038178,18424,515729919145175,106997
baseline,1,intra_process_va,cpu,65536,13,515730019054796,19421,515730019171281,116485
baseline,1,intra_process_va,cpu,65536,14,515730119111182,20911,515730119232596,121414
baseline,1,intra_process_va,cpu,65536,15,515730219085325,21946,515730219209159,123834
baseline,1,intra_process_va,cpu,65536,16,515730319099626,21674,515730319217287,117661
baseline,1,intra_process_va,cpu,65536,17,515730418980035,18163,515730419124157,144122
baseline,1,intra_process_va,cpu,65536,18,515730519096628,23994,515730519225862,129234
baseline,1,intra_process_va,cpu,65536,19,515730619079692,21702,515730619204332,124640
baseline,1,inter_process,cpu,1048576,0,515735629832923,311877,515735640539572,10706649
baseline,1,inter_process,cpu,1048576,1,515735730412665,1538736,515735743811849,13399184
baseline,1,inter_process,cpu,1048576,2,515735830450251,1616827,515735844040665,13590414
baseline,1,inter_process,cpu,1048576,3,515735930405893,1519403,515735943808826,13402933
baseline,1,inter_process,cpu,1048576,4,515736030448144,1510921,515736043935243,13487099
baseline,1,inter_process,cpu,1048576,5,515736130486746,1552315,515736143931586,13444840
baseline,1,inter_process,cpu,1048576,6,515736230424934,3517029,515736245767220,15342286
baseline,1,inter_process,cpu,1048576,7,515736330402420,1592564,515736343956577,13554157
baseline,1,inter_process,cpu,1048576,8,515736430505869,1772162,515736432970420,2464551
baseline,1,inter_process,cpu,1048576,9,515736530468563,1339581,515736544197030,13728467
baseline,1,inter_process,cpu,1048576,10,515736630410700,1589267,515736632659857,2249157
baseline,1,inter_process,cpu,1048576,11,515736730455858,1610964,515736732691929,2236071
baseline,1,inter_process,cpu,1048576,12,515736830476898,1645436,515736832908261,2431363
baseline,1,inter_process,cpu,1048576,13,515736930424994,1528538,515736943882681,13457687
baseline,1,inter_process,cpu,1048576,14,515737030428970,1567996,515737043930891,13501921
baseline,1,inter_process,cpu,1048576,15,515737130395505,1520837,515737143864806,13469301
baseline,1,inter_process,cpu,1048576,16,515737230483773,1737546,515737232911217,2427444
baseline,1,inter_process,cpu,1048576,17,515737330457676,1675940,515737332847027,2389351
baseline,1,inter_process,cpu,1048576,18,515737430470478,1781095,515737432948636,2478158
baseline,1,inter_process,cpu,1048576,19,515737530427434,1560355,515737532627448,2200014
baseline,1,intra_process_va,cpu,16384,0,515739412064503,20917,515739412190264,125761
baseline,1,intra_process_va,cpu,16384,1,515739512081060,20937,515739512205211,124151
baseline,1,intra_process_va,cpu,16384,2,515739612059537,20372,515739612183411,123874
baseline,1,intra_process_va,cpu,16384,3,515739711920612,17031,515739712061090,140478
baseline,1,intra_process_va,cpu,16384,4,515739811693884,4672,515739811719526,25642
baseline,1,intra_process_va,cpu,16384,5,515739911813046,4644,515739911840403,27357
baseline,1,intra_process_va,cpu,16384,6,515740011973670,17479,515740012136965,163295
baseline,1,intra_process_va,cpu,16384,7,515740112059233,21478,515740112184272,125039
baseline,1,intra_process_va,cpu,16384,8,515740212064620,21198,515740212188237,123617
baseline,1,intra_process_va,cpu,16384,9,515740312049044,21281,515740312170043,120999
baseline,1,intra_process_va,cpu,16384,10,515740412092710,19739,515740412208946,116236
baseline,1,intra_process_va,cpu,16384,11,515740511857913,19183,515740511969714,111801
baseline,1,intra_process_va,cpu,16384,12,515740612057403,21033,515740612174938,117535
baseline,1,intra_process_va,cpu,16384,13,515740712063122,19788,515740712180045,116923
baseline,1,intra_process_va,cpu,16384,14,515740812107888,19522,515740812229881,121993
baseline,1,intra_process_va,cpu,16384,15,515740912072661,20521,515740912189533,116872
baseline,1,intra_process_va,cpu,16384,16,515741012079749,19883,515741012196273,116524
baseline,1,intra_process_va,cpu,16384,17,515741112088186,21105,515741112214176,125990
baseline,1,intra_process_va,cpu,16384,18,515741211997681,71465,515741212165993,168312
baseline,1,intra_process_va,cpu,16384,19,515741312035995,19552,515741312150505,114510
baseline,1,inter_process,cpu,4194304,0,515745981557043,3318219,515745997123831,15566788
baseline,1,inter_process,cpu,4194304,1,515746080438433,1956666,515746093328378,12889945
baseline,1,inter_process,cpu,4194304,2,515746180335141,1241307,515746192796602,12461461
baseline,1,inter_process,cpu,4194304,3,515746281596337,3664542,515746297497281,15900944
baseline,1,inter_process,cpu,4194304,4,515746381605534,3524965,515746397622024,16016490
baseline,1,inter_process,cpu,4194304,5,515746481759275,3984992,515746498023338,16264063
baseline,1,inter_process,cpu,4194304,6,515746581531660,3708992,515746585773807,4242147
baseline,1,inter_process,cpu,4194304,7,515746681305439,3059112,515746696601569,15296130
baseline,1,inter_process,cpu,4194304,8,515746781663153,3292011,515746785375412,3712259
baseline,1,inter_process,cpu,4194304,9,515746881856152,3481151,515746897825999,15969847
baseline,1,inter_process,cpu,4194304,10,515746981898843,3377360,515746997913507,16014664
baseline,1,inter_process,cpu,4194304,11,515747081623002,3553513,515747085603264,3980262
baseline,1,inter_process,cpu,4194304,12,515747181805673,3587272,515747197789899,15984226
baseline,1,inter_process,cpu,4194304,13,515747281503535,3621461,515747297273063,15769528
baseline,1,inter_process,cpu,4194304,14,515747381782536,3318015,515747397839517,16056981
baseline,1,inter_process,cpu,4194304,15,515747481767148,3858028,515747497738436,15971288
baseline,1,inter_process,cpu,4194304,16,515747579981102,851536,515747591837818,11856716
baseline,1,inter_process,cpu,4194304,17,515747681259375,3415660,515747696697051,15437676
baseline,1,inter_process,cpu,4194304,18,515747781527778,3443942,515747785390088,3862310
baseline,1,inter_process,cpu,4194304,19,515747881841519,3436218,515747897613998,15772479
baseline,1,inter_process,memfd,4194304,0,515753142069712,1292200,515753143772878,1703166
baseline,1,inter_process,memfd,4194304,1,515753241964678,1266465,515753243644434,1679756
baseline,1,inter_process,memfd,4194304,2,515753342178890,1355063,515753343959315,1780425
baseline,1,inter_process,memfd,4194304,3,515753442074067,1234230,515753443719255,1645188
baseline,1,inter_process,memfd,4194304,4,515753542082019,1271163,515753543753642,1671623
baseline,1,inter_process,memfd,4194304,5,515753641255217,500568,515753641940831,685614
baseline,1,inter_process,memfd,4194304,6,515753742128192,1377498,515753743950781,1822589
baseline,1,inter_process,memfd,4194304,7,515753841287200,611469,515753842144562,857362
baseline,1,inter_process,memfd,4194304,8,515753942033938,1272594,515753943713492,1679554
baseline,1,inter_process,memfd,4194304,9,515754042070938,1145082,515754043663165,1592227
baseline,1,inter_process,memfd,4194304,10,515754141979861,1266823,515754143667776,1687915
baseline,1,inter_process,memfd,4194304,11,515754242192386,1327580,515754243944073,1751687
baseline,1,inter_process,memfd,4194304,12,515754342116797,1347353,515754343886600,1769803
baseline,1,inter_process,memfd,4194304,13,515754441534327,800892,515754442614947,1080620
baseline,1,inter_process,memfd,4194304,14,515754541155787,470125,515754541798449,642662
baseline,1,inter_process,memfd,4194304,15,515754640971684,292789,515754641371128,399444
baseline,1,inter_process,memfd,4194304,16,515754741934554,1260578,515754743580400,1645846
baseline,1,inter_process,memfd,4194304,17,515754841111578,351462,515754841591346,479768
baseline,1,inter_process,memfd,4194304,18,515754942097706,1340148,515754943865883,1768177
baseline,1,inter_process,memfd,4194304,19,515755042250888,1327645,515755044032959,1782071
baseline,1,inter_process,cpu,16384,0,515761213062099,362421,515761213797366,735267
baseline,1,inter_process,cpu,16384,1,515761312911534,339242,515761313560997,649463
baseline,1,inter_process,cpu,16384,2,515761412967013,376430,515761413718467,751454
baseline,1,inter_process,cpu,16384,3,515761513057050,369651,515761513797380,740330
baseline,1,inter_process,cpu,16384,4,515761613044610,298554,515761613687532,642922
baseline,1,inter_process,cpu,16384,5,515761712940013,355336,515761713602398,662385
baseline,1,inter_process,cpu,16384,6,515761812955153,269411,515761813636149,680996
baseline,1,inter_process,cpu,16384,7,515761913046807,366813,515761913787647,740840
baseline,1,inter_process,cpu,16384,8,515762012816370,325636,515762013433423,617053
baseline,1,inter_process,cpu,16384,9,515762112925441,181490,515762113394747,469306
baseline,1,inter_process,cpu,16384,10,515762212985299,360178,515762213685282,699983
baseline,1,inter_process,cpu,16384,11,515762312979849,373885,515762313688841,708992
baseline,1,inter_process,cpu,16384,12,515762412900001,198983,515762413296200,396199
baseline,1,inter_process,cpu,16384,13,515762512966799,400929,515762513712624,745825
baseline,1,inter_process,cpu,16384,14,515762612973684,352749,515762613672138,698454
baseline,1,inter_process,cpu,16384,15,515762712968782,354148,515762713640779,671997
baseline,1,inter_process,cpu,16384,16,515762813045044,359895,515762813778373,733329
baseline,1,inter_process,cpu,16384,17,515762912814050,65547,515762912952623,138573
baseline,1,inter_process,cpu,16384,18,515763012787615,301489,515763013389758,602143
baseline,1,inter_process,cpu,16384,19,515763112978233,365561,515763113693777,715544
baseline,1,inter_process,memfd,64,0,515768304210220,356200,515768305161594,951374
baseline,1,inter_process,memfd,64,1,515768404196906,480767,515768405223790,1026884
baseline,1,inter_process,memfd,64,2,515768504072568,390491,515768504981292,908724
baseline,1,inter_process,memfd,64,3,515768604171771,475570,515768605270600,1098829
baseline,1,inter_process,memfd,64,4,515768704089352,358220,515768704867856,778504
baseline,1,inter_process,memfd,64,5,515768804149330,480034,515768805271523,1122193
baseline,1,inter_process,memfd,64,6,515768903976445,478011,515768904917775,941330
baseline,1,inter_process,memfd,64,7,515769004072988,329810,515769004802500,729512
baseline,1,inter_process,memfd,64,8,515769104214298,458363,515769105253730,1039432
baseline,1,inter_process,memfd,64,9,515769203815735,69803,515769203997789,182054
baseline,1,inter_process,memfd,64,10,515769303905280,416015,515769304791459,886179
baseline,1,inter_process,memfd,64,11,515769404203396,441545,515769405201264,997868
baseline,1,inter_process,memfd,64,12,515769504152507,437391,515769505129119,976612
baseline,1,inter_process,memfd,64,13,515769604223463,412165,515769605147599,924136
baseline,1,inter_process,memfd,64,14,515769704055687,334709,515769704792627,736940
baseline,1,inter_process,memfd,64,15,515769804167090,465882,515769805187525,1020435
baseline,1,inter_process,memfd,64,16,515769904152236,300052,515769904953113,800877
baseline,1,inter_process,memfd,64,17,515770004152215,412478,515770005095049,942834
baseline,1,inter_process,memfd,64,18,515770103983225,492677,515770105097968,1114743
baseline,1,inter_process,memfd,64,19,515770204200039,456594,515770205221872,1021833
baseline,1,inter_process,cpu,16777216,0,515776382751247,2669328,515776397475412,14724165
baseline,1,inter_process,cpu,16777216,1,515776482548694,2742858,515776497299297,14750603
baseline,1,inter_process,cpu,16777216,2,515776582433613,2655377,515776597315042,14881429
baseline,1,inter_process,cpu,16777216,3,515776682623009,6736172,515776691386808,8763799
baseline,1,inter_process,cpu,16777216,4,515776782561918,2716218,515776796928656,14366738
baseline,1,inter_process,cpu,16777216,5,515776882693542,2686023,515776897573156,14879614
baseline,1,inter_process,cpu,16777216,6,515776982487714,2683783,515776997386686,14898972
baseline,1,inter_process,cpu,16777216,7,515777082647183,6943382,515777091696744,9049561
baseline,1,inter_process,cpu,16777216,8,515777182328784,2653763,515777197105203,14776419
baseline,1,inter_process,cpu,16777216,9,515777281856079,7187807,515777291218936,9362857
baseline,1,inter_process,cpu,16777216,10,515777382768010,2706666,515777397321579,14553569
baseline,1,inter_process,cpu,16777216,11,515777483066656,2714235,515777497869130,14802474
baseline,1,inter_process,cpu,16777216,12,515777578702680,2999643,515777591845186,13142506
baseline,1,inter_process,cpu,16777216,13,515777678600757,2888206,515777692765197,14164440
baseline,1,inter_process,cpu,16777216,14,515777782525440,2725933,515777797405320,14879880
baseline,1,inter_process,cpu,16777216,15,515777882219814,2687092,515777896935786,14715972
baseline,1,inter_process,cpu,16777216,16,515777982232813,2672986,515777997170593,14937780
baseline,1,inter_process,cpu,16777216,17,515778082434411,2680448,515778097088496,14654085
baseline,1,inter_process,cpu,16777216,18,515778182488777,2705807,515778197361165,14872388
baseline,1,inter_process,cpu,16777216,19,515778283077599,2719890,515778297988585,14910986
baseline,1,inter_process,cpu,4096,0,515783157921598,342006,515783158566883,645285
baseline,1,inter_process,cpu,4096,1,515783257934915,359313,515783258622015,687100
baseline,1,inter_process,cpu,4096,2,515783357929497,375378,515783358611238,681741
baseline,1,inter_process,cpu,4096,3,515783457934608,398948,515783458688651,754043
baseline,1,inter_process,cpu,4096,4,515783557956883,388680,515783558704614,747731
baseline,1,inter_process,cpu,4096,5,515783657934392,323394,515783658582309,647917
baseline,1,inter_process,cpu,4096,6,515783757937815,244696,515783758554412,616597
baseline,1,inter_process,cpu,4096,7,515783857697552,232262,515783858011914,314362
baseline,1,inter_process,cpu,4096,8,515783957760356,69925,515783957900938,140582
baseline,1,inter_process,cpu,4096,9,515784057940613,344829,515784058711637,771024
baseline,1,inter_process,cpu,4096,10,515784157934468,344897,515784158586109,651641
baseline,1,inter_process,cpu,4096,11,515784257760744,341703,515784258426048,665304
baseline,1,inter_process,cpu,4096,12,515784357997405,394138,515784358750425,753020
baseline,1,inter_process,cpu,4096,13,515784457948474,344626,515784458616318,667844
baseline,1,inter_process,cpu,4096,14,515784557958894,352410,515784558639381,680487
baseline,1,inter_process,cpu,4096,15,515784657971115,329601,515784658634389,663274
baseline,1,inter_process,cpu,4096,16,515784757947923,346859,515784758604701,656778
baseline,1,inter_process,cpu,4096,17,515784857979448,390754,515784858732241,752793
baseline,1,inter_process,cpu,4096,18,515784957989083,396881,515784958742867,753784
baseline,1,inter_process,cpu,4096,19,515785057976953,413997,515785058745402,768449
baseline,1,intra_process_va,cpu,4096,0,515786941070273,19982,515786941189706,119433
baseline,1,intra_process_va,cpu,4096,1,515787041099074,19970,515787041221351,122277
baseline,1,intra_process_va,cpu,4096,2,515787141093137,19174,515787141214354,121217
baseline,1,intra_process_va,cpu,4096,3,515787240918428,16341,515787241050003,131575
baseline,1,intra_process_va,cpu,4096,4,515787340981959,17017,515787341122954,140995
baseline,1,intra_process_va,cpu,4096,5,515787441069556,20074,515787441190959,121403
baseline,1,intra_process_va,cpu,4096,6,515787541033841,17222,515787541136429,102588
baseline,1,intra_process_va,cpu,4096,7,515787640813180,7889,515787640859541,46361
baseline,1,intra_process_va,cpu,4096,8,515787740959745,16832,515787741097688,137943
baseline,1,intra_process_va,cpu,4096,9,515787841055553,19183,515787841167035,111482
baseline,1,intra_process_va,cpu,4096,10,515787941069434,19681,515787941187872,118438
baseline,1,intra_process_va,cpu,4096,11,515788042160439,17008,515788042256166,95727
baseline,1,intra_process_va,cpu,4096,12,515788140760749,6288,515788140793406,32657
baseline,1,intra_process_va,cpu,4096,13,515788240998355,73860,515788241164335,165980
baseline,1,intra_process_va,cpu,4096,14,515788341108859,18534,515788341221193,112334
baseline,1,intra_process_va,cpu,4096,15,515788440987297,54029,515788441134308,147011
baseline,1,intra_process_va,cpu,4096,16,515788541089973,18550,515788541200439,110466
baseline,1,intra_process_va,cpu,4096,17,515788640903493,5968,515788640940996,37503
baseline,1,intra_process_va,cpu,4096,18,515788740981904,17559,515788741134051,152147
baseline,1,intra_process_va,cpu,4096,19,515788841044787,18128,515788841155472,110685
baseline,1,intra_process_va,cpu,4194304,0,515790530590957,22239,515790530699145,108188
baseline,1,intra_process_va,cpu,4194304,1,515790630769508,23974,515790630883368,113860
baseline,1,intra_process_va,cpu,4194304,2,515790730618583,23649,515790730732226,113643
baseline,1,intra_process_va,cpu,4194304,3,515790830649777,22155,515790830756696,106919
baseline,1,intra_process_va,cpu,4194304,4,515790930810206,24036,515790930926397,116191
baseline,1,intra_process_va,cpu,4194304,5,515791030650828,20757,515791030757315,106487
baseline,1,intra_process_va,cpu,4194304,6,515791130823791,23314,515791130936801,113010
baseline,1,intra_process_va,cpu,4194304,7,515791230662978,21901,515791230769708,106730
baseline,1,intra_process_va,cpu,4194304,8,515791330613414,21678,515791330720223,106809
baseline,1,intra_process_va,cpu,4194304,9,515791430834096,24984,515791430948750,114654
baseline,1,intra_process_va,cpu,4194304,10,515791530600820,22560,515791530708760,107940
baseline,1,intra_process_va,cpu,4194304,11,515791630599278,22247,515791630705097,105819
baseline,1,intra_process_va,cpu,4194304,12,515791730579371,21632,515791730687093,107722
baseline,1,intra_process_va,cpu,4194304,13,515791830587570,22292,515791830695111,107541
baseline,1,intra_process_va,cpu,4194304,14,515791930789307,23882,515791930904626,115319
baseline,1,intra_process_va,cpu,4194304,15,515792030803001,23538,515792030915886,112885
baseline,1,intra_process_va,cpu,4194304,16,515792130826039,23765,515792130939623,113584
baseline,1,intra_process_va,cpu,4194304,17,515792230848657,23495,515792230961206,112549
baseline,1,intra_process_va,cpu,4194304,18,515792329089633,6546,515792329120435,30802
baseline,1,intra_process_va,cpu,4194304,19,515792430863850,23456,515792430975214,111364
baseline,1,inter_process,memfd,1024,0,515797427114938,424211,515797428068412,953474
baseline,1,inter_process,memfd,1024,1,515797527175504,450015,515797528157375,981871
baseline,1,inter_process,memfd,1024,2,515797627128627,416982,515797628062659,934032
baseline,1,inter_process,memfd,1024,3,515797727091719,399547,515797727955323,863604
baseline,1,inter_process,memfd,1024,4,515797827162965,461932,515797828215584,1052619
baseline,1,inter_process,memfd,1024,5,515797927158419,482707,515797928218480,1060061
baseline,1,inter_process,memfd,1024,6,515798027074764,292059,515798027861247,786483
baseline,1,inter_process,memfd,1024,7,515798127119906,462054,515798128130889,1010983
baseline,1,inter_process,memfd,1024,8,515798227117964,394033,515798227980031,862067
baseline,1,inter_process,memfd,1024,9,515798327243158,301843,515798328074098,830940
baseline,1,inter_process,memfd,1024,10,515798427149759,475801,515798428234809,1085050
baseline,1,inter_process,memfd,1024,11,515798527105406,396410,515798527969190,863784
baseline,1,inter_process,memfd,1024,12,515798626865558,91576,515798627072280,206722
baseline,1,inter_process,memfd,1024,13,515798727072679,362667,515798727863257,790578
baseline,1,inter_process,memfd,1024,14,515798827184273,466091,515798828243557,1059284
baseline,1,inter_process,memfd,1024,15,515798927161908,424416,515798928104132,942224
baseline,1,inter_process,memfd,1024,16,515799027115965,460498,515799028115043,999078
baseline,1,inter_process,memfd,1024,17,515799127135913,468461,515799128084300,948387
baseline,1,inter_process,memfd,1024,18,515799227056672,411598,515799227953467,896795
baseline,1,inter_process,memfd,1024,19,515799327109542,292965,515799327896208,786666
baseline,1,intra_process_va,memfd,4194304,0,515802185096705,22334,515802185226183,129478
baseline,1,intra_process_va,memfd,4194304,1,515802284929709,21221,515802285067731,138022
baseline,1,intra_process_va,memfd,4194304,2,515802385110191,23872,515802385247680,137489
baseline,1,intra_process_va,memfd,4194304,3,515802485118184,22994,515802485248050,129866
baseline,1,intra_process_va,memfd,4194304,4,515802584834948,21604,515802584959369,124421
baseline,1,intra_process_va,memfd,4194304,5,515802685125261,23256,515802685260967,135706
baseline,1,intra_process_va,memfd,4194304,6,515802784022190,6674,515802784052749,30559
baseline,1,intra_process_va,memfd,4194304,7,515802885100882,24281,515802885253363,152481
baseline,1,intra_process_va,memfd,4194304,8,515802984997628,44097,515802985147853,150225
baseline,1,intra_process_va,memfd,4194304,9,515803084983157,41790,515803085122893,139736
baseline,1,intra_process_va,memfd,4194304,10,515803185058093,21272,515803185200969,142876
baseline,1,intra_process_va,memfd,4194304,11,515803285086325,22597,515803285214094,127769
baseline,1,intra_process_va,memfd,4194304,12,515803384944382,20294,515803385084567,140185
baseline,1,intra_process_va,memfd,4194304,13,515803484969647,21604,515803485113930,144283
baseline,1,intra_process_va,memfd,4194304,14,515803584924305,20587,515803585065919,141614
baseline,1,intra_process_va,memfd,4194304,15,515803684983641,37707,515803685126111,142470
baseline,1,intra_process_va,memfd,4194304,16,515803784927024,21270,515803785067183,140159
baseline,1,intra_process_va,memfd,4194304,17,515803884919748,21193,515803885059621,139873
baseline,1,intra_process_va,memfd,4194304,18,515803984937130,20625,515803985075987,138857
baseline,1,intra_process_va,memfd,4194304,19,515804085193454,21745,515804085315317,121863
baseline,1,intra_process_va,cpu,1048576,0,515805776373428,21979,515805776485587,112159
baseline,1,intra_process_va,cpu,1048576,1,515805876386962,22916,515805876504205,117243
baseline,1,intra_process_va,cpu,1048576,2,515805976365260,20505,515805976474736,109476
baseline,1,intra_process_va,cpu,1048576,3,515806076383737,22668,515806076501520,117783
baseline,1,intra_process_va,cpu,1048576,4,515806176433384,22757,515806176554323,120939
baseline,1,intra_process_va,cpu,1048576,5,515806276346448,21662,515806276460216,113768
baseline,1,intra_process_va,cpu,1048576,6,515806376406490,24523,515806376528620,122130
baseline,1,intra_process_va,cpu,1048576,7,515806476365954,23339,515806476487844,121890
baseline,1,intra_process_va,cpu,1048576,8,515806576375748,23526,515806576494134,118386
baseline,1,intra_process_va,cpu,1048576,9,515806676292665,21273,515806676402540,109875
baseline,1,intra_process_va,cpu,1048576,10,515806776352886,21938,515806776463459,110573
baseline,1,intra_process_va,cpu,1048576,11,515806876230714,22031,515806876343654,112940
baseline,1,intra_process_va,cpu,1048576,12,515806975878153,5797,515806975904705,26552
baseline,1,intra_process_va,cpu,1048576,13,515807076415942,25052,515807076545496,129554
baseline,1,intra_process_va,cpu,1048576,14,515807176437468,25060,515807176566351,128883
baseline,1,intra_process_va,cpu,1048576,15,515807276381761,23338,515807276504510,122749
baseline,1,intra_process_va,cpu,1048576,16,515807376380455,22965,515807376499457,119002
baseline,1,intra_process_va,cpu,1048576,17,515807476394306,23601,515807476515905,121599
baseline,1,intra_process_va,cpu,1048576,18,515807576351827,22344,515807576465959,114132
baseline,1,intra_process_va,cpu,1048576,19,515807676358065,21276,515807676469225,111160
baseline,1,intra_process_va,memfd,1048576,0,515809373379516,21458,515809373511556,132040
baseline,1,intra_process_va,memfd,1048576,1,515809473334875,18492,515809473446916,112041
baseline,1,intra_process_va,memfd,1048576,2,515809573340253,19161,515809573459055,118802
baseline,1,intra_process_va,memfd,1048576,3,515809673290412,16667,515809673395575,105163
baseline,1,intra_process_va,memfd,1048576,4,515809773351312,17879,515809773470644,119332
baseline,1,intra_process_va,memfd,1048576,5,515809873333893,37661,515809873476664,142771
baseline,1,intra_process_va,memfd,1048576,6,515809973041414,8087,515809973092067,50653
baseline,1,intra_process_va,memfd,1048576,7,515810073359850,22043,515810073490525,130675
baseline,1,intra_process_va,memfd,1048576,8,515810173336255,20825,515810173461339,125084
baseline,1,intra_process_va,memfd,1048576,9,515810273472772,19025,515810273593055,120283
baseline,1,intra_process_va,memfd,1048576,10,515810373393092,21372,515810373536013,142921
baseline,1,intra_process_va,memfd,1048576,11,515810473325325,19678,515810473445756,120431
baseline,1,intra_process_va,memfd,1048576,12,515810573295978,17196,515810573429040,133062
baseline,1,intra_process_va,memfd,1048576,13,515810673343826,19511,515810673463624,119798
baseline,1,intra_process_va,memfd,1048576,14,515810773336373,18132,515810773453528,117155
baseline,1,intra_process_va,memfd,1048576,15,515810873373878,21772,515810873506810,132932
baseline,1,intra_process_va,memfd,1048576,16,515810973399125,19338,515810973520000,120875
baseline,1,intra_process_va,memfd,1048576,17,515811072925835,7323,515811072970163,44328
baseline,1,intra_process_va,memfd,1048576,18,515811172894416,4615,515811172920362,25946
baseline,1,intra_process_va,memfd,1048576,19,515811273381690,20591,515811273513145,131455
baseline,1,intra_process_va,memfd,4096,0,515812972994633,56687,515812973158757,164124
baseline,1,intra_process_va,memfd,4096,1,515813073041670,17383,515813073166440,124770
baseline,1,intra_process_va,memfd,4096,2,515813172952037,9420,515813173028675,76638
baseline,1,intra_process_va,memfd,4096,3,515813272704232,5047,515813272737303,33071
baseline,1,intra_process_va,memfd,4096,4,515813372958206,15582,515813373127473,169267
baseline,1,intra_process_va,memfd,4096,5,515813473051816,17069,515813473166035,114219
baseline,1,intra_process_va,memfd,4096,6,515813572954130,14775,515813573094827,140697
baseline,1,intra_process_va,memfd,4096,7,515813672947332,14244,515813673093500,146168
baseline,1,intra_process_va,memfd,4096,8,515813772998703,58979,515813773165899,167196
baseline,1,intra_process_va,memfd,4096,9,515813872984069,15310,515813873187603,203534
baseline,1,intra_process_va,memfd,4096,10,515813973066589,18746,515813973194029,127440
baseline,1,intra_process_va,memfd,4096,11,515814073065686,18219,515814073193703,128017
baseline,1,intra_process_va,memfd,4096,12,515814172968321,15347,515814173115336,147015
baseline,1,intra_process_va,memfd,4096,13,515814272987846,53936,515814273141519,153673
baseline,1,intra_process_va,memfd,4096,14,515814373058793,17713,515814373185951,127158
baseline,1,intra_process_va,memfd,4096,15,515814472997692,66344,515814473163754,166062
baseline,1,intra_process_va,memfd,4096,16,515814573045934,16263,515814573160469,114535
baseline,1,intra_process_va,memfd,4096,17,515814672941853,13532,515814673073201,131348
baseline,1,intra_process_va,memfd,4096,18,515814772995514,52805,515814773147679,152165
baseline,1,intra_process_va,memfd,4096,19,515814872983931,69744,515814873152683,168752
baseline,1,inter_process,memfd,65536,0,515819884205506,500294,515819885284419,1078913
baseline,1,inter_process,memfd,65536,1,515819984231689,545411,515819985358665,1126976
baseline,1,inter_process,memfd,65536,2,515820084203599,486290,515820085267095,1063496
baseline,1,inter_process,memfd,65536,3,515820184166747,471266,515820185237383,1070636
baseline,1,inter_process,memfd,65536,4,515820284169842,445610,515820285139826,969984
baseline,1,inter_process,memfd,65536,5,515820384174918,411844,515820385083511,908593
baseline,1,inter_process,memfd,65536,6,515820483978467,327972,515820484760558,782091
baseline,1,inter_process,memfd,65536,7,515820584133767,402607,515820584999118,865351
baseline,1,inter_process,memfd,65536,8,515820684176574,432681,515820685120625,944051
baseline,1,inter_process,memfd,65536,9,515820784167167,326519,515820785057723,890556
baseline,1,inter_process,memfd,65536,10,515820884230698,487118,515820885407316,1176618
baseline,1,inter_process,memfd,65536,11,515820984193256,408058,515820985093116,899860
baseline,1,inter_process,memfd,65536,12,515821084220036,476881,515821085255595,1035559
baseline,1,inter_process,memfd,65536,13,515821184236127,479030,515821185283261,1047134
baseline,1,inter_process,memfd,65536,14,515821284136124,404596,515821284974934,838810
baseline,1,inter_process,memfd,65536,15,515821384223878,480990,515821385264355,1040477
baseline,1,inter_process,memfd,65536,16,515821484178122,322609,515821485059337,881215
baseline,1,inter_process,memfd,65536,17,515821584651671,94668,515821584862225,210554
baseline,1,inter_process,memfd,65536,18,515821684182226,413783,515821685080710,898484
baseline,1,inter_process,memfd,65536,19,515821784185910,432270,515821785127161,941251
baseline,1,inter_process,memfd,16384,0,515827952193586,436689,515827953156381,962795
baseline,1,inter_process,memfd,16384,1,515828052168371,450710,515828053178820,1010449
baseline,1,inter_process,memfd,16384,2,515828152205687,345278,515828153168795,963108
baseline,1,inter_process,memfd,16384,3,515828252139029,401846,515828253073393,934364
baseline,1,inter_process,memfd,16384,4,515828352132272,395906,515828352990916,858644
baseline,1,inter_process,memfd,16384,5,515828452092465,400283,515828452954463,861998
baseline,1,inter_process,memfd,16384,6,515828552130902,400650,515828552996666,865764
baseline,1,inter_process,memfd,16384,7,515828652091215,294040,515828652732455,641240
baseline,1,inter_process,memfd,16384,8,515828752031239,361966,515828752812256,781017
baseline,1,inter_process,memfd,16384,9,515828852168408,313875,515828853026650,858242
baseline,1,inter_process,memfd,16384,10,515828951928747,430769,515828952811693,882946
baseline,1,inter_process,memfd,16384,11,515829052197852,470005,515829053235602,1037750
baseline,1,inter_process,memfd,16384,12,515829152148044,437620,515829153125773,977729
baseline,1,inter_process,memfd,16384,13,515829252125508,399121,515829252987728,862220
baseline,1,inter_process,memfd,16384,14,515829352133875,362615,515829352951820,817945
baseline,1,inter_process,memfd,16384,15,515829452126011,398624,515829452988399,862388
baseline,1,inter_process,memfd,16384,16,515829552115262,273870,515829552847320,732058
baseline,1,inter_process,memfd,16384,17,515829652112149,316567,515829652794949,682800
baseline,1,inter_process,memfd,16384,18,515829752066238,295826,515829752689697,623459
baseline,1,inter_process,memfd,16384,19,515829852075657,358402,515829852851317,775660
baseline,1,intra_process_va,cpu,262144,0,515832711109091,19734,515832711218541,109450
baseline,1,intra_process_va,cpu,262144,1,515832810866732,17281,515832810964588,97856
baseline,1,intra_process_va,cpu,262144,2,515832911112389,19303,515832911222523,110134
baseline,1,intra_process_va,cpu,262144,3,515833011084376,18920,515833011190842,106466
baseline,1,intra_process_va,cpu,262144,4,515833111094746,18398,515833111198294,103548
baseline,1,intra_process_va,cpu,262144,5,515833210901527,17766,515833211040238,138711
baseline,1,intra_process_va,cpu,262144,6,515833311084984,18682,515833311190461,105477
baseline,1,intra_process_va,cpu,262144,7,515833411087151,20107,515833411201722,114571
baseline,1,intra_process_va,cpu,262144,8,515833511085747,19368,515833511193049,107302
baseline,1,intra_process_va,cpu,262144,9,515833611199024,19570,515833611311873,112849
baseline,1,intra_process_va,cpu,262144,10,515833710867234,15234,515833710958943,91709
baseline,1,intra_process_va,cpu,262144,11,515833810869680,16142,515833810959348,89668
baseline,1,intra_process_va,cpu,262144,12,515833911069810,17025,515833911164826,95016
baseline,1,intra_process_va,cpu,262144,13,515834010887503,17250,515834010986673,99170
baseline,1,intra_process_va,cpu,262144,14,515834110699707,4376,515834110722344,22637
baseline,1,intra_process_va,cpu,262144,15,515834210886514,7889,515834210931736,45222
baseline,1,intra_process_va,cpu,262144,16,515834311076397,18665,515834311184258,107861
baseline,1,intra_process_va,cpu,262144,17,515834411140826,20018,515834411250595,109769
baseline,1,intra_process_va,cpu,262144,18,515834511105981,18594,515834511213827,107846
baseline,1,intra_process_va,cpu,262144,19,515834611119271,20758,515834611234727,115456
baseline,1,inter_process,memfd,262144,0,515839626091178,461375,515839627070623,979445
baseline,1,inter_process,memfd,262144,1,515839726169539,469956,515839727163401,993862
baseline,1,inter_process,memfd,262144,2,515839826118970,446743,515839827065982,947012
baseline,1,inter_process,memfd,262144,3,515839926130649,448800,515839927070436,939787
baseline,1,inter_process,memfd,262144,4,515840026115124,367690,515840027030319,915195
baseline,1,inter_process,memfd,262144,5,515840126149832,524838,515840127258490,1108658
baseline,1,inter_process,memfd,262144,6,515840226151473,498106,515840227201230,1049757
baseline,1,inter_process,memfd,262144,7,515840326195938,521690,515840327277675,1081737
baseline,1,inter_process,memfd,262144,8,515840425689830,119584,515840425932574,242744
baseline,1,inter_process,memfd,262144,9,515840526098460,344325,515840526935044,836584
baseline,1,inter_process,memfd,262144,10,515840626120930,453409,515840627075139,954209
baseline,1,inter_process,memfd,262144,11,515840725917006,501136,515840726874620,957614
baseline,1,inter_process,memfd,262144,12,515840826159098,513937,515840827210131,1051033
baseline,1,inter_process,memfd,262144,13,515840926167006,465722,515840927113786,946780
baseline,1,inter_process,memfd,262144,14,515841026146607,519928,515841027150721,1004114
baseline,1,inter_process,memfd,262144,15,515841126069461,509276,515841127117434,1047973
baseline,1,inter_process,memfd,262144,16,515841226123142,364511,515841227086978,963836
baseline,1,inter_process,memfd,262144,17,515841326095438,505056,515841327224243,1128805
baseline,1,inter_process,memfd,262144,18,515841426077219,523261,515841427243134,1165915
baseline,1,inter_process,memfd,262144,19,515841526167290,499877,515841527312233,1144943
baseline,1,intra_process_va,cpu,1024,0,515844389886382,15768,515844389988325,101943
baseline,1,intra_process_va,cpu,1024,1,515844489908158,17924,515844490052581,144423
baseline,1,intra_process_va,cpu,1024,2,515844589643146,6316,515844589679902,36756
baseline,1,intra_process_va,cpu,1024,3,515844689884313,18602,515844689997695,113382
baseline,1,intra_process_va,cpu,1024,4,515844789917287,16829,515844790069659,152372
baseline,1,intra_process_va,cpu,1024,5,515844889943015,19201,515844890109687,166672
baseline,1,intra_process_va,cpu,1024,6,515844989885577,15862,515844990057698,172121
baseline,1,intra_process_va,cpu,1024,7,515845089886464,16836,515845089988854,102390
baseline,1,intra_process_va,cpu,1024,8,515845189895670,18446,515845190053274,157604
baseline,1,intra_process_va,cpu,1024,9,515845289736708,16553,515845289839457,102749
baseline,1,intra_process_va,cpu,1024,10,515845389919224,17983,515845390082024,162800
baseline,1,intra_process_va,cpu,1024,11,515845489894512,18406,515845490068875,174363
baseline,1,intra_process_va,cpu,1024,12,515845589905373,18267,515845590058064,152691
baseline,1,intra_process_va,cpu,1024,13,515845689902790,18368,515845690067571,164781
baseline,1,intra_process_va,cpu,1024,14,515845789883107,16279,515845789984904,101797
baseline,1,intra_process_va,cpu,1024,15,515845889944280,19810,515845890122635,178355
baseline,1,intra_process_va,cpu,1024,16,515845989931310,19523,515845990089081,157771
baseline,1,intra_process_va,cpu,1024,17,515846089892393,18601,515846090047361,154968
baseline,1,intra_process_va,cpu,1024,18,515846189919596,19146,515846190076649,157053
baseline,1,intra_process_va,cpu,1024,19,515846289896805,18115,515846290057891,161086
baseline,1,intra_process_va,memfd,16384,0,515847984193625,18334,515847984318459,124834
baseline,1,intra_process_va,memfd,16384,1,515848084152953,18509,515848084270892,117939
baseline,1,intra_process_va,memfd,16384,2,515848184117537,17162,515848184237082,119545
baseline,1,intra_process_va,memfd,16384,3,515848284075102,15671,515848284179625,104523
baseline,1,intra_process_va,memfd,16384,4,515848384146494,16939,515848384269870,123376
baseline,1,intra_process_va,memfd,16384,5,515848484103282,17508,515848484218693,115411
baseline,1,intra_process_va,memfd,16384,6,515848584102979,16274,515848584211924,108945
baseline,1,intra_process_va,memfd,16384,7,515848684111551,16439,515848684228290,116739
baseline,1,intra_process_va,memfd,16384,8,515848783720341,4619,515848783745031,24690
baseline,1,intra_process_va,memfd,16384,9,515848883914465,6101,515848883979395,64930
baseline,1,intra_process_va,memfd,16384,10,515848983880157,15136,515848983986294,106137
baseline,1,intra_process_va,memfd,16384,11,515849084164988,18834,515849084291111,126123
baseline,1,intra_process_va,memfd,16384,12,515849184161383,17395,515849184284841,123458
baseline,1,intra_process_va,memfd,16384,13,515849284110213,15126,515849284216874,106661
baseline,1,intra_process_va,memfd,16384,14,515849384135343,17115,515849384251746,116403
baseline,1,intra_process_va,memfd,16384,15,515849484110151,16783,515849484226010,115859
baseline,1,intra_process_va,memfd,16384,16,515849584113866,16730,515849584227893,114027
baseline,1,intra_process_va,memfd,16384,17,515849684099866,16702,515849684215299,115433
baseline,1,intra_process_va,memfd,16384,18,515849784089700,15101,515849784195979,106279
baseline,1,intra_process_va,memfd,16384,19,515849884116578,16901,515849884233102,116524
baseline,1,intra_process_va,cpu,64,0,515851579995254,61540,515851580148093,152839
baseline,1,intra_process_va,cpu,64,1,515851679995596,76978,515851680158856,163260
baseline,1,intra_process_va,cpu,64,2,515851780043650,18965,515851780154748,111098
baseline,1,intra_process_va,cpu,64,3,515851880052112,18530,515851880161490,109378
baseline,1,intra_process_va,cpu,64,4,515851979967277,16475,515851980146340,179063
baseline,1,intra_process_va,cpu,64,5,515852080068367,19095,515852080188989,120622
baseline,1,intra_process_va,cpu,64,6,515852179995415,56268,515852180143251,147836
baseline,1,intra_process_va,cpu,64,7,515852279976632,16224,515852280148936,172304
baseline,1,intra_process_va,cpu,64,8,515852379971996,17124,515852380111399,139403
baseline,1,intra_process_va,cpu,64,9,515852480075987,17401,515852480182312,106325
baseline,1,intra_process_va,cpu,64,10,515852580066587,17431,515852580176115,109528
baseline,1,intra_process_va,cpu,64,11,515852680046436,17898,515852680157326,110890
baseline,1,intra_process_va,cpu,64,12,515852779993686,52988,515852780138796,145110
baseline,1,intra_process_va,cpu,64,13,515852880088398,20080,515852880208493,120095
baseline,1,intra_process_va,cpu,64,14,515852979697392,4668,515852979720798,23406
baseline,1,intra_process_va,cpu,64,15,515853079949194,15703,515853080092784,143590
baseline,1,intra_process_va,cpu,64,16,515853179989834,65140,515853180147847,158013
baseline,1,intra_process_va,cpu,64,17,515853280045673,17507,515853280150865,105192
baseline,1,intra_process_va,cpu,64,18,515853380067932,19271,515853380187983,120051
baseline,1,intra_process_va,cpu,64,19,515853479982210,15944,515853480198708,216498
baseline,1,intra_process_va,memfd,1024,0,515855185116476,15937,515855185222410,105934
baseline,1,intra_process_va,memfd,1024,1,515855285128313,18177,515855285252555,124242
baseline,1,intra_process_va,memfd,1024,2,515855385116446,16120,515855385231008,114562
baseline,1,intra_process_va,memfd,1024,3,515855485127661,16255,515855485241830,114169
baseline,1,intra_process_va,memfd,1024,4,515855585067045,14849,515855585181562,114517
baseline,1,intra_process_va,memfd,1024,5,515855685116320,15771,515855685231491,115171
baseline,1,intra_process_va,memfd,1024,6,515855785108945,17076,515855785222816,113871
baseline,1,intra_process_va,memfd,1024,7,515855885111008,15703,515855885226744,115736
baseline,1,intra_process_va,memfd,1024,8,515855985075116,15583,515855985180068,104952
baseline,1,intra_process_va,memfd,1024,9,515856085193220,16674,515856085313520,120300
baseline,1,intra_process_va,memfd,1024,10,515856185135715,19002,515856185261283,125568
baseline,1,intra_process_va,memfd,1024,11,515856285091918,16057,515856285205042,113124
baseline,1,intra_process_va,memfd,1024,12,515856385113817,16494,515856385228971,115154
baseline,1,intra_process_va,memfd,1024,13,515856485155673,18164,515856485280261,124588
baseline,1,intra_process_va,memfd,1024,14,515856585139668,15560,515856585251625,111957
baseline,1,intra_process_va,memfd,1024,15,515856685110002,17890,515856685230039,120037
baseline,1,intra_process_va,memfd,1024,16,515856785092529,16403,515856785208408,115879
baseline,1,intra_process_va,memfd,1024,17,515856885110842,15423,515856885225181,114339
baseline,1,intra_process_va,memfd,1024,18,515856985144045,16563,515856985262200,118155
baseline,1,intra_process_va,memfd,1024,19,515857085132278,14415,515857085227588,95310
baseline,1,intra_process_va,cpu,16777216,0,515858782311351,5557,515858782340221,28870
baseline,1,intra_process_va,cpu,16777216,1,515858882319979,5274,515858882347786,27807
baseline,1,intra_process_va,cpu,16777216,2,515858982410955,16584,515858982488085,77130
baseline,1,intra_process_va,cpu,16777216,3,515859082414277,5448,515859082442644,28367
baseline,1,intra_process_va,cpu,16777216,4,515859182354147,16054,515859182430664,76517
baseline,1,intra_process_va,cpu,16777216,5,515859278377752,7624,515859278412308,34556
baseline,1,intra_process_va,cpu,16777216,6,515859382496021,5720,515859382523958,27937
baseline,1,intra_process_va,cpu,16777216,7,515859482409834,10797,515859482442606,32772
baseline,1,intra_process_va,cpu,16777216,8,515859581973357,5477,515859582004385,31028
baseline,1,intra_process_va,cpu,16777216,9,515859682016386,14609,515859682082560,66174
baseline,1,intra_process_va,cpu,16777216,10,515859782034188,14393,515859782105169,70981
baseline,1,intra_process_va,cpu,16777216,11,515859882883398,5488,515859882911717,28319
baseline,1,intra_process_va,cpu,16777216,12,515859982395047,15496,515859982470424,75377
baseline,1,intra_process_va,cpu,16777216,13,515860082351043,15413,515860082429976,78933
baseline,1,intra_process_va,cpu,16777216,14,515860182538104,5434,515860182566524,28420
baseline,1,intra_process_va,cpu,16777216,15,515860282203757,5080,515860282231500,27743
baseline,1,intra_process_va,cpu,16777216,16,515860382385528,15820,515860382462018,76490
baseline,1,intra_process_va,cpu,16777216,17,515860482517284,5332,515860482545897,28613
baseline,1,intra_process_va,cpu,16777216,18,515860580341394,12411,515860580400070,58676
baseline,1,intra_process_va,cpu,16777216,19,515860682164809,5320,515860682192178,27369
baseline,1,inter_process,memfd,1048576,0,515865686433412,749371,515865687719290,1285878
baseline,1,inter_process,memfd,1048576,1,515865786363484,624124,515865787484557,1121073
baseline,1,inter_process,memfd,1048576,2,515865886407866,715159,515865887645829,1237963
baseline,1,inter_process,memfd,1048576,3,515865986445440,611345,515865987656757,1211317
baseline,1,inter_process,memfd,1048576,4,515866086361101,721305,515866087639424,1278323
baseline,1,inter_process,memfd,1048576,5,515866186381012,708118,515866187583178,1202166
baseline,1,inter_process,memfd,1048576,6,515866286349454,643968,515866287479819,1130365
baseline,1,inter_process,memfd,1048576,7,515866386352240,690659,515866387558458,1206218
baseline,1,inter_process,memfd,1048576,8,515866486390793,717944,515866487613932,1223139
baseline,1,inter_process,memfd,1048576,9,515866586346256,514102,515866587382750,1036494
baseline,1,inter_process,memfd,1048576,10,515866686448964,670952,515866687631370,1182406
baseline,1,inter_process,memfd,1048576,11,515866786362810,623412,515866787473227,1110417
baseline,1,inter_process,memfd,1048576,12,515866886410602,671940,515866887564270,1153668
baseline,1,inter_process,memfd,1048576,13,515866986337925,659154,515866987561630,1223705
baseline,1,inter_process,memfd,1048576,14,515867086455377,733280,515867087735928,1280551
baseline,1,inter_process,memfd,1048576,15,515867186431736,733043,515867187716208,1284472
baseline,1,inter_process,memfd,1048576,16,515867286241645,471902,515867287102951,861306
baseline,1,inter_process,memfd,1048576,17,515867386360132,629420,515867387497881,1137749
baseline,1,inter_process,memfd,1048576,18,515867486394329,706353,515867487616945,1222616
baseline,1,inter_process,memfd,1048576,19,515867586013754,255608,515867586452674,438920
baseline,1,intra_process_va,memfd,65536,0,515870441994683,48752,515870442135529,140846
baseline,1,intra_process_va,memfd,65536,1,515870541959510,16693,515870542121545,162035
baseline,1,intra_process_va,memfd,65536,2,515870641795811,6436,515870641835827,40016
baseline,1,intra_process_va,memfd,65536,3,515870741904660,15488,515870742051512,146852
baseline,1,intra_process_va,memfd,65536,4,515870841962765,14765,515870842105583,142818
baseline,1,intra_process_va,memfd,65536,5,515870941944746,15755,515870942087329,142583
baseline,1,intra_process_va,memfd,65536,6,515871041976748,16663,515871042125803,149055
baseline,1,intra_process_va,memfd,65536,7,515871142074021,17888,515871142201040,127019
baseline,1,intra_process_va,memfd,65536,8,515871242067680,17918,515871242191187,123507
baseline,1,intra_process_va,memfd,65536,9,515871341971339,17111,515871342186163,214824
baseline,1,intra_process_va,memfd,65536,10,515871442058569,16809,515871442174516,115947
baseline,1,intra_process_va,memfd,65536,11,515871541967135,15934,515871542110222,143087
baseline,1,intra_process_va,memfd,65536,12,515871641828106,6049,515871641874976,46870
baseline,1,intra_process_va,memfd,65536,13,515871741796483,8684,515871741857111,60628
baseline,1,intra_process_va,memfd,65536,14,515871841695845,5213,515871841732346,36501
baseline,1,intra_process_va,memfd,65536,15,515871941966953,16454,515871942115916,148963
baseline,1,intra_process_va,memfd,65536,16,515872042056618,18724,515872042182949,126331
baseline,1,intra_process_va,memfd,65536,17,515872141990005,57352,515872142147735,157730
baseline,1,intra_process_va,memfd,65536,18,515872241996354,51028,515872242145055,148701
baseline,1,intra_process_va,memfd,65536,19,515872341986063,60778,515872342149299,163236
baseline,1,inter_process,cpu,1024,0,515877353930830,360830,515877354726421,795591
baseline,1,inter_process,cpu,1024,1,515877453986366,371944,515877454727050,740684
baseline,1,inter_process,cpu,1024,2,515877553945968,337531,515877554604766,658798
baseline,1,inter_process,cpu,1024,3,515877653901357,281873,515877654444035,542678
baseline,1,inter_process,cpu,1024,4,515877753920151,343290,515877754565600,645449
baseline,1,inter_process,cpu,1024,5,515877853928212,350275,515877854635110,706898
baseline,1,inter_process,cpu,1024,6,515877953871800,219554,515877954433855,562055
baseline,1,inter_process,cpu,1024,7,515878053946825,375843,515878054644349,697524
baseline,1,inter_process,cpu,1024,8,515878153697576,63337,515878153832002,134426
baseline,1,inter_process,cpu,1024,9,515878253909460,302990,515878254589839,680379
baseline,1,inter_process,cpu,1024,10,515878353927150,329243,515878354562514,635364
baseline,1,inter_process,cpu,1024,11,515878453944716,390183,515878454697325,752609
baseline,1,inter_process,cpu,1024,12,515878553933125,359503,515878554616821,683696
baseline,1,inter_process,cpu,1024,13,515878653939507,299524,515878654520757,581250
baseline,1,inter_process,cpu,1024,14,515878753959530,383526,515878754699233,739703
baseline,1,inter_process,cpu,1024,15,515878853777606,309242,515878854393758,616152
baseline,1,inter_process,cpu,1024,16,515878953927410,321505,515878954551837,624427
baseline,1,inter_process,cpu,1024,17,515879053987543,276245,515879054663246,675703
baseline,1,inter_process,cpu,1024,18,515879153972181,376078,515879154703207,731026
baseline,1,inter_process,cpu,1024,19,515879253919470,355980,515879254601865,682395
baseline,1,intra_process_va,memfd,64,0,515881137227399,16809,515881137348587,121188
baseline,1,intra_process_va,memfd,64,1,515881237128474,16637,515881237241202,112728
baseline,1,intra_process_va,memfd,64,2,515881337121084,16399,515881337236525,115441
baseline,1,intra_process_va,memfd,64,3,515881437105873,15198,515881437212192,106319
baseline,1,intra_process_va,memfd,64,4,515881537093414,14764,515881537201028,107614
baseline,1,intra_process_va,memfd,64,5,515881636834834,3737,515881636860479,25645
baseline,1,intra_process_va,memfd,64,6,515881737110393,16184,515881737225208,114815
baseline,1,intra_process_va,memfd,64,7,515881837113388,15635,515881837225494,112106
baseline,1,intra_process_va,memfd,64,8,515881937135036,16302,515881937247881,112845
baseline,1,intra_process_va,memfd,64,9,515882037196652,15920,515882037307798,111146
baseline,1,intra_process_va,memfd,64,10,515882137146716,17448,515882137270686,123970
baseline,1,intra_process_va,memfd,64,11,515882237129139,16658,515882237244188,115049
baseline,1,intra_process_va,memfd,64,12,515882336758948,4016,515882336786346,27398
baseline,1,intra_process_va,memfd,64,13,515882437147398,18290,515882437272577,125179
baseline,1,intra_process_va,memfd,64,14,515882537119280,16021,515882537232098,112818
baseline,1,intra_process_va,memfd,64,15,515882637569793,3354,515882637595090,25297
baseline,1,intra_process_va,memfd,64,16,515882737111902,15612,515882737224410,112508
baseline,1,intra_process_va,memfd,64,17,515882837139334,16560,515882837254231,114897
baseline,1,intra_process_va,memfd,64,18,515882937145139,16469,515882937262375,117236
baseline,1,intra_process_va,memfd,64,19,515883037101716,14662,515883037206869,105153
baseline,2,intra_process_va,cpu,262144,0,515884734136978,22745,515884734260004,123026
baseline,2,intra_process_va,cpu,262144,1,515884834086103,19909,515884834197604,111501
baseline,2,intra_process_va,cpu,262144,2,515884934125649,20361,515884934242694,117045
baseline,2,intra_process_va,cpu,262144,3,515885034140750,20794,515885034253602,112852
baseline,2,intra_process_va,cpu,262144,4,515885134158123,20861,515885134278661,120538
baseline,2,intra_process_va,cpu,262144,5,515885234115567,20144,515885234228689,113122
baseline,2,intra_process_va,cpu,262144,6,515885334123147,20982,515885334239100,115953
baseline,2,intra_process_va,cpu,262144,7,515885434092124,19163,515885434200738,108614
baseline,2,intra_process_va,cpu,262144,8,515885534100220,19690,515885534214174,113954
baseline,2,intra_process_va,cpu,262144,9,515885633909007,13830,515885633988312,79305
baseline,2,intra_process_va,cpu,262144,10,515885734095409,19502,515885734214986,119577
baseline,2,intra_process_va,cpu,262144,11,515885834094976,19552,515885834202394,107418
baseline,2,intra_process_va,cpu,262144,12,515885933913943,17923,515885934052590,138647
baseline,2,intra_process_va,cpu,262144,13,515886034099862,20954,515886034213691,113829
baseline,2,intra_process_va,cpu,262144,14,515886134149292,22485,515886134272624,123332
baseline,2,intra_process_va,cpu,262144,15,515886234103997,20439,515886234217689,113692
baseline,2,intra_process_va,cpu,262144,16,515886334088806,19124,515886334195915,107109
baseline,2,intra_process_va,cpu,262144,17,515886434136864,22099,515886434261180,124316
baseline,2,intra_process_va,cpu,262144,18,515886533740013,3762,515886533764818,24805
baseline,2,intra_process_va,cpu,262144,19,515886633881771,12645,515886633952729,70958
baseline,2,inter_process,memfd,64,0,515891633177232,311018,515891633890275,713043
baseline,2,inter_process,memfd,64,1,515891732089330,469406,515891733111747,1022417
baseline,2,inter_process,memfd,64,2,515891831987151,449743,515891832879044,891893
baseline,2,inter_process,memfd,64,3,515891932078624,453461,515891933110452,1031828
baseline,2,inter_process,memfd,64,4,515892031925791,296872,515892032511644,585853
baseline,2,inter_process,memfd,64,5,515892132057310,478510,515892133108703,1051393
baseline,2,inter_process,memfd,64,6,515892232054949,297188,515892232868821,813872
baseline,2,inter_process,memfd,64,7,515892331995061,470547,515892332949095,954034
baseline,2,inter_process,memfd,64,8,515892432087781,419268,515892432995851,908070
baseline,2,inter_process,memfd,64,9,515892532122707,288336,515892532911738,789031
baseline,2,inter_process,memfd,64,10,515892631837252,381115,515892632645110,807858
baseline,2,inter_process,memfd,64,11,515892732087355,456091,515892733133066,1045711
baseline,2,inter_process,memfd,64,12,515892831710331,90278,515892831907901,197570
baseline,2,inter_process,memfd,64,13,515892932061473,452597,515892933089956,1028483
baseline,2,inter_process,memfd,64,14,515893031995415,427299,515893032880771,885356
baseline,2,inter_process,memfd,64,15,515893132100309,461584,515893133141645,1041336
baseline,2,inter_process,memfd,64,16,515893231851719,332456,515893232667418,815699
baseline,2,inter_process,memfd,64,17,515893332142816,441986,515893333132513,989697
baseline,2,inter_process,memfd,64,18,515893432117382,461632,515893433163999,1046617
baseline,2,inter_process,memfd,64,19,515893532045476,418528,515893532958982,913506
baseline,2,intra_process_va,memfd,4194304,0,515896393026340,19689,515896393143821,117481
baseline,2,intra_process_va,memfd,4194304,1,515896493031977,20954,515896493150090,118113
baseline,2,intra_process_va,memfd,4194304,2,515896593071013,21163,515896593196213,125200
baseline,2,intra_process_va,memfd,4194304,3,515896693147317,22977,515896693283358,136041
baseline,2,intra_process_va,memfd,4194304,4,515896793185131,22630,515896793321352,136221
baseline,2,intra_process_va,memfd,4194304,5,515896893175703,23012,515896893313961,138258
baseline,2,intra_process_va,memfd,4194304,6,515896991948834,6406,515896991980309,31475
baseline,2,intra_process_va,memfd,4194304,7,515897093026688,21327,515897093153309,126621
baseline,2,intra_process_va,memfd,4194304,8,515897193041389,21005,515897193165481,124092
baseline,2,intra_process_va,memfd,4194304,9,515897292975889,20737,515897293168748,192859
baseline,2,intra_process_va,memfd,4194304,10,515897393158440,24014,515897393295754,137314
baseline,2,intra_process_va,memfd,4194304,11,515897493140850,20575,515897493265361,124511
baseline,2,intra_process_va,memfd,4194304,12,515897593062695,21940,515897593189004,126309
baseline,2,intra_process_va,memfd,4194304,13,515897692948521,19832,515897693085320,136799
baseline,2,intra_process_va,memfd,4194304,14,515897793046541,21294,515897793172563,126022
baseline,2,intra_process_va,memfd,4194304,15,515897893192951,22858,515897893333088,140137
baseline,2,intra_process_va,memfd,4194304,16,515897993023987,21881,515897993144518,120531
baseline,2,intra_process_va,memfd,4194304,17,515898093047887,21397,515898093172911,125024
baseline,2,intra_process_va,memfd,4194304,18,515898193160820,23258,515898193289405,128585
baseline,2,intra_process_va,memfd,4194304,19,515898292968037,20339,515898293108496,140459
baseline,2,inter_process,cpu,16384,0,515903298864487,100382,515903299075658,211171
baseline,2,inter_process,cpu,16384,1,515903399064262,307344,515903399687901,623639
baseline,2,inter_process,cpu,16384,2,515903499047345,305470,515903499696706,649361
baseline,2,inter_process,cpu,16384,3,515903599092931,318180,515903599761673,668742
baseline,2,inter_process,cpu,16384,4,515903699061962,312036,515903699710974,649012
baseline,2,inter_process,cpu,16384,5,515903798943197,259622,515903799555898,612701
baseline,2,inter_process,cpu,16384,6,515903899155498,355219,515903899846383,690885
baseline,2,inter_process,cpu,16384,7,515903999099558,352383,515903999738377,638819
baseline,2,inter_process,cpu,16384,8,515904099131054,374895,515904099930372,799318
baseline,2,inter_process,cpu,16384,9,515904199100774,217174,515904199724441,623667
baseline,2,inter_process,cpu,16384,10,515904299100120,353879,515904299823382,723262
baseline,2,inter_process,cpu,16384,11,515904399117919,346101,515904399833828,715909
baseline,2,inter_process,cpu,16384,12,515904499069995,301109,515904499715088,645093
baseline,2,inter_process,cpu,16384,13,515904599125354,359873,515904599817218,691864
baseline,2,inter_process,cpu,16384,14,515904699097976,352841,515904699822437,724461
baseline,2,inter_process,cpu,16384,15,515904799060262,199847,515904799649026,588764
baseline,2,inter_process,cpu,16384,16,515904899099732,320651,515904899761075,661343
baseline,2,inter_process,cpu,16384,17,515904999076173,327344,515904999796710,720537
baseline,2,inter_process,cpu,16384,18,515905099109248,310984,515905099755660,646412
baseline,2,inter_process,cpu,16384,19,515905199119558,367445,515905199897950,778392
baseline,2,intra_process_va,cpu,64,0,515907084079562,19186,515907084202571,123009
baseline,2,intra_process_va,cpu,64,1,515907184099116,19948,515907184223072,123956
baseline,2,intra_process_va,cpu,64,2,515907283819370,12204,515907283895735,76365
baseline,2,intra_process_va,cpu,64,3,515907383839517,9645,515907383897294,57777
baseline,2,intra_process_va,cpu,64,4,515907483789168,16376,515907483871305,82137
baseline,2,intra_process_va,cpu,64,5,515907583971641,17968,515907584107184,135543
baseline,2,intra_process_va,cpu,64,6,515907683994656,67149,515907684148926,154270
baseline,2,intra_process_va,cpu,64,7,515907783983424,54562,515907784133244,149820
baseline,2,intra_process_va,cpu,64,8,515907884055636,19088,515907884170328,114692
baseline,2,intra_process_va,cpu,64,9,515907984074132,17709,515907984186854,112722
baseline,2,intra_process_va,cpu,64,10,515908084071613,19252,515908084192886,121273
baseline,2,intra_process_va,cpu,64,11,515908183857998,17421,515908183969797,111799
baseline,2,intra_process_va,cpu,64,12,515908284086163,17674,515908284198575,112412
baseline,2,intra_process_va,cpu,64,13,515908384097207,19088,515908384217317,120110
baseline,2,intra_process_va,cpu,64,14,515908484086682,19642,515908484211636,124954
baseline,2,intra_process_va,cpu,64,15,515908583822677,17556,515908583930640,107963
baseline,2,intra_process_va,cpu,64,16,515908684090369,18060,515908684202069,111700
baseline,2,intra_process_va,cpu,64,17,515908784084642,19653,515908784205262,120620
baseline,2,intra_process_va,cpu,64,18,515908883935588,16065,515908884096053,160465
baseline,2,intra_process_va,cpu,64,19,515908984070424,18647,515908984191637,121213
baseline,2,intra_process_va,memfd,1024,0,515910692123852,15086,515910692230561,106709
baseline,2,intra_process_va,memfd,1024,1,515910792105190,13874,515910792208302,103112
baseline,2,intra_process_va,memfd,1024,2,515910892103797,14520,515910892203536,99739
baseline,2,intra_process_va,memfd,1024,3,515910992095574,15971,515910992204947,109373
baseline,2,intra_process_va,memfd,1024,4,515911092150322,15654,515911092264281,113959
baseline,2,intra_process_va,memfd,1024,5,515911192128560,16217,515911192241649,113089
baseline,2,intra_process_va,memfd,1024,6,515911292227620,17656,515911292352115,124495
baseline,2,intra_process_va,memfd,1024,7,515911392170115,15049,515911392274910,104795
baseline,2,intra_process_va,memfd,1024,8,515911492157838,37747,515911492301037,143199
baseline,2,intra_process_va,memfd,1024,9,515911593081646,3724,515911593106277,24631
baseline,2,intra_process_va,memfd,1024,10,515911691942329,8567,515911691995567,53238
baseline,2,intra_process_va,memfd,1024,11,515911791945907,17063,515911792092481,146574
baseline,2,intra_process_va,memfd,1024,12,515911892161056,17393,515911892276730,115674
baseline,2,intra_process_va,memfd,1024,13,515911992152051,17938,515911992280394,128343
baseline,2,intra_process_va,memfd,1024,14,515912092156467,17245,515912092273657,117190
baseline,2,intra_process_va,memfd,1024,15,515912192185540,16185,515912192298105,112565
baseline,2,intra_process_va,memfd,1024,16,515912291946726,14817,515912292079753,133027
baseline,2,intra_process_va,memfd,1024,17,515912392239829,17841,515912392364316,124487
baseline,2,intra_process_va,memfd,1024,18,515912492133168,15120,515912492266088,132920
baseline,2,intra_process_va,memfd,1024,19,515912591924580,15169,515912592067832,143252
baseline,2,intra_process_va,memfd,262144,0,515914286951424,15716,515914287076924,125500
baseline,2,intra_process_va,memfd,262144,1,515914387173128,19212,515914387296322,123194
baseline,2,intra_process_va,memfd,262144,2,515914487275571,17728,515914487398511,122940
baseline,2,intra_process_va,memfd,262144,3,515914587171371,16884,515914587285779,114408
baseline,2,intra_process_va,memfd,262144,4,515914687224006,16945,515914687342935,118929
baseline,2,intra_process_va,memfd,262144,5,515914787125670,14259,515914787227048,101378
baseline,2,intra_process_va,memfd,262144,6,515914887191378,16402,515914887307183,115805
baseline,2,intra_process_va,memfd,262144,7,515914987206974,18240,515914987331644,124670
baseline,2,intra_process_va,memfd,262144,8,515915087250122,17980,515915087374617,124495
baseline,2,intra_process_va,memfd,262144,9,515915187249453,17841,515915187364345,114892
baseline,2,intra_process_va,memfd,262144,10,515915287273423,17751,515915287409941,136518
baseline,2,intra_process_va,memfd,262144,11,515915387171173,17356,515915387286714,115541
baseline,2,intra_process_va,memfd,262144,12,515915487230129,18405,515915487369103,138974
baseline,2,intra_process_va,memfd,262144,13,515915587156892,15812,515915587265907,109015
baseline,2,intra_process_va,memfd,262144,14,515915687178829,15110,515915687287518,108689
baseline,2,intra_process_va,memfd,262144,15,515915786876340,6247,515915786916436,40096
baseline,2,intra_process_va,memfd,262144,16,515915886833764,4071,515915886861540,27776
baseline,2,intra_process_va,memfd,262144,17,515915987129516,17535,515915987239152,109636
baseline,2,intra_process_va,memfd,262144,18,515916087243497,17903,515916087359096,115599
baseline,2,intra_process_va,memfd,262144,19,515916187204883,18744,515916187330941,126058
baseline,2,inter_process,memfd,16384,0,515921191227017,482522,515921192240341,1013324
baseline,2,inter_process,memfd,16384,1,515921291177006,468983,515921292307849,1130843
baseline,2,inter_process,memfd,16384,2,515921391218552,439554,515921392276345,1057793
baseline,2,inter_process,memfd,16384,3,515921491190106,415960,515921492114191,924085
baseline,2,inter_process,memfd,16384,4,515921591214935,461441,515921592237438,1022503
baseline,2,inter_process,memfd,16384,5,515921691111913,393776,515921691960664,848751
baseline,2,inter_process,memfd,16384,6,515921790992015,484580,515921791968336,976321
baseline,2,inter_process,memfd,16384,7,515921891172665,423319,515921892111954,939289
baseline,2,inter_process,memfd,16384,8,515921991143349,382458,515921991984950,841601
baseline,2,inter_process,memfd,16384,9,515922090897850,70650,515922091084493,186643
baseline,2,inter_process,memfd,16384,10,515922191139245,408775,515922192064763,925518
baseline,2,inter_process,memfd,16384,11,515922291189738,401396,515922292110144,920406
baseline,2,inter_process,memfd,16384,12,515922391199714,416121,515922392134114,934400
baseline,2,inter_process,memfd,16384,13,515922491202357,443059,515922492185588,983231
baseline,2,inter_process,memfd,16384,14,515922591130560,396634,515922591993718,863158
baseline,2,inter_process,memfd,16384,15,515922691152930,388575,515922691989803,836873
baseline,2,inter_process,memfd,16384,16,515922791136915,314818,515922791976465,839550
baseline,2,inter_process,memfd,16384,17,515922891231864,463701,515922892259279,1027415
baseline,2,inter_process,memfd,16384,18,515922991251331,497165,515922992329691,1078360
baseline,2,inter_process,memfd,16384,19,515923091152201,456956,515923092196080,1043879
baseline,2,inter_process,cpu,1024,0,515929263868715,331798,515929264490727,622012
baseline,2,inter_process,cpu,1024,1,515929364087769,343051,515929364786150,698381
baseline,2,inter_process,cpu,1024,2,515929464102429,306209,515929464731068,628639
baseline,2,inter_process,cpu,1024,3,515929564076413,331048,515929564746917,670504
baseline,2,inter_process,cpu,1024,4,515929664041148,295852,515929664638251,597103
baseline,2,inter_process,cpu,1024,5,515929764135109,358715,515929764827746,692637
baseline,2,inter_process,cpu,1024,6,515929864079639,304940,515929864712995,633356
baseline,2,inter_process,cpu,1024,7,515929964049462,295175,515929964692945,643483
baseline,2,inter_process,cpu,1024,8,515930064067376,313533,515930064708150,640774
baseline,2,inter_process,cpu,1024,9,515930164185642,222521,515930164830012,644370
baseline,2,inter_process,cpu,1024,10,515930264122624,350503,515930264828932,706308
baseline,2,inter_process,cpu,1024,11,515930364137023,303716,515930364762443,625420
baseline,2,inter_process,cpu,1024,12,515930463955618,338609,515930464574626,619008
baseline,2,inter_process,cpu,1024,13,515930563821476,85080,515930563993799,172323
baseline,2,inter_process,cpu,1024,14,515930663998117,348676,515930664677090,678973
baseline,2,inter_process,cpu,1024,15,515930764075238,313459,515930764716719,641481
baseline,2,inter_process,cpu,1024,16,515930864046701,299494,515930864637024,590323
baseline,2,inter_process,cpu,1024,17,515930964053929,267562,515930964683292,629363
baseline,2,inter_process,cpu,1024,18,515931064070570,331263,515931064724729,654159
baseline,2,inter_process,cpu,1024,19,515931164090131,343101,515931164809791,719660
baseline,2,inter_process,memfd,4096,0,515936363099948,414717,515936364034411,934463
baseline,2,inter_process,memfd,4096,1,515936463172650,443403,515936464178781,1006131
baseline,2,inter_process,memfd,4096,2,515936563169761,459531,515936564210958,1041197
baseline,2,inter_process,memfd,4096,3,515936663162998,412521,515936664032839,869841
baseline,2,inter_process,memfd,4096,4,515936762817388,196447,515936763224865,407477
baseline,2,inter_process,memfd,4096,5,515936863101840,388298,515936863944837,842997
baseline,2,inter_process,memfd,4096,6,515936963131494,324992,515936963988741,857247
baseline,2,inter_process,memfd,4096,7,515937063154352,461078,515937064169583,1015231
baseline,2,inter_process,memfd,4096,8,515937163129048,416144,515937164035248,906200
baseline,2,inter_process,memfd,4096,9,515937263161307,287744,515937263944845,783538
baseline,2,inter_process,memfd,4096,10,515937363139361,394551,515937364046171,906810
baseline,2,inter_process,memfd,4096,11,515937463140404,419237,515937464077854,937450
baseline,2,inter_process,memfd,4096,12,515937563106630,397047,515937563971105,864475
baseline,2,inter_process,memfd,4096,13,515937663131013,396042,515937663985514,854501
baseline,2,inter_process,memfd,4096,14,515937763164507,470195,515937764177600,1013093
baseline,2,inter_process,memfd,4096,15,515937863125159,462293,515937864168804,1043645
baseline,2,inter_process,memfd,4096,16,515937963096380,426023,515937964105255,1008875
baseline,2,inter_process,memfd,4096,17,515938063066250,396126,515938063896271,830021
baseline,2,inter_process,memfd,4096,18,515938163163610,409104,515938164048059,884449
baseline,2,inter_process,memfd,4096,19,515938263198098,428580,515938264112564,914466
baseline,2,inter_process,cpu,64,0,515944431968070,384009,515944432704709,736639
baseline,2,inter_process,cpu,64,1,515944531915956,335688,515944532558178,642222
baseline,2,inter_process,cpu,64,2,515944631861919,284949,515944632425006,563087
baseline,2,inter_process,cpu,64,3,515944731936105,357335,515944732628839,692734
baseline,2,inter_process,cpu,64,4,515944831907084,246316,515944832382483,475399
baseline,2,inter_process,cpu,64,5,515944931963981,395517,515944932717911,753930
baseline,2,inter_process,cpu,64,6,515945031989789,326920,515945032623882,634093
baseline,2,inter_process,cpu,64,7,515945135070490,92056,515945135324657,254167
baseline,2,inter_process,cpu,64,8,515945231680740,66728,515945231823225,142485
baseline,2,inter_process,cpu,64,9,515945331919507,299663,515945332619116,699609
baseline,2,inter_process,cpu,64,10,515945432100644,342699,515945432802119,701475
baseline,2,inter_process,cpu,64,11,515945531913612,331829,515945532549949,636337
baseline,2,inter_process,cpu,64,12,515945631850826,285419,515945632418634,567808
baseline,2,inter_process,cpu,64,13,515945731981980,389677,515945732726666,744686
baseline,2,inter_process,cpu,64,14,515945831737954,233875,515945832249775,511821
baseline,2,inter_process,cpu,64,15,515945931748148,309687,515945932370541,622393
baseline,2,inter_process,cpu,64,16,515946031929463,364320,515946032615888,686425
baseline,2,inter_process,cpu,64,17,515946131962590,335730,515946132623849,661259
baseline,2,inter_process,cpu,64,18,515946231903852,277709,515946232449206,545354
baseline,2,inter_process,cpu,64,19,515946331938879,348481,515946332609295,670416
baseline,2,inter_process,cpu,65536,0,515951184996408,482390,515951185773350,776942
baseline,2,inter_process,cpu,65536,1,515951285056828,429485,515951285769498,712670
baseline,2,inter_process,cpu,65536,2,515951384994780,494431,515951385752670,757890
baseline,2,inter_process,cpu,65536,3,515951484708568,61630,515951484857034,148466
baseline,2,inter_process,cpu,65536,4,515951584770498,290458,515951585254862,484364
baseline,2,inter_process,cpu,65536,5,515951685055856,427094,515951685764005,708149
baseline,2,inter_process,cpu,65536,6,515951785091504,432144,515951785785848,694344
baseline,2,inter_process,cpu,65536,7,515951884998423,444324,515951885704198,705775
baseline,2,inter_process,cpu,65536,8,515951984967997,555508,515951985742904,774907
baseline,2,inter_process,cpu,65536,9,515952084989397,420642,515952085879435,890038
baseline,2,inter_process,cpu,65536,10,515952185062960,454707,515952185800115,737155
baseline,2,inter_process,cpu,65536,11,515952284769949,342657,515952285350559,580610
baseline,2,inter_process,cpu,65536,12,515952384989675,477551,515952385750437,760762
baseline,2,inter_process,cpu,65536,13,515952485067072,431899,515952485788289,721217
baseline,2,inter_process,cpu,65536,14,515952584958000,502247,515952585761398,803398
baseline,2,inter_process,cpu,65536,15,515952685052669,378324,515952685694531,641862
baseline,2,inter_process,cpu,65536,16,515952784971459,366967,515952785773452,801993
baseline,2,inter_process,cpu,65536,17,515952884976426,430999,515952885652715,676289
baseline,2,inter_process,cpu,65536,18,515952984998960,476224,515952985743888,744928
baseline,2,inter_process,cpu,65536,19,515953084999945,431302,515953085738553,738608
baseline,2,intra_process_va,memfd,1048576,0,515954975326757,20956,515954975456851,130094
baseline,2,intra_process_va,memfd,1048576,1,515955075250626,19231,515955075369577,118951
baseline,2,intra_process_va,memfd,1048576,2,515955175310957,21904,515955175442016,131059
baseline,2,intra_process_va,memfd,1048576,3,515955275258483,19698,515955275377575,119092
baseline,2,intra_process_va,memfd,1048576,4,515955375302700,18840,515955375420688,117988
baseline,2,intra_process_va,memfd,1048576,5,515955475309878,21216,515955475440412,130534
baseline,2,intra_process_va,memfd,1048576,6,515955575245954,18861,515955575360779,114825
baseline,2,intra_process_va,memfd,1048576,7,515955674784446,5058,515955674810931,26485
baseline,2,intra_process_va,memfd,1048576,8,515955775095554,17096,515955775198025,102471
baseline,2,intra_process_va,memfd,1048576,9,515955875271565,18956,515955875389051,117486
baseline,2,intra_process_va,memfd,1048576,10,515955974966065,16923,515955975094748,128683
baseline,2,intra_process_va,memfd,1048576,11,515956075223375,18752,515956075336350,112975
baseline,2,intra_process_va,memfd,1048576,12,515956175279242,20736,515956175402478,123236
baseline,2,intra_process_va,memfd,1048576,13,515956275256320,19375,515956275374253,117933
baseline,2,intra_process_va,memfd,1048576,14,515956375321205,20410,515956375450413,129208
baseline,2,intra_process_va,memfd,1048576,15,515956475223133,18513,515956475336727,113594
baseline,2,intra_process_va,memfd,1048576,16,515956575232082,18333,515956575345087,113005
baseline,2,intra_process_va,memfd,1048576,17,515956675337859,20390,515956675458706,120847
baseline,2,intra_process_va,memfd,1048576,18,515956775305519,20593,515956775436140,130621
baseline,2,intra_process_va,memfd,1048576,19,515956875216325,17507,515956875325899,109574
baseline,2,intra_process_va,memfd,16384,0,515958580971871,15331,515958581128484,156613
baseline,2,intra_process_va,memfd,16384,1,515958680960393,13447,515958681087229,126836
baseline,2,intra_process_va,memfd,16384,2,515958780977821,16310,515958781158684,180863
baseline,2,intra_process_va,memfd,16384,3,515958880967456,14800,515958881114848,147392
baseline,2,intra_process_va,memfd,16384,4,515958980962510,15331,515958981130155,167645
baseline,2,intra_process_va,memfd,16384,5,515959080993015,52824,515959081144590,151575
baseline,2,intra_process_va,memfd,16384,6,515959181059363,18938,515959181186588,127225
baseline,2,intra_process_va,memfd,16384,7,515959280975087,16223,515959281129703,154616
baseline,2,intra_process_va,memfd,16384,8,515959381039168,15628,515959381154498,115330
baseline,2,intra_process_va,memfd,16384,9,515959480996104,105691,515959481200699,204595
baseline,2,intra_process_va,memfd,16384,10,515959580968236,15565,515959581119722,151486
baseline,2,intra_process_va,memfd,16384,11,515959680980210,16463,515959681153257,173047
baseline,2,intra_process_va,memfd,16384,12,515959780973438,14918,515959781138465,165027
baseline,2,intra_process_va,memfd,16384,13,515959880622408,4066,515959880645725,23317
baseline,2,intra_process_va,memfd,16384,14,515959980936990,15079,515959981079624,142634
baseline,2,intra_process_va,memfd,16384,15,515960080987700,74883,515960081171421,183721
baseline,2,intra_process_va,memfd,16384,16,515960181079043,19097,515960181207880,128837
baseline,2,intra_process_va,memfd,16384,17,515960281045113,17083,515960281163404,118291
baseline,2,intra_process_va,memfd,16384,18,515960381055955,17719,515960381181408,125453
baseline,2,intra_process_va,memfd,16384,19,515960481065698,18431,515960481192451,126753
baseline,2,intra_process_va,cpu,1048576,0,515962174453355,23505,515962174579375,126020
baseline,2,intra_process_va,cpu,1048576,1,515962274401003,21507,515962274518888,117885
baseline,2,intra_process_va,cpu,1048576,2,515962374436819,23403,515962374564178,127359
baseline,2,intra_process_va,cpu,1048576,3,515962474388786,21087,515962474506017,117231
baseline,2,intra_process_va,cpu,1048576,4,515962574405550,21038,515962574524421,118871
baseline,2,intra_process_va,cpu,1048576,5,515962674419152,21165,515962674537210,118058
baseline,2,intra_process_va,cpu,1048576,6,515962774449709,23575,515962774577324,127615
baseline,2,intra_process_va,cpu,1048576,7,515962874389576,22005,515962874508259,118683
baseline,2,intra_process_va,cpu,1048576,8,515962974466286,23463,515962974593529,127243
baseline,2,intra_process_va,cpu,1048576,9,515963074506808,24606,515963074635214,128406
baseline,2,intra_process_va,cpu,1048576,10,515963174444486,22615,515963174572912,128426
baseline,2,intra_process_va,cpu,1048576,11,515963274380936,21846,515963274499038,118102
baseline,2,intra_process_va,cpu,1048576,12,515963374465465,22196,515963374586375,120910
baseline,2,intra_process_va,cpu,1048576,13,515963474425471,21650,515963474544687,119216
baseline,2,intra_process_va,cpu,1048576,14,515963574396029,23541,515963574523083,127054
baseline,2,intra_process_va,cpu,1048576,15,515963674415268,21829,515963674535167,119899
baseline,2,intra_process_va,cpu,1048576,16,515963774437842,23032,515963774566522,128680
baseline,2,intra_process_va,cpu,1048576,17,515963874410827,23783,515963874531891,121064
baseline,2,intra_process_va,cpu,1048576,18,515963974387360,21292,515963974505014,117654
baseline,2,intra_process_va,cpu,1048576,19,515964073942605,9183,515964073984191,41586
baseline,2,intra_process_va,memfd,16777216,0,515965771833248,22157,515965771975191,141943
baseline,2,intra_process_va,memfd,16777216,1,515965870812601,13977,515965870890733,78132
baseline,2,intra_process_va,memfd,16777216,2,515965971401957,18218,515965971502033,100076
baseline,2,intra_process_va,memfd,16777216,3,515966071400478,17896,515966071506977,106499
baseline,2,intra_process_va,memfd,16777216,4,515966168683141,5366,515966168710588,27447
baseline,2,intra_process_va,memfd,16777216,5,515966271149836,15306,515966271236855,87019
baseline,2,intra_process_va,memfd,16777216,6,515966371851533,21812,515966371970126,118593
baseline,2,intra_process_va,memfd,16777216,7,515966471728288,22546,515966471848524,120236
baseline,2,intra_process_va,memfd,16777216,8,515966571570380,20648,515966571686232,115852
baseline,2,intra_process_va,memfd,16777216,9,515966671619060,20038,515966671728461,109401
baseline,2,intra_process_va,memfd,16777216,10,515966771835031,20954,515966771952311,117280
baseline,2,intra_process_va,memfd,16777216,11,515966870872656,17097,515966870973252,100596
baseline,2,intra_process_va,memfd,16777216,12,515966971707868,19882,515966971823912,116044
baseline,2,intra_process_va,memfd,16777216,13,515967071570442,19470,515967071687383,116941
baseline,2,intra_process_va,memfd,16777216,14,515967171668800,22728,515967171796088,127288
baseline,2,intra_process_va,memfd,16777216,15,515967271794608,21554,515967271917380,122772
baseline,2,intra_process_va,memfd,16777216,16,515967371854546,22290,515967371982021,127475
baseline,2,intra_process_va,memfd,16777216,17,515967471580379,19813,515967471691358,110979
baseline,2,intra_process_va,memfd,16777216,18,515967571506123,20832,515967571623252,117129
baseline,2,intra_process_va,memfd,16777216,19,515967671907198,21964,515967672043873,136675
baseline,2,intra_process_va,memfd,65536,0,515969366240116,17516,515969366365520,125404
baseline,2,intra_process_va,memfd,65536,1,515969466195610,16711,515969466314818,119208
baseline,2,intra_process_va,memfd,65536,2,515969566240926,16525,515969566358753,117827
baseline,2,intra_process_va,memfd,65536,3,515969666220636,15676,515969666334200,113564
baseline,2,intra_process_va,memfd,65536,4,515969766185209,16475,515969766299451,114242
baseline,2,intra_process_va,memfd,65536,5,515969866187626,15697,515969866295155,107529
baseline,2,intra_process_va,memfd,65536,6,515969966186576,14534,515969966291388,104812
baseline,2,intra_process_va,memfd,65536,7,515970066202133,18862,515970066329100,126967
baseline,2,intra_process_va,memfd,65536,8,515970166206444,17254,515970166329540,123096
baseline,2,intra_process_va,memfd,65536,9,515970266089036,17867,515970266205347,116311
baseline,2,intra_process_va,memfd,65536,10,515970365804019,3507,515970365827197,23178
baseline,2,intra_process_va,memfd,65536,11,515970465895382,15430,515970466035818,140436
baseline,2,intra_process_va,memfd,65536,12,515970566187225,15706,515970566295330,108105
baseline,2,intra_process_va,memfd,65536,13,515970666177180,15951,515970666291705,114525
baseline,2,intra_process_va,memfd,65536,14,515970766164971,17241,515970766286426,121455
baseline,2,intra_process_va,memfd,65536,15,515970866130871,13640,515970866225930,95059
baseline,2,intra_process_va,memfd,65536,16,515970966184773,16607,515970966301130,116357
baseline,2,intra_process_va,memfd,65536,17,515971066132980,15902,515971066248030,115050
baseline,2,intra_process_va,memfd,65536,18,515971166229959,18282,515971166355279,125320
baseline,2,intra_process_va,memfd,65536,19,515971266227144,18437,515971266354144,127000
baseline,2,inter_process,memfd,4194304,0,515976281041710,1158448,515976282674307,1632597
baseline,2,inter_process,memfd,4194304,1,515976380987195,1275965,515976382701994,1714799
baseline,2,inter_process,memfd,4194304,2,515976481117168,1360092,515976482937277,1820109
baseline,2,inter_process,memfd,4194304,3,515976580229729,553410,515976580978742,749013
baseline,2,inter_process,memfd,4194304,4,515976680992960,1195019,515976682535040,1542080
baseline,2,inter_process,memfd,4194304,5,515976780987635,1274663,515976782678910,1691275
baseline,2,inter_process,memfd,4194304,6,515976880954379,1314908,515976882726241,1771862
baseline,2,inter_process,memfd,4194304,7,515976981160095,1374455,515976982967077,1806982
baseline,2,inter_process,memfd,4194304,8,515977080953035,1328360,515977082690409,1737374
baseline,2,inter_process,memfd,4194304,9,515977181297644,1266133,515977183028552,1730908
baseline,2,inter_process,memfd,4194304,10,515977281050831,1278303,515977282748644,1697813
baseline,2,inter_process,memfd,4194304,11,515977381261028,1373915,515977383050366,1789338
baseline,2,inter_process,memfd,4194304,12,515977481242440,1371447,515977483057587,1815147
baseline,2,inter_process,memfd,4194304,13,515977581160399,1399938,515977582974684,1814285
baseline,2,inter_process,memfd,4194304,14,515977681207164,1554530,515977683223388,2016224
baseline,2,inter_process,memfd,4194304,15,515977781171492,1426830,515977783051403,1879911
baseline,2,inter_process,memfd,4194304,16,515977880987877,1296058,515977882672215,1684338
baseline,2,inter_process,memfd,4194304,17,515977980968928,1245928,515977982683095,1714167
baseline,2,inter_process,memfd,4194304,18,515978081080691,1290279,515978082856225,1775534
baseline,2,inter_process,memfd,4194304,19,515978181056229,1331169,515978182946781,1890552
baseline,2,inter_process,cpu,1048576,0,515984349338816,1652721,515984351681650,2342834
baseline,2,inter_process,cpu,1048576,1,515984449354720,1707863,515984451748095,2393375
baseline,2,inter_process,cpu,1048576,2,515984549417799,1695534,515984551785995,2368196
baseline,2,inter_process,cpu,1048576,3,515984649085312,799760,515984661920380,12835068
baseline,2,inter_process,cpu,1048576,4,515984749345570,1693174,515984762903994,13558424
baseline,2,inter_process,cpu,1048576,5,515984849326888,3140727,515984853040872,3713984
baseline,2,inter_process,cpu,1048576,6,515984949851995,761644,515984961551987,11699992
baseline,2,inter_process,cpu,1048576,7,515985048818311,495595,515985060525137,11706826
baseline,2,inter_process,cpu,1048576,8,515985149370948,1673190,515985162936557,13565609
baseline,2,inter_process,cpu,1048576,9,515985249344103,1456036,515985262711509,13367406
baseline,2,inter_process,cpu,1048576,10,515985349348316,1669568,515985363153498,13805182
baseline,2,inter_process,cpu,1048576,11,515985449356125,1704638,515985451715245,2359120
baseline,2,inter_process,cpu,1048576,12,515985549385171,1685738,515985551760373,2375202
baseline,2,inter_process,cpu,1048576,13,515985649088981,816316,515985661650517,12561536
baseline,2,inter_process,cpu,1048576,14,515985749362484,1685466,515985762932902,13570418
baseline,2,inter_process,cpu,1048576,15,515985849328161,1501912,515985862624223,13296062
baseline,2,inter_process,cpu,1048576,16,515985949366826,1707244,515985962726872,13360046
baseline,2,inter_process,cpu,1048576,17,515986049352948,1491573,515986062869657,13516709
baseline,2,inter_process,cpu,1048576,18,515986149373974,1673692,515986163084596,13710622
baseline,2,inter_process,cpu,1048576,19,515986249326278,1366619,515986251434009,2107731
baseline,2,intra_process_va,cpu,4194304,0,515988133924652,25215,515988134055511,130859
baseline,2,intra_process_va,cpu,4194304,1,515988233751728,22366,515988233856291,104563
baseline,2,intra_process_va,cpu,4194304,2,515988333598675,22166,515988333704109,105434
baseline,2,intra_process_va,cpu,4194304,3,515988432874805,15327,515988432951439,76634
baseline,2,intra_process_va,cpu,4194304,4,515988533676485,22792,515988533783829,107344
baseline,2,intra_process_va,cpu,4194304,5,515988633204362,17113,515988633290164,85802
baseline,2,intra_process_va,cpu,4194304,6,515988733899587,23345,515988734032536,132949
baseline,2,intra_process_va,cpu,4194304,7,515988833580220,21785,515988833683052,102832
baseline,2,intra_process_va,cpu,4194304,8,515988933684337,22380,515988933789944,105607
baseline,2,intra_process_va,cpu,4194304,9,515989033746580,23503,515989033852607,106027
baseline,2,intra_process_va,cpu,4194304,10,515989132536825,9997,515989132585607,48782
baseline,2,intra_process_va,cpu,4194304,11,515989233651858,22690,515989233757839,105981
baseline,2,intra_process_va,cpu,4194304,12,515989333850836,23709,515989333963923,113087
baseline,2,intra_process_va,cpu,4194304,13,515989433874348,24973,515989433988428,114080
baseline,2,intra_process_va,cpu,4194304,14,515989533662981,22636,515989533770921,107940
baseline,2,intra_process_va,cpu,4194304,15,515989633356833,19951,515989633453966,97133
baseline,2,intra_process_va,cpu,4194304,16,515989733826448,23427,515989733939622,113174
baseline,2,intra_process_va,cpu,4194304,17,515989833685828,22465,515989833792587,106759
baseline,2,intra_process_va,cpu,4194304,18,515989933677401,22433,515989933783826,106425
baseline,2,intra_process_va,cpu,4194304,19,515990033725462,22422,515990033831150,105688
baseline,2,intra_process_va,cpu,4096,0,515991733990833,64868,515991734141829,150996
baseline,2,intra_process_va,cpu,4096,1,515991834086594,18128,515991834200071,113477
baseline,2,intra_process_va,cpu,4096,2,515991934104163,19777,515991934226417,122254
baseline,2,intra_process_va,cpu,4096,3,515992034044471,18370,515992034157376,112905
baseline,2,intra_process_va,cpu,4096,4,515992134069198,19879,515992134191574,122376
baseline,2,intra_process_va,cpu,4096,5,515992234078606,19661,515992234198785,120179
baseline,2,intra_process_va,cpu,4096,6,515992334128783,19784,515992334250642,121859
baseline,2,intra_process_va,cpu,4096,7,515992434035132,17373,515992434139963,104831
baseline,2,intra_process_va,cpu,4096,8,515992534052180,19243,515992534167092,114912
baseline,2,intra_process_va,cpu,4096,9,515992633827360,12706,515992633906246,78886
baseline,2,intra_process_va,cpu,4096,10,515992734107733,19581,515992734229577,121844
baseline,2,intra_process_va,cpu,4096,11,515992834055046,18176,515992834168076,113030
baseline,2,intra_process_va,cpu,4096,12,515992933998551,45521,515992934125520,126969
baseline,2,intra_process_va,cpu,4096,13,515993034099827,20217,515993034220574,120747
baseline,2,intra_process_va,cpu,4096,14,515993134051190,18018,515993134156141,104951
baseline,2,intra_process_va,cpu,4096,15,515993234050655,18471,515993234163387,112732
baseline,2,intra_process_va,cpu,4096,16,515993333858528,7886,515993333903466,44938
baseline,2,intra_process_va,cpu,4096,17,515993433989859,65645,515993434142533,152674
baseline,2,intra_process_va,cpu,4096,18,515993533995135,66278,515993534148374,153239
baseline,2,intra_process_va,cpu,4096,19,515993635127686,14690,515993635208934,81248
baseline,2,inter_process,memfd,262144,0,515998660874040,532323,515998661906992,1032952
baseline,2,inter_process,memfd,262144,1,515998760877550,557733,515998761946189,1068639
baseline,2,inter_process,memfd,262144,2,515998860902878,498784,515998861861925,959047
baseline,2,inter_process,memfd,262144,3,515998960874611,596087,515998961987220,1112609
baseline,2,inter_process,memfd,262144,4,515999060928138,571750,515999062071529,1143391
baseline,2,inter_process,memfd,262144,5,515999160903741,525047,515999161909353,1005612
baseline,2,inter_process,memfd,262144,6,515999260838649,542834,515999261894281,1055632
baseline,2,inter_process,memfd,262144,7,515999360902196,524735,515999361909275,1007079
baseline,2,inter_process,memfd,262144,8,515999460644531,335796,515999461503399,858868
baseline,2,inter_process,memfd,262144,9,515999560828105,580295,515999561863658,1035553
baseline,2,inter_process,memfd,262144,10,515999660486282,110722,515999660735116,248834
baseline,2,inter_process,memfd,262144,11,515999760879833,545377,515999761941004,1061171
baseline,2,inter_process,memfd,262144,12,515999860943658,559759,515999862055113,1111455
baseline,2,inter_process,memfd,262144,13,515999960875021,610412,515999961996071,1121050
baseline,2,inter_process,memfd,262144,14,516000060907722,556719,516000061973898,1066176
baseline,2,inter_process,memfd,262144,15,516000160881592,536243,516000161937536,1055944
baseline,2,inter_process,memfd,262144,16,516000260890058,533677,516000261908570,1018512
baseline,2,inter_process,memfd,262144,17,516000360889245,549283,516000361955374,1066129
baseline,2,inter_process,memfd,262144,18,516000460888693,573909,516000461977819,1089126
baseline,2,inter_process,memfd,262144,19,516000560874613,514727,516000561869119,994506
baseline,2,intra_process_va,cpu,16777216,0,516003421580230,5906,516003421609947,29717
baseline,2,intra_process_va,cpu,16777216,1,516003521271644,16736,516003521336620,64976
baseline,2,intra_process_va,cpu,16777216,2,516003621177172,15387,516003621247837,70665
baseline,2,intra_process_va,cpu,16777216,3,516003721191277,5833,516003721220194,28917
baseline,2,intra_process_va,cpu,16777216,4,516003817445323,8947,516003817477402,32079
baseline,2,intra_process_va,cpu,16777216,5,516003920780829,14935,516003920851604,70775
baseline,2,intra_process_va,cpu,16777216,6,516004021628137,6332,516004021657420,29283
baseline,2,intra_process_va,cpu,16777216,7,516004120686592,15232,516004120756194,69602
baseline,2,intra_process_va,cpu,16777216,8,516004221320674,5923,516004221348068,27394
baseline,2,intra_process_va,cpu,16777216,9,516004321650466,17189,516004321729612,79146
baseline,2,intra_process_va,cpu,16777216,10,516004421287746,5697,516004421316763,29017
baseline,2,intra_process_va,cpu,16777216,11,516004521310464,5859,516004521339437,28973
baseline,2,intra_process_va,cpu,16777216,12,516004621357594,5872,516004621385711,28117
baseline,2,intra_process_va,cpu,16777216,13,516004721151942,5626,516004721181018,29076
baseline,2,intra_process_va,cpu,16777216,14,516004820807310,6224,516004820837521,30211
baseline,2,intra_process_va,cpu,16777216,15,516004920800988,15972,516004920873747,72759
baseline,2,intra_process_va,cpu,16777216,16,516005021155306,16789,516005021236101,80795
baseline,2,intra_process_va,cpu,16777216,17,516005121120336,15085,516005121191178,70842
baseline,2,intra_process_va,cpu,16777216,18,516005221080355,15298,516005221151038,70683
baseline,2,intra_process_va,cpu,16777216,19,516005321736969,5511,516005321765732,28763
baseline,2,intra_process_va,cpu,1024,0,516007038828968,5633,516007038860799,31831
baseline,2,intra_process_va,cpu,1024,1,516007139182064,20799,516007139301861,119797
baseline,2,intra_process_va,cpu,1024,2,516007239153225,20814,516007239273462,120237
baseline,2,intra_process_va,cpu,1024,3,516007339108917,19328,516007339223080,114163
baseline,2,intra_process_va,cpu,1024,4,516007439081402,18395,516007439194602,113200
baseline,2,intra_process_va,cpu,1024,5,516007539143533,20120,516007539257445,113912
baseline,2,intra_process_va,cpu,1024,6,516007639054832,4464,516007639080404,25572
baseline,2,intra_process_va,cpu,1024,7,516007739118644,18620,516007739231786,113142
baseline,2,intra_process_va,cpu,1024,8,516007839081387,18278,516007839196348,114961
baseline,2,intra_process_va,cpu,1024,9,516007938885853,8223,516007938934211,48358
baseline,2,intra_process_va,cpu,1024,10,516008040041399,4818,516008040071901,30502
baseline,2,intra_process_va,cpu,1024,11,516008139087975,18451,516008139201627,113652
baseline,2,intra_process_va,cpu,1024,12,516008239096071,18771,516008239210560,114489
baseline,2,intra_process_va,cpu,1024,13,516008339095713,17802,516008339200667,104954
baseline,2,intra_process_va,cpu,1024,14,516008439138358,20786,516008439259300,120942
baseline,2,intra_process_va,cpu,1024,15,516008539070721,17213,516008539177067,106346
baseline,2,intra_process_va,cpu,1024,16,516008639748210,5062,516008639775668,27458
baseline,2,intra_process_va,cpu,1024,17,516008739070622,18964,516008739182855,112233
baseline,2,intra_process_va,cpu,1024,18,516008839156811,20078,516008839278475,121664
baseline,2,intra_process_va,cpu,1024,19,516008939099758,18567,516008939211923,112165
baseline,2,inter_process,memfd,16777216,0,516013614964138,2350313,516013617438320,2474182
baseline,2,inter_process,memfd,16777216,1,516013714666421,1953175,516013716739406,2072985
baseline,2,inter_process,memfd,16777216,2,516013814523011,2220277,516013816853934,2330923
baseline,2,inter_process,memfd,16777216,3,516013914063887,2451510,516013916767720,2703833
baseline,2,inter_process,memfd,16777216,4,516014014525825,2209553,516014016846848,2321023
baseline,2,inter_process,memfd,16777216,5,516014114573666,2209544,516014116897566,2323900
baseline,2,inter_process,memfd,16777216,6,516014212705151,1780358,516014214693257,1988106
baseline,2,inter_process,memfd,16777216,7,516014312928214,2306904,516014315465977,2537763
baseline,2,inter_process,memfd,16777216,8,516014414701215,2019594,516014416823293,2122078
baseline,2,inter_process,memfd,16777216,9,516014514768445,2432129,516014517322480,2554035
baseline,2,inter_process,memfd,16777216,10,516014614629482,2514537,516014617258954,2629472
baseline,2,inter_process,memfd,16777216,11,516014714809240,1997617,516014716921847,2112607
baseline,2,inter_process,memfd,16777216,12,516014814716207,1978986,516014816808902,2092695
baseline,2,inter_process,memfd,16777216,13,516014914324525,2640649,516014917244655,2920130
baseline,2,inter_process,memfd,16777216,14,516015014402440,2567987,516015017086602,2684162
baseline,2,inter_process,memfd,16777216,15,516015114788407,2414733,516015117317244,2528837
baseline,2,inter_process,memfd,16777216,16,516015214588572,2128408,516015216833242,2244670
baseline,2,inter_process,memfd,16777216,17,516015314792508,2003246,516015316906338,2113830
baseline,2,inter_process,memfd,16777216,18,516015414819207,2138305,516015417071861,2252654
baseline,2,inter_process,memfd,16777216,19,516015514752575,2132724,516015516994765,2242190
baseline,2,intra_process_va,cpu,16384,0,516018438735416,4773,516018438759230,23814
baseline,2,intra_process_va,cpu,16384,1,516018539090350,17356,516018539194710,104360
baseline,2,intra_process_va,cpu,16384,2,516018638687701,4240,516018638712499,24798
baseline,2,intra_process_va,cpu,16384,3,516018738978064,19354,516018739166906,188842
baseline,2,intra_process_va,cpu,16384,4,516018839105252,20362,516018839226621,121369
baseline,2,intra_process_va,cpu,16384,5,516018938990903,84734,516018939166862,175959
baseline,2,intra_process_va,cpu,16384,6,516019039079214,17941,516019039190158,110944
baseline,2,intra_process_va,cpu,16384,7,516019139069927,19539,516019139190748,120821
baseline,2,intra_process_va,cpu,16384,8,516019239063182,18899,516019239176438,113256
baseline,2,intra_process_va,cpu,16384,9,516019338988283,106560,516019339182341,194058
baseline,2,intra_process_va,cpu,16384,10,516019438978424,17153,516019439115245,136821
baseline,2,intra_process_va,cpu,16384,11,516019538987497,49729,516019539123510,136013
baseline,2,intra_process_va,cpu,16384,12,516019638919801,6195,516019638955738,35937
baseline,2,intra_process_va,cpu,16384,13,516019738991912,54448,516019739139107,147195
baseline,2,intra_process_va,cpu,16384,14,516019839066402,18844,516019839178098,111696
baseline,2,intra_process_va,cpu,16384,15,516019938994742,50008,516019939153966,159224
baseline,2,intra_process_va,cpu,16384,16,516020038994707,71306,516020039159851,165144
baseline,2,intra_process_va,cpu,16384,17,516020138988604,51213,516020139146031,157427
baseline,2,intra_process_va,cpu,16384,18,516020238998643,67356,516020239160250,161607
baseline,2,intra_process_va,cpu,16384,19,516020338988024,73162,516020339178925,190901
baseline,2,inter_process,memfd,65536,0,516025385230625,341450,516025386188335,957710
baseline,2,inter_process,memfd,65536,1,516025485215784,459257,516025486234368,1018584
baseline,2,inter_process,memfd,65536,2,516025585167186,444825,516025586112200,945014
baseline,2,inter_process,memfd,65536,3,516025685149984,403335,516025686038130,888146
baseline,2,inter_process,memfd,65536,4,516025785192389,440090,516025786146687,954298
baseline,2,inter_process,memfd,65536,5,516025885193589,482612,516025886242850,1049261
baseline,2,inter_process,memfd,65536,6,516025985160678,412260,516025986074473,913795
baseline,2,inter_process,memfd,65536,7,516026085179194,465665,516026086176017,996823
baseline,2,inter_process,memfd,65536,8,516026185192230,476146,516026186236510,1044280
baseline,2,inter_process,memfd,65536,9,516026285187561,359593,516026286177165,989604
baseline,2,inter_process,memfd,65536,10,516026385173897,407499,516026386092041,918144
baseline,2,inter_process,memfd,65536,11,516026485171112,457604,516026486177805,1006693
baseline,2,inter_process,memfd,65536,12,516026585125349,396575,516026585978970,853621
baseline,2,inter_process,memfd,65536,13,516026685138162,391173,516026685979446,841284
baseline,2,inter_process,memfd,65536,14,516026784779353,113910,516026784995081,215728
baseline,2,inter_process,memfd,65536,15,516026885126146,477522,516026886169250,1043104
baseline,2,inter_process,memfd,65536,16,516026985197872,517079,516026986346610,1148738
baseline,2,inter_process,memfd,65536,17,516027084984471,433156,516027085903254,918783
baseline,2,inter_process,memfd,65536,18,516027185227588,467531,516027186220256,992668
baseline,2,inter_process,memfd,65536,19,516027285114264,375895,516027285879472,765208
baseline,2,inter_process,memfd,1048576,0,516033107830499,149435,516033108097989,267490
baseline,2,inter_process,memfd,1048576,1,516033208385444,741327,516033209753007,1367563
baseline,2,inter_process,memfd,1048576,2,516033308374117,673812,516033309489173,1115056
baseline,2,inter_process,memfd,1048576,3,516033408423751,735363,516033409659158,1235407
baseline,2,inter_process,memfd,1048576,4,516033508316722,617828,516033509416069,1099347
baseline,2,inter_process,memfd,1048576,5,516033608366345,669280,516033609518321,1151976
baseline,2,inter_process,memfd,1048576,6,516033708390427,701339,516033709576885,1186458
baseline,2,inter_process,memfd,1048576,7,516033808368311,544452,516033809438504,1070193
baseline,2,inter_process,memfd,1048576,8,516033908371868,665973,516033909519147,1147279
baseline,2,inter_process,memfd,1048576,9,516034008369965,541174,516034009463285,1093320
baseline,2,inter_process,memfd,1048576,10,516034108414012,739181,516034109667534,1253522
baseline,2,inter_process,memfd,1048576,11,516034208357391,707411,516034209563465,1206074
baseline,2,inter_process,memfd,1048576,12,516034308361692,672639,516034309513303,1151611
baseline,2,inter_process,memfd,1048576,13,516034408354969,669976,516034409516649,1161680
baseline,2,inter_process,memfd,1048576,14,516034508317862,612836,516034509406236,1088374
baseline,2,inter_process,memfd,1048576,15,516034608402351,729584,516034609635762,1233411
baseline,2,inter_process,memfd,1048576,16,516034708339502,707008,516034709519884,1180382
baseline,2,inter_process,memfd,1048576,17,516034808391439,735807,516034809647572,1256133
baseline,2,inter_process,memfd,1048576,18,516034908417726,730320,516034909630901,1213175
baseline,2,inter_process,memfd,1048576,19,516035008346662,572659,516035009524794,1178132
baseline,2,inter_process,cpu,262144,0,516041179187033,621188,516041180274053,1087020
baseline,2,inter_process,cpu,262144,1,516041279163941,577780,516041280130273,966332
baseline,2,inter_process,cpu,262144,2,516041379216530,471446,516041380043189,826659
baseline,2,inter_process,cpu,262144,3,516041478809864,111736,516041479020651,210787
baseline,2,inter_process,cpu,262144,4,516041579150021,558840,516041580116155,966134
baseline,2,inter_process,cpu,262144,5,516041679154149,568103,516041680102015,947866
baseline,2,inter_process,cpu,262144,6,516041779199694,649944,516041780254394,1054700
baseline,2,inter_process,cpu,262144,7,516041879274068,685260,516041880351494,1077426
baseline,2,inter_process,cpu,262144,8,516041979135856,580079,516041980126546,990690
baseline,2,inter_process,cpu,262144,9,516042079154479,422471,516042080163512,1009033
baseline,2,inter_process,cpu,262144,10,516042179052463,652098,516042180081890,1029427
baseline,2,inter_process,cpu,262144,11,516042279219675,602644,516042280187740,968065
baseline,2,inter_process,cpu,262144,12,516042379190577,700953,516042380284955,1094378
baseline,2,inter_process,cpu,262144,13,516042479185985,629800,516042480160330,974345
baseline,2,inter_process,cpu,262144,14,516042579164689,561593,516042580220289,1055600
baseline,2,inter_process,cpu,262144,15,516042679141129,413260,516042680111871,970742
baseline,2,inter_process,cpu,262144,16,516042779201408,670790,516042780360727,1159319
baseline,2,inter_process,cpu,262144,17,516042879238136,639978,516042880403350,1165214
baseline,2,inter_process,cpu,262144,18,516042979243637,643083,516042980321428,1077791
baseline,2,inter_process,cpu,262144,19,516043079163314,555247,516043080118788,955474
baseline,2,inter_process,cpu,16777216,0,516047945046332,3773556,516047961065311,16018979
baseline,2,inter_process,cpu,16777216,1,516048046396553,2699668,516048061377430,14980877
baseline,2,inter_process,cpu,16777216,2,516048147030997,2696622,516048161970560,14939563
baseline,2,inter_process,cpu,16777216,3,516048246591023,3047713,516048261806289,15215266
baseline,2,inter_process,cpu,16777216,4,516048346690522,2924278,516048361810295,15119773
baseline,2,inter_process,cpu,16777216,5,516048446434050,2662956,516048461172685,14738635
baseline,2,inter_process,cpu,16777216,6,516048546549301,2653930,516048561497060,14947759
baseline,2,inter_process,cpu,16777216,7,516048643878876,4406873,516048660138840,16259964
baseline,2,inter_process,cpu,16777216,8,516048746982899,2825307,516048761981559,14998660
baseline,2,inter_process,cpu,16777216,9,516048846635546,2668147,516048861367655,14732109
baseline,2,inter_process,cpu,16777216,10,516048945034301,4288060,516048961458842,16424541
baseline,2,inter_process,cpu,16777216,11,516049046600996,3006779,516049061584304,14983308
baseline,2,inter_process,cpu,16777216,12,516049146489529,2657521,516049161419959,14930430
baseline,2,inter_process,cpu,16777216,13,516049247037987,2649074,516049261917430,14879443
baseline,2,inter_process,cpu,16777216,14,516049346509561,2659272,516049361501271,14991710
baseline,2,inter_process,cpu,16777216,15,516049446289258,2668758,516049461280812,14991554
baseline,2,inter_process,cpu,16777216,16,516049546459453,2662772,516049561194366,14734913
baseline,2,inter_process,cpu,16777216,17,516049643438444,4573657,516049659726527,16288083
baseline,2,inter_process,cpu,16777216,18,516049746499127,2765994,516049761156126,14656999
baseline,2,inter_process,cpu,16777216,19,516049842609357,2790677,516049855596922,12987565
baseline,2,inter_process,memfd,1024,0,516055045159419,344689,516055046100197,940778
baseline,2,inter_process,memfd,1024,1,516055145181858,482201,516055146239279,1057421
baseline,2,inter_process,memfd,1024,2,516055245250881,418705,516055246191117,940236
baseline,2,inter_process,memfd,1024,3,516055345232175,461003,516055346284465,1052290
baseline,2,inter_process,memfd,1024,4,516055445196000,422356,516055446170989,974989
baseline,2,inter_process,memfd,1024,5,516055545157922,434894,516055546100300,942378
baseline,2,inter_process,memfd,1024,6,516055644859278,214128,516055645294868,435590
baseline,2,inter_process,memfd,1024,7,516055745172019,483557,516055746235446,1063427
baseline,2,inter_process,memfd,1024,8,516055845174340,483399,516055846229469,1055129
baseline,2,inter_process,memfd,1024,9,516055945114909,289076,516055945905667,790758
baseline,2,inter_process,memfd,1024,10,516056045164261,408105,516056046087743,923482
baseline,2,inter_process,memfd,1024,11,516056144848425,126027,516056145126294,277869
baseline,2,inter_process,memfd,1024,12,516056245156623,381730,516056245987123,830500
baseline,2,inter_process,memfd,1024,13,516056345183904,441254,516056346176587,992683
baseline,2,inter_process,memfd,1024,14,516056445096926,393036,516056445933590,836664
baseline,2,inter_process,memfd,1024,15,516056545171499,445106,516056546105889,934390
baseline,2,inter_process,memfd,1024,16,516056644857958,210586,516056645300964,443006
baseline,2,inter_process,memfd,1024,17,516056745154614,439421,516056746139438,984824
baseline,2,inter_process,memfd,1024,18,516056845204709,314765,516056846125603,920894
baseline,2,inter_process,memfd,1024,19,516056945166698,454910,516056946189239,1022541
baseline,2,inter_process,cpu,4096,0,516063174092668,341108,516063174789209,696541
baseline,2,inter_process,cpu,4096,1,516063274099869,342300,516063274798859,698990
baseline,2,inter_process,cpu,4096,2,516063374079139,353260,516063374797069,717930
baseline,2,inter_process,cpu,4096,3,516063474075652,325141,516063474737434,661782
baseline,2,inter_process,cpu,4096,4,516063574115773,346703,516063574823178,707405
baseline,2,inter_process,cpu,4096,5,516063674087500,314601,516063674723135,635635
baseline,2,inter_process,cpu,4096,6,516063774067026,346867,516063774760214,693188
baseline,2,inter_process,cpu,4096,7,516063874113081,222263,516063874745879,632798
baseline,2,inter_process,cpu,4096,8,516063974091947,336317,516063974786302,694355
baseline,2,inter_process,cpu,4096,9,516064074170167,225405,516064074821595,651428
baseline,2,inter_process,cpu,4096,10,516064174062655,293645,516064174669537,606882
baseline,2,inter_process,cpu,4096,11,516064273971219,371860,516064274695104,723885
baseline,2,inter_process,cpu,4096,12,516064374090451,338099,516064374799574,709123
baseline,2,inter_process,cpu,4096,13,516064474091958,351938,516064474788919,696961
baseline,2,inter_process,cpu,4096,14,516064573771002,66187,516064573909779,138777
baseline,2,inter_process,cpu,4096,15,516064674034065,296031,516064674667278,633213
baseline,2,inter_process,cpu,4096,16,516064774063200,319614,516064774711290,648090
baseline,2,inter_process,cpu,4096,17,516064874109515,355802,516064874821085,711570
baseline,2,inter_process,cpu,4096,18,516064974060689,317596,516064974706287,645598
baseline,2,inter_process,cpu,4096,19,516065074094907,212443,516065074686685,591778
baseline,2,intra_process_va,memfd,64,0,516066954826872,10981,516066954909428,82556
baseline,2,intra_process_va,memfd,64,1,516067054985575,66925,516067055152700,167125
baseline,2,intra_process_va,memfd,64,2,516067154978318,16021,516067155156392,178074
baseline,2,intra_process_va,memfd,64,3,516067254756118,13730,516067254849563,93445
baseline,2,intra_process_va,memfd,64,4,516067354929370,15035,516067355071056,141686
baseline,2,intra_process_va,memfd,64,5,516067455069967,17725,516067455195956,125989
baseline,2,intra_process_va,memfd,64,6,516067554979576,16460,516067555136267,156691
baseline,2,intra_process_va,memfd,64,7,516067654867410,10641,516067654944819,77409
baseline,2,intra_process_va,memfd,64,8,516067754991608,73651,516067755166646,175038
baseline,2,intra_process_va,memfd,64,9,516067854908218,16041,516067855123335,215117
baseline,2,intra_process_va,memfd,64,10,516067954888715,13908,516067954986783,98068
baseline,2,intra_process_va,memfd,64,11,516068054947128,14856,516068055125835,178707
baseline,2,intra_process_va,memfd,64,12,516068154927142,15717,516068155085860,158718
baseline,2,intra_process_va,memfd,64,13,516068254983527,16236,516068255151139,167612
baseline,2,intra_process_va,memfd,64,14,516068354981656,16588,516068355141458,159802
baseline,2,intra_process_va,memfd,64,15,516068454997111,66118,516068455170941,173830
baseline,2,intra_process_va,memfd,64,16,516068554959994,15686,516068555119556,159562
baseline,2,intra_process_va,memfd,64,17,516068654971450,12874,516068655123341,151891
baseline,2,intra_process_va,memfd,64,18,516068754640077,3328,516068754663544,23467
baseline,2,intra_process_va,memfd,64,19,516068854938988,14450,516068855081872,142884
baseline,2,inter_process,cpu,4194304,0,516073858611830,3441002,516073862810035,4198205
baseline,2,inter_process,cpu,4194304,1,516073958798727,3797663,516073974702620,15903893
baseline,2,inter_process,cpu,4194304,2,516074058688343,3415083,516074062649288,3960945
baseline,2,inter_process,cpu,4194304,3,516074158865374,3664765,516074162989076,4123702
baseline,2,inter_process,cpu,4194304,4,516074258166492,2664492,516074272938623,14772131
baseline,2,inter_process,cpu,4194304,5,516074358762443,3746464,516074374140457,15378014
baseline,2,inter_process,cpu,4194304,6,516074458616668,3472443,516074462623199,4006531
baseline,2,inter_process,cpu,4194304,7,516074558831194,3636485,516074574414085,15582891
baseline,2,inter_process,cpu,4194304,8,516074657953001,2184367,516074671964970,14011969
baseline,2,inter_process,cpu,4194304,9,516074758786915,3744935,516074774647262,15860347
baseline,2,inter_process,cpu,4194304,10,516074858808484,3681823,516074874812564,16004080
baseline,2,inter_process,cpu,4194304,11,516074958785220,3347099,516074974810549,16025329
baseline,2,inter_process,cpu,4194304,12,516075057414556,1875187,516075069429498,12014942
baseline,2,inter_process,cpu,4194304,13,516075158734784,3675246,516075174747984,16013200
baseline,2,inter_process,cpu,4194304,14,516075258621077,3435520,516075274285285,15664208
baseline,2,inter_process,cpu,4194304,15,516075358573920,3412624,516075374262546,15688626
baseline,2,inter_process,cpu,4194304,16,516075458595546,3432442,516075474354043,15758497
baseline,2,inter_process,cpu,4194304,17,516075558802887,3595538,516075574718711,15915824
baseline,2,inter_process,cpu,4194304,18,516075658525187,3159797,516075673372371,14847184
baseline,2,inter_process,cpu,4194304,19,516075758805724,3574951,516075774845001,16039277
baseline,2,intra_process_va,cpu,65536,0,516077666962016,18047,516077667125010,162994
baseline,2,intra_process_va,cpu,65536,1,516077766783991,18107,516077766895783,111792
baseline,2,intra_process_va,cpu,65536,2,516077866984431,60296,516077867146483,162052
baseline,2,intra_process_va,cpu,65536,3,516077966861003,15335,516077966951325,90322
baseline,2,intra_process_va,cpu,65536,4,516078066927842,16718,516078067082812,154970
baseline,2,intra_process_va,cpu,65536,5,516078166768676,18845,516078166883752,115076
baseline,2,intra_process_va,cpu,65536,6,516078266979760,19864,516078267142908,163148
baseline,2,intra_process_va,cpu,65536,7,516078366767430,19560,516078366877714,110284
baseline,2,intra_process_va,cpu,65536,8,516078466967351,17924,516078467113910,146559
baseline,2,intra_process_va,cpu,65536,9,516078566953188,20355,516078567176639,223451
baseline,2,intra_process_va,cpu,65536,10,516078666938883,17050,516078667090742,151859
baseline,2,intra_process_va,cpu,65536,11,516078766943683,19724,516078767118747,175064
baseline,2,intra_process_va,cpu,65536,12,516078866982243,74189,516078867158208,175965
baseline,2,intra_process_va,cpu,65536,13,516078966926992,15120,516078967041273,114281
baseline,2,intra_process_va,cpu,65536,14,516079066924317,16445,516079067075034,150717
baseline,2,intra_process_va,cpu,65536,15,516079166914938,19091,516079167081716,166778
baseline,2,intra_process_va,cpu,65536,16,516079266660225,4118,516079266683374,23149
baseline,2,intra_process_va,cpu,65536,17,516079366927867,17845,516079367096274,168407
baseline,2,intra_process_va,cpu,65536,18,516079466945895,17884,516079467107756,161861
baseline,2,intra_process_va,cpu,65536,19,516079566756763,4630,516079566782901,26138
baseline,2,intra_process_va,memfd,4096,0,516081272049072,16814,516081272162171,113099
baseline,2,intra_process_va,memfd,4096,1,516081371843186,6129,516081371887641,44455
baseline,2,intra_process_va,memfd,4096,2,516081472070239,15852,516081472178725,108486
baseline,2,intra_process_va,memfd,4096,3,516081572090324,15508,516081572207132,116808
baseline,2,intra_process_va,memfd,4096,4,516081672039632,13327,516081672128340,88708
baseline,2,intra_process_va,memfd,4096,5,516081772121583,18020,516081772240570,118987
baseline,2,intra_process_va,memfd,4096,6,516081871917790,15430,516081872052621,134831
baseline,2,intra_process_va,memfd,4096,7,516081971995973,53706,516081972118821,122848
baseline,2,intra_process_va,memfd,4096,8,516082072083280,16585,516082072197997,114717
baseline,2,intra_process_va,memfd,4096,9,516082172107091,16801,516082172217883,110792
baseline,2,intra_process_va,memfd,4096,10,516082272109513,17474,516082272225892,116379
baseline,2,intra_process_va,memfd,4096,11,516082372092926,18636,516082372212413,119487
baseline,2,intra_process_va,memfd,4096,12,516082472153636,18862,516082472279148,125512
baseline,2,intra_process_va,memfd,4096,13,516082572082828,16977,516082572198201,115373
baseline,2,intra_process_va,memfd,4096,14,516082672115652,16790,516082672231201,115549
baseline,2,intra_process_va,memfd,4096,15,516082772128195,18261,516082772249719,121524
baseline,2,intra_process_va,memfd,4096,16,516082872145182,18698,516082872269171,123989
baseline,2,intra_process_va,memfd,4096,17,516082971852151,11323,516082971924581,72430
baseline,2,intra_process_va,memfd,4096,18,516083072119205,16182,516083072232174,112969
baseline,2,intra_process_va,memfd,4096,19,516083172095104,17888,516083172216048,120944
baseline,3,inter_process,cpu,1048576,0,516087843615779,3492166,516087858971580,15355801
baseline,3,inter_process,cpu,1048576,1,516087943473972,1801095,516087945965619,2491647
baseline,3,inter_process,cpu,1048576,2,516088043422554,1563458,516088045633840,2211286
baseline,3,inter_process,cpu,1048576,3,516088143441625,1402681,516088145527515,2085890
baseline,3,inter_process,cpu,1048576,4,516088243476628,1726955,516088245894173,2417545
baseline,3,inter_process,cpu,1048576,5,516088343566698,1734966,516088345996419,2429721
baseline,3,inter_process,cpu,1048576,6,516088443500933,1720845,516088445915582,2414649
baseline,3,inter_process,cpu,1048576,7,516088543539564,1731771,516088545964988,2425424
baseline,3,inter_process,cpu,1048576,8,516088643164048,632822,516088655710514,12546466
baseline,3,inter_process,cpu,1048576,9,516088743451427,1519717,516088745633897,2182470
baseline,3,inter_process,cpu,1048576,10,516088843476370,1737956,516088845925300,2448930
baseline,3,inter_process,cpu,1048576,11,516088943520156,1739843,516088945959981,2439825
baseline,3,inter_process,cpu,1048576,12,516089043408770,1342765,516089056906705,13497935
baseline,3,inter_process,cpu,1048576,13,516089143513316,1739539,516089145988070,2474754
baseline,3,inter_process,cpu,1048576,14,516089243434432,1496912,516089256880260,13445828
baseline,3,inter_process,cpu,1048576,15,516089343475990,1696910,516089345863463,2387473
baseline,3,inter_process,cpu,1048576,16,516089443492658,1548265,516089445830680,2338022
baseline,3,inter_process,cpu,1048576,17,516089543478596,1723100,516089545902857,2424261
baseline,3,inter_process,cpu,1048576,18,516089642895978,273492,516089653733144,10837166
baseline,3,inter_process,cpu,1048576,19,516089743364118,1504041,516089756844005,13479887
baseline,3,inter_process,cpu,4194304,0,516094958949092,3898870,516094963321208,4372116
baseline,3,inter_process,cpu,4194304,1,516095058970626,3207301,516095062587643,3617017
baseline,3,inter_process,cpu,4194304,2,516095158886619,3424449,516095174459883,15573264
baseline,3,inter_process,cpu,4194304,3,516095258694610,3613840,516095274346193,15651583
baseline,3,inter_process,cpu,4194304,4,516095358716864,3664218,516095374344684,15627820
baseline,3,inter_process,cpu,4194304,5,516095458756108,3583576,516095474571951,15815843
baseline,3,inter_process,cpu,4194304,6,516095558766262,3349841,516095574562047,15795785
baseline,3,inter_process,cpu,4194304,7,516095658142149,2243416,516095672276375,14134226
baseline,3,inter_process,cpu,4194304,8,516095758913323,3588186,516095775042177,16128854
baseline,3,inter_process,cpu,4194304,9,516095858652340,3661227,516095862762663,4110323
baseline,3,inter_process,cpu,4194304,10,516095957295633,912970,516095958783077,1487444
baseline,3,inter_process,cpu,4194304,11,516096058989543,3757280,516096063327579,4338036
baseline,3,inter_process,cpu,4194304,12,516096158712058,3201730,516096163253128,4541070
baseline,3,inter_process,cpu,4194304,13,516096259108836,3351652,516096262877692,3768856
baseline,3,inter_process,cpu,4194304,14,516096358966526,3272034,516096362648373,3681847
baseline,3,inter_process,cpu,4194304,15,516096458975638,3274007,516096462659830,3684192
baseline,3,inter_process,cpu,4194304,16,516096558846123,3512581,516096563087832,4241709
baseline,3,inter_process,cpu,4194304,17,516096657736003,2305632,516096672426295,14690292
baseline,3,inter_process,cpu,4194304,18,516096758758462,3552849,516096762729338,3970876
baseline,3,inter_process,cpu,4194304,19,516096858700525,3557987,516096862679190,3978665
baseline,3,inter_process,memfd,16384,0,516102056172244,432644,516102057133557,961313
baseline,3,inter_process,memfd,16384,1,516102156172886,424407,516102157091246,918360
baseline,3,inter_process,memfd,16384,2,516102255830973,105003,516102256047424,216451
baseline,3,inter_process,memfd,16384,3,516102356144722,450519,516102357143177,998455
baseline,3,inter_process,memfd,16384,4,516102455959541,452520,516102456901648,942107
baseline,3,inter_process,memfd,16384,5,516102556076615,421922,516102556998141,921526
baseline,3,inter_process,memfd,16384,6,516102656170129,383615,516102656967512,797383
baseline,3,inter_process,memfd,16384,7,516102756231201,461783,516102757197947,966746
baseline,3,inter_process,memfd,16384,8,516102856197888,491747,516102857222809,1024921
baseline,3,inter_process,memfd,16384,9,516102956314170,343587,516102957410982,1096812
baseline,3,inter_process,memfd,16384,10,516103056103758,336114,516103056890790,787032
baseline,3,inter_process,memfd,16384,11,516103156137183,439182,516103157092006,954823
baseline,3,inter_process,memfd,16384,12,516103256137655,436243,516103257117679,980024
baseline,3,inter_process,memfd,16384,13,516103356211401,459348,516103357259415,1048014
baseline,3,inter_process,memfd,16384,14,516103456164402,440665,516103457152829,988427
baseline,3,inter_process,memfd,16384,15,516103556242323,442064,516103557229966,987643
baseline,3,inter_process,memfd,16384,16,516103655862595,121867,516103656138003,275408
baseline,3,inter_process,memfd,16384,17,516103756159117,394785,516103757044209,885092
baseline,3,inter_process,memfd,16384,18,516103855954321,425562,516103856801096,846775
baseline,3,inter_process,memfd,16384,19,516103956209549,461915,516103957224124,1014575
baseline,3,inter_process,memfd,4096,0,516110146163900,476449,516110147236592,1072692
baseline,3,inter_process,memfd,4096,1,516110246205515,466353,516110247248977,1043462
baseline,3,inter_process,memfd,4096,2,516110346180777,461542,516110347225743,1044966
baseline,3,inter_process,memfd,4096,3,516110446189854,471532,516110447228466,1038612
baseline,3,inter_process,memfd,4096,4,516110546138590,322029,516110547044973,906383
baseline,3,inter_process,memfd,4096,5,516110645875414,88824,516110646072951,197537
baseline,3,inter_process,memfd,4096,6,516110746116756,414618,516110747065729,948973
baseline,3,inter_process,memfd,4096,7,516110846139314,442587,516110847127738,988424
baseline,3,inter_process,memfd,4096,8,516110946167107,487357,516110947245786,1078679
baseline,3,inter_process,memfd,4096,9,516111046193649,310095,516111047029427,835778
baseline,3,inter_process,memfd,4096,10,516111146149743,419227,516111147102761,953018
baseline,3,inter_process,memfd,4096,11,516111246157149,418654,516111247092492,935343
baseline,3,inter_process,memfd,4096,12,516111346131264,416484,516111347041277,910013
baseline,3,inter_process,memfd,4096,13,516111446177519,458796,516111447224064,1046545
baseline,3,inter_process,memfd,4096,14,516111546140317,434364,516111547107532,967215
baseline,3,inter_process,memfd,4096,15,516111645993950,240298,516111646484153,490203
baseline,3,inter_process,memfd,4096,16,516111746138716,409484,516111747087839,949123
baseline,3,inter_process,memfd,4096,17,516111846107350,291040,516111846898638,791288
baseline,3,inter_process,memfd,4096,18,516111946196828,400771,516111947085712,888884
baseline,3,inter_process,memfd,4096,19,516112046161145,468883,516112047190821,1029676
baseline,3,intra_process_va,memfd,16777216,0,516114915641499,20461,516114915778936,137437
baseline,3,intra_process_va,memfd,16777216,1,516115015484959,15729,516115015574651,89692
baseline,3,intra_process_va,memfd,16777216,2,516115115428958,16756,516115115527830,98872
baseline,3,intra_process_va,memfd,16777216,3,516115215404459,17262,516115215504801,100342
baseline,3,intra_process_va,memfd,16777216,4,516115315727880,20657,516115315846327,118447
baseline,3,intra_process_va,memfd,16777216,5,516115415622903,20647,516115415742867,119964
baseline,3,intra_process_va,memfd,16777216,6,516115515386864,18304,516115515486850,99986
baseline,3,intra_process_va,memfd,16777216,7,516115615397735,17402,516115615497745,100010
baseline,3,intra_process_va,memfd,16777216,8,516115715741656,21082,516115715858999,117343
baseline,3,intra_process_va,memfd,16777216,9,516115815722659,19952,516115815832442,109783
baseline,3,intra_process_va,memfd,16777216,10,516115915356414,17473,516115915453982,97568
baseline,3,intra_process_va,memfd,16777216,11,516116015452351,16545,516116015542015,89664
baseline,3,intra_process_va,memfd,16777216,12,516116115445559,17478,516116115546310,100751
baseline,3,intra_process_va,memfd,16777216,13,516116215355637,17043,516116215457195,101558
baseline,3,intra_process_va,memfd,16777216,14,516116315501611,20351,516116315619441,117830
baseline,3,intra_process_va,memfd,16777216,15,516116415425506,17656,516116415525486,99980
baseline,3,intra_process_va,memfd,16777216,16,516116515355521,17333,516116515455190,99669
baseline,3,intra_process_va,memfd,16777216,17,516116615635595,19997,516116615747413,111818
baseline,3,intra_process_va,memfd,16777216,18,516116715641221,21195,516116715760489,119268
baseline,3,intra_process_va,memfd,16777216,19,516116815469713,16487,516116815564528,94815
baseline,3,intra_process_va,memfd,65536,0,516118556131563,16751,516118556244848,113285
baseline,3,intra_process_va,memfd,65536,1,516118656091159,12823,516118656188603,97444
baseline,3,intra_process_va,memfd,65536,2,516118756086495,16602,516118756196283,109788
baseline,3,intra_process_va,memfd,65536,3,516118856156321,17786,516118856282953,126632
baseline,3,intra_process_va,memfd,65536,4,516118956122543,17719,516118956230933,108390
baseline,3,intra_process_va,memfd,65536,5,516119055703145,3580,516119055726445,23300
baseline,3,intra_process_va,memfd,65536,6,516119156141776,16350,516119156254198,112422
baseline,3,intra_process_va,memfd,65536,7,516119255914655,16116,516119256056133,141478
baseline,3,intra_process_va,memfd,65536,8,516119355912396,17717,516119356063763,151367
baseline,3,intra_process_va,memfd,65536,9,516119456124650,18047,516119456242036,117386
baseline,3,intra_process_va,memfd,65536,10,516119556124005,16783,516119556239054,115049
baseline,3,intra_process_va,memfd,65536,11,516119656075089,15474,516119656174988,99899
baseline,3,intra_process_va,memfd,65536,12,516119756143146,15583,516119756247681,104535
baseline,3,intra_process_va,memfd,65536,13,516119856160210,18046,516119856282681,122471
baseline,3,intra_process_va,memfd,65536,14,516119956124884,17542,516119956241442,116558
baseline,3,intra_process_va,memfd,65536,15,516120056152466,18203,516120056276057,123591
baseline,3,intra_process_va,memfd,65536,16,516120156166443,15994,516120156279221,112778
baseline,3,intra_process_va,memfd,65536,17,516120256117593,17916,516120256233912,116319
baseline,3,intra_process_va,memfd,65536,18,516120356139549,19053,516120356264661,125112
baseline,3,intra_process_va,memfd,65536,19,516120456169242,15628,516120456278549,109307
baseline,3,inter_process,memfd,16777216,0,516125485889787,1895913,516125487905884,2016097
baseline,3,inter_process,memfd,16777216,1,516125585357828,1908066,516125587374515,2016687
baseline,3,inter_process,memfd,16777216,2,516125685567121,1453169,516125687129765,1562644
baseline,3,inter_process,memfd,16777216,3,516125785688506,2497154,516125788301679,2613173
baseline,3,inter_process,memfd,16777216,4,516125885433625,2374752,516125887916301,2482676
baseline,3,inter_process,memfd,16777216,5,516125985903891,2050648,516125988063356,2159465
baseline,3,inter_process,memfd,16777216,6,516126085340095,2325257,516126087768088,2427993
baseline,3,inter_process,memfd,16777216,7,516126185520662,2330558,516126187957694,2437032
baseline,3,inter_process,memfd,16777216,8,516126285381583,2160239,516126287649857,2268274
baseline,3,inter_process,memfd,16777216,9,516126385917776,1956400,516126387986201,2068425
baseline,3,inter_process,memfd,16777216,10,516126485507125,2289775,516126487913599,2406474
baseline,3,inter_process,memfd,16777216,11,516126585711299,1947490,516126587765584,2054285
baseline,3,inter_process,memfd,16777216,12,516126685386755,2589583,516126688083939,2697184
baseline,3,inter_process,memfd,16777216,13,516126785898079,2169442,516126788203714,2305635
baseline,3,inter_process,memfd,16777216,14,516126885867827,2186436,516126888159115,2291288
baseline,3,inter_process,memfd,16777216,15,516126985807690,2310833,516126988226596,2418906
baseline,3,inter_process,memfd,16777216,16,516127085827054,1891257,516127087822975,1995921
baseline,3,inter_process,memfd,16777216,17,516127185510392,1766419,516127187385792,1875400
baseline,3,inter_process,memfd,16777216,18,516127285217819,2211664,516127287538153,2320334
baseline,3,inter_process,memfd,16777216,19,516127385957676,2102408,516127388165905,2208229
baseline,3,inter_process,memfd,1048576,0,516133553392293,755955,516133554838914,1446621
baseline,3,inter_process,memfd,1048576,1,516133652934699,153165,516133653200165,265466
baseline,3,inter_process,memfd,1048576,2,516133753136402,220654,516133753510934,374532
baseline,3,inter_process,memfd,1048576,3,516133853383991,715433,516133854604318,1220327
baseline,3,inter_process,memfd,1048576,4,516133953377099,669404,516133954550458,1173359
baseline,3,inter_process,memfd,1048576,5,516134053375270,713884,516134054613897,1238627
baseline,3,inter_process,memfd,1048576,6,516134153361644,738331,516134154585571,1223927
baseline,3,inter_process,memfd,1048576,7,516134253369102,648400,516134254473675,1104573
baseline,3,inter_process,memfd,1048576,8,516134353370055,558103,516134354452309,1082254
baseline,3,inter_process,memfd,1048576,9,516134453400855,556408,516134454514961,1114106
baseline,3,inter_process,memfd,1048576,10,516134553433739,641953,516134554541288,1107549
baseline,3,inter_process,memfd,1048576,11,516134653370332,580530,516134654397192,1026860
baseline,3,inter_process,memfd,1048576,12,516134753359420,631119,516134754474180,1114760
baseline,3,inter_process,memfd,1048576,13,516134853353943,626670,516134854466011,1112068
baseline,3,inter_process,memfd,1048576,14,516134953342856,619376,516134954439590,1096734
baseline,3,inter_process,memfd,1048576,15,516135053423101,733477,516135054698474,1275373
baseline,3,inter_process,memfd,1048576,16,516135153247300,664407,516135154357469,1110169
baseline,3,inter_process,memfd,1048576,17,516135253366844,550168,516135254469107,1102263
baseline,3,inter_process,memfd,1048576,18,516135353403767,718850,516135354640234,1236467
baseline,3,inter_process,memfd,1048576,19,516135453394911,752168,516135454654115,1259204
baseline,3,intra_process_va,memfd,4096,0,516138323799594,15946,516138323908023,108429
baseline,3,intra_process_va,memfd,4096,1,516138424114348,14618,516138424223978,109630
baseline,3,intra_process_va,memfd,4096,2,516138523793366,15289,516138523894274,100908
baseline,3,intra_process_va,memfd,4096,3,516138623986812,52439,516138624139968,153156
baseline,3,intra_process_va,memfd,4096,4,516138723981938,16080,516138724120867,138929
baseline,3,intra_process_va,memfd,4096,5,516138823881390,15550,516138823992177,110787
baseline,3,intra_process_va,memfd,4096,6,516138924045110,16986,516138924163109,117999
baseline,3,intra_process_va,memfd,4096,7,516139023951998,14747,516139024094980,142982
baseline,3,intra_process_va,memfd,4096,8,516139123991049,59881,516139124152486,161437
baseline,3,intra_process_va,memfd,4096,9,516139224057805,18261,516139224185777,127972
baseline,3,intra_process_va,memfd,4096,10,516139323996017,73506,516139324178618,182601
baseline,3,intra_process_va,memfd,4096,11,516139423947449,13367,516139424074777,127328
baseline,3,intra_process_va,memfd,4096,12,516139523815715,8123,516139523870718,55003
baseline,3,intra_process_va,memfd,4096,13,516139623866753,15711,516139623978462,111709
baseline,3,intra_process_va,memfd,4096,14,516139724092529,17598,516139724220046,127517
baseline,3,intra_process_va,memfd,4096,15,516139823856779,17613,516139823985918,129139
baseline,3,intra_process_va,memfd,4096,16,516139923699176,8278,516139923758311,59135
baseline,3,intra_process_va,memfd,4096,17,516140023805280,6107,516140023848215,42935
baseline,3,intra_process_va,memfd,4096,18,516140123976947,14691,516140124123315,146368
baseline,3,intra_process_va,memfd,4096,19,516140223984137,78525,516140224173084,188947
baseline,3,intra_process_va,cpu,4194304,0,516141931904845,23267,516141932040733,135888
baseline,3,intra_process_va,cpu,4194304,1,516142030126506,6891,516142030157245,30739
baseline,3,intra_process_va,cpu,4194304,2,516142131460166,21652,516142131562709,102543
baseline,3,intra_process_va,cpu,4194304,3,516142231842526,23626,516142231956550,114024
baseline,3,intra_process_va,cpu,4194304,4,516142331856667,23284,516142331973858,117191
baseline,3,intra_process_va,cpu,4194304,5,516142431781398,23367,516142431893148,111750
baseline,3,intra_process_va,cpu,4194304,6,516142531784746,23254,516142531898910,114164
baseline,3,intra_process_va,cpu,4194304,7,516142631544914,24236,516142631659500,114586
baseline,3,intra_process_va,cpu,4194304,8,516142731763768,23248,516142731880831,117063
baseline,3,intra_process_va,cpu,4194304,9,516142831863604,23751,516142831978319,114715
baseline,3,intra_process_va,cpu,4194304,10,516142931841370,23746,516142931954587,113217
baseline,3,intra_process_va,cpu,4194304,11,516143031805212,23917,516143031920931,115719
baseline,3,intra_process_va,cpu,4194304,12,516143131840695,23144,516143131955201,114506
baseline,3,intra_process_va,cpu,4194304,13,516143231876238,24800,516143231992667,116429
baseline,3,intra_process_va,cpu,4194304,14,516143331851417,23407,516143331966772,115355
baseline,3,intra_process_va,cpu,4194304,15,516143431670874,21655,516143431776991,106117
baseline,3,intra_process_va,cpu,4194304,16,516143531583370,21669,516143531688767,105397
baseline,3,intra_process_va,cpu,4194304,17,516143631788704,23534,516143631901446,112742
baseline,3,intra_process_va,cpu,4194304,18,516143731851455,22301,516143731965693,114238
baseline,3,intra_process_va,cpu,4194304,19,516143831955976,24061,516143832087040,131064
baseline,3,inter_process,cpu,16384,0,516148503114452,224009,516148503759031,644579
baseline,3,inter_process,cpu,16384,1,516148603049887,371145,516148603807257,757370
baseline,3,inter_process,cpu,16384,2,516148702986885,381423,516148703675982,689097
baseline,3,inter_process,cpu,16384,3,516148802974791,383141,516148803702417,727626
baseline,3,inter_process,cpu,16384,4,516148903054038,353677,516148903749906,695868
baseline,3,inter_process,cpu,16384,5,516149002992088,389490,516149003745280,753192
baseline,3,inter_process,cpu,16384,6,516149102936704,355473,516149103622363,685659
baseline,3,inter_process,cpu,16384,7,516149202983205,386804,516149203739452,756247
baseline,3,inter_process,cpu,16384,8,516149302970074,349358,516149303630194,660120
baseline,3,inter_process,cpu,16384,9,516149402983304,475491,516149403821558,838254
baseline,3,inter_process,cpu,16384,10,516149502985968,395846,516149503744826,758858
baseline,3,inter_process,cpu,16384,11,516149602967204,381171,516149603716953,749749
baseline,3,inter_process,cpu,16384,12,516149702960325,350983,516149703624592,664267
baseline,3,inter_process,cpu,16384,13,516149802968836,370745,516149803702972,734136
baseline,3,inter_process,cpu,16384,14,516149902976453,375369,516149903693922,717469
baseline,3,inter_process,cpu,16384,15,516150002993237,348564,516150003687759,694522
baseline,3,inter_process,cpu,16384,16,516150102955596,388593,516150103632414,676818
baseline,3,inter_process,cpu,16384,17,516150202906921,259231,516150203558657,651736
baseline,3,inter_process,cpu,16384,18,516150302931204,372530,516150303640098,708894
baseline,3,inter_process,cpu,16384,19,516150403043280,75177,516150403204987,161707
baseline,3,intra_process_va,memfd,1048576,0,516152291277512,17694,516152291389779,112267
baseline,3,intra_process_va,memfd,1048576,1,516152391274396,22254,516152391405365,130969
baseline,3,intra_process_va,memfd,1048576,2,516152490816224,4340,516152490841913,25689
baseline,3,intra_process_va,memfd,1048576,3,516152591364560,18212,516152591483045,118485
baseline,3,intra_process_va,memfd,1048576,4,516152691311121,18171,516152691427854,116733
baseline,3,intra_process_va,memfd,1048576,5,516152791394325,20645,516152791524834,130509
baseline,3,intra_process_va,memfd,1048576,6,516152891370759,20303,516152891501340,130581
baseline,3,intra_process_va,memfd,1048576,7,516152991319905,20358,516152991445465,125560
baseline,3,intra_process_va,memfd,1048576,8,516153091237758,19276,516153091350164,112406
baseline,3,intra_process_va,memfd,1048576,9,516153191336542,18880,516153191454995,118453
baseline,3,intra_process_va,memfd,1048576,10,516153291307543,17704,516153291419657,112114
baseline,3,intra_process_va,memfd,1048576,11,516153391400518,36733,516153391545933,145415
baseline,3,intra_process_va,memfd,1048576,12,516153491302996,17542,516153491415920,112924
baseline,3,intra_process_va,memfd,1048576,13,516153591376766,20700,516153591507778,131012
baseline,3,intra_process_va,memfd,1048576,14,516153691372910,16664,516153691483894,110984
baseline,3,intra_process_va,memfd,1048576,15,516153791292440,18099,516153791404768,112328
baseline,3,intra_process_va,memfd,1048576,16,516153891362389,18072,516153891480898,118509
baseline,3,intra_process_va,memfd,1048576,17,516153991309365,18150,516153991422764,113399
baseline,3,intra_process_va,memfd,1048576,18,516154091814975,18479,516154091922843,107868
baseline,3,intra_process_va,memfd,1048576,19,516154191395571,20385,516154191524236,128665
baseline,3,intra_process_va,cpu,4096,0,516155895991924,66578,516155896150091,158167
baseline,3,intra_process_va,cpu,4096,1,516155996073548,21452,516155996195718,122170
baseline,3,intra_process_va,cpu,4096,2,516156095978474,16553,516156096151718,173244
baseline,3,intra_process_va,cpu,4096,3,516156195989325,69250,516156196146258,156933
baseline,3,intra_process_va,cpu,4096,4,516156295996890,73113,516156296157104,160214
baseline,3,intra_process_va,cpu,4096,5,516156395997084,80928,516156396177569,180485
baseline,3,intra_process_va,cpu,4096,6,516156496070440,18600,516156496183555,113115
baseline,3,intra_process_va,cpu,4096,7,516156596058948,19617,516156596172218,113270
baseline,3,intra_process_va,cpu,4096,8,516156695689799,4392,516156695712537,22738
baseline,3,intra_process_va,cpu,4096,9,516156795958034,16825,516156796107085,149051
baseline,3,intra_process_va,cpu,4096,10,516156896063421,20867,516156896187992,124571
baseline,3,intra_process_va,cpu,4096,11,516156996058954,18565,516156996178727,119773
baseline,3,intra_process_va,cpu,4096,12,516157096050273,17572,516157096160946,110673
baseline,3,intra_process_va,cpu,4096,13,516157196063395,21423,516157196186573,123178
baseline,3,intra_process_va,cpu,4096,14,516157295983370,65509,516157296134138,150768
baseline,3,intra_process_va,cpu,4096,15,516157396058469,20681,516157396176843,118374
baseline,3,intra_process_va,cpu,4096,16,516157496052163,20479,516157496167706,115543
baseline,3,intra_process_va,cpu,4096,17,516157596043821,19389,516157596151287,107466
baseline,3,intra_process_va,cpu,4096,18,516157696057670,19222,516157696169971,112301
baseline,3,intra_process_va,cpu,4096,19,516157795978741,17200,516157796140622,161881
baseline,3,intra_process_va,memfd,16384,0,516159496157026,16844,516159496274764,117738
baseline,3,intra_process_va,memfd,16384,1,516159596108110,17504,516159596228522,120412
baseline,3,intra_process_va,memfd,16384,2,516159696124769,14921,516159696231199,106430
baseline,3,intra_process_va,memfd,16384,3,516159796124113,16519,516159796239035,114922
baseline,3,intra_process_va,memfd,16384,4,516159896083924,14863,516159896191753,107829
baseline,3,intra_process_va,memfd,16384,5,516159996081349,15716,516159996189021,107672
baseline,3,intra_process_va,memfd,16384,6,516160096084914,16383,516160096200276,115362
baseline,3,intra_process_va,memfd,16384,7,516160196086459,15019,516160196193738,107279
baseline,3,intra_process_va,memfd,16384,8,516160296071605,15008,516160296177943,106338
baseline,3,intra_process_va,memfd,16384,9,516160396116627,15686,516160396224027,107400
baseline,3,intra_process_va,memfd,16384,10,516160496128942,16275,516160496244772,115830
baseline,3,intra_process_va,memfd,16384,11,516160596076176,14133,516160596178245,102069
baseline,3,intra_process_va,memfd,16384,12,516160696163161,15491,516160696276403,113242
baseline,3,intra_process_va,memfd,16384,13,516160795857053,14951,516160795959577,102524
baseline,3,intra_process_va,memfd,16384,14,516160895811183,4137,516160895838546,27363
baseline,3,intra_process_va,memfd,16384,15,516160996080940,16591,516160996214062,133122
baseline,3,intra_process_va,memfd,16384,16,516161096064693,13903,516161096165455,100762
baseline,3,intra_process_va,memfd,16384,17,516161196126325,15299,516161196239525,113200
baseline,3,intra_process_va,memfd,16384,18,516161296091916,15745,516161296199251,107335
baseline,3,intra_process_va,memfd,16384,19,516161396123195,17299,516161396247759,124564
baseline,3,intra_process_va,cpu,65536,0,516163096969108,17640,516163097108801,139693
baseline,3,intra_process_va,cpu,65536,1,516163197068740,20910,516163197191225,122485
baseline,3,intra_process_va,cpu,65536,2,516163297082904,20110,516163297204053,121149
baseline,3,intra_process_va,cpu,65536,3,516163397045219,20995,516163397160164,114945
baseline,3,intra_process_va,cpu,65536,4,516163497074064,21232,516163497194570,120506
baseline,3,intra_process_va,cpu,65536,5,516163597043252,19837,516163597156678,113426
baseline,3,intra_process_va,cpu,65536,6,516163697064626,19079,516163697175734,111108
baseline,3,intra_process_va,cpu,65536,7,516163797059511,18705,516163797166409,106898
baseline,3,intra_process_va,cpu,65536,8,516163897040930,19362,516163897153304,112374
baseline,3,intra_process_va,cpu,65536,9,516163997057121,20694,516163997177682,120561
baseline,3,intra_process_va,cpu,65536,10,516164096996988,51044,516164097133527,136539
baseline,3,intra_process_va,cpu,65536,11,516164196982391,16694,516164197135127,152736
baseline,3,intra_process_va,cpu,65536,12,516164296979192,16256,516164297111003,131811
baseline,3,intra_process_va,cpu,65536,13,516164396933782,19668,516164397095297,161515
baseline,3,intra_process_va,cpu,65536,14,516164497063976,22038,516164497187359,123383
baseline,3,intra_process_va,cpu,65536,15,516164596956845,19408,516164597105114,148269
baseline,3,intra_process_va,cpu,65536,16,516164697059144,21876,516164697181443,122299
baseline,3,intra_process_va,cpu,65536,17,516164796927757,18369,516164797086877,159120
baseline,3,intra_process_va,cpu,65536,18,516164896973299,17864,516164897115066,141767
baseline,3,intra_process_va,cpu,65536,19,516164996947466,20210,516164997107204,159738
baseline,3,inter_process,cpu,262144,0,516170005205821,545481,516170006158131,952310
baseline,3,inter_process,cpu,262144,1,516170105187821,653763,516170106256114,1068293
baseline,3,inter_process,cpu,262144,2,516170205217339,716197,516170206340984,1123645
baseline,3,inter_process,cpu,262144,3,516170305165973,567807,516170306139275,973302
baseline,3,inter_process,cpu,262144,4,516170405177930,630777,516170406254112,1076182
baseline,3,inter_process,cpu,262144,5,516170505221037,706892,516170506351372,1130335
baseline,3,inter_process,cpu,262144,6,516170605157083,590158,516170606146986,989903
baseline,3,inter_process,cpu,262144,7,516170705188020,571385,516170706165501,977481
baseline,3,inter_process,cpu,262144,8,516170805196786,574052,516170806226634,1029848
baseline,3,inter_process,cpu,262144,9,516170905270890,465779,516170906370541,1099651
baseline,3,inter_process,cpu,262144,10,516171005160642,594395,516171006126268,965626
baseline,3,inter_process,cpu,262144,11,516171105208661,680167,516171106313583,1104922
baseline,3,inter_process,cpu,262144,12,516171205199780,639504,516171206291512,1091732
baseline,3,inter_process,cpu,262144,13,516171304816848,154037,516171305108108,291260
baseline,3,inter_process,cpu,262144,14,516171405154799,508670,516171406036362,881563
baseline,3,inter_process,cpu,262144,15,516171505169626,435675,516171506215508,1045882
baseline,3,inter_process,cpu,262144,16,516171605179392,697248,516171606289650,1110258
baseline,3,inter_process,cpu,262144,17,516171705240820,660336,516171706348708,1107888
baseline,3,inter_process,cpu,262144,18,516171805161887,583422,516171806163534,1001647
baseline,3,inter_process,cpu,262144,19,516171905264886,670965,516171906386115,1121229
baseline,3,intra_process_va,cpu,1024,0,516173793940161,16745,516173794085959,145798
baseline,3,intra_process_va,cpu,1024,1,516173893757354,17708,516173893866645,109291
baseline,3,intra_process_va,cpu,1024,2,516173993967509,20434,516173994126672,159163
baseline,3,intra_process_va,cpu,1024,3,516174094047806,17170,516174094151435,103629
baseline,3,intra_process_va,cpu,1024,4,516174193951003,16753,516174194103692,152689
baseline,3,intra_process_va,cpu,1024,5,516174293913342,14244,516174294034091,120749
baseline,3,intra_process_va,cpu,1024,6,516174393956071,17621,516174394102170,146099
baseline,3,intra_process_va,cpu,1024,7,516174493957083,17659,516174494100224,143141
baseline,3,intra_process_va,cpu,1024,8,516174593966085,18020,516174594111081,144996
baseline,3,intra_process_va,cpu,1024,9,516174693913534,15245,516174694094641,181107
baseline,3,intra_process_va,cpu,1024,10,516174793963903,17797,516174794107494,143591
baseline,3,intra_process_va,cpu,1024,11,516174893758981,17560,516174893867991,109010
baseline,3,intra_process_va,cpu,1024,12,516174994046055,18278,516174994156745,110690
baseline,3,intra_process_va,cpu,1024,13,516175093959262,17737,516175094118844,159582
baseline,3,intra_process_va,cpu,1024,14,516175193951806,18321,516175194099719,147913
baseline,3,intra_process_va,cpu,1024,15,516175293974006,19233,516175294134279,160273
baseline,3,intra_process_va,cpu,1024,16,516175393990396,72732,516175394164549,174153
baseline,3,intra_process_va,cpu,1024,17,516175493678977,3701,516175493699629,20652
baseline,3,intra_process_va,cpu,1024,18,516175594054668,19224,516175594167998,113330
baseline,3,intra_process_va,cpu,1024,19,516175693957340,17635,516175694102349,145009
baseline,3,intra_process_va,memfd,1024,0,516177409099483,17515,516177409217629,118146
baseline,3,intra_process_va,memfd,1024,1,516177509092945,15677,516177509201070,108125
baseline,3,intra_process_va,memfd,1024,2,516177608839863,3941,516177608864999,25136
baseline,3,intra_process_va,memfd,1024,3,516177709115689,16311,516177709227943,112254
baseline,3,intra_process_va,memfd,1024,4,516177809136618,16210,516177809251045,114427
baseline,3,intra_process_va,memfd,1024,5,516177909098868,15025,516177909205089,106221
baseline,3,intra_process_va,memfd,1024,6,516178008912414,15795,516178009049690,137276
baseline,3,intra_process_va,memfd,1024,7,516178109080586,15101,516178109189620,109034
baseline,3,intra_process_va,memfd,1024,8,516178209169638,16041,516178209283365,113727
baseline,3,intra_process_va,memfd,1024,9,516178309185812,17890,516178309301765,115953
baseline,3,intra_process_va,memfd,1024,10,516178409131596,15853,516178409239754,108158
baseline,3,intra_process_va,memfd,1024,11,516178509119872,15364,516178509228059,108187
baseline,3,intra_process_va,memfd,1024,12,516178609151449,17829,516178609276133,124684
baseline,3,intra_process_va,memfd,1024,13,516178709120976,15645,516178709237015,116039
baseline,3,intra_process_va,memfd,1024,14,516178809114071,15969,516178809230673,116602
baseline,3,intra_process_va,memfd,1024,15,516178909129033,15845,516178909243450,114417
baseline,3,intra_process_va,memfd,1024,16,516179009159811,18437,516179009284496,124685
baseline,3,intra_process_va,memfd,1024,17,516179109117699,16126,516179109233659,115960
baseline,3,intra_process_va,memfd,1024,18,516179209106017,16164,516179209220203,114186
baseline,3,intra_process_va,memfd,1024,19,516179309084850,15139,516179309191110,106260
baseline,3,inter_process,cpu,64,0,516184322105008,325184,516184322759341,654333
baseline,3,inter_process,cpu,64,1,516184422112480,350244,516184422817903,705423
baseline,3,inter_process,cpu,64,2,516184521914647,362690,516184522641500,726853
baseline,3,inter_process,cpu,64,3,516184622026874,315020,516184622673584,646710
baseline,3,inter_process,cpu,64,4,516184722109136,311799,516184722748930,639794
baseline,3,inter_process,cpu,64,5,516184822134849,340311,516184822824900,690051
baseline,3,inter_process,cpu,64,6,516184922079966,312561,516184922713768,633802
baseline,3,inter_process,cpu,64,7,516185022160132,343369,516185022859674,699542
baseline,3,inter_process,cpu,64,8,516185122112726,319784,516185122755946,643220
baseline,3,inter_process,cpu,64,9,516185222165113,226131,516185222816025,650912
baseline,3,inter_process,cpu,64,10,516185322120814,329834,516185322786493,665679
baseline,3,inter_process,cpu,64,11,516185422162029,339530,516185422860709,698680
baseline,3,inter_process,cpu,64,12,516185522131112,294739,516185522738711,607599
baseline,3,inter_process,cpu,64,13,516185622160891,344030,516185622862013,701122
baseline,3,inter_process,cpu,64,14,516185722159467,343794,516185722859940,700473
baseline,3,inter_process,cpu,64,15,516185822162851,345718,516185822863677,700826
baseline,3,inter_process,cpu,64,16,516185921909803,111398,516185922146758,236955
baseline,3,inter_process,cpu,64,17,516186021973566,209093,516186022390568,417002
baseline,3,inter_process,cpu,64,18,516186122095056,320565,516186122715622,620566
baseline,3,inter_process,cpu,64,19,516186222173491,231400,516186222826717,653226
baseline,3,inter_process,cpu,16777216,0,516191423355712,2737217,516191438369049,15013337
baseline,3,inter_process,cpu,16777216,1,516191523376016,3466134,516191538885900,15509884
baseline,3,inter_process,cpu,16777216,2,516191623303597,2934144,516191637997664,14694067
baseline,3,inter_process,cpu,16777216,3,516191723282571,3114877,516191738296436,15013865
baseline,3,inter_process,cpu,16777216,4,516191823696597,2690040,516191838689709,14993112
baseline,3,inter_process,cpu,16777216,5,516191923632474,2706235,516191938526998,14894524
baseline,3,inter_process,cpu,16777216,6,516192023698189,2831205,516192038680720,14982531
baseline,3,inter_process,cpu,16777216,7,516192121581296,4655123,516192138163365,16582069
baseline,3,inter_process,cpu,16777216,8,516192223613410,2906736,516192239189639,15576229
baseline,3,inter_process,cpu,16777216,9,516192320907889,4794458,516192335765614,14857725
baseline,3,inter_process,cpu,16777216,10,516192423530558,2706436,516192438181499,14650941
baseline,3,inter_process,cpu,16777216,11,516192523672234,2678403,516192538625397,14953163
baseline,3,inter_process,cpu,16777216,12,516192623669714,2716426,516192640101479,16431765
baseline,3,inter_process,cpu,16777216,13,516192722901236,3068215,516192737933245,15032009
baseline,3,inter_process,cpu,16777216,14,516192823430006,2717930,516192838121489,14691483
baseline,3,inter_process,cpu,16777216,15,516192923148697,2669728,516192938098623,14949926
baseline,3,inter_process,cpu,16777216,16,516193023385101,2740081,516193038267788,14882687
baseline,3,inter_process,cpu,16777216,17,516193123407795,2681082,516193137859083,14451288
baseline,3,inter_process,cpu,16777216,18,516193223246036,3000420,516193238320800,15074764
baseline,3,inter_process,cpu,16777216,19,516193323218844,2722493,516193338009046,14790202
baseline,3,inter_process,memfd,1024,0,516198534789213,126546,516198535070343,281130
baseline,3,inter_process,memfd,1024,1,516198634914840,275846,516198635299881,385041
baseline,3,inter_process,memfd,1024,2,516198735192183,465028,516198736237252,1045069
baseline,3,inter_process,memfd,1024,3,516198835123409,403840,516198835996923,873514
baseline,3,inter_process,memfd,1024,4,516198935195846,493789,516198936276704,1080858
baseline,3,inter_process,memfd,1024,5,516199035136457,422823,516199036069897,933440
baseline,3,inter_process,memfd,1024,6,516199135133126,424729,516199136075831,942705
baseline,3,inter_process,memfd,1024,7,516199235148152,315799,516199235993273,845121
baseline,3,inter_process,memfd,1024,8,516199335117279,391578,516199335978699,861420
baseline,3,inter_process,memfd,1024,9,516199434900801,357813,516199435700251,799450
baseline,3,inter_process,memfd,1024,10,516199535080683,338106,516199535829650,748967
baseline,3,inter_process,memfd,1024,11,516199635915629,87430,516199636121674,206045
baseline,3,inter_process,memfd,1024,12,516199735124543,427359,516199736052995,928452
baseline,3,inter_process,memfd,1024,13,516199835196217,464074,516199836243088,1046871
baseline,3,inter_process,memfd,1024,14,516199935160209,479222,516199936214571,1054362
baseline,3,inter_process,memfd,1024,15,516200035113842,432147,516200036060373,946531
baseline,3,inter_process,memfd,1024,16,516200135179155,338322,516200136135360,956205
baseline,3,inter_process,memfd,1024,17,516200235186361,461807,516200236231916,1045555
baseline,3,inter_process,memfd,1024,18,516200335193999,462579,516200336235899,1041900
baseline,3,inter_process,memfd,1024,19,516200435203038,465457,516200436259651,1056613
baseline,3,intra_process_va,cpu,64,0,516203302976069,19420,516203303154722,178653
baseline,3,intra_process_va,cpu,64,1,516203402954866,16703,516203403108427,153561
baseline,3,intra_process_va,cpu,64,2,516203502933849,17516,516203503078930,145081
baseline,3,intra_process_va,cpu,64,3,516203602964676,18660,516203603119672,154996
baseline,3,intra_process_va,cpu,64,4,516203702895843,16038,516203703032920,137077
baseline,3,intra_process_va,cpu,64,5,516203802913895,16434,516203803054231,140336
baseline,3,intra_process_va,cpu,64,6,516203902947324,19025,516203903115601,168277
baseline,3,intra_process_va,cpu,64,7,516204002962392,18636,516204003140564,178172
baseline,3,intra_process_va,cpu,64,8,516204102959505,19047,516204103122195,162690
baseline,3,intra_process_va,cpu,64,9,516204202957080,34013,516204203169278,212198
baseline,3,intra_process_va,cpu,64,10,516204302857065,12369,516204302936242,79177
baseline,3,intra_process_va,cpu,64,11,516204402993584,54107,516204403140282,146698
baseline,3,intra_process_va,cpu,64,12,516204502946546,17620,516204503122837,176291
baseline,3,intra_process_va,cpu,64,13,516204602948005,17515,516204603092591,144586
baseline,3,intra_process_va,cpu,64,14,516204702932053,16428,516204703069666,137613
baseline,3,intra_process_va,cpu,64,15,516204802874596,19099,516204802989318,114722
baseline,3,intra_process_va,cpu,64,16,516204902735963,4835,516204902761036,25073
baseline,3,intra_process_va,cpu,64,17,516205002906997,15577,516205003055071,148074
baseline,3,intra_process_va,cpu,64,18,516205102903653,16201,516205103047365,143712
baseline,3,intra_process_va,cpu,64,19,516205202954510,17502,516205203099246,144736
baseline,3,inter_process,cpu,4096,0,516210219117466,445527,516210219845000,727534
baseline,3,inter_process,cpu,4096,1,516210318985161,360599,516210319711971,726810
baseline,3,inter_process,cpu,4096,2,516210419101418,335533,516210419840523,739105
baseline,3,inter_process,cpu,4096,3,516210519108100,358204,516210519836768,728668
baseline,3,inter_process,cpu,4096,4,516210619099477,319371,516210619736555,637078
baseline,3,inter_process,cpu,4096,5,516210719100635,349480,516210719806129,705494
baseline,3,inter_process,cpu,4096,6,516210819062792,326649,516210819730762,667970
baseline,3,inter_process,cpu,4096,7,516210919066430,332283,516210919743768,677338
baseline,3,inter_process,cpu,4096,8,516211019114352,341200,516211019784266,669914
baseline,3,inter_process,cpu,4096,9,516211118867895,93720,516211119139280,271385
baseline,3,inter_process,cpu,4096,10,516211218957696,205194,516211219488764,531068
baseline,3,inter_process,cpu,4096,11,516211318973095,326108,516211319614597,641502
baseline,3,inter_process,cpu,4096,12,516211419065542,311476,516211419707505,641963
baseline,3,inter_process,cpu,4096,13,516211519107762,343626,516211519807510,699748
baseline,3,inter_process,cpu,4096,14,516211619089521,305931,516211619730076,640555
baseline,3,inter_process,cpu,4096,15,516211719077549,325062,516211719745841,668292
baseline,3,inter_process,cpu,4096,16,516211819046272,296461,516211819650401,604129
baseline,3,inter_process,cpu,4096,17,516211919103868,344755,516211919810318,706450
baseline,3,inter_process,cpu,4096,18,516212019104603,350860,516212019812540,707937
baseline,3,inter_process,cpu,4096,19,516212119147864,349971,516212119877810,729946
baseline,3,inter_process,cpu,1024,0,516217325178340,399363,516217325829815,651475
baseline,3,inter_process,cpu,1024,1,516217424884622,50335,516217425037035,152413
baseline,3,inter_process,cpu,1024,2,516217525077536,197230,516217525475983,398447
baseline,3,inter_process,cpu,1024,3,516217625177285,315845,516217625816034,638749
baseline,3,inter_process,cpu,1024,4,516217725194428,361397,516217725893687,699259
baseline,3,inter_process,cpu,1024,5,516217825204381,356449,516217825901212,696831
baseline,3,inter_process,cpu,1024,6,516217925196733,223205,516217925819286,622553
baseline,3,inter_process,cpu,1024,7,516218025154803,286825,516218025742949,588146
baseline,3,inter_process,cpu,1024,8,516218124963881,230402,516218125524594,560713
baseline,3,inter_process,cpu,1024,9,516218225105000,321188,516218225755809,650809
baseline,3,inter_process,cpu,1024,10,516218325225017,349685,516218325880406,655389
baseline,3,inter_process,cpu,1024,11,516218425205333,385369,516218425891818,686485
baseline,3,inter_process,cpu,1024,12,516218525194783,308169,516218525891308,696525
baseline,3,inter_process,cpu,1024,13,516218625165748,317184,516218625807022,641274
baseline,3,inter_process,cpu,1024,14,516218725175309,297430,516218725782435,607126
baseline,3,inter_process,cpu,1024,15,516218825174371,366573,516218825868263,693892
baseline,3,inter_process,cpu,1024,16,516218925190564,325851,516218925824699,634135
baseline,3,inter_process,cpu,1024,17,516219025243005,341259,516219025945747,702742
baseline,3,inter_process,cpu,1024,18,516219125074210,326760,516219125713894,639684
baseline,3,inter_process,cpu,1024,19,516219225190617,317683,516219225857058,666441
baseline,3,inter_process,memfd,4194304,0,516224478115640,1383726,516224479917243,1801603
baseline,3,inter_process,memfd,4194304,1,516224578120312,1324706,516224579919404,1799092
baseline,3,inter_process,memfd,4194304,2,516224678145034,1326731,516224679951380,1806346
baseline,3,inter_process,memfd,4194304,3,516224778097985,1227199,516224779717668,1619683
baseline,3,inter_process,memfd,4194304,4,516224878177782,1318251,516224879925921,1748139
baseline,3,inter_process,memfd,4194304,5,516224978199061,1309173,516224979936977,1737916
baseline,3,inter_process,memfd,4194304,6,516225078157358,1307733,516225079857309,1699951
baseline,3,inter_process,memfd,4194304,7,516225177961594,1264694,516225179631979,1670385
baseline,3,inter_process,memfd,4194304,8,516225277951806,1159768,516225279569366,1617560
baseline,3,inter_process,memfd,4194304,9,516225378227476,1237035,516225379922732,1695256
baseline,3,inter_process,memfd,4194304,10,516225478199639,1337625,516225479970548,1770909
baseline,3,inter_process,memfd,4194304,11,516225578126176,1311376,516225579857187,1731011
baseline,3,inter_process,memfd,4194304,12,516225678194703,1317549,516225679934386,1739683
baseline,3,inter_process,memfd,4194304,13,516225777163540,498209,516225777837849,674309
baseline,3,inter_process,memfd,4194304,14,516225877303034,393561,516225877836516,533482
baseline,3,inter_process,memfd,4194304,15,516225978164263,1315125,516225979906183,1741920
baseline,3,inter_process,memfd,4194304,16,516226078197597,1312236,516226079905335,1707738
baseline,3,inter_process,memfd,4194304,17,516226177733805,1101939,516226179198038,1464233
baseline,3,inter_process,memfd,4194304,18,516226278170378,1325976,516226279921012,1750634
baseline,3,inter_process,memfd,4194304,19,516226378077370,1218585,516226379697346,1619976
baseline,3,intra_process_va,memfd,4194304,0,516229255920257,20615,516229256053044,132787
baseline,3,intra_process_va,memfd,4194304,1,516229356145128,23177,516229356275186,130058
baseline,3,intra_process_va,memfd,4194304,2,516229456142254,21568,516229456264143,121889
baseline,3,intra_process_va,memfd,4194304,3,516229555998058,56388,516229556152423,154365
baseline,3,intra_process_va,memfd,4194304,4,516229655951238,19710,516229656083087,131849
baseline,3,intra_process_va,memfd,4194304,5,516229755928693,20673,516229756066805,138112
baseline,3,intra_process_va,memfd,4194304,6,516229855972754,20667,516229856128886,156132
baseline,3,intra_process_va,memfd,4194304,7,516229955979665,42297,516229956127100,147435
baseline,3,intra_process_va,memfd,4194304,8,516230054967565,6301,516230054995945,28380
baseline,3,intra_process_va,memfd,4194304,9,516230156040086,21910,516230156164708,124622
baseline,3,intra_process_va,memfd,4194304,10,516230256156723,24316,516230256292400,135677
baseline,3,intra_process_va,memfd,4194304,11,516230356093753,22026,516230356218646,124893
baseline,3,intra_process_va,memfd,4194304,12,516230455940946,21347,516230456083224,142278
baseline,3,intra_process_va,memfd,4194304,13,516230556139996,22735,516230556269544,129548
baseline,3,intra_process_va,memfd,4194304,14,516230655899038,19167,516230656025520,126482
baseline,3,intra_process_va,memfd,4194304,15,516230756057206,22306,516230756184500,127294
baseline,3,intra_process_va,memfd,4194304,16,516230855964127,20033,516230856100578,136451
baseline,3,intra_process_va,memfd,4194304,17,516230956122070,22412,516230956247729,125659
baseline,3,intra_process_va,memfd,4194304,18,516231056032713,20529,516231056150083,117370
baseline,3,intra_process_va,memfd,4194304,19,516231156084426,21120,516231156205973,121547
baseline,3,inter_process,cpu,65536,0,516236164058167,359939,516236164655923,597756
baseline,3,inter_process,cpu,65536,1,516236263799153,177923,516236264114534,315381
baseline,3,inter_process,cpu,65536,2,516236363806004,234858,516236364175964,369960
baseline,3,inter_process,cpu,65536,3,516236464076682,456335,516236464794302,717620
baseline,3,inter_process,cpu,65536,4,516236564121374,430256,516236564828827,707453
baseline,3,inter_process,cpu,65536,5,516236664143105,273809,516236664793363,650258
baseline,3,inter_process,cpu,65536,6,516236763895000,494532,516236764640293,745293
baseline,3,inter_process,cpu,65536,7,516236864165414,442496,516236864883773,718359
baseline,3,inter_process,cpu,65536,8,516236963947574,130165,516236964149091,201517
baseline,3,inter_process,cpu,65536,9,516237064170855,311409,516237064948727,777872
baseline,3,inter_process,cpu,65536,10,516237164063718,395340,516237164724599,660881
baseline,3,inter_process,cpu,65536,11,516237264065981,377373,516237264691453,625472
baseline,3,inter_process,cpu,65536,12,516237364070604,377429,516237364690702,620098
baseline,3,inter_process,cpu,65536,13,516237464100220,428334,516237464817172,716952
baseline,3,inter_process,cpu,65536,14,516237564084226,393451,516237564736166,651940
baseline,3,inter_process,cpu,65536,15,516237664081820,279643,516237664711978,630158
baseline,3,inter_process,cpu,65536,16,516237764077122,430021,516237764853456,776334
baseline,3,inter_process,cpu,65536,17,516237864058769,395511,516237864714898,656129
baseline,3,inter_process,cpu,65536,18,516237964086781,430737,516237964797388,710607
baseline,3,inter_process,cpu,65536,19,516238064089453,374036,516238064814062,724609
baseline,3,inter_process,memfd,262144,0,516243318264013,529874,516243319410764,1146751
baseline,3,inter_process,memfd,262144,1,516243418266706,525065,516243419403911,1137205
baseline,3,inter_process,memfd,262144,2,516243518198726,490880,516243519205371,1006645
baseline,3,inter_process,memfd,262144,3,516243618278920,527982,516243619328620,1049700
baseline,3,inter_process,memfd,262144,4,516243718283429,526985,516243719368505,1085076
baseline,3,inter_process,memfd,262144,5,516243818219481,457062,516243819166739,947258
baseline,3,inter_process,memfd,262144,6,516243918223099,418312,516243919088069,864970
baseline,3,inter_process,memfd,262144,7,516244018219329,504973,516244019272456,1053127
baseline,3,inter_process,memfd,262144,8,516244118237365,449734,516244119201120,963755
baseline,3,inter_process,memfd,262144,9,516244218367733,501494,516244219442043,1074310
baseline,3,inter_process,memfd,262144,10,516244318218935,508809,516244319297174,1078239
baseline,3,inter_process,memfd,262144,11,516244418248174,457573,516244419190204,942030
baseline,3,inter_process,memfd,262144,12,516244518312516,476880,516244519348616,1036100
baseline,3,inter_process,memfd,262144,13,516244617920943,165873,516244618257434,336491
baseline,3,inter_process,memfd,262144,14,516244718035315,272038,516244718585025,549710
baseline,3,inter_process,memfd,262144,15,516244818182413,443140,516244819118238,935825
baseline,3,inter_process,memfd,262144,16,516244918230687,450256,516244919172564,941877
baseline,3,inter_process,memfd,262144,17,516245018247103,506500,516245019315158,1068055
baseline,3,inter_process,memfd,262144,18,516245118239261,555052,516245119312729,1073468
baseline,3,inter_process,memfd,262144,19,516245218227954,500355,516245219285429,1057475
baseline,3,intra_process_va,cpu,16384,0,516248086097066,18714,516248086207708,110642
baseline,3,intra_process_va,cpu,16384,1,516248186089018,17575,516248186212527,123509
baseline,3,intra_process_va,cpu,16384,2,516248285969466,17604,516248286116054,146588
baseline,3,intra_process_va,cpu,16384,3,516248386078592,21207,516248386202001,123409
baseline,3,intra_process_va,cpu,16384,4,516248486083969,20133,516248486207391,123422
baseline,3,intra_process_va,cpu,16384,5,516248585936488,17955,516248586061088,124600
baseline,3,intra_process_va,cpu,16384,6,516248685981712,16950,516248686132399,150687
baseline,3,intra_process_va,cpu,16384,7,516248785747002,7367,516248785789957,42955
baseline,3,intra_process_va,cpu,16384,8,516248885679224,4629,516248885707860,28636
baseline,3,intra_process_va,cpu,16384,9,516248985820426,18411,516248985930865,110439
baseline,3,intra_process_va,cpu,16384,10,516249086114892,19974,516249086237447,122555
baseline,3,intra_process_va,cpu,16384,11,516249186079032,18558,516249186207604,128572
baseline,3,intra_process_va,cpu,16384,12,516249286036156,17942,516249286138158,102002
baseline,3,intra_process_va,cpu,16384,13,516249385970387,19421,516249386125091,154704
baseline,3,intra_process_va,cpu,16384,14,516249485986064,50128,516249486144116,158052
baseline,3,intra_process_va,cpu,16384,15,516249585989132,51419,516249586147423,158291
baseline,3,intra_process_va,cpu,16384,16,516249686083987,19095,516249686197444,113457
baseline,3,intra_process_va,cpu,16384,17,516249785985686,49947,516249786117219,131533
baseline,3,intra_process_va,cpu,16384,18,516249886119778,36334,516249886243567,123789
baseline,3,intra_process_va,cpu,16384,19,516249986111372,19869,516249986229856,118484
baseline,3,inter_process,memfd,65536,0,516255002994907,343260,516255003780714,785807
baseline,3,inter_process,memfd,65536,1,516255102770246,93368,516255102973364,203118
baseline,3,inter_process,memfd,65536,2,516255203150985,444953,516255204125195,974210
baseline,3,inter_process,memfd,65536,3,516255303189352,432775,516255304137811,948459
baseline,3,inter_process,memfd,65536,4,516255403193398,431871,516255404198700,1005302
baseline,3,inter_process,memfd,65536,5,516255503159806,449312,516255504127549,967743
baseline,3,inter_process,memfd,65536,6,516255602990254,367566,516255603876551,886297
baseline,3,inter_process,memfd,65536,7,516255703166966,441252,516255704192286,1025320
baseline,3,inter_process,memfd,65536,8,516255803216206,427063,516255804153526,937320
baseline,3,inter_process,memfd,65536,9,516255903193416,321676,516255904041547,848131
baseline,3,inter_process,memfd,65536,10,516256003190654,444523,516256004188832,998178
baseline,3,inter_process,memfd,65536,11,516256103256259,485381,516256104309557,1053298
baseline,3,inter_process,memfd,65536,12,516256203260080,470023,516256204281787,1021707
baseline,3,inter_process,memfd,65536,13,516256303163692,430815,516256304108540,944848
baseline,3,inter_process,memfd,65536,14,516256403232172,456805,516256404169408,937236
baseline,3,inter_process,memfd,65536,15,516256503204350,409703,516256504096946,892596
baseline,3,inter_process,memfd,65536,16,516256602976856,428533,516256603826200,849344
baseline,3,inter_process,memfd,65536,17,516256703211257,432447,516256704170031,958774
baseline,3,inter_process,memfd,65536,18,516256803225425,476455,516256804271222,1045797
baseline,3,inter_process,memfd,65536,19,516256903205885,456800,516256904211430,1005545
baseline,3,intra_process_va,cpu,1048576,0,516259765345293,23341,516259765462679,117386
baseline,3,intra_process_va,cpu,1048576,1,516259865416806,22965,516259865535530,118724
baseline,3,intra_process_va,cpu,1048576,2,516259965402933,24895,516259965530977,128044
baseline,3,intra_process_va,cpu,1048576,3,516260065325477,21559,516260065435848,110371
baseline,3,intra_process_va,cpu,1048576,4,516260165285203,20504,516260165387959,102756
baseline,3,intra_process_va,cpu,1048576,5,516260265388820,25242,516260265516912,128092
baseline,3,intra_process_va,cpu,1048576,6,516260365393253,23671,516260365513657,120404
baseline,3,intra_process_va,cpu,1048576,7,516260465319009,20874,516260465429605,110596
baseline,3,intra_process_va,cpu,1048576,8,516260565321812,20949,516260565430554,108742
baseline,3,intra_process_va,cpu,1048576,9,516260665399979,22187,516260665516643,116664
baseline,3,intra_process_va,cpu,1048576,10,516260765385460,24751,516260765513211,127751
baseline,3,intra_process_va,cpu,1048576,11,516260865361942,23143,516260865480770,118828
baseline,3,intra_process_va,cpu,1048576,12,516260965395904,24625,516260965522153,126249
baseline,3,intra_process_va,cpu,1048576,13,516261065356819,23184,516261065485797,128978
baseline,3,intra_process_va,cpu,1048576,14,516261165252825,21320,516261165355838,103013
baseline,3,intra_process_va,cpu,1048576,15,516261265361865,24684,516261265482684,120819
baseline,3,intra_process_va,cpu,1048576,16,516261364754989,6306,516261364782389,27400
baseline,3,intra_process_va,cpu,1048576,17,516261465357195,23436,516261465476593,119398
baseline,3,intra_process_va,cpu,1048576,18,516261565415276,22366,516261565533396,118120
baseline,3,intra_process_va,cpu,1048576,19,516261665308682,21074,516261665418605,109923
baseline,3,intra_process_va,memfd,64,0,516263374105040,18107,516263374233089,128049
baseline,3,intra_process_va,memfd,64,1,516263473678450,3859,516263473703596,25146
baseline,3,intra_process_va,memfd,64,2,516263573986218,63497,516263574165041,178823
baseline,3,intra_process_va,memfd,64,3,516263674046351,16224,516263674155428,109077
baseline,3,intra_process_va,memfd,64,4,516263774113692,17951,516263774241533,127841
baseline,3,intra_process_va,memfd,64,5,516263874111064,18231,516263874236662,125598
baseline,3,intra_process_va,memfd,64,6,516263974131009,18743,516263974256018,125009
baseline,3,intra_process_va,memfd,64,7,516264074111163,18333,516264074238011,126848
baseline,3,intra_process_va,memfd,64,8,516264174037988,15718,516264174147979,109991
baseline,3,intra_process_va,memfd,64,9,516264274152772,17537,516264274269056,116284
baseline,3,intra_process_va,memfd,64,10,516264374042316,15658,516264374150368,108052
baseline,3,intra_process_va,memfd,64,11,516264474064815,17059,516264474183981,119166
baseline,3,intra_process_va,memfd,64,12,516264574113967,17129,516264574231185,117218
baseline,3,intra_process_va,memfd,64,13,516264674043245,14982,516264674149652,106407
baseline,3,intra_process_va,memfd,64,14,516264774040696,16013,516264774150223,109527
baseline,3,intra_process_va,memfd,64,15,516264874039394,15114,516264874149313,109919
baseline,3,intra_process_va,memfd,64,16,516264974109784,18301,516264974236845,127061
baseline,3,intra_process_va,memfd,64,17,516265074117207,18281,516265074244406,127199
baseline,3,intra_process_va,memfd,64,18,516265174049599,15601,516265174181965,132366
baseline,3,intra_process_va,memfd,64,19,516265274035895,16122,516265274143577,107682
baseline,3,intra_process_va,memfd,262144,0,516266980100719,12877,516266980185106,84387
baseline,3,intra_process_va,memfd,262144,1,516267080163316,16476,516267080274991,111675
baseline,3,intra_process_va,memfd,262144,2,516267180160141,17585,516267180277987,117846
baseline,3,intra_process_va,memfd,262144,3,516267280157669,16611,516267280268062,110393
baseline,3,intra_process_va,memfd,262144,4,516267380230032,16662,516267380346520,116488
baseline,3,intra_process_va,memfd,262144,5,516267479881483,11278,516267479970166,88683
baseline,3,intra_process_va,memfd,262144,6,516267579945490,11490,516267580043522,98032
baseline,3,intra_process_va,memfd,262144,7,516267679709335,3889,516267679736693,27358
baseline,3,intra_process_va,memfd,262144,8,516267780132589,15622,516267780244025,111436
baseline,3,intra_process_va,memfd,262144,9,516267879969272,17604,516267880190686,221414
baseline,3,intra_process_va,memfd,262144,10,516267980186407,19106,516267980313598,127191
baseline,3,intra_process_va,memfd,262144,11,516268080185228,16631,516268080294711,109483
baseline,3,intra_process_va,memfd,262144,12,516268180111226,15422,516268180213673,102447
baseline,3,intra_process_va,memfd,262144,13,516268280083636,16835,516268280199492,115856
baseline,3,intra_process_va,memfd,262144,14,516268380159899,16927,516268380275573,115674
baseline,3,intra_process_va,memfd,262144,15,516268480174726,16705,516268480292390,117664
baseline,3,intra_process_va,memfd,262144,16,516268580185228,17573,516268580301300,116072
baseline,3,intra_process_va,memfd,262144,17,516268680190299,14974,516268680293072,102773
baseline,3,intra_process_va,memfd,262144,18,516268780154002,18046,516268780271755,117753
baseline,3,intra_process_va,memfd,262144,19,516268880152942,18072,516268880272608,119666
baseline,3,inter_process,memfd,64,0,516273891792832,126876,516273892084081,291249
baseline,3,inter_process,memfd,64,1,516273992154277,412964,516273993048531,894254
baseline,3,inter_process,memfd,64,2,516274092246193,429728,516274093181436,935243
baseline,3,inter_process,memfd,64,3,516274192170240,387999,516274193024989,854749
baseline,3,inter_process,memfd,64,4,516274292259587,470183,516274293314041,1054454
baseline,3,inter_process,memfd,64,5,516274391960619,465390,516274392916968,956349
baseline,3,inter_process,memfd,64,6,516274492137645,442622,516274493193758,1056113
baseline,3,inter_process,memfd,64,7,516274592209520,473685,516274593253727,1044207
baseline,3,inter_process,memfd,64,8,516274692180918,398543,516274693073333,892415
baseline,3,inter_process,memfd,64,9,516274792219518,303855,516274793080375,860857
baseline,3,inter_process,memfd,64,10,516274892151327,442031,516274893157237,1005910
baseline,3,inter_process,memfd,64,11,516274992233115,504029,516274993324143,1091028
baseline,3,inter_process,memfd,64,12,516275092216586,464621,516275093253572,1036986
baseline,3,inter_process,memfd,64,13,516275192180472,401330,516275193065432,884960
baseline,3,inter_process,memfd,64,14,516275292171009,414349,516275293092568,921559
baseline,3,inter_process,memfd,64,15,516275392171960,389874,516275393031396,859436
baseline,3,inter_process,memfd,64,16,516275492201457,485107,516275493189237,987780
baseline,3,inter_process,memfd,64,17,516275592207532,469398,516275593245124,1037592
baseline,3,inter_process,memfd,64,18,516275692135234,400360,516275692980169,844935
baseline,3,inter_process,memfd,64,19,516275792200852,465073,516275793247935,1047083
baseline,3,intra_process_va,cpu,16777216,0,516278704216221,16156,516278704286904,70683
baseline,3,intra_process_va,cpu,16777216,1,516278803758759,15774,516278803828482,69723
baseline,3,intra_process_va,cpu,16777216,2,516278904278417,6078,516278904306531,28114
baseline,3,intra_process_va,cpu,16777216,3,516279003852591,6378,516279003882721,30130
baseline,3,intra_process_va,cpu,16777216,4,516279104497666,5818,516279104525062,27396
baseline,3,intra_process_va,cpu,16777216,5,516279204180143,15049,516279204244231,64088
baseline,3,intra_process_va,cpu,16777216,6,516279304489157,5592,516279304516533,27376
baseline,3,intra_process_va,cpu,16777216,7,516279404219125,14462,516279404288893,69768
baseline,3,intra_process_va,cpu,16777216,8,516279504173753,6152,516279504201372,27619
baseline,3,intra_process_va,cpu,16777216,9,516279604540973,6511,516279604570560,29587
baseline,3,intra_process_va,cpu,16777216,10,516279704204038,15308,516279704274489,70451
baseline,3,intra_process_va,cpu,16777216,11,516279803921834,6423,516279803949023,27189
baseline,3,intra_process_va,cpu,16777216,12,516279904199189,15122,516279904269014,69825
baseline,3,intra_process_va,cpu,16777216,13,516280004471427,5769,516280004500116,28689
baseline,3,intra_process_va,cpu,16777216,14,516280104502823,5988,516280104530190,27367
baseline,3,intra_process_va,cpu,16777216,15,516280201130018,11312,516280201175867,45849
baseline,3,intra_process_va,cpu,16777216,16,516280304229744,6259,516280304257073,27329
baseline,3,intra_process_va,cpu,16777216,17,516280403837865,5950,516280403868319,30454
baseline,3,intra_process_va,cpu,16777216,18,516280504284628,5788,516280504312253,27625
baseline,3,intra_process_va,cpu,16777216,19,516280604689009,5651,516280604717304,28295
baseline,3,intra_process_va,cpu,262144,0,516282314056072,4956,516282314083323,27251
baseline,3,intra_process_va,cpu,262144,1,516282414110995,20555,516282414225247,114252
baseline,3,intra_process_va,cpu,262144,2,516282514093503,22723,516282514210087,116584
baseline,3,intra_process_va,cpu,262144,3,516282614126228,38586,516282614269059,142831
baseline,3,intra_process_va,cpu,262144,4,516282714065799,20344,516282714177176,111377
baseline,3,intra_process_va,cpu,262144,5,516282814086276,17676,516282814188130,101854
baseline,3,intra_process_va,cpu,262144,6,516282914167476,23713,516282914315195,147719
baseline,3,intra_process_va,cpu,262144,7,516283014219835,20728,516283014334038,114203
baseline,3,intra_process_va,cpu,262144,8,516283114118998,20162,516283114245938,126940
baseline,3,intra_process_va,cpu,262144,9,516283214183942,19256,516283214295092,111150
baseline,3,intra_process_va,cpu,262144,10,516283314151723,21058,516283314274090,122367
baseline,3,intra_process_va,cpu,262144,11,516283414180569,22245,516283414304837,124268
baseline,3,intra_process_va,cpu,262144,12,516283514135558,20918,516283514254104,118546
baseline,3,intra_process_va,cpu,262144,13,516283614188223,21163,516283614311013,122790
baseline,3,intra_process_va,cpu,262144,14,516283714131967,19845,516283714246091,114124
baseline,3,intra_process_va,cpu,262144,15,516283814132450,22430,516283814249953,117503
baseline,3,intra_process_va,cpu,262144,16,516283914168114,22456,516283914306750,138636
baseline,3,intra_process_va,cpu,262144,17,516284014181032,21143,516284014301817,120785
baseline,3,intra_process_va,cpu,262144,18,516284114164165,21549,516284114285412,121247
baseline,3,intra_process_va,cpu,262144,19,516284214132233,20969,516284214248285,116052
baseline,4,intra_process_va,memfd,64,0,516285960053015,3613,516285960079182,26167
baseline,4,intra_process_va,memfd,64,1,516286060087531,14811,516286060194229,106698
baseline,4,intra_process_va,memfd,64,2,516286160067110,14687,516286160187466,120356
baseline,4,intra_process_va,memfd,64,3,516286260070258,13506,516286260169416,99158
baseline,4,intra_process_va,memfd,64,4,516286359942050,17325,516286360088690,146640
baseline,4,intra_process_va,memfd,64,5,516286459834440,3764,516286459857966,23526
baseline,4,intra_process_va,memfd,64,6,516286559935259,4036,516286559964237,28978
baseline,4,intra_process_va,memfd,64,7,516286660046010,16367,516286660158932,112922
baseline,4,intra_process_va,memfd,64,8,516286760110170,15833,516286760226398,116228
baseline,4,intra_process_va,memfd,64,9,516286860188522,15637,516286860300257,111735
baseline,4,intra_process_va,memfd,64,10,516286960160499,16712,516286960273627,113128
baseline,4,intra_process_va,memfd,64,11,516287060157333,16779,516287060271836,114503
baseline,4,intra_process_va,memfd,64,12,516287160129028,16223,516287160244861,115833
baseline,4,intra_process_va,memfd,64,13,516287260053146,14038,516287260153573,100427
baseline,4,intra_process_va,memfd,64,14,516287360142439,15400,516287360254666,112227
baseline,4,intra_process_va,memfd,64,15,516287460142862,16059,516287460256490,113628
baseline,4,intra_process_va,memfd,64,16,516287560109867,15429,516287560217628,107761
baseline,4,intra_process_va,memfd,64,17,516287660134710,14868,516287660251434,116724
baseline,4,intra_process_va,memfd,64,18,516287760114762,15849,516287760230374,115612
baseline,4,intra_process_va,memfd,64,19,516287860110218,15759,516287860222838,112620
baseline,4,intra_process_va,memfd,65536,0,516289574917414,14689,516289575069603,152189
baseline,4,intra_process_va,memfd,65536,1,516289674995946,43099,516289675136422,140476
baseline,4,intra_process_va,memfd,65536,2,516289774918499,14739,516289775061759,143260
baseline,4,intra_process_va,memfd,65536,3,516289874952819,15530,516289875103687,150868
baseline,4,intra_process_va,memfd,65536,4,516289974961654,15765,516289975131575,169921
baseline,4,intra_process_va,memfd,65536,5,516290074932106,14768,516290075094673,162567
baseline,4,intra_process_va,memfd,65536,6,516290174999143,57574,516290175164032,164889
baseline,4,intra_process_va,memfd,65536,7,516290274925369,14688,516290275065694,140325
baseline,4,intra_process_va,memfd,65536,8,516290374991094,75867,516290375176121,185027
baseline,4,intra_process_va,memfd,65536,9,516290474928692,15579,516290475090182,161490
baseline,4,intra_process_va,memfd,65536,10,516290574934705,15381,516290575103103,168398
baseline,4,intra_process_va,memfd,65536,11,516290674566007,3836,516290674588984,22977
baseline,4,intra_process_va,memfd,65536,12,516290775111659,19038,516290775237257,125598
baseline,4,intra_process_va,memfd,65536,13,516290874950092,16294,516290875106044,155952
baseline,4,intra_process_va,memfd,65536,14,516290974997814,136804,516290975241957,244143
baseline,4,intra_process_va,memfd,65536,15,516291075053132,35018,516291075188971,135839
baseline,4,intra_process_va,memfd,65536,16,516291174921774,15149,516291175078046,156272
baseline,4,intra_process_va,memfd,65536,17,516291275043278,16322,516291275174346,131068
baseline,4,intra_process_va,memfd,65536,18,516291374965783,15615,516291375128210,162427
baseline,4,intra_process_va,memfd,65536,19,516291474937597,13376,516291475082393,144796
baseline,4,inter_process,cpu,16384,0,516296504088772,412151,516296504877107,788335
baseline,4,inter_process,cpu,16384,1,516296604078803,196041,516296604635310,556507
baseline,4,inter_process,cpu,16384,2,516296703935400,350564,516296704589121,653721
baseline,4,inter_process,cpu,16384,3,516296804120243,300858,516296804712954,592711
baseline,4,inter_process,cpu,16384,4,516296903895489,68180,516296904044253,148764
baseline,4,inter_process,cpu,16384,5,516297004178633,397757,516297004908328,729695
baseline,4,inter_process,cpu,16384,6,516297104127228,369452,516297104941330,814102
baseline,4,inter_process,cpu,16384,7,516297204062593,216678,516297204640082,577489
baseline,4,inter_process,cpu,16384,8,516297303987030,333534,516297304641757,654727
baseline,4,inter_process,cpu,16384,9,516297404126416,358464,516297404877560,751144
baseline,4,inter_process,cpu,16384,10,516297504130602,364496,516297504871417,740815
baseline,4,inter_process,cpu,16384,11,516297603878994,330390,516297604525947,646953
baseline,4,inter_process,cpu,16384,12,516297704130277,351585,516297704851992,721715
baseline,4,inter_process,cpu,16384,13,516297804130527,200721,516297804699022,568495
baseline,4,inter_process,cpu,16384,14,516297904175505,322654,516297904857102,681597
baseline,4,inter_process,cpu,16384,15,516298004063551,342242,516298004764913,701362
baseline,4,inter_process,cpu,16384,16,516298104154974,343053,516298104823674,668700
baseline,4,inter_process,cpu,16384,17,516298204086273,335201,516298204763419,677146
baseline,4,inter_process,cpu,16384,18,516298304104877,296777,516298304713424,608547
baseline,4,inter_process,cpu,16384,19,516298404137942,239560,516298404832991,695049
baseline,4,intra_process_va,memfd,16777216,0,516300299554052,20279,516300299671026,116974
baseline,4,intra_process_va,memfd,16777216,1,516300399429878,17107,516300399531312,101434
baseline,4,intra_process_va,memfd,16777216,2,516300499344984,20728,516300499455185,110201
baseline,4,intra_process_va,memfd,16777216,3,516300599327871,19419,516300599436151,108280
baseline,4,intra_process_va,memfd,16777216,4,516300699596034,19850,516300699713886,117852
baseline,4,intra_process_va,memfd,16777216,5,516300799665737,20146,516300799778613,112876
baseline,4,intra_process_va,memfd,16777216,6,516300899592705,20004,516300899711158,118453
baseline,4,intra_process_va,memfd,16777216,7,516300999318820,20203,516300999438760,119940
baseline,4,intra_process_va,memfd,16777216,8,516301096555709,6952,516301096590450,34741
baseline,4,intra_process_va,memfd,16777216,9,516301198518454,13854,516301198598211,79757
baseline,4,intra_process_va,memfd,16777216,10,516301299343051,20114,516301299462387,119336
baseline,4,intra_process_va,memfd,16777216,11,516301399691996,19094,516301399808141,116145
baseline,4,intra_process_va,memfd,16777216,12,516301499413703,23158,516301499517147,103444
baseline,4,intra_process_va,memfd,16777216,13,516301599647900,19651,516301599765696,117796
baseline,4,intra_process_va,memfd,16777216,14,516301699436106,19983,516301699547186,111080
baseline,4,intra_process_va,memfd,16777216,15,516301799347561,19801,516301799456214,108653
baseline,4,intra_process_va,memfd,16777216,16,516301899428228,22551,516301899535167,106939
baseline,4,intra_process_va,memfd,16777216,17,516301999530913,20457,516301999651185,120272
baseline,4,intra_process_va,memfd,16777216,18,516302099703016,19607,516302099816723,113707
baseline,4,intra_process_va,memfd,16777216,19,516302198487507,12717,516302198562475,74968
baseline,4,inter_process,memfd,4194304,0,516307203784806,1188897,516307205389140,1604334
baseline,4,inter_process,memfd,4194304,1,516307303890809,1262104,516307305551966,1661157
baseline,4,inter_process,memfd,4194304,2,516307403269016,340187,516307403734962,465946
baseline,4,inter_process,memfd,4194304,3,516307503615114,1152794,516307505187019,1571905
baseline,4,inter_process,memfd,4194304,4,516307603932140,1287293,516307605620827,1688687
baseline,4,inter_process,memfd,4194304,5,516307703678870,1247315,516307705373313,1694443
baseline,4,inter_process,memfd,4194304,6,516307804115697,1329216,516307805838668,1722971
baseline,4,inter_process,memfd,4194304,7,516307904081881,1249800,516307905726521,1644640
baseline,4,inter_process,memfd,4194304,8,516308004091741,1361522,516308005876224,1784483
baseline,4,inter_process,memfd,4194304,9,516308104134242,1235900,516308105828238,1693996
baseline,4,inter_process,memfd,4194304,10,516308203667246,1090978,516308205137085,1469839
baseline,4,inter_process,memfd,4194304,11,516308303892281,1259258,516308305547795,1655514
baseline,4,inter_process,memfd,4194304,12,516308403917028,1260491,516308405570859,1653831
baseline,4,inter_process,memfd,4194304,13,516308504067444,1361117,516308505837076,1769632
baseline,4,inter_process,memfd,4194304,14,516308603987469,1333896,516308605746347,1758878
baseline,4,inter_process,memfd,4194304,15,516308703936551,1269838,516308705605699,1669148
baseline,4,inter_process,memfd,4194304,16,516308803879068,1295773,516308805566823,1687755
baseline,4,inter_process,memfd,4194304,17,516308903895441,1279740,516308905574674,1679233
baseline,4,inter_process,memfd,4194304,18,516309004082488,1315451,516309005816657,1734169
baseline,4,inter_process,memfd,4194304,19,516309103920469,1290830,516309105610849,1690380
baseline,4,intra_process_va,cpu,4096,0,516311972110696,19949,516311972230705,120009
baseline,4,intra_process_va,cpu,4096,1,516312072078235,18090,516312072199880,121645
baseline,4,intra_process_va,cpu,4096,2,516312172095073,19227,516312172214836,119763
baseline,4,intra_process_va,cpu,4096,3,516312272100370,18365,516312272209011,108641
baseline,4,intra_process_va,cpu,4096,4,516312372084596,20260,516312372202545,117949
baseline,4,intra_process_va,cpu,4096,5,516312471885138,19869,516312472033737,148599
baseline,4,intra_process_va,cpu,4096,6,516312572134785,18316,516312572248075,113290
baseline,4,intra_process_va,cpu,4096,7,516312672032597,15859,516312672136903,104306
baseline,4,intra_process_va,cpu,4096,8,516312771862846,19471,516312771990695,127849
baseline,4,intra_process_va,cpu,4096,9,516312872095533,17203,516312872199512,103979
baseline,4,intra_process_va,cpu,4096,10,516312972080531,18301,516312972191121,110590
baseline,4,intra_process_va,cpu,4096,11,516313072203327,19384,516313072321172,117845
baseline,4,intra_process_va,cpu,4096,12,516313172108784,20535,516313172228917,120133
baseline,4,intra_process_va,cpu,4096,13,516313272046656,17184,516313272148011,101355
baseline,4,intra_process_va,cpu,4096,14,516313372155373,19490,516313372273228,117855
baseline,4,intra_process_va,cpu,4096,15,516313472078989,18705,516313472192386,113397
baseline,4,intra_process_va,cpu,4096,16,516313572056231,18079,516313572168554,112323
baseline,4,intra_process_va,cpu,4096,17,516313671781649,7303,516313671824972,43323
baseline,4,intra_process_va,cpu,4096,18,516313771939793,10293,516313772034927,95134
baseline,4,intra_process_va,cpu,4096,19,516313872179488,18422,516313872289140,109652
baseline,4,intra_process_va,memfd,1024,0,516315583986174,51218,516315584135378,149204
baseline,4,intra_process_va,memfd,1024,1,516315683992295,52645,516315684143801,151506
baseline,4,intra_process_va,memfd,1024,2,516315783715787,3836,516315783740473,24686
baseline,4,intra_process_va,memfd,1024,3,516315883702301,5873,516315883743316,41015
baseline,4,intra_process_va,memfd,1024,4,516315983967443,14332,516315984109089,141646
baseline,4,intra_process_va,memfd,1024,5,516316084043750,17111,516316084167617,123867
baseline,4,intra_process_va,memfd,1024,6,516316184084630,17818,516316184207862,123232
baseline,4,intra_process_va,memfd,1024,7,516316283991605,50904,516316284142425,150820
baseline,4,intra_process_va,memfd,1024,8,516316383858016,11580,516316383952591,94575
baseline,4,intra_process_va,memfd,1024,9,516316483975603,15595,516316484189517,213914
baseline,4,intra_process_va,memfd,1024,10,516316584055767,16903,516316584180026,124259
baseline,4,intra_process_va,memfd,1024,11,516316683984848,73035,516316684156240,171392
baseline,4,intra_process_va,memfd,1024,12,516316784082087,15228,516316784188663,106576
baseline,4,intra_process_va,memfd,1024,13,516316883994987,51734,516316884143750,148763
baseline,4,intra_process_va,memfd,1024,14,516316984066850,18362,516316984192848,125998
baseline,4,intra_process_va,memfd,1024,15,516317083995829,63162,516317084158250,162421
baseline,4,intra_process_va,memfd,1024,16,516317183986839,63879,516317184149309,162470
baseline,4,intra_process_va,memfd,1024,17,516317283973045,14039,516317284122198,149153
baseline,4,intra_process_va,memfd,1024,18,516317383998849,75704,516317384182589,183740
baseline,4,intra_process_va,memfd,1024,19,516317483983236,15718,516317484135716,152480
baseline,4,inter_process,cpu,64,0,516322498127058,400962,516322498886217,759159
baseline,4,inter_process,cpu,64,1,516322598108188,322005,516322598782762,674574
baseline,4,inter_process,cpu,64,2,516322697851870,196852,516322698245205,393335
baseline,4,inter_process,cpu,64,3,516322798134032,342657,516322798838596,704564
baseline,4,inter_process,cpu,64,4,516322898105544,205634,516322898674203,568659
baseline,4,inter_process,cpu,64,5,516322998158561,306685,516322998792188,633627
baseline,4,inter_process,cpu,64,6,516323098061758,292128,516323098657573,595815
baseline,4,inter_process,cpu,64,7,516323198109826,345036,516323198807243,697417
baseline,4,inter_process,cpu,64,8,516323298104776,320948,516323298765617,660841
baseline,4,inter_process,cpu,64,9,516323398076151,193478,516323398655205,579054
baseline,4,inter_process,cpu,64,10,516323498102050,346487,516323498798317,696267
baseline,4,inter_process,cpu,64,11,516323598117584,310724,516323598756734,639150
baseline,4,inter_process,cpu,64,12,516323698100548,305627,516323698732531,631983
baseline,4,inter_process,cpu,64,13,516323798104576,306762,516323798734003,629427
baseline,4,inter_process,cpu,64,14,516323898091737,292982,516323898726563,634826
baseline,4,inter_process,cpu,64,15,516323998153443,289931,516323998841681,688238
baseline,4,inter_process,cpu,64,16,516324098114288,340612,516324098814640,700352
baseline,4,inter_process,cpu,64,17,516324197886155,96152,516324198091790,205635
baseline,4,inter_process,cpu,64,18,516324298066765,295396,516324298675477,608712
baseline,4,inter_process,cpu,64,19,516324398120108,347196,516324398843104,722996
baseline,4,intra_process_va,memfd,4096,0,516326288740202,4862,516326288770517,30315
baseline,4,intra_process_va,memfd,4096,1,516326389067537,14426,516326389167233,99696
baseline,4,intra_process_va,memfd,4096,2,516326489150484,15194,516326489259706,109222
baseline,4,intra_process_va,memfd,4096,3,516326589117071,16026,516326589232346,115275
baseline,4,intra_process_va,memfd,4096,4,516326689146822,17254,516326689271811,124989
baseline,4,intra_process_va,memfd,4096,5,516326789087423,15384,516326789196803,109380
baseline,4,intra_process_va,memfd,4096,6,516326889125758,16396,516326889240928,115170
baseline,4,intra_process_va,memfd,4096,7,516326989172903,17806,516326989298147,125244
baseline,4,intra_process_va,memfd,4096,8,516327089138801,18020,516327089264136,125335
baseline,4,intra_process_va,memfd,4096,9,516327189225594,17149,516327189348542,122948
baseline,4,intra_process_va,memfd,4096,10,516327289090520,15702,516327289198727,108207
baseline,4,intra_process_va,memfd,4096,11,516327389069756,14649,516327389177306,107550
baseline,4,intra_process_va,memfd,4096,12,516327489110428,16403,516327489226796,116368
baseline,4,intra_process_va,memfd,4096,13,516327589122125,15761,516327589235762,113637
baseline,4,intra_process_va,memfd,4096,14,516327689085176,16070,516327689194186,109010
baseline,4,intra_process_va,memfd,4096,15,516327789102062,15295,516327789219672,117610
baseline,4,intra_process_va,memfd,4096,16,516327889087361,16113,516327889197915,110554
baseline,4,intra_process_va,memfd,4096,17,516327989154005,18533,516327989278840,124835
baseline,4,intra_process_va,memfd,4096,18,516328089103208,16230,516328089212571,109363
baseline,4,intra_process_va,memfd,4096,19,516328189106964,16022,516328189224582,117618
baseline,4,intra_process_va,memfd,4194304,0,516329931868370,19122,516329931979947,111577
baseline,4,intra_process_va,memfd,4194304,1,516330031945802,20291,516330032088556,142754
baseline,4,intra_process_va,memfd,4194304,2,516330131983447,39179,516330132125572,142125
baseline,4,intra_process_va,memfd,4194304,3,516330231940813,18475,516330232070003,129190
baseline,4,intra_process_va,memfd,4194304,4,516330331913347,19965,516330332051837,138490
baseline,4,intra_process_va,memfd,4194304,5,516330431184873,8068,516330431230563,45690
baseline,4,intra_process_va,memfd,4194304,6,516330531925411,19105,516330532062823,137412
baseline,4,intra_process_va,memfd,4194304,7,516330631783835,17422,516330631886363,102528
baseline,4,intra_process_va,memfd,4194304,8,516330731906831,21640,516330732038099,131268
baseline,4,intra_process_va,memfd,4194304,9,516330832183892,22851,516330832310881,126989
baseline,4,intra_process_va,memfd,4194304,10,516330931985939,38914,516330932127668,141729
baseline,4,intra_process_va,memfd,4194304,11,516331032143507,23777,516331032279162,135655
baseline,4,intra_process_va,memfd,4194304,12,516331131932065,20049,516331132069459,137394
baseline,4,intra_process_va,memfd,4194304,13,516331231998605,39446,516331232141994,143389
baseline,4,intra_process_va,memfd,4194304,14,516331332070573,21456,516331332197090,126517
baseline,4,intra_process_va,memfd,4194304,15,516331432054022,19969,516331432168785,114763
baseline,4,intra_process_va,memfd,4194304,16,516331531978190,21597,516331532122545,144355
baseline,4,intra_process_va,memfd,4194304,17,516331631855104,20326,516331631963972,108868
baseline,4,intra_process_va,memfd,4194304,18,516331731977948,19857,516331732110826,132878
baseline,4,intra_process_va,memfd,4194304,19,516331831959837,21214,516331832154010,194173
baseline,4,inter_process,memfd,4096,0,516336831981563,137706,516336832269373,287810
baseline,4,inter_process,memfd,4096,1,516336932134435,475231,516336933187339,1052904
baseline,4,inter_process,memfd,4096,2,516337032177912,310458,516337033029027,851115
baseline,4,inter_process,memfd,4096,3,516337132113954,419390,516337133050935,936981
baseline,4,inter_process,memfd,4096,4,516337232124625,421641,516337233060598,935973
baseline,4,inter_process,memfd,4096,5,516337332140829,444052,516337333131681,990852
baseline,4,inter_process,memfd,4096,6,516337432086288,356250,516337432887018,800730
baseline,4,inter_process,memfd,4096,7,516337532103252,403000,516337532976345,873093
baseline,4,inter_process,memfd,4096,8,516337632030774,268226,516337632752067,721293
baseline,4,inter_process,memfd,4096,9,516337732163562,312958,516337733033493,869931
baseline,4,inter_process,memfd,4096,10,516337832107442,429989,516337833072728,965286
baseline,4,inter_process,memfd,4096,11,516337932100853,395519,516337932943057,842204
baseline,4,inter_process,memfd,4096,12,516338032116481,398005,516338032954171,837690
baseline,4,inter_process,memfd,4096,13,516338132133036,444265,516338133124599,991563
baseline,4,inter_process,memfd,4096,14,516338232116263,436669,516338233062512,946249
baseline,4,inter_process,memfd,4096,15,516338332060468,402878,516338332921913,861445
baseline,4,inter_process,memfd,4096,16,516338432249877,344870,516338433218848,968971
baseline,4,inter_process,memfd,4096,17,516338532114541,422872,516338533046298,931757
baseline,4,inter_process,memfd,4096,18,516338631993644,385494,516338632780507,786863
baseline,4,inter_process,memfd,4096,19,516338732189859,461986,516338733219373,1029514
baseline,4,inter_process,memfd,1024,0,516344911218616,495850,516344912347919,1129303
baseline,4,inter_process,memfd,1024,1,516345011198231,454095,516345012201181,1002950
baseline,4,inter_process,memfd,1024,2,516345110953635,123334,516345111210697,257062
baseline,4,inter_process,memfd,1024,3,516345211157735,370601,516345211956980,799245
baseline,4,inter_process,memfd,1024,4,516345311169239,418906,516345312069972,900733
baseline,4,inter_process,memfd,1024,5,516345411268326,473243,516345412327484,1059158
baseline,4,inter_process,memfd,1024,6,516345510997980,486886,516345511976210,978230
baseline,4,inter_process,memfd,1024,7,516345611240542,342309,516345612205240,964698
baseline,4,inter_process,memfd,1024,8,516345711161391,479675,516345712221443,1060052
baseline,4,inter_process,memfd,1024,9,516345811289907,333568,516345812254552,964645
baseline,4,inter_process,memfd,1024,10,516345911177674,456682,516345912166050,988376
baseline,4,inter_process,memfd,1024,11,516346011036685,443530,516346011991687,955002
baseline,4,inter_process,memfd,1024,12,516346111164212,398372,516346112053701,889489
baseline,4,inter_process,memfd,1024,13,516346211192564,482344,516346212247409,1054845
baseline,4,inter_process,memfd,1024,14,516346311197605,421985,516346312133926,936321
baseline,4,inter_process,memfd,1024,15,516346411169597,434901,516346412093965,924368
baseline,4,inter_process,memfd,1024,16,516346511151253,475392,516346512161246,1009993
baseline,4,inter_process,memfd,1024,17,516346611202066,437525,516346612174204,972138
baseline,4,inter_process,memfd,1024,18,516346711219919,441539,516346712157942,938023
baseline,4,inter_process,memfd,1024,19,516346811177522,329122,516346812117975,940453
baseline,4,inter_process,cpu,65536,0,516353013181336,273407,516353013787050,605714
baseline,4,inter_process,cpu,65536,1,516353113092267,407610,516353113737534,645267
baseline,4,inter_process,cpu,65536,2,516353213073140,380310,516353213754891,681751
baseline,4,inter_process,cpu,65536,3,516353313052494,378864,516353313673878,621384
baseline,4,inter_process,cpu,65536,4,516353413096745,435955,516353413813804,717059
baseline,4,inter_process,cpu,65536,5,516353512788591,78230,516353512935404,146813
baseline,4,inter_process,cpu,65536,6,516353613073885,400227,516353613725308,651423
baseline,4,inter_process,cpu,65536,7,516353713108274,392834,516353713758384,650110
baseline,4,inter_process,cpu,65536,8,516353813101389,364809,516353813720238,618849
baseline,4,inter_process,cpu,65536,9,516353913160707,278942,516353913859986,699279
baseline,4,inter_process,cpu,65536,10,516354012903342,470876,516354013613923,710581
baseline,4,inter_process,cpu,65536,11,516354113069987,402191,516354113731605,661618
baseline,4,inter_process,cpu,65536,12,516354213125941,374333,516354213770316,644375
baseline,4,inter_process,cpu,65536,13,516354313064803,393138,516354313719974,655171
baseline,4,inter_process,cpu,65536,14,516354413100476,437048,516354413808353,707877
baseline,4,inter_process,cpu,65536,15,516354513148037,429044,516354513861728,713691
baseline,4,inter_process,cpu,65536,16,516354613126414,442408,516354613845212,718798
baseline,4,inter_process,cpu,65536,17,516354713090797,385835,516354713743344,652547
baseline,4,inter_process,cpu,65536,18,516354813073437,272770,516354813735751,662314
baseline,4,inter_process,cpu,65536,19,516354913177853,384278,516354913891254,713401
baseline,4,inter_process,memfd,16384,0,516359771768685,90470,516359771966623,197938
baseline,4,inter_process,memfd,16384,1,516359872080386,410933,516359872957487,877101
baseline,4,inter_process,memfd,16384,2,516359972170280,492761,516359973243347,1073067
baseline,4,inter_process,memfd,16384,3,516360072152832,463710,516360073191518,1038686
baseline,4,inter_process,memfd,16384,4,516360172195745,399892,516360173093340,897595
baseline,4,inter_process,memfd,16384,5,516360272093672,397071,516360272950754,857082
baseline,4,inter_process,memfd,16384,6,516360372183075,323357,516360373096046,912971
baseline,4,inter_process,memfd,16384,7,516360471941023,453400,516360472864319,923296
baseline,4,inter_process,memfd,16384,8,516360572144964,416646,516360573067189,922225
baseline,4,inter_process,memfd,16384,9,516360672203676,307891,516360673055504,851828
baseline,4,inter_process,memfd,16384,10,516360772140624,405607,516360773071813,931189
baseline,4,inter_process,memfd,16384,11,516360872127537,443121,516360873118684,991147
baseline,4,inter_process,memfd,16384,12,516360972198376,400726,516360973085408,887032
baseline,4,inter_process,memfd,16384,13,516361072128011,463998,516361073158160,1030149
baseline,4,inter_process,memfd,16384,14,516361172127365,396337,516361172979462,852097
baseline,4,inter_process,memfd,16384,15,516361272105629,390490,516361272957071,851442
baseline,4,inter_process,memfd,16384,16,516361372151494,341470,516361373100958,949464
baseline,4,inter_process,memfd,16384,17,516361472113739,393639,516361472973455,859716
baseline,4,inter_process,memfd,16384,18,516361572163523,440873,516361573151285,987762
baseline,4,inter_process,memfd,16384,19,516361672104024,399577,516361672959098,855074
baseline,4,inter_process,memfd,1048576,0,516367849494640,708980,516367850773111,1278471
baseline,4,inter_process,memfd,1048576,1,516367949398972,749834,516367950637101,1238129
baseline,4,inter_process,memfd,1048576,2,516368049384219,698677,516368050532533,1148314
baseline,4,inter_process,memfd,1048576,3,516368148879355,158493,516368149154802,275447
baseline,4,inter_process,memfd,1048576,4,516368249202022,431160,516368249964389,762367
baseline,4,inter_process,memfd,1048576,5,516368349401626,679804,516368350574481,1172855
baseline,4,inter_process,memfd,1048576,6,516368449449256,741579,516368450735848,1286592
baseline,4,inter_process,memfd,1048576,7,516368549380417,647805,516368550490304,1109887
baseline,4,inter_process,memfd,1048576,8,516368649150217,410665,516368649864049,713832
baseline,4,inter_process,memfd,1048576,9,516368749439573,699262,516368750601338,1161765
baseline,4,inter_process,memfd,1048576,10,516368849455807,754747,516368850778538,1322731
baseline,4,inter_process,memfd,1048576,11,516368949427895,713231,516368950660375,1232480
baseline,4,inter_process,memfd,1048576,12,516369049369416,551225,516369050502892,1133476
baseline,4,inter_process,memfd,1048576,13,516369149369907,629955,516369150489859,1119952
baseline,4,inter_process,memfd,1048576,14,516369249244789,543396,516369250206773,961984
baseline,4,inter_process,memfd,1048576,15,516369349396861,722917,516369350633742,1236881
baseline,4,inter_process,memfd,1048576,16,516369449366071,664319,516369450493302,1127231
baseline,4,inter_process,memfd,1048576,17,516369549416324,719114,516369550651137,1234813
baseline,4,inter_process,memfd,1048576,18,516369649226777,411386,516369649943780,717003
baseline,4,inter_process,memfd,1048576,19,516369749421211,705671,516369750643751,1222540
baseline,4,inter_process,cpu,1024,0,516375927087587,313690,516375927721608,634021
baseline,4,inter_process,cpu,1024,1,516376027069063,287103,516376027661420,592357
baseline,4,inter_process,cpu,1024,2,516376127136163,341481,516376127833940,697777
baseline,4,inter_process,cpu,1024,3,516376227122087,217130,516376227733515,611428
baseline,4,inter_process,cpu,1024,4,516376327106605,316249,516376327743682,637077
baseline,4,inter_process,cpu,1024,5,516376427055564,258988,516376427575532,519968
baseline,4,inter_process,cpu,1024,6,516376526748911,79516,516376526906713,157802
baseline,4,inter_process,cpu,1024,7,516376627081857,310906,516376627718229,636372
baseline,4,inter_process,cpu,1024,8,516376727096185,320135,516376727754402,658217
baseline,4,inter_process,cpu,1024,9,516376827237081,204511,516376827843579,606498
baseline,4,inter_process,cpu,1024,10,516376926850782,310928,516376927471530,620748
baseline,4,inter_process,cpu,1024,11,516377027094584,308208,516377027743442,648858
baseline,4,inter_process,cpu,1024,12,516377127125363,343019,516377127826126,700763
baseline,4,inter_process,cpu,1024,13,516377227122837,339223,516377227821278,698441
baseline,4,inter_process,cpu,1024,14,516377327091380,325564,516377327756951,665571
baseline,4,inter_process,cpu,1024,15,516377427104140,289498,516377427702914,598774
baseline,4,inter_process,cpu,1024,16,516377527067632,292584,516377527659292,591660
baseline,4,inter_process,cpu,1024,17,516377627101222,315269,516377627726967,625745
baseline,4,inter_process,cpu,1024,18,516377727129800,339060,516377727826560,696760
baseline,4,inter_process,cpu,1024,19,516377827025363,221701,516377827490056,464693
baseline,4,inter_process,cpu,1048576,0,516383028225593,1643604,516383030553903,2328310
baseline,4,inter_process,cpu,1048576,1,516383128492090,1488058,516383130751766,2259676
baseline,4,inter_process,cpu,1048576,2,516383228481761,1677587,516383230804859,2323098
baseline,4,inter_process,cpu,1048576,3,516383328447761,1634585,516383330720043,2272282
baseline,4,inter_process,cpu,1048576,4,516383428467444,1647356,516383430757119,2289675
baseline,4,inter_process,cpu,1048576,5,516383528370861,1457042,516383541727983,13357122
baseline,4,inter_process,cpu,1048576,6,516383628432131,3353099,516383642653804,14221673
baseline,4,inter_process,cpu,1048576,7,516383728458754,1691947,516383730783880,2325126
baseline,4,inter_process,cpu,1048576,8,516383828469615,1467406,516383830696315,2226700
baseline,4,inter_process,cpu,1048576,9,516383928457803,1324095,516383941722325,13264522
baseline,4,inter_process,cpu,1048576,10,516384028428496,1651136,516384030743818,2315322
baseline,4,inter_process,cpu,1048576,11,516384128492314,1495633,516384130760600,2268286
baseline,4,inter_process,cpu,1048576,12,516384228472121,1676036,516384230780213,2308092
baseline,4,inter_process,cpu,1048576,13,516384328333052,1466023,516384341626733,13293681
baseline,4,inter_process,cpu,1048576,14,516384428482058,1653016,516384430785592,2303534
baseline,4,inter_process,cpu,1048576,15,516384528401207,1505170,516384530647718,2246511
baseline,4,inter_process,cpu,1048576,16,516384628483812,1686677,516384641487659,13003847
baseline,4,inter_process,cpu,1048576,17,516384728278893,1670158,516384730619005,2340112
baseline,4,inter_process,cpu,1048576,18,516384828489455,1326798,516384841298359,12808904
baseline,4,inter_process,cpu,1048576,19,516384927860762,287076,516384938809457,10948695
baseline,4,intra_process_va,cpu,16384,0,516386828000031,90023,516386828183152,183121
baseline,4,intra_process_va,cpu,16384,1,516386927767797,16666,516386927864097,96300
baseline,4,intra_process_va,cpu,16384,2,516387028268707,4237,516387028293577,24870
baseline,4,intra_process_va,cpu,16384,3,516387127958972,19021,516387128117613,158641
baseline,4,intra_process_va,cpu,16384,4,516387227965204,18150,516387228112114,146910
baseline,4,intra_process_va,cpu,16384,5,516387327974988,19395,516387328143103,168115
baseline,4,intra_process_va,cpu,16384,6,516387427987686,69129,516387428156144,168458
baseline,4,intra_process_va,cpu,16384,7,516387527927790,16555,516387528062233,134443
baseline,4,intra_process_va,cpu,16384,8,516387627956940,17155,516387628090808,133868
baseline,4,intra_process_va,cpu,16384,9,516387727993533,117105,516387728208085,214552
baseline,4,intra_process_va,cpu,16384,10,516387827994283,58361,516387828151067,156784
baseline,4,intra_process_va,cpu,16384,11,516387927792424,17396,516387927900768,108344
baseline,4,intra_process_va,cpu,16384,12,516388027963472,17753,516388028115135,151663
baseline,4,intra_process_va,cpu,16384,13,516388127978441,19738,516388128136495,158054
baseline,4,intra_process_va,cpu,16384,14,516388227987540,58820,516388228145947,158407
baseline,4,intra_process_va,cpu,16384,15,516388327988919,73867,516388328164123,175204
baseline,4,intra_process_va,cpu,16384,16,516388427971975,17435,516388428116991,145016
baseline,4,intra_process_va,cpu,16384,17,516388527959163,17796,516388528105454,146291
baseline,4,intra_process_va,cpu,16384,18,516388627953991,16871,516388628094297,140306
baseline,4,intra_process_va,cpu,16384,19,516388727962744,17386,516388728103610,140866
baseline,4,intra_process_va,cpu,4194304,0,516390440567592,21984,516390440672755,105163
baseline,4,intra_process_va,cpu,4194304,1,516390540692941,23430,516390540806052,113111
baseline,4,intra_process_va,cpu,4194304,2,516390639055097,4881,516390639081963,26866
baseline,4,intra_process_va,cpu,4194304,3,516390740493041,21858,516390740597207,104166
baseline,4,intra_process_va,cpu,4194304,4,516390840565284,22612,516390840671843,106559
baseline,4,intra_process_va,cpu,4194304,5,516390940547951,21501,516390940654278,106327
baseline,4,intra_process_va,cpu,4194304,6,516391040767648,22541,516391040879709,112061
baseline,4,intra_process_va,cpu,4194304,7,516391139061715,4959,516391139087670,25955
baseline,4,intra_process_va,cpu,4194304,8,516391239647531,14345,516391239716228,68697
baseline,4,intra_process_va,cpu,4194304,9,516391340790293,23839,516391340904268,113975
baseline,4,intra_process_va,cpu,4194304,10,516391440753139,23974,516391440866523,113384
baseline,4,intra_process_va,cpu,4194304,11,516391540718680,23758,516391540830449,111769
baseline,4,intra_process_va,cpu,4194304,12,516391639263130,7402,516391639302220,39090
baseline,4,intra_process_va,cpu,4194304,13,516391740777230,23724,516391740891447,114217
baseline,4,intra_process_va,cpu,4194304,14,516391840537404,21519,516391840641870,104466
baseline,4,intra_process_va,cpu,4194304,15,516391940595679,21820,516391940700102,104423
baseline,4,intra_process_va,cpu,4194304,16,516392040610807,22011,516392040716104,105297
baseline,4,intra_process_va,cpu,4194304,17,516392140699650,23484,516392140811692,112042
baseline,4,intra_process_va,cpu,4194304,18,516392240750279,20488,516392240851924,101645
baseline,4,intra_process_va,cpu,4194304,19,516392340830977,23742,516392340943156,112179
baseline,4,inter_process,memfd,262144,0,516397359186228,515604,516397360282912,1096684
baseline,4,inter_process,memfd,262144,1,516397459089900,108793,516397459318666,228766
baseline,4,inter_process,memfd,262144,2,516397559103129,472781,516397560110764,1007635
baseline,4,inter_process,memfd,262144,3,516397659127798,475137,516397660127057,999259
baseline,4,inter_process,memfd,262144,4,516397759134479,507677,516397760202367,1067888
baseline,4,inter_process,memfd,262144,5,516397859214468,533965,516397860309299,1094831
baseline,4,inter_process,memfd,262144,6,516397959232723,522005,516397960328594,1095871
baseline,4,inter_process,memfd,262144,7,516398059160245,506030,516398060216770,1056525
baseline,4,inter_process,memfd,262144,8,516398159140174,530397,516398160237170,1096996
baseline,4,inter_process,memfd,262144,9,516398259157394,372784,516398260121932,964538
baseline,4,inter_process,memfd,262144,10,516398359130143,479266,516398360154255,1024112
baseline,4,inter_process,memfd,262144,11,516398459111042,481987,516398460119269,1008227
baseline,4,inter_process,memfd,262144,12,516398559176846,518351,516398560269247,1092401
baseline,4,inter_process,memfd,262144,13,516398659118863,479775,516398660115416,996553
baseline,4,inter_process,memfd,262144,14,516398759175169,497827,516398760212367,1037198
baseline,4,inter_process,memfd,262144,15,516398859141329,523683,516398860240240,1098911
baseline,4,inter_process,memfd,262144,16,516398959114651,371819,516398960037176,922525
baseline,4,inter_process,memfd,262144,17,516399059166705,485264,516399060157205,990500
baseline,4,inter_process,memfd,262144,18,516399159123326,503776,516399160184277,1060951
baseline,4,inter_process,memfd,262144,19,516399259112466,501704,516399260171411,1058945
baseline,4,inter_process,memfd,16777216,0,516405441917900,2166862,516405444202595,2284695
baseline,4,inter_process,memfd,16777216,1,516405541488940,2057804,516405543660530,2171590
baseline,4,inter_process,memfd,16777216,2,516405638907763,1388369,516405640468518,1560755
baseline,4,inter_process,memfd,16777216,3,516405741330543,2236708,516405743681377,2350834
baseline,4,inter_process,memfd,16777216,4,516405838628665,1070069,516405839816866,1188201
baseline,4,inter_process,memfd,16777216,5,516405941249950,2377787,516405943871513,2621563
baseline,4,inter_process,memfd,16777216,6,516406041771075,2245009,516406044126541,2355466
baseline,4,inter_process,memfd,16777216,7,516406141863712,2214282,516406144189543,2325831
baseline,4,inter_process,memfd,16777216,8,516406241760617,2244829,516406244113916,2353299
baseline,4,inter_process,memfd,16777216,9,516406339850731,1960000,516406342056684,2205953
baseline,4,inter_process,memfd,16777216,10,516406441400336,2078408,516406443590106,2189770
baseline,4,inter_process,memfd,16777216,11,516406541350188,2504861,516406543961252,2611064
baseline,4,inter_process,memfd,16777216,12,516406638965241,1404831,516406640534174,1568933
baseline,4,inter_process,memfd,16777216,13,516406741672545,2222000,516406744003813,2331268
baseline,4,inter_process,memfd,16777216,14,516406841462550,1872949,516406843444022,1981472
baseline,4,inter_process,memfd,16777216,15,516406941664281,2231412,516406944006551,2342270
baseline,4,inter_process,memfd,16777216,16,516407041343165,2299493,516407043746316,2403151
baseline,4,inter_process,memfd,16777216,17,516407141308498,2665997,516407144188992,2880494
baseline,4,inter_process,memfd,16777216,18,516407241776250,2114410,516407243996906,2220656
baseline,4,inter_process,memfd,16777216,19,516407341916549,2108700,516407344130702,2214153
baseline,4,intra_process_va,memfd,1048576,0,516410264319016,19952,516410264444809,125793
baseline,4,intra_process_va,memfd,1048576,1,516410364402195,20566,516410364545057,142862
baseline,4,intra_process_va,memfd,1048576,2,516410464350369,20417,516410464475192,124823
baseline,4,intra_process_va,memfd,1048576,3,516410564331269,18597,516410564451161,119892
baseline,4,intra_process_va,memfd,1048576,4,516410664304933,18076,516410664419026,114093
baseline,4,intra_process_va,memfd,1048576,5,516410764322792,18663,516410764443866,121074
baseline,4,intra_process_va,memfd,1048576,6,516410864374987,21034,516410864507723,132736
baseline,4,intra_process_va,memfd,1048576,7,516410964388089,20563,516410964518958,130869
baseline,4,intra_process_va,memfd,1048576,8,516411064329205,19445,516411064450422,121217
baseline,4,intra_process_va,memfd,1048576,9,516411164381813,20704,516411164512761,130948
baseline,4,intra_process_va,memfd,1048576,10,516411264382305,20110,516411264513491,131186
baseline,4,intra_process_va,memfd,1048576,11,516411364396534,21007,516411364528422,131888
baseline,4,intra_process_va,memfd,1048576,12,516411464335242,18304,516411464454821,119579
baseline,4,intra_process_va,memfd,1048576,13,516411564331181,18156,516411564453528,122347
baseline,4,intra_process_va,memfd,1048576,14,516411664305451,16574,516411664419058,113607
baseline,4,intra_process_va,memfd,1048576,15,516411764313998,17465,516411764426644,112646
baseline,4,intra_process_va,memfd,1048576,16,516411864344868,19173,516411864464518,119650
baseline,4,intra_process_va,memfd,1048576,17,516411964341705,17564,516411964462338,120633
baseline,4,intra_process_va,memfd,1048576,18,516412064340558,19313,516412064462703,122145
baseline,4,intra_process_va,memfd,1048576,19,516412163913638,4472,516412163938240,24602
baseline,4,intra_process_va,cpu,65536,0,516413872098912,21458,516413872222441,123529
baseline,4,intra_process_va,cpu,65536,1,516413972099618,21154,516413972220068,120450
baseline,4,intra_process_va,cpu,65536,2,516414071993348,72092,516414072157141,163793
baseline,4,intra_process_va,cpu,65536,3,516414171850458,9410,516414171905252,54794
baseline,4,intra_process_va,cpu,65536,4,516414271800901,8716,516414271844887,43986
baseline,4,intra_process_va,cpu,65536,5,516414372049759,19540,516414372164141,114382
baseline,4,intra_process_va,cpu,65536,6,516414471844389,19722,516414471976844,132455
baseline,4,intra_process_va,cpu,65536,7,516414572075856,20845,516414572191427,115571
baseline,4,intra_process_va,cpu,65536,8,516414672035701,18788,516414672143356,107655
baseline,4,intra_process_va,cpu,65536,9,516414772149352,21857,516414772269740,120388
baseline,4,intra_process_va,cpu,65536,10,516414871862058,20249,516414871980570,118512
baseline,4,intra_process_va,cpu,65536,11,516414972088280,18212,516414972196895,108615
baseline,4,intra_process_va,cpu,65536,12,516415072108261,21033,516415072231032,122771
baseline,4,intra_process_va,cpu,65536,13,516415172078099,20831,516415172202707,124608
baseline,4,intra_process_va,cpu,65536,14,516415272065959,19173,516415272180222,114263
baseline,4,intra_process_va,cpu,65536,15,516415371986471,52370,516415372130802,144331
baseline,4,intra_process_va,cpu,65536,16,516415471998932,53186,516415472137406,138474
baseline,4,intra_process_va,cpu,65536,17,516415572096828,21144,516415572222339,125511
baseline,4,intra_process_va,cpu,65536,18,516415671996376,85660,516415672174864,178488
baseline,4,intra_process_va,cpu,65536,19,516415772096670,21095,516415772219527,122857
baseline,4,inter_process,cpu,4096,0,516420454781437,66535,516420454918285,136848
baseline,4,inter_process,cpu,4096,1,516420554978376,368564,516420555666250,687874
baseline,4,inter_process,cpu,4096,2,516420654921360,330482,516420655527733,606373
baseline,4,inter_process,cpu,4096,3,516420754978428,341255,516420755645234,666806
baseline,4,inter_process,cpu,4096,4,516420854944611,349756,516420855596772,652161
baseline,4,inter_process,cpu,4096,5,516420954938527,382320,516420955624013,685486
baseline,4,inter_process,cpu,4096,6,516421054968639,403954,516421055735331,766692
baseline,4,inter_process,cpu,4096,7,516421154958134,245828,516421155590145,632011
baseline,4,inter_process,cpu,4096,8,516421254955386,389977,516421255686407,731021
baseline,4,inter_process,cpu,4096,9,516421354941645,278305,516421355576443,634798
baseline,4,inter_process,cpu,4096,10,516421454883853,368147,516421455576259,692406
baseline,4,inter_process,cpu,4096,11,516421554963186,353880,516421555638961,675775
baseline,4,inter_process,cpu,4096,12,516421654958999,307329,516421655546113,587114
baseline,4,inter_process,cpu,4096,13,516421754939345,337235,516421755583090,643745
baseline,4,inter_process,cpu,4096,14,516421854940853,333538,516421855580181,639328
baseline,4,inter_process,cpu,4096,15,516421954961068,353895,516421955624882,663814
baseline,4,inter_process,cpu,4096,16,516422054969973,381313,516422055711217,741244
baseline,4,inter_process,cpu,4096,17,516422154999621,371043,516422155709899,710278
baseline,4,inter_process,cpu,4096,18,516422254918985,271238,516422255445007,526022
baseline,4,inter_process,cpu,4096,19,516422354865267,206931,516422355413302,548035
baseline,4,inter_process,cpu,262144,0,516427558081028,559174,516427559030336,949308
baseline,4,inter_process,cpu,262144,1,516427658064381,377582,516427658694107,629726
baseline,4,inter_process,cpu,262144,2,516427758097210,560629,516427759059141,961931
baseline,4,inter_process,cpu,262144,3,516427858165327,584537,516427859168493,1003166
baseline,4,inter_process,cpu,262144,4,516427958107591,563173,516427959085681,978090
baseline,4,inter_process,cpu,262144,5,516428058141076,437974,516428059087568,946492
baseline,4,inter_process,cpu,262144,6,516428158134384,560009,516428159097906,963522
baseline,4,inter_process,cpu,262144,7,516428258126369,557096,516428259081230,954861
baseline,4,inter_process,cpu,262144,8,516428358178917,634952,516428359271832,1092915
baseline,4,inter_process,cpu,262144,9,516428458212838,474049,516428459312928,1100090
baseline,4,inter_process,cpu,262144,10,516428558192409,578212,516428559194402,1001993
baseline,4,inter_process,cpu,262144,11,516428658132485,528073,516428659046609,914124
baseline,4,inter_process,cpu,262144,12,516428758124258,576728,516428759197386,1073128
baseline,4,inter_process,cpu,262144,13,516428857750241,2576755,516428860418893,2668652
baseline,4,inter_process,cpu,262144,14,516428958180248,541062,516428959183466,1003218
baseline,4,inter_process,cpu,262144,15,516429058215059,653071,516429059333831,1118772
baseline,4,inter_process,cpu,262144,16,516429158181046,502997,516429159347655,1166609
baseline,4,inter_process,cpu,262144,17,516429258151570,551478,516429259120012,968442
baseline,4,inter_process,cpu,262144,18,516429358212624,661166,516429359319871,1107247
baseline,4,inter_process,cpu,262144,19,516429458186748,554799,516429459165336,978588
baseline,4,intra_process_va,cpu,1048576,0,516431351401896,25331,516431351529830,127934
baseline,4,intra_process_va,cpu,1048576,1,516431451258161,22173,516431451369254,111093
baseline,4,intra_process_va,cpu,1048576,2,516431551313046,22758,516431551432026,118980
baseline,4,intra_process_va,cpu,1048576,3,516431651141363,15903,516431651223939,82576
baseline,4,intra_process_va,cpu,1048576,4,516431751357929,24366,516431751484369,126440
baseline,4,intra_process_va,cpu,1048576,5,516431851362916,24429,516431851490182,127266
baseline,4,intra_process_va,cpu,1048576,6,516431951257526,21815,516431951368134,110608
baseline,4,intra_process_va,cpu,1048576,7,516432051300083,23515,516432051418350,118267
baseline,4,intra_process_va,cpu,1048576,8,516432151344532,24575,516432151471684,127152
baseline,4,intra_process_va,cpu,1048576,9,516432251238316,22263,516432251351489,113173
baseline,4,intra_process_va,cpu,1048576,10,516432351362379,24991,516432351489979,127600
baseline,4,intra_process_va,cpu,1048576,11,516432451366219,25457,516432451495182,128963
baseline,4,intra_process_va,cpu,1048576,12,516432551378146,25149,516432551506147,128001
baseline,4,intra_process_va,cpu,1048576,13,516432651103288,13769,516432651173764,70476
baseline,4,intra_process_va,cpu,1048576,14,516432751299868,22506,516432751417224,117356
baseline,4,intra_process_va,cpu,1048576,15,516432851308147,24077,516432851428811,120664
baseline,4,intra_process_va,cpu,1048576,16,516432951318237,22899,516432951435319,117082
baseline,4,intra_process_va,cpu,1048576,17,516433050669306,5944,516433050696287,26981
baseline,4,intra_process_va,cpu,1048576,18,516433151065556,21139,516433151176935,111379
baseline,4,intra_process_va,cpu,1048576,19,516433251315242,24459,516433251444068,128826
baseline,4,intra_process_va,memfd,262144,0,516434962057211,16484,516434962168869,111658
baseline,4,intra_process_va,memfd,262144,1,516435061896877,12205,516435061977567,80690
baseline,4,intra_process_va,memfd,262144,2,516435161870059,7589,516435161923592,53533
baseline,4,intra_process_va,memfd,262144,3,516435261998631,66984,516435262160640,162009
baseline,4,intra_process_va,memfd,262144,4,516435362050839,17569,516435362168100,117261
baseline,4,intra_process_va,memfd,262144,5,516435462143165,19522,516435462272302,129137
baseline,4,intra_process_va,memfd,262144,6,516435562076316,17942,516435562196334,120018
baseline,4,intra_process_va,memfd,262144,7,516435662054455,16513,516435662165816,111361
baseline,4,intra_process_va,memfd,262144,8,516435762087502,16140,516435762199439,111937
baseline,4,intra_process_va,memfd,262144,9,516435862144339,19025,516435862262732,118393
baseline,4,intra_process_va,memfd,262144,10,516435962179989,17884,516435962298262,118273
baseline,4,intra_process_va,memfd,262144,11,516436062100936,16793,516436062219900,118964
baseline,4,intra_process_va,memfd,262144,12,516436162182755,19621,516436162310846,128091
baseline,4,intra_process_va,memfd,262144,13,516436262050150,17197,516436262160087,109937
baseline,4,intra_process_va,memfd,262144,14,516436362088340,18156,516436362207346,119006
baseline,4,intra_process_va,memfd,262144,15,516436462138486,19505,516436462266700,128214
baseline,4,intra_process_va,memfd,262144,16,516436562065156,16755,516436562177161,112005
baseline,4,intra_process_va,memfd,262144,17,516436662082555,16788,516436662194751,112196
baseline,4,intra_process_va,memfd,262144,18,516436762080516,15090,516436762185596,105080
baseline,4,intra_process_va,memfd,262144,19,516436862078467,18892,516436862219735,141268
baseline,4,intra_process_va,cpu,262144,0,516438587108975,21205,516438587247591,138616
baseline,4,intra_process_va,cpu,262144,1,516438687126008,18760,516438687227186,101178
baseline,4,intra_process_va,cpu,262144,2,516438787096209,19660,516438787222744,126535
baseline,4,intra_process_va,cpu,262144,3,516438886904245,19976,516438887039955,135710
baseline,4,intra_process_va,cpu,262144,4,516438987112779,20520,516438987222930,110151
baseline,4,intra_process_va,cpu,262144,5,516439087120780,21051,516439087235388,114608
baseline,4,intra_process_va,cpu,262144,6,516439187185343,21239,516439187308900,123557
baseline,4,intra_process_va,cpu,262144,7,516439286827454,4943,516439286853288,25834
baseline,4,intra_process_va,cpu,262144,8,516439387075077,19381,516439387182160,107083
baseline,4,intra_process_va,cpu,262144,9,516439486974634,13760,516439487083165,108531
baseline,4,intra_process_va,cpu,262144,10,516439587093972,19353,516439587203879,109907
baseline,4,intra_process_va,cpu,262144,11,516439687113744,20326,516439687225791,112047
baseline,4,intra_process_va,cpu,262144,12,516439787120317,19020,516439787227664,107347
baseline,4,intra_process_va,cpu,262144,13,516439887121875,22169,516439887259548,137673
baseline,4,intra_process_va,cpu,262144,14,516439987169309,22630,516439987293941,124632
baseline,4,intra_process_va,cpu,262144,15,516440087139210,20801,516440087253809,114599
baseline,4,intra_process_va,cpu,262144,16,516440187170602,22213,516440187292533,121931
baseline,4,intra_process_va,cpu,262144,17,516440287094842,19714,516440287199942,105100
baseline,4,intra_process_va,cpu,262144,18,516440387105063,40944,516440387240973,135910
baseline,4,intra_process_va,cpu,262144,19,516440487144125,21360,516440487266908,122783
baseline,4,intra_process_va,memfd,16384,0,516442194170048,17396,516442194375098,205050
baseline,4,intra_process_va,memfd,16384,1,516442294117723,17202,516442294238804,121081
baseline,4,intra_process_va,memfd,16384,2,516442394143412,17937,516442394270418,127006
baseline,4,intra_process_va,memfd,16384,3,516442494093833,15935,516442494229470,135637
baseline,4,intra_process_va,memfd,16384,4,516442594142116,16406,516442594260690,118574
baseline,4,intra_process_va,memfd,16384,5,516442694135644,15790,516442694254204,118560
baseline,4,intra_process_va,memfd,16384,6,516442794090577,14851,516442794198882,108305
baseline,4,intra_process_va,memfd,16384,7,516442894107645,17045,516442894228518,120873
baseline,4,intra_process_va,memfd,16384,8,516442994068207,14245,516442994171863,103656
baseline,4,intra_process_va,memfd,16384,9,516443093994479,39249,516443094105955,111476
baseline,4,intra_process_va,memfd,16384,10,516443193872605,15662,516443193975106,102501
baseline,4,intra_process_va,memfd,16384,11,516443294138029,15830,516443294262018,123989
baseline,4,intra_process_va,memfd,16384,12,516443394123311,16979,516443394243029,119718
baseline,4,intra_process_va,memfd,16384,13,516443494068476,4251,516443494092812,24336
baseline,4,intra_process_va,memfd,16384,14,516443594142657,19134,516443594271295,128638
baseline,4,intra_process_va,memfd,16384,15,516443694059347,13582,516443694159452,100105
baseline,4,intra_process_va,memfd,16384,16,516443794149791,17786,516443794276091,126300
baseline,4,intra_process_va,memfd,16384,17,516443894142841,19112,516443894272229,129388
baseline,4,intra_process_va,memfd,16384,18,516443994085744,15774,516443994196967,111223
baseline,4,intra_process_va,memfd,16384,19,516444094139728,18128,516444094265944,126216
baseline,4,inter_process,memfd,64,0,516449103217298,483763,516449104308494,1091196
baseline,4,inter_process,memfd,64,1,516449203213064,466928,516449204261489,1048425
baseline,4,inter_process,memfd,64,2,516449303123131,403802,516449304071889,948758
baseline,4,inter_process,memfd,64,3,516449403227354,410758,516449404137611,910257
baseline,4,inter_process,memfd,64,4,516449503134845,396453,516449503986492,851647
baseline,4,inter_process,memfd,64,5,516449603194625,457509,516449604165169,970544
baseline,4,inter_process,memfd,64,6,516449703176855,341167,516449704128216,951361
baseline,4,inter_process,memfd,64,7,516449802891388,93772,516449803098888,207500
baseline,4,inter_process,memfd,64,8,516449903179435,462309,516449904216383,1036948
baseline,4,inter_process,memfd,64,9,516450003243978,333896,516450004197867,953889
baseline,4,inter_process,memfd,64,10,516450103173932,464708,516450104224322,1050390
baseline,4,inter_process,memfd,64,11,516450203210115,462683,516450204248339,1038224
baseline,4,inter_process,memfd,64,12,516450303145740,397504,516450303999222,853482
baseline,4,inter_process,memfd,64,13,516450403175762,424448,516450404109874,934112
baseline,4,inter_process,memfd,64,14,516450503217485,460985,516450504242501,1025016
baseline,4,inter_process,memfd,64,15,516450603158970,413617,516450604084886,925916
baseline,4,inter_process,memfd,64,16,516450703167096,414869,516450704095168,928072
baseline,4,inter_process,memfd,64,17,516450803188396,472027,516450804232832,1044436
baseline,4,inter_process,memfd,64,18,516450903221452,499109,516450904306856,1085404
baseline,4,inter_process,memfd,64,19,516451003258608,453181,516451004307074,1048466
baseline,4,inter_process,cpu,16777216,0,516457196278086,2720359,516457211170434,14892348
baseline,4,inter_process,cpu,16777216,1,516457296364658,3284261,516457311836400,15471742
baseline,4,inter_process,cpu,16777216,2,516457396891322,2806432,516457411926506,15035184
baseline,4,inter_process,cpu,16777216,3,516457496493326,2955642,516457511439244,14945918
baseline,4,inter_process,cpu,16777216,4,516457596447372,3058083,516457611650111,15202739
baseline,4,inter_process,cpu,16777216,5,516457696766733,2665205,516457711391766,14625033
baseline,4,inter_process,cpu,16777216,6,516457796448728,2753061,516457811168223,14719495
baseline,4,inter_process,cpu,16777216,7,516457896331816,2670495,516457911161201,14829385
baseline,4,inter_process,cpu,16777216,8,516457996511924,2795714,516458011494515,14982591
baseline,4,inter_process,cpu,16777216,9,516458092663229,4068996,516458107971846,15308617
baseline,4,inter_process,cpu,16777216,10,516458192343424,2858089,516458205111792,12768368
baseline,4,inter_process,cpu,16777216,11,516458296386894,3190961,516458311613589,15226695
baseline,4,inter_process,cpu,16777216,12,516458396852780,2768832,516458411781310,14928530
baseline,4,inter_process,cpu,16777216,13,516458496505662,2829278,516458511553749,15048087
baseline,4,inter_process,cpu,16777216,14,516458596452249,3065078,516458611374028,14921779
baseline,4,inter_process,cpu,16777216,15,516458696381628,7035869,516458705547807,9166179
baseline,4,inter_process,cpu,16777216,16,516458796608431,2674977,516458811197780,14589349
baseline,4,inter_process,cpu,16777216,17,516458896227571,2709730,516458911127405,14899834
baseline,4,inter_process,cpu,16777216,18,516458996599935,2668370,516459011160554,14560619
baseline,4,inter_process,cpu,16777216,19,516459096846375,2747892,516459111591928,14745553
baseline,4,inter_process,memfd,65536,0,516464316143941,346550,516464317078955,935014
baseline,4,inter_process,memfd,65536,1,516464415821275,132523,516464416115946,294671
baseline,4,inter_process,memfd,65536,2,516464516141848,365514,516464516930166,788318
baseline,4,inter_process,memfd,65536,3,516464616124310,441687,516464617098665,974355
baseline,4,inter_process,memfd,65536,4,516464716134492,446504,516464717085006,950514
baseline,4,inter_process,memfd,65536,5,516464816140121,453178,516464817114894,974773
baseline,4,inter_process,memfd,65536,6,516464916177724,483026,516464917284697,1106973
baseline,4,inter_process,memfd,65536,7,516465016239202,515905,516465017392969,1153767
baseline,4,inter_process,memfd,65536,8,516465116140502,472149,516465117189317,1048815
baseline,4,inter_process,memfd,65536,9,516465216178237,370797,516465217187714,1009477
baseline,4,inter_process,memfd,65536,10,516465316122955,412212,516465317056598,933643
baseline,4,inter_process,memfd,65536,11,516465416164073,433756,516465417121033,956960
baseline,4,inter_process,memfd,65536,12,516465516151947,484497,516465517185788,1033841
baseline,4,inter_process,memfd,65536,13,516465616137262,444201,516465617091625,954363
baseline,4,inter_process,memfd,65536,14,516465716135588,435943,516465717095397,959809
baseline,4,inter_process,memfd,65536,15,516465816089281,406033,516465816953861,864580
baseline,4,inter_process,memfd,65536,16,516465916166348,427762,516465917134014,967666
baseline,4,inter_process,memfd,65536,17,516466016111614,303642,516466016911513,799899
baseline,4,inter_process,memfd,65536,18,516466116151635,438858,516466117126528,974893
baseline,4,inter_process,memfd,65536,19,516466216181141,482437,516466217243380,1062239
baseline,4,inter_process,cpu,4194304,0,516472399828175,3718293,516472404017002,4188827
baseline,4,inter_process,cpu,4194304,1,516472499677578,3655136,516472515179691,15502113
baseline,4,inter_process,cpu,4194304,2,516472599883376,3751406,516472604052593,4169217
baseline,4,inter_process,cpu,4194304,3,516472699656058,3461987,516472715182189,15526131
baseline,4,inter_process,cpu,4194304,4,516472798236838,848152,516472809663699,11426861
baseline,4,inter_process,cpu,4194304,5,516472898375004,875536,516472910198792,11823788
baseline,4,inter_process,cpu,4194304,6,516472999872043,3559084,516473015811431,15939388
baseline,4,inter_process,cpu,4194304,7,516473099182061,3280836,516473114180749,14998688
baseline,4,inter_process,cpu,4194304,8,516473199793523,3709927,516473215594050,15800527
baseline,4,inter_process,cpu,4194304,9,516473299661022,3422937,516473315302657,15641635
baseline,4,inter_process,cpu,4194304,10,516473399398308,2895854,516473414480564,15082256
baseline,4,inter_process,cpu,4194304,11,516473499661388,3416769,516473515370633,15709245
baseline,4,inter_process,cpu,4194304,12,516473600034594,3620967,516473616352225,16317631
baseline,4,inter_process,cpu,4194304,13,516473699639208,3744805,516473715383559,15744351
baseline,4,inter_process,cpu,4194304,14,516473799631985,3436163,516473815098023,15466038
baseline,4,inter_process,cpu,4194304,15,516473899837688,3703878,516473915715089,15877401
baseline,4,inter_process,cpu,4194304,16,516473999739221,3443643,516474004030162,4290941
baseline,4,inter_process,cpu,4194304,17,516474099658715,3362832,516474115303074,15644359
baseline,4,inter_process,cpu,4194304,18,516474199926202,3551947,516474215334022,15407820
baseline,4,inter_process,cpu,4194304,19,516474299834931,3282544,516474315732227,15897296
baseline,4,intra_process_va,cpu,16777216,0,516476218254599,14067,516476218323367,68768
baseline,4,intra_process_va,cpu,16777216,1,516476318561330,15179,516476318636865,75535
baseline,4,intra_process_va,cpu,16777216,2,516476418462265,5449,516476418491129,28864
baseline,4,intra_process_va,cpu,16777216,3,516476518258542,15865,516476518336048,77506
baseline,4,intra_process_va,cpu,16777216,4,516476618020186,5152,516476618047714,27528
baseline,4,intra_process_va,cpu,16777216,5,516476718277099,13958,516476718344680,67581
baseline,4,intra_process_va,cpu,16777216,6,516476817902415,14438,516476817956234,53819
baseline,4,intra_process_va,cpu,16777216,7,516476918552177,5114,516476918579105,26928
baseline,4,intra_process_va,cpu,16777216,8,516477014998571,17295,516477015047206,48635
baseline,4,intra_process_va,cpu,16777216,9,516477117802028,15157,516477117872829,70801
baseline,4,intra_process_va,cpu,16777216,10,516477218459927,5615,516477218487092,27165
baseline,4,intra_process_va,cpu,16777216,11,516477318088640,15812,516477318202728,114088
baseline,4,intra_process_va,cpu,16777216,12,516477418663623,15810,516477418739375,75752
baseline,4,intra_process_va,cpu,16777216,13,516477518777967,5530,516477518806288,28321
baseline,4,intra_process_va,cpu,16777216,14,516477618632683,5538,516477618661487,28804
baseline,4,intra_process_va,cpu,16777216,15,516477718239791,14455,516477718310829,71038
baseline,4,intra_process_va,cpu,16777216,16,516477818254927,14526,516477818325321,70394
baseline,4,intra_process_va,cpu,16777216,17,516477918219354,5586,516477918248199,28845
baseline,4,intra_process_va,cpu,16777216,18,516478018192328,15645,516478018268789,76461
baseline,4,intra_process_va,cpu,16777216,19,516478118183047,16210,516478118261307,78260
baseline,4,intra_process_va,cpu,64,0,516479838956566,17852,516479839108084,151518
baseline,4,intra_process_va,cpu,64,1,516479938969720,19191,516479939127672,157952
baseline,4,intra_process_va,cpu,64,2,516480038950621,18139,516480039109638,159017
baseline,4,intra_process_va,cpu,64,3,516480139073130,20044,516480139196307,123177
baseline,4,intra_process_va,cpu,64,4,516480238977944,19369,516480239155815,177871
baseline,4,intra_process_va,cpu,64,5,516480338891084,18307,516480339050263,159179
baseline,4,intra_process_va,cpu,64,6,516480438977509,18420,516480439133618,156109
baseline,4,intra_process_va,cpu,64,7,516480538939061,15911,516480539075192,136131
baseline,4,intra_process_va,cpu,64,8,516480638797788,5221,516480638830398,32610
baseline,4,intra_process_va,cpu,64,9,516480738945349,17278,516480739144558,199209
baseline,4,intra_process_va,cpu,64,10,516480838965923,16503,516480839110445,144522
baseline,4,intra_process_va,cpu,64,11,516480938929122,36626,516480939093805,164683
baseline,4,intra_process_va,cpu,64,12,516481038988295,80039,516481039168236,179941
baseline,4,intra_process_va,cpu,64,13,516481138978710,19106,516481139153065,174355
baseline,4,intra_process_va,cpu,64,14,516481238693938,3731,516481238716746,22808
baseline,4,intra_process_va,cpu,64,15,516481338938239,17283,516481339086206,147967
baseline,4,intra_process_va,cpu,64,16,516481438955547,19134,516481439112932,157385
baseline,4,intra_process_va,cpu,64,17,516481538944074,33463,516481539095452,151378
baseline,4,intra_process_va,cpu,64,18,516481638803597,5283,516481638837050,33453
baseline,4,intra_process_va,cpu,64,19,516481738908176,14484,516481739037387,129211
baseline,4,intra_process_va,cpu,1024,0,516483448957522,33156,516483449117801,160279
baseline,4,intra_process_va,cpu,1024,1,516483549040123,18406,516483549151467,111344
baseline,4,intra_process_va,cpu,1024,2,516483648963649,11282,516483649060713,97064
baseline,4,intra_process_va,cpu,1024,3,516483748997613,59122,516483749157541,159928
baseline,4,intra_process_va,cpu,1024,4,516483849082278,19168,516483849196662,114384
baseline,4,intra_process_va,cpu,1024,5,516483949040159,18703,516483949151271,111112
baseline,4,intra_process_va,cpu,1024,6,516484049042517,19017,516484049161957,119440
baseline,4,intra_process_va,cpu,1024,7,516484149062188,18054,516484149173241,111053
baseline,4,intra_process_va,cpu,1024,8,516484248997846,57080,516484249149500,151654
baseline,4,intra_process_va,cpu,1024,9,516484348935419,12938,516484349079454,144035
baseline,4,intra_process_va,cpu,1024,10,516484449044556,18316,516484449157497,112941
baseline,4,intra_process_va,cpu,1024,11,516484549044480,18274,516484549155823,111343
baseline,4,intra_process_va,cpu,1024,12,516484648960648,4465,516484648988051,27403
baseline,4,intra_process_va,cpu,1024,13,516484748956713,16784,516484749094147,137434
baseline,4,intra_process_va,cpu,1024,14,516484849000043,81036,516484849181418,181375
baseline,4,intra_process_va,cpu,1024,15,516484949077342,19329,516484949197876,120534
baseline,4,intra_process_va,cpu,1024,16,516485049066568,20278,516485049188598,122030
baseline,4,intra_process_va,cpu,1024,17,516485149074575,19445,516485149194567,119992
baseline,4,intra_process_va,cpu,1024,18,516485248998745,57430,516485249149757,151012
baseline,4,intra_process_va,cpu,1024,19,516485348968805,14361,516485349090040,121235
baseline,5,inter_process,cpu,4096,0,516490363065012,332756,516490363738090,673078
baseline,5,inter_process,cpu,4096,1,516490463100060,331922,516490463776120,676060
baseline,5,inter_process,cpu,4096,2,516490563101876,349516,516490563816890,715014
baseline,5,inter_process,cpu,4096,3,516490662995656,335610,516490663626553,630897
baseline,5,inter_process,cpu,4096,4,516490763066487,313075,516490763703360,636873
baseline,5,inter_process,cpu,4096,5,516490863114960,356829,516490863826938,711978
baseline,5,inter_process,cpu,4096,6,516490963105793,355393,516490963824536,718743
baseline,5,inter_process,cpu,4096,7,516491063107625,355325,516491063816608,708983
baseline,5,inter_process,cpu,4096,8,516491163067097,318946,516491163697341,630244
baseline,5,inter_process,cpu,4096,9,516491263115270,226456,516491263761625,646355
baseline,5,inter_process,cpu,4096,10,516491363074777,318954,516491363702971,628194
baseline,5,inter_process,cpu,4096,11,516491463124665,327068,516491463798760,674095
baseline,5,inter_process,cpu,4096,12,516491562983263,72602,516491563135633,152370
baseline,5,inter_process,cpu,4096,13,516491662708113,66715,516491662850068,141955
baseline,5,inter_process,cpu,4096,14,516491763056754,263154,516491763584979,528225
baseline,5,inter_process,cpu,4096,15,516491862990301,397096,516491863709055,718754
baseline,5,inter_process,cpu,4096,16,516491963064885,334010,516491963740235,675350
baseline,5,inter_process,cpu,4096,17,516492063077464,234229,516492063708385,630921
baseline,5,inter_process,cpu,4096,18,516492163094953,317307,516492163734971,640018
baseline,5,inter_process,cpu,4096,19,516492263041851,300514,516492263670878,629027
baseline,5,intra_process_va,memfd,16777216,0,516494160664713,17861,516494160765548,100835
baseline,5,intra_process_va,memfd,16777216,1,516494258866088,3924,516494258893467,27379
baseline,5,intra_process_va,memfd,16777216,2,516494360417182,20150,516494360534873,117691
baseline,5,intra_process_va,memfd,16777216,3,516494460806451,20988,516494460934096,127645
baseline,5,intra_process_va,memfd,16777216,4,516494560431126,19685,516494560548137,117011
baseline,5,intra_process_va,memfd,16777216,5,516494660528584,19926,516494660644792,116208
baseline,5,intra_process_va,memfd,16777216,6,516494760507884,21797,516494760624908,117024
baseline,5,intra_process_va,memfd,16777216,7,516494860544237,19707,516494860662204,117967
baseline,5,intra_process_va,memfd,16777216,8,516494960574485,20360,516494960690490,116005
baseline,5,intra_process_va,memfd,16777216,9,516495060542918,20210,516495060658259,115341
baseline,5,intra_process_va,memfd,16777216,10,516495160728594,22364,516495160851352,122758
baseline,5,intra_process_va,memfd,16777216,11,516495260874239,23934,516495260989313,115074
baseline,5,intra_process_va,memfd,16777216,12,516495357817775,6983,516495357855453,37678
baseline,5,intra_process_va,memfd,16777216,13,516495460778828,21833,516495460898621,119793
baseline,5,intra_process_va,memfd,16777216,14,516495560469292,20468,516495560581987,112695
baseline,5,intra_process_va,memfd,16777216,15,516495659700582,20604,516495659815299,114717
baseline,5,intra_process_va,memfd,16777216,16,516495760371899,17613,516495760471259,99360
baseline,5,intra_process_va,memfd,16777216,17,516495857763621,7422,516495857797000,33379
baseline,5,intra_process_va,memfd,16777216,18,516495960504023,20810,516495960617047,113024
baseline,5,intra_process_va,memfd,16777216,19,516496060519768,19981,516496060634985,115217
baseline,5,intra_process_va,memfd,64,0,516497774076157,17782,516497774201155,124998
baseline,5,intra_process_va,memfd,64,1,516497873820206,15583,516497873930996,110790
baseline,5,intra_process_va,memfd,64,2,516497973780221,3715,516497973804224,24003
baseline,5,intra_process_va,memfd,64,3,516498073988047,55497,516498074136075,148028
baseline,5,intra_process_va,memfd,64,4,516498174109689,17664,516498174229392,119703
baseline,5,intra_process_va,memfd,64,5,516498273987881,41623,516498274104326,116445
baseline,5,intra_process_va,memfd,64,6,516498374078059,13868,516498374178671,100612
baseline,5,intra_process_va,memfd,64,7,516498474044728,15344,516498474151355,106627
baseline,5,intra_process_va,memfd,64,8,516498573797538,14135,516498573893214,95676
baseline,5,intra_process_va,memfd,64,9,516498674114934,15981,516498674228104,113170
baseline,5,intra_process_va,memfd,64,10,516498774059777,16555,516498774176137,116360
baseline,5,intra_process_va,memfd,64,11,516498873840721,16203,516498873955385,114664
baseline,5,intra_process_va,memfd,64,12,516498974115601,18685,516498974240970,125369
baseline,5,intra_process_va,memfd,64,13,516499073768253,3705,516499073795242,26989
baseline,5,intra_process_va,memfd,64,14,516499173877576,6293,516499173925114,47538
baseline,5,intra_process_va,memfd,64,15,516499273999016,72657,516499274171054,172038
baseline,5,intra_process_va,memfd,64,16,516499373932117,14169,516499374080240,148123
baseline,5,intra_process_va,memfd,64,17,516499473975161,13902,516499474120803,145642
baseline,5,intra_process_va,memfd,64,18,516499573826786,14605,516499573933170,106384
baseline,5,intra_process_va,memfd,64,19,516499673993291,60394,516499674140658,147367
baseline,5,intra_process_va,cpu,4096,0,516501383898418,17552,516501384044571,146153
baseline,5,intra_process_va,cpu,4096,1,516501483915691,17620,516501484062430,146739
baseline,5,intra_process_va,cpu,4096,2,516501583713928,18319,516501583823331,109403
baseline,5,intra_process_va,cpu,4096,3,516501683919809,16680,516501684060562,140753
baseline,5,intra_process_va,cpu,4096,4,516501783736804,16351,516501783839413,102609
baseline,5,intra_process_va,cpu,4096,5,516501883885924,19778,516501884052008,166084
baseline,5,intra_process_va,cpu,4096,6,516501983891980,16308,516501983994570,102590
baseline,5,intra_process_va,cpu,4096,7,516502084107207,12922,516502084177039,69832
baseline,5,intra_process_va,cpu,4096,8,516502183839509,5725,516502183871137,31628
baseline,5,intra_process_va,cpu,4096,9,516502283903231,20260,516502284129365,226134
baseline,5,intra_process_va,cpu,4096,10,516502383915785,18320,516502384077145,161360
baseline,5,intra_process_va,cpu,4096,11,516502483914886,17913,516502484060310,145424
baseline,5,intra_process_va,cpu,4096,12,516502583925928,16943,516502584073025,147097
baseline,5,intra_process_va,cpu,4096,13,516502683885666,17441,516502683988245,102579
baseline,5,intra_process_va,cpu,4096,14,516502783893669,16342,516502783998521,104852
baseline,5,intra_process_va,cpu,4096,15,516502883903686,19964,516502884053922,150236
baseline,5,intra_process_va,cpu,4096,16,516502983835530,18306,516502983945078,109548
baseline,5,intra_process_va,cpu,4096,17,516503083911443,17971,516503084056773,145330
baseline,5,intra_process_va,cpu,4096,18,516503183913420,17604,516503184071569,158149
baseline,5,intra_process_va,cpu,4096,19,516503283919896,19895,516503284094981,175085
baseline,5,intra_process_va,cpu,16384,0,516504986802892,14557,516504986895353,92461
baseline,5,intra_process_va,cpu,16384,1,516505086959469,19946,516505087117408,157939
baseline,5,intra_process_va,cpu,16384,2,516505187101737,20512,516505187224938,123201
baseline,5,intra_process_va,cpu,16384,3,516505287037145,17830,516505287141177,104032
baseline,5,intra_process_va,cpu,16384,4,516505387110410,20182,516505387229869,119459
baseline,5,intra_process_va,cpu,16384,5,516505486999874,75684,516505487173482,173608
baseline,5,intra_process_va,cpu,16384,6,516505587089627,19739,516505587211767,122140
baseline,5,intra_process_va,cpu,16384,7,516505686966446,16045,516505687091540,125094
baseline,5,intra_process_va,cpu,16384,8,516505787092497,18398,516505787201905,109408
baseline,5,intra_process_va,cpu,16384,9,516505887037975,17366,516505887139656,101681
baseline,5,intra_process_va,cpu,16384,10,516505987049409,17823,516505987155379,105970
baseline,5,intra_process_va,cpu,16384,11,516506087050524,18342,516506087159203,108679
baseline,5,intra_process_va,cpu,16384,12,516506187088897,18965,516506187201031,112134
baseline,5,intra_process_va,cpu,16384,13,516506288320826,4886,516506288351612,30786
baseline,5,intra_process_va,cpu,16384,14,516506386832383,15014,516506386888377,55994
baseline,5,intra_process_va,cpu,16384,15,516506487064450,18773,516506487176477,112027
baseline,5,intra_process_va,cpu,16384,16,516506587060805,18334,516506587172868,112063
baseline,5,intra_process_va,cpu,16384,17,516506687068135,16386,516506687170283,102148
baseline,5,intra_process_va,cpu,16384,18,516506787082471,17515,516506787193192,110721
baseline,5,intra_process_va,cpu,16384,19,516506887097280,19739,516506887218262,120982
baseline,5,intra_process_va,memfd,4194304,0,516508601893895,20504,516508602021888,127993
baseline,5,intra_process_va,memfd,4194304,1,516508701675240,21422,516508701799431,124191
baseline,5,intra_process_va,memfd,4194304,2,516508801847168,21016,516508801965677,118509
baseline,5,intra_process_va,memfd,4194304,3,516508901908023,20625,516508902043162,135139
baseline,5,intra_process_va,memfd,4194304,4,516509001902669,20162,516509002046901,144232
baseline,5,intra_process_va,memfd,4194304,5,516509101826682,20081,516509101941882,115200
baseline,5,intra_process_va,memfd,4194304,6,516509201849801,21882,516509201970913,121112
baseline,5,intra_process_va,memfd,4194304,7,516509301813336,20269,516509301930099,116763
baseline,5,intra_process_va,memfd,4194304,8,516509401821867,19871,516509401937994,116127
baseline,5,intra_process_va,memfd,4194304,9,516509501876662,19867,516509501992861,116199
baseline,5,intra_process_va,memfd,4194304,10,516509601953138,20403,516509602089933,136795
baseline,5,intra_process_va,memfd,4194304,11,516509701706730,19513,516509701821672,114942
baseline,5,intra_process_va,memfd,4194304,12,516509801856485,20736,516509801974381,117896
baseline,5,intra_process_va,memfd,4194304,13,516509901931575,20924,516509902069411,137836
baseline,5,intra_process_va,memfd,4194304,14,516510001895451,21428,516510002050553,155102
baseline,5,intra_process_va,memfd,4194304,15,516510101964748,21637,516510102111443,146695
baseline,5,intra_process_va,memfd,4194304,16,516510201965795,22439,516510202112668,146873
baseline,5,intra_process_va,memfd,4194304,17,516510301957456,22996,516510302107198,149742
baseline,5,intra_process_va,memfd,4194304,18,516510401816536,20197,516510401931963,115427
baseline,5,intra_process_va,memfd,4194304,19,516510501057612,9238,516510501104239,46627
baseline,5,inter_process,cpu,65536,0,516515527120667,371730,516515527744770,624103
baseline,5,inter_process,cpu,65536,1,516515627144492,380046,516515627790207,645715
baseline,5,inter_process,cpu,65536,2,516515727106906,394854,516515727760125,653219
baseline,5,inter_process,cpu,65536,3,516515827173650,455271,516515827909473,735823
baseline,5,inter_process,cpu,65536,4,516515927125179,396225,516515927805171,679992
baseline,5,inter_process,cpu,65536,5,516516027141729,248049,516516027752641,610912
baseline,5,inter_process,cpu,65536,6,516516126926586,457103,516516127621976,695390
baseline,5,inter_process,cpu,65536,7,516516227112764,391253,516516227764061,651297
baseline,5,inter_process,cpu,65536,8,516516327171184,439718,516516327896362,725178
baseline,5,inter_process,cpu,65536,9,516516427163657,255991,516516427834496,670839
baseline,5,inter_process,cpu,65536,10,516516527138247,385382,516516527787878,649631
baseline,5,inter_process,cpu,65536,11,516516627126015,433385,516516627845706,719691
baseline,5,inter_process,cpu,65536,12,516516727162733,405583,516516727826568,663835
baseline,5,inter_process,cpu,65536,13,516516826766100,80913,516516826911112,145012
baseline,5,inter_process,cpu,65536,14,516516927165218,436466,516516927838164,672946
baseline,5,inter_process,cpu,65536,15,516517027127295,441445,516517027846354,719059
baseline,5,inter_process,cpu,65536,16,516517127100815,284716,516517127818642,717827
baseline,5,inter_process,cpu,65536,17,516517227190239,431485,516517227902242,712003
baseline,5,inter_process,cpu,65536,18,516517327141668,422422,516517327821747,680079
baseline,5,inter_process,cpu,65536,19,516517427107687,398775,516517427789586,681899
baseline,5,intra_process_va,cpu,65536,0,516519323999221,70270,516519324169416,170195
baseline,5,intra_process_va,cpu,65536,1,516519423918689,16065,516519424049136,130447
baseline,5,intra_process_va,cpu,65536,2,516519523980217,17432,516519524115841,135624
baseline,5,intra_process_va,cpu,65536,3,516519623913443,19542,516519624058400,144957
baseline,5,intra_process_va,cpu,65536,4,516519723978007,20752,516519724152071,174064
baseline,5,intra_process_va,cpu,65536,5,516519823952746,19437,516519824110228,157482
baseline,5,intra_process_va,cpu,65536,6,516519923927839,17989,516519924066146,138307
baseline,5,intra_process_va,cpu,65536,7,516520023758847,16848,516520023862109,103262
baseline,5,intra_process_va,cpu,65536,8,516520123940128,19686,516520124099303,159175
baseline,5,intra_process_va,cpu,65536,9,516520223909123,16618,516520224083241,174118
baseline,5,intra_process_va,cpu,65536,10,516520323969840,19927,516520324136175,166335
baseline,5,intra_process_va,cpu,65536,11,516520423988161,60627,516520424151855,163694
baseline,5,intra_process_va,cpu,65536,12,516520523980018,17435,516520524127455,147437
baseline,5,intra_process_va,cpu,65536,13,516520623930762,17771,516520624068863,138101
baseline,5,intra_process_va,cpu,65536,14,516520723930782,16940,516520724067821,137039
baseline,5,intra_process_va,cpu,65536,15,516520823976933,20989,516520824151781,174848
baseline,5,intra_process_va,cpu,65536,16,516520924116342,12976,516520924184941,68599
baseline,5,intra_process_va,cpu,65536,17,516521023713667,9054,516521023760548,46881
baseline,5,intra_process_va,cpu,65536,18,516521123934801,19227,516521124097403,162602
baseline,5,intra_process_va,cpu,65536,19,516521223922502,16415,516521224052891,130389
baseline,5,inter_process,cpu,262144,0,516526241193752,575110,516526242188136,994384
baseline,5,inter_process,cpu,262144,1,516526341220560,584731,516526342231284,1010724
baseline,5,inter_process,cpu,262144,2,516526441226686,585985,516526442231024,1004338
baseline,5,inter_process,cpu,262144,3,516526541177931,575977,516526542157278,979347
baseline,5,inter_process,cpu,262144,4,516526641040870,213122,516526641396630,355760
baseline,5,inter_process,cpu,262144,5,516526741177160,432869,516526742244615,1067455
baseline,5,inter_process,cpu,262144,6,516526841251313,700986,516526842381836,1130523
baseline,5,inter_process,cpu,262144,7,516526941198853,642359,516526942276977,1078124
baseline,5,inter_process,cpu,262144,8,516527041244658,662499,516527042376473,1131815
baseline,5,inter_process,cpu,262144,9,516527141283013,433310,516527142291622,1008609
baseline,5,inter_process,cpu,262144,10,516527240944896,116284,516527241153797,208901
baseline,5,inter_process,cpu,262144,11,516527341230204,671786,516527342321428,1091224
baseline,5,inter_process,cpu,262144,12,516527441296813,651214,516527442424244,1127431
baseline,5,inter_process,cpu,262144,13,516527541219382,584147,516527542233339,1013957
baseline,5,inter_process,cpu,262144,14,516527640963365,214824,516527641339011,375646
baseline,5,inter_process,cpu,262144,15,516527741180039,568504,516527742189129,1009090
baseline,5,inter_process,cpu,262144,16,516527841067649,650308,516527842119789,1052140
baseline,5,inter_process,cpu,262144,17,516527941206527,585489,516527942208703,1002176
baseline,5,inter_process,cpu,262144,18,516528041182444,439281,516528042184334,1001890
baseline,5,inter_process,cpu,262144,19,516528141108303,587713,516528142154890,1046587
baseline,5,inter_process,cpu,4194304,0,516533345793072,3770319,516533350407228,4614156
baseline,5,inter_process,cpu,4194304,1,516533445713533,3533997,516533449966135,4252602
baseline,5,inter_process,cpu,4194304,2,516533543988433,865022,516533555293138,11304705
baseline,5,inter_process,cpu,4194304,3,516533644468772,1951559,516533658892859,14424087
baseline,5,inter_process,cpu,4194304,4,516533745292733,2965943,516533749559915,4267182
baseline,5,inter_process,cpu,4194304,5,516533845637675,3846676,516533849916192,4278517
baseline,5,inter_process,cpu,4194304,6,516533945737505,3746236,516533949906078,4168573
baseline,5,inter_process,cpu,4194304,7,516534045768234,3796953,516534049985413,4217179
baseline,5,inter_process,cpu,4194304,8,516534145772187,3847837,516534150237853,4465666
baseline,5,inter_process,cpu,4194304,9,516534245610809,3373380,516534261393079,15782270
baseline,5,inter_process,cpu,4194304,10,516534345190420,3045387,516534360327949,15137529
baseline,5,inter_process,cpu,4194304,11,516534445788440,3856549,516534461668640,15880200
baseline,5,inter_process,cpu,4194304,12,516534545431730,3520394,516534561340812,15909082
baseline,5,inter_process,cpu,4194304,13,516534644575655,1589986,516534657633328,13057673
baseline,5,inter_process,cpu,4194304,14,516534745735485,3758819,516534761692937,15957452
baseline,5,inter_process,cpu,4194304,15,516534845477714,3501691,516534861147715,15670001
baseline,5,inter_process,cpu,4194304,16,516534945585009,3532966,516534961296357,15711348
baseline,5,inter_process,cpu,4194304,17,516535045586380,3425659,516535061135700,15549320
baseline,5,inter_process,cpu,4194304,18,516535145463171,3551581,516535160999081,15535910
baseline,5,inter_process,cpu,4194304,19,516535245595858,3469865,516535261115246,15519388
baseline,5,intra_process_va,cpu,1024,0,516537160076822,16502,516537160175363,98541
baseline,5,intra_process_va,cpu,1024,1,516537260050160,15395,516537260144830,94670
baseline,5,intra_process_va,cpu,1024,2,516537360070698,19815,516537360191171,120473
baseline,5,intra_process_va,cpu,1024,3,516537460056294,17820,516537460167976,111682
baseline,5,intra_process_va,cpu,1024,4,516537559829233,17302,516537559930473,101240
baseline,5,intra_process_va,cpu,1024,5,516537659930947,15602,516537660053524,122577
baseline,5,intra_process_va,cpu,1024,6,516537759905091,4248,516537759928430,23339
baseline,5,intra_process_va,cpu,1024,7,516537860096723,19654,516537860216907,120184
baseline,5,intra_process_va,cpu,1024,8,516537960097098,19601,516537960217476,120378
baseline,5,intra_process_va,cpu,1024,9,516538059985788,108485,516538060181224,195436
baseline,5,intra_process_va,cpu,1024,10,516538159979683,18163,516538160129589,149906
baseline,5,intra_process_va,cpu,1024,11,516538260068998,19412,516538260187234,118236
baseline,5,intra_process_va,cpu,1024,12,516538359982068,16433,516538360114596,132528
baseline,5,intra_process_va,cpu,1024,13,516538459996434,53020,516538460143033,146599
baseline,5,intra_process_va,cpu,1024,14,516538560070339,20574,516538560190748,120409
baseline,5,intra_process_va,cpu,1024,15,516538659982062,16754,516538660116852,134790
baseline,5,intra_process_va,cpu,1024,16,516538759803239,14172,516538759898597,95358
baseline,5,intra_process_va,cpu,1024,17,516538859975574,16960,516538860112649,137075
baseline,5,intra_process_va,cpu,1024,18,516538959975084,16996,516538960113390,138306
baseline,5,intra_process_va,cpu,1024,19,516539059993893,55129,516539060142586,148693
baseline,5,intra_process_va,memfd,65536,0,516540771099954,15765,516540771207192,107238
baseline,5,intra_process_va,memfd,65536,1,516540871156107,17111,516540871271503,115396
baseline,5,intra_process_va,memfd,65536,2,516540971145982,16305,516540971260139,114157
baseline,5,intra_process_va,memfd,65536,3,516541071164599,17891,516541071288165,123566
baseline,5,intra_process_va,memfd,65536,4,516541171125775,17471,516541171241848,116073
baseline,5,intra_process_va,memfd,65536,5,516541271065734,16068,516541271171781,106047
baseline,5,intra_process_va,memfd,65536,6,516541371150548,18108,516541371275366,124818
baseline,5,intra_process_va,memfd,65536,7,516541471177138,18541,516541471302316,125178
baseline,5,intra_process_va,memfd,65536,8,516541571125416,17294,516541571240362,114946
baseline,5,intra_process_va,memfd,65536,9,516541671184910,16646,516541671296672,111762
baseline,5,intra_process_va,memfd,65536,10,516541771138196,17063,516541771251851,113655
baseline,5,intra_process_va,memfd,65536,11,516541870889651,8272,516541870946655,57004
baseline,5,intra_process_va,memfd,65536,12,516541974095343,4598,516541974125283,29940
baseline,5,intra_process_va,memfd,65536,13,516542070900112,17734,516542071068268,168156
baseline,5,intra_process_va,memfd,65536,14,516542171136989,16666,516542171250754,113765
baseline,5,intra_process_va,memfd,65536,15,516542271106960,16173,516542271214654,107694
baseline,5,intra_process_va,memfd,65536,16,516542371121561,19120,516542371249675,128114
baseline,5,intra_process_va,memfd,65536,17,516542471139814,16809,516542471259010,119196
baseline,5,intra_process_va,memfd,65536,18,516542571096645,17669,516542571221156,124511
baseline,5,intra_process_va,memfd,65536,19,516542671086229,14919,516542671188768,102539
baseline,5,inter_process,cpu,1048576,0,516547689466368,1446829,516547702860286,13393918
baseline,5,inter_process,cpu,1048576,1,516547789397772,1356728,516547802541744,13143972
baseline,5,inter_process,cpu,1048576,2,516547889295204,1222296,516547901329309,12034105
baseline,5,inter_process,cpu,1048576,3,516547989370364,1217198,516548002667637,13297273
baseline,5,inter_process,cpu,1048576,4,516548089522896,3290260,516548104658552,15135656
baseline,5,inter_process,cpu,1048576,5,516548188896190,377002,516548199665727,10769537
baseline,5,inter_process,cpu,1048576,6,516548289383808,1447400,516548302590938,13207130
baseline,5,inter_process,cpu,1048576,7,516548389448296,1478308,516548402708434,13260138
baseline,5,inter_process,cpu,1048576,8,516548489479115,1468140,516548502453270,12974155
baseline,5,inter_process,cpu,1048576,9,516548589582077,1768778,516548602924275,13342198
baseline,5,inter_process,cpu,1048576,10,516548689527197,1463722,516548702892952,13365755
baseline,5,inter_process,cpu,1048576,11,516548789377815,1411470,516548802674868,13297053
baseline,5,inter_process,cpu,1048576,12,516548889491154,1655499,516548903262705,13771551
baseline,5,inter_process,cpu,1048576,13,516548989443666,1441371,516549002873159,13429493
baseline,5,inter_process,cpu,1048576,14,516549089567482,1751193,516549103341876,13774394
baseline,5,inter_process,cpu,1048576,15,516549189507043,1538937,516549202927209,13420166
baseline,5,inter_process,cpu,1048576,16,516549289276590,1501032,516549291430838,2154248
baseline,5,inter_process,cpu,1048576,17,516549389462987,1613558,516549391903401,2440414
baseline,5,inter_process,cpu,1048576,18,516549489500731,1650117,516549503113334,13612603
baseline,5,inter_process,cpu,1048576,19,516549589468818,1685276,516549591786705,2317887
baseline,5,inter_process,memfd,64,0,516554451715066,1650418,516554453493682,1778616
baseline,5,inter_process,memfd,64,1,516554551761932,235818,516554552290945,529013
baseline,5,inter_process,memfd,64,2,516554651942055,329190,516554652608135,666080
baseline,5,inter_process,memfd,64,3,516554752105802,450158,516554753102622,996820
baseline,5,inter_process,memfd,64,4,516554852053945,426346,516554852969335,915390
baseline,5,inter_process,memfd,64,5,516554952103289,464420,516554953142929,1039640
baseline,5,inter_process,memfd,64,6,516555052102603,467157,516555053136442,1033839
baseline,5,inter_process,memfd,64,7,516555152077941,342244,516555153041397,963456
baseline,5,inter_process,memfd,64,8,516555252000085,473580,516555252985181,985096
baseline,5,inter_process,memfd,64,9,516555352148395,306664,516555352992396,844001
baseline,5,inter_process,memfd,64,10,516555452047766,429114,516555452979935,932169
baseline,5,inter_process,memfd,64,11,516555552072792,396738,516555552936347,863555
baseline,5,inter_process,memfd,64,12,516555651977924,345298,516555652691232,713308
baseline,5,inter_process,memfd,64,13,516555752064917,450141,516555753098410,1033493
baseline,5,inter_process,memfd,64,14,516555851979534,626840,516555853165957,1186423
baseline,5,inter_process,memfd,64,15,516555952082603,412181,516555952984509,901906
baseline,5,inter_process,memfd,64,16,516556052063542,344770,516556052991579,928037
baseline,5,inter_process,memfd,64,17,516556152116302,445051,516556153120237,1003935
baseline,5,inter_process,memfd,64,18,516556252084813,446349,516556253084146,999333
baseline,5,inter_process,memfd,64,19,516556352145667,466721,516556353198247,1052580
baseline,5,inter_process,cpu,16777216,0,516562544502011,2822336,516562559389423,14887412
baseline,5,inter_process,cpu,16777216,1,516562640501636,2931210,516562653901109,13399473
baseline,5,inter_process,cpu,16777216,2,516562744287500,2693172,516562759089489,14801989
baseline,5,inter_process,cpu,16777216,3,516562840456745,4548632,516562853876217,13419472
baseline,5,inter_process,cpu,16777216,4,516562944177314,6675854,516562952926943,8749629
baseline,5,inter_process,cpu,16777216,5,516563044783807,2643892,516563059516452,14732645
baseline,5,inter_process,cpu,16777216,6,516563144143009,2678871,516563159022519,14879510
baseline,5,inter_process,cpu,16777216,7,516563244536105,2675970,516563259202830,14666725
baseline,5,inter_process,cpu,16777216,8,516563344556652,2731249,516563359346398,14789746
baseline,5,inter_process,cpu,16777216,9,516563443914497,2681637,516563458724472,14809975
baseline,5,inter_process,cpu,16777216,10,516563544545480,2766082,516563559385851,14840371
baseline,5,inter_process,cpu,16777216,11,516563640225385,5227069,516563655677800,15452415
baseline,5,inter_process,cpu,16777216,12,516563744449606,2716437,516563758914627,14465021
baseline,5,inter_process,cpu,16777216,13,516563843349876,3662879,516563858974066,15624190
baseline,5,inter_process,cpu,16777216,14,516563944507287,2713256,516563959283603,14776316
baseline,5,inter_process,cpu,16777216,15,516564043889918,2730983,516564058593259,14703341
baseline,5,inter_process,cpu,16777216,16,516564144286561,2720129,516564148690221,4403660
baseline,5,inter_process,cpu,16777216,17,516564244482352,2826130,516564259186906,14704554
baseline,5,inter_process,cpu,16777216,18,516564344563999,3154471,516564359670241,15106242
baseline,5,inter_process,cpu,16777216,19,516564444609879,2703767,516564459341362,14731483
baseline,5,intra_process_va,memfd,1048576,0,516566353380860,19108,516566353502949,122089
baseline,5,intra_process_va,memfd,1048576,1,516566453245024,15672,516566453344283,99259
baseline,5,intra_process_va,memfd,1048576,2,516566553277132,19228,516566553396863,119731
baseline,5,intra_process_va,memfd,1048576,3,516566653215553,14126,516566653306880,91327
baseline,5,intra_process_va,memfd,1048576,4,516566753323543,19246,516566753444563,121020
baseline,5,intra_process_va,memfd,1048576,5,516566853278990,18515,516566853391972,112982
baseline,5,intra_process_va,memfd,1048576,6,516566953368672,19214,516566953488988,120316
baseline,5,intra_process_va,memfd,1048576,7,516567052798194,4829,516567052823972,25778
baseline,5,intra_process_va,memfd,1048576,8,516567153282133,18193,516567153395105,112972
baseline,5,intra_process_va,memfd,1048576,9,516567253111172,14088,516567253191041,79869
baseline,5,intra_process_va,memfd,1048576,10,516567353356019,20599,516567353479082,123063
baseline,5,intra_process_va,memfd,1048576,11,516567453416221,20096,516567453545498,129277
baseline,5,intra_process_va,memfd,1048576,12,516567553347324,19098,516567553466091,118767
baseline,5,intra_process_va,memfd,1048576,13,516567653238661,14179,516567653345248,106587
baseline,5,intra_process_va,memfd,1048576,14,516567753345394,19291,516567753465366,119972
baseline,5,intra_process_va,memfd,1048576,15,516567853355950,19245,516567853476422,120472
baseline,5,intra_process_va,memfd,1048576,16,516567953388325,20677,516567953519532,131207
baseline,5,intra_process_va,memfd,1048576,17,516568053377937,20507,516568053507893,129956
baseline,5,intra_process_va,memfd,1048576,18,516568153400977,19440,516568153521386,120409
baseline,5,intra_process_va,memfd,1048576,19,516568253287380,18395,516568253400507,113127
baseline,5,intra_process_va,memfd,1024,0,516569972071965,15364,516569972180671,108706
baseline,5,intra_process_va,memfd,1024,1,516570071978008,15641,516570072138204,160196
baseline,5,intra_process_va,memfd,1024,2,516570172076437,18072,516570172202807,126370
baseline,5,intra_process_va,memfd,1024,3,516570272088562,16633,516570272202011,113449
baseline,5,intra_process_va,memfd,1024,4,516570372047480,16820,516570372161877,114397
baseline,5,intra_process_va,memfd,1024,5,516570471993244,53017,516570472138607,145363
baseline,5,intra_process_va,memfd,1024,6,516570571981328,14659,516570572155037,173709
baseline,5,intra_process_va,memfd,1024,7,516570672042333,16659,516570672157278,114945
baseline,5,intra_process_va,memfd,1024,8,516570772071141,16439,516570772185462,114321
baseline,5,intra_process_va,memfd,1024,9,516570872118340,17050,516570872233902,115562
baseline,5,intra_process_va,memfd,1024,10,516570971986961,50013,516570972128457,141496
baseline,5,intra_process_va,memfd,1024,11,516571072050183,17493,516571072195096,144913
baseline,5,intra_process_va,memfd,1024,12,516571172103077,18321,516571172229503,126426
baseline,5,intra_process_va,memfd,1024,13,516571271768979,3633,516571271792420,23441
baseline,5,intra_process_va,memfd,1024,14,516571371810224,15571,516571371906873,96649
baseline,5,intra_process_va,memfd,1024,15,516571472052845,15790,516571472162027,109182
baseline,5,intra_process_va,memfd,1024,16,516571572066391,17308,516571572182102,115711
baseline,5,intra_process_va,memfd,1024,17,516571671832280,14733,516571671944290,112010
baseline,5,intra_process_va,memfd,1024,18,516571771983107,14853,516571772127436,144329
baseline,5,intra_process_va,memfd,1024,19,516571872038057,15603,516571872145781,107724
baseline,5,intra_process_va,cpu,64,0,516573587896343,17995,516573588062148,165805
baseline,5,intra_process_va,cpu,64,1,516573687916529,17090,516573688076641,160112
baseline,5,intra_process_va,cpu,64,2,516573787926116,18141,516573788082293,156177
baseline,5,intra_process_va,cpu,64,3,516573887908531,15488,516573888035294,126763
baseline,5,intra_process_va,cpu,64,4,516573987904581,16849,516573988057254,152673
baseline,5,intra_process_va,cpu,64,5,516574087906561,18944,516574088086995,180434
baseline,5,intra_process_va,cpu,64,6,516574187999545,72201,516574188170002,170457
baseline,5,intra_process_va,cpu,64,7,516574287919650,16578,516574288057131,137481
baseline,5,intra_process_va,cpu,64,8,516574387866495,14253,516574387962457,95962
baseline,5,intra_process_va,cpu,64,9,516574487738543,17734,516574487847795,109252
baseline,5,intra_process_va,cpu,64,10,516574587910342,17165,516574588059713,149371
baseline,5,intra_process_va,cpu,64,11,516574687979742,16754,516574688124949,145207
baseline,5,intra_process_va,cpu,64,12,516574787898971,15769,516574788033679,134708
baseline,5,intra_process_va,cpu,64,13,516574887916095,16640,516574888061301,145206
baseline,5,intra_process_va,cpu,64,14,516574987952530,19174,516574988109205,156675
baseline,5,intra_process_va,cpu,64,15,516575087845171,17545,516575087955768,110597
baseline,5,intra_process_va,cpu,64,16,516575187948036,18603,516575188115794,167758
baseline,5,intra_process_va,cpu,64,17,516575287941604,18954,516575288127816,186212
baseline,5,intra_process_va,cpu,64,18,516575387658663,7982,516575387704887,46224
baseline,5,intra_process_va,cpu,64,19,516575487897554,15475,516575488047870,150316
baseline,5,inter_process,memfd,1024,0,516580513121650,445607,516580514089338,967688
baseline,5,inter_process,memfd,1024,1,516580613113154,424773,516580614055451,942297
baseline,5,inter_process,memfd,1024,2,516580713161376,418673,516580714093098,931722
baseline,5,inter_process,memfd,1024,3,516580813146471,471504,516580814194861,1048390
baseline,5,inter_process,memfd,1024,4,516580913185790,412420,516580914109253,923463
baseline,5,inter_process,memfd,1024,5,516581013209693,469866,516581014225445,1015752
baseline,5,inter_process,memfd,1024,6,516581113178070,309676,516581114042276,864206
baseline,5,inter_process,memfd,1024,7,516581213124250,419532,516581214065102,940852
baseline,5,inter_process,memfd,1024,8,516581313170612,459740,516581314202420,1031808
baseline,5,inter_process,memfd,1024,9,516581413210698,350943,516581414177949,967251
baseline,5,inter_process,memfd,1024,10,516581513118345,402471,516581513998690,880345
baseline,5,inter_process,memfd,1024,11,516581613171241,462794,516581614214122,1042881
baseline,5,inter_process,memfd,1024,12,516581712785822,85146,516581712973521,187699
baseline,5,inter_process,memfd,1024,13,516581813119728,441981,516581814110248,990520
baseline,5,inter_process,memfd,1024,14,516581913160259,461918,516581914191257,1030998
baseline,5,inter_process,memfd,1024,15,516582012924937,421938,516582013801808,876871
baseline,5,inter_process,memfd,1024,16,516582113168869,403207,516582114063633,894764
baseline,5,inter_process,memfd,1024,17,516582213163969,343675,516582214129866,965897
baseline,5,inter_process,memfd,1024,18,516582313150443,416238,516582314076647,926204
baseline,5,inter_process,memfd,1024,19,516582413177161,457250,516582414223173,1046012
baseline,5,inter_process,memfd,1048576,0,516588599429157,681816,516588600630566,1201409
baseline,5,inter_process,memfd,1048576,1,516588699442704,760651,516588700749381,1306677
baseline,5,inter_process,memfd,1048576,2,516588799456468,743103,516588800734877,1278409
baseline,5,inter_process,memfd,1048576,3,516588899340349,628185,516588900454099,1113750
baseline,5,inter_process,memfd,1048576,4,516588999420872,744469,516589000702807,1281935
baseline,5,inter_process,memfd,1048576,5,516589099466890,759493,516589100755149,1288259
baseline,5,inter_process,memfd,1048576,6,516589199455832,719023,516589200705420,1249588
baseline,5,inter_process,memfd,1048576,7,516589298831055,1374950,516589300311605,1480550
baseline,5,inter_process,memfd,1048576,8,516589399533233,712272,516589400769514,1236281
baseline,5,inter_process,memfd,1048576,9,516589499418147,517516,516589500458522,1040375
baseline,5,inter_process,memfd,1048576,10,516589599238854,531423,516589600142372,903518
baseline,5,inter_process,memfd,1048576,11,516589699393669,677105,516589700568667,1174998
baseline,5,inter_process,memfd,1048576,12,516589799386929,662558,516589800515261,1128332
baseline,5,inter_process,memfd,1048576,13,516589899411125,677064,516589900577786,1166661
baseline,5,inter_process,memfd,1048576,14,516589998977194,253419,516589999405170,427976
baseline,5,inter_process,memfd,1048576,15,516590099345998,546307,516590100277969,931971
baseline,5,inter_process,memfd,1048576,16,516590199431452,754509,516590200729619,1298167
baseline,5,inter_process,memfd,1048576,17,516590299339628,627559,516590300455308,1115680
baseline,5,inter_process,memfd,1048576,18,516590399445960,737921,516590400711191,1265231
baseline,5,inter_process,memfd,1048576,19,516590499460886,784252,516590500753951,1293065
baseline,5,inter_process,memfd,16384,0,516596342857490,166781,516596343214012,356522
baseline,5,inter_process,memfd,16384,1,516596442821264,397969,516596443659591,838327
baseline,5,inter_process,memfd,16384,2,516596543058468,419796,516596543968055,909587
baseline,5,inter_process,memfd,16384,3,516596642914891,227256,516596643361940,447049
baseline,5,inter_process,memfd,16384,4,516596743112120,443273,516596744101687,989567
baseline,5,inter_process,memfd,16384,5,516596842986816,438671,516596843887496,900680
baseline,5,inter_process,memfd,16384,6,516596943085105,467249,516596944131246,1046141
baseline,5,inter_process,memfd,16384,7,516597042975565,491555,516597043984768,1009203
baseline,5,inter_process,memfd,16384,8,516597143110451,470342,516597144150643,1040192
baseline,5,inter_process,memfd,16384,9,516597242921511,363536,516597243843039,921528
baseline,5,inter_process,memfd,16384,10,516597343138176,452259,516597344158473,1020297
baseline,5,inter_process,memfd,16384,11,516597442847923,714911,516597444056535,1208612
baseline,5,inter_process,memfd,16384,12,516597542958147,488298,516597543931190,973043
baseline,5,inter_process,memfd,16384,13,516597642890030,178910,516597643265207,375177
baseline,5,inter_process,memfd,16384,14,516597743050697,395889,516597743912012,861315
baseline,5,inter_process,memfd,16384,15,516597843102116,442345,516597844095182,993066
baseline,5,inter_process,memfd,16384,16,516597943044846,323417,516597943873166,828320
baseline,5,inter_process,memfd,16384,17,516598043045912,419125,516598043947965,902053
baseline,5,inter_process,memfd,16384,18,516598142966298,453153,516598143911211,944913
baseline,5,inter_process,memfd,16384,19,516598243048709,448903,516598244042028,993319
baseline,5,inter_process,memfd,4096,0,516604098162508,407826,516604099084707,922199
baseline,5,inter_process,memfd,4096,1,516604197985497,158719,516604198309404,323907
baseline,5,inter_process,memfd,4096,2,516604298250024,458523,516604299284780,1034756
baseline,5,inter_process,memfd,4096,3,516604398194599,438900,516604399204312,1009713
baseline,5,inter_process,memfd,4096,4,516604498171603,417302,516604499102848,931245
baseline,5,inter_process,memfd,4096,5,516604597882300,145143,516604598179745,297445
baseline,5,inter_process,memfd,4096,6,516604698037571,244837,516604698576882,539311
baseline,5,inter_process,memfd,4096,7,516604798176407,418513,516604799116754,940347
baseline,5,inter_process,memfd,4096,8,516604898181411,319084,516604899085920,904509
baseline,5,inter_process,memfd,4096,9,516604998178802,323602,516604999106003,927201
baseline,5,inter_process,memfd,4096,10,516605098224293,400517,516605099133167,908874
baseline,5,inter_process,memfd,4096,11,516605198156614,441342,516605199145410,988796
baseline,5,inter_process,memfd,4096,12,516605298202838,464561,516605299237781,1034943
baseline,5,inter_process,memfd,4096,13,516605398269087,464037,516605399308091,1039004
baseline,5,inter_process,memfd,4096,14,516605498147151,399753,516605499031506,884355
baseline,5,inter_process,memfd,4096,15,516605598191143,396557,516605599079288,888145
baseline,5,inter_process,memfd,4096,16,516605698200445,340496,516605699142963,942518
baseline,5,inter_process,memfd,4096,17,516605798206960,430706,516605799152190,945230
baseline,5,inter_process,memfd,4096,18,516605898159076,436092,516605899079369,920293
baseline,5,inter_process,memfd,4096,19,516605998162381,444255,516605999149460,987079
baseline,5,intra_process_va,memfd,16384,0,516608867694717,4107,516608867721495,26778
baseline,5,intra_process_va,memfd,16384,1,516608967857778,7401,516608967908789,51011
baseline,5,intra_process_va,memfd,16384,2,516609067987248,55485,516609068143591,156343
baseline,5,intra_process_va,memfd,16384,3,516609168097829,18934,516609168227070,129241
baseline,5,intra_process_va,memfd,16384,4,516609267973145,14911,516609268117492,144347
baseline,5,intra_process_va,memfd,16384,5,516609367886992,18304,516609368047587,160595
baseline,5,intra_process_va,memfd,16384,6,516609468069855,15956,516609468182832,112977
baseline,5,intra_process_va,memfd,16384,7,516609568107128,18124,516609568228376,121248
baseline,5,intra_process_va,memfd,16384,8,516609668054891,17083,516609668171002,116111
baseline,5,intra_process_va,memfd,16384,9,516609768104107,17459,516609768222362,118255
baseline,5,intra_process_va,memfd,16384,10,516609868110862,18705,516609868237951,127089
baseline,5,intra_process_va,memfd,16384,11,516609968076331,16617,516609968192848,116517
baseline,5,intra_process_va,memfd,16384,12,516610068084912,18342,516610068212665,127753
baseline,5,intra_process_va,memfd,16384,13,516610168118482,19244,516610168246670,128188
baseline,5,intra_process_va,memfd,16384,14,516610268062484,17172,516610268179851,117367
baseline,5,intra_process_va,memfd,16384,15,516610368040324,17852,516610368159385,119061
baseline,5,intra_process_va,memfd,16384,16,516610468035139,16007,516610468143893,108754
baseline,5,intra_process_va,memfd,16384,17,516610568078036,18606,516610568206223,128187
baseline,5,intra_process_va,memfd,16384,18,516610667990251,56093,516610668139305,149054
baseline,5,intra_process_va,memfd,16384,19,516610768073477,17517,516610768194394,120917
baseline,5,intra_process_va,cpu,16777216,0,516612532661646,16190,516612532743534,81888
baseline,5,intra_process_va,cpu,16777216,1,516612632180685,19936,516612632254154,73469
baseline,5,intra_process_va,cpu,16777216,2,516612732723562,17566,516612732802426,78864
baseline,5,intra_process_va,cpu,16777216,3,516612832348188,16304,516612832420681,72493
baseline,5,intra_process_va,cpu,16777216,4,516612932675029,15625,516612932752408,77379
baseline,5,intra_process_va,cpu,16777216,5,516613029505642,10203,516613029542743,37101
baseline,5,intra_process_va,cpu,16777216,6,516613132286772,16021,516613132363758,76986
baseline,5,intra_process_va,cpu,16777216,7,516613232453756,5909,516613232482770,29014
baseline,5,intra_process_va,cpu,16777216,8,516613332637761,5429,516613332665939,28178
baseline,5,intra_process_va,cpu,16777216,9,516613432414936,5876,516613432455212,40276
baseline,5,intra_process_va,cpu,16777216,10,516613532323000,16412,516613532396022,73022
baseline,5,intra_process_va,cpu,16777216,11,516613632407738,5623,516613632436672,28934
baseline,5,intra_process_va,cpu,16777216,12,516613732053376,5497,516613732081745,28369
baseline,5,intra_process_va,cpu,16777216,13,516613832274952,15402,516613832346692,71740
baseline,5,intra_process_va,cpu,16777216,14,516613932671457,16073,516613932719468,48011
baseline,5,intra_process_va,cpu,16777216,15,516614032261090,15346,516614032333389,72299
baseline,5,intra_process_va,cpu,16777216,16,516614132552307,5558,516614132583193,30886
baseline,5,intra_process_va,cpu,16777216,17,516614232437551,6018,516614232467352,29801
baseline,5,intra_process_va,cpu,16777216,18,516614332626597,16158,516614332703851,77254
baseline,5,intra_process_va,cpu,16777216,19,516614432343515,14958,516614432413753,70238
baseline,5,intra_process_va,cpu,262144,0,516616136841592,19391,516616136952695,111103
baseline,5,intra_process_va,cpu,262144,1,516616237130805,21843,516616237255198,124393
baseline,5,intra_process_va,cpu,262144,2,516616337119021,20867,516616337230534,111513
baseline,5,intra_process_va,cpu,262144,3,516616436977193,17604,516616437109037,131844
baseline,5,intra_process_va,cpu,262144,4,516616537095342,21319,516616537229153,133811
baseline,5,intra_process_va,cpu,262144,5,516616636799868,5133,516616636828955,29087
baseline,5,intra_process_va,cpu,262144,6,516616737089870,21544,516616737213244,123374
baseline,5,intra_process_va,cpu,262144,7,516616837086485,20242,516616837202178,115693
baseline,5,intra_process_va,cpu,262144,8,516616937083592,20856,516616937199753,116161
baseline,5,intra_process_va,cpu,262144,9,516617037164481,22089,516617037283172,118691
baseline,5,intra_process_va,cpu,262144,10,516617137130057,20581,516617137243499,113442
baseline,5,intra_process_va,cpu,262144,11,516617236763043,4513,516617236786202,23159
baseline,5,intra_process_va,cpu,262144,12,516617337090341,23195,516617337214582,124241
baseline,5,intra_process_va,cpu,262144,13,516617437104455,20987,516617437221675,117220
baseline,5,intra_process_va,cpu,262144,14,516617537078242,21108,516617537195954,117712
baseline,5,intra_process_va,cpu,262144,15,516617636764454,4845,516617636791219,26765
baseline,5,intra_process_va,cpu,262144,16,516617737061148,19294,516617737174093,112945
baseline,5,intra_process_va,cpu,262144,17,516617837043370,18663,516617837149847,106477
baseline,5,intra_process_va,cpu,262144,18,516617937078316,18954,516617937185254,106938
baseline,5,intra_process_va,cpu,262144,19,516618037080082,20143,516618037194351,114269
baseline,5,inter_process,cpu,1024,0,516623054090386,320584,516623054756618,666232
baseline,5,inter_process,cpu,1024,1,516623154095904,345681,516623154802597,706693
baseline,5,inter_process,cpu,1024,2,516623254085913,309292,516623254717847,631934
baseline,5,inter_process,cpu,1024,3,516623354086674,343031,516623354786777,700103
baseline,5,inter_process,cpu,1024,4,516623453783090,65273,516623453921223,138133
baseline,5,inter_process,cpu,1024,5,516623554070483,312335,516623554706706,636223
baseline,5,inter_process,cpu,1024,6,516623653994062,324897,516623654602208,608146
baseline,5,inter_process,cpu,1024,7,516623754082021,345440,516623754785719,703698
baseline,5,inter_process,cpu,1024,8,516623854080771,345097,516623854782711,701940
baseline,5,inter_process,cpu,1024,9,516623954144662,216325,516623954789788,645126
baseline,5,inter_process,cpu,1024,10,516624054076363,306362,516624054703511,627148
baseline,5,inter_process,cpu,1024,11,516624154088868,309119,516624154726836,637968
baseline,5,inter_process,cpu,1024,12,516624254090814,336687,516624254788519,697705
baseline,5,inter_process,cpu,1024,13,516624353985846,376140,516624354702450,716604
baseline,5,inter_process,cpu,1024,14,516624454053010,328762,516624454707792,654782
baseline,5,inter_process,cpu,1024,15,516624553992789,361257,516624554672622,679833
baseline,5,inter_process,cpu,1024,16,516624653820062,168513,516624654310889,490827
baseline,5,inter_process,cpu,1024,17,516624753946652,360142,516624754629670,683018
baseline,5,inter_process,cpu,1024,18,516624854085851,310472,516624854719192,633341
baseline,5,inter_process,cpu,1024,19,516624953927029,300964,516624954524467,597438
baseline,5,inter_process,cpu,16384,0,516629815097908,372729,516629815848849,750941
baseline,5,inter_process,cpu,16384,1,516629915064162,302843,516629915681688,617526
baseline,5,inter_process,cpu,16384,2,516630015089377,302727,516630015705948,616571
baseline,5,inter_process,cpu,16384,3,516630115133649,330487,516630115790940,657291
baseline,5,inter_process,cpu,16384,4,516630215139854,342637,516630215876790,736936
baseline,5,inter_process,cpu,16384,5,516630315141309,350914,516630315863555,722246
baseline,5,inter_process,cpu,16384,6,516630415077509,344463,516630415783077,705568
baseline,5,inter_process,cpu,16384,7,516630514876303,261519,516630515499867,623564
baseline,5,inter_process,cpu,16384,8,516630615070649,329725,516630615721424,650775
baseline,5,inter_process,cpu,16384,9,516630715160887,230086,516630715836328,675441
baseline,5,inter_process,cpu,16384,10,516630815097163,328747,516630815747837,650674
baseline,5,inter_process,cpu,16384,11,516630915068417,336637,516630915754762,686345
baseline,5,inter_process,cpu,16384,12,516631015126344,314322,516631015760393,634049
baseline,5,inter_process,cpu,16384,13,516631115084301,300063,516631115706739,622438
baseline,5,inter_process,cpu,16384,14,516631215113001,359147,516631215840116,727115
baseline,5,inter_process,cpu,16384,15,516631315098228,365651,516631315840925,742697
baseline,5,inter_process,cpu,16384,16,516631415071069,190527,516631415614696,543627
baseline,5,inter_process,cpu,16384,17,516631515076907,337280,516631515729573,652666
baseline,5,inter_process,cpu,16384,18,516631615116704,349135,516631615835272,718568
baseline,5,inter_process,cpu,16384,19,516631715112576,295940,516631715748258,635682
baseline,5,intra_process_va,cpu,1048576,0,516633608334195,22706,516633608452568,118373
baseline,5,intra_process_va,cpu,1048576,1,516633708429196,23160,516633708548120,118924
baseline,5,intra_process_va,cpu,1048576,2,516633808408641,24544,516633808534314,125673
baseline,5,intra_process_va,cpu,1048576,3,516633907864258,8391,516633907901790,37532
baseline,5,intra_process_va,cpu,1048576,4,516634008247050,20507,516634008353178,106128
baseline,5,intra_process_va,cpu,1048576,5,516634108394101,22604,516634108511885,117784
baseline,5,intra_process_va,cpu,1048576,6,516634208336551,21264,516634208452634,116083
baseline,5,intra_process_va,cpu,1048576,7,516634308309851,20601,516634308418817,108966
baseline,5,intra_process_va,cpu,1048576,8,516634408409325,24563,516634408535154,125829
baseline,5,intra_process_va,cpu,1048576,9,516634508354773,21146,516634508464085,109312
baseline,5,intra_process_va,cpu,1048576,10,516634608350732,22978,516634608467459,116727
baseline,5,intra_process_va,cpu,1048576,11,516634708299677,22526,516634708414269,114592
baseline,5,intra_process_va,cpu,1048576,12,516634808431928,25303,516634808558471,126543
baseline,5,intra_process_va,cpu,1048576,13,516634908371021,23652,516634908490556,119535
baseline,5,intra_process_va,cpu,1048576,14,516635008312951,20732,516635008421963,109012
baseline,5,intra_process_va,cpu,1048576,15,516635108412113,24200,516635108537989,125876
baseline,5,intra_process_va,cpu,1048576,16,516635208379886,23975,516635208501019,121133
baseline,5,intra_process_va,cpu,1048576,17,516635308360261,20811,516635308467939,107678
baseline,5,intra_process_va,cpu,1048576,18,516635408294682,20898,516635408403964,109282
baseline,5,intra_process_va,cpu,1048576,19,516635508319754,20905,516635508429079,109325
baseline,5,inter_process,memfd,16777216,0,516640530915866,2395402,516640533428307,2512441
baseline,5,inter_process,memfd,16777216,1,516640630611827,2106784,516640632830833,2219006
baseline,5,inter_process,memfd,16777216,2,516640730943677,2096159,516640733143815,2200138
baseline,5,inter_process,memfd,16777216,3,516640830581885,1931391,516640832618964,2037079
baseline,5,inter_process,memfd,16777216,4,516640930556155,1945706,516640932605296,2049141
baseline,5,inter_process,memfd,16777216,5,516641030486570,2667911,516641033265095,2778525
baseline,5,inter_process,memfd,16777216,6,516641130512810,2086511,516641132705758,2192948
baseline,5,inter_process,memfd,16777216,7,516641230552373,2183329,516641232841832,2289459
baseline,5,inter_process,memfd,16777216,8,516641330737280,2238174,516641333085865,2348585
baseline,5,inter_process,memfd,16777216,9,516641430877707,1753458,516641432744257,1866550
baseline,5,inter_process,memfd,16777216,10,516641530480983,2407848,516641532998193,2517210
baseline,5,inter_process,memfd,16777216,11,516641630297521,2448963,516641632856071,2558550
baseline,5,inter_process,memfd,16777216,12,516641730564598,2034769,516641732708553,2143955
baseline,5,inter_process,memfd,16777216,13,516641830436047,2153241,516641832698648,2262601
baseline,5,inter_process,memfd,16777216,14,516641930549424,2184789,516641932842422,2292998
baseline,5,inter_process,memfd,16777216,15,516642030562265,2609710,516642033280779,2718514
baseline,5,inter_process,memfd,16777216,16,516642130463213,2649109,516642133216010,2752797
baseline,5,inter_process,memfd,16777216,17,516642228157275,1338514,516642229647675,1490400
baseline,5,inter_process,memfd,16777216,18,516642329325864,2002871,516642331543627,2217763
baseline,5,inter_process,memfd,16777216,19,516642430693419,1946315,516642432758685,2065266
baseline,5,intra_process_va,memfd,4096,0,516645299038537,15947,516645299148128,109591
baseline,5,intra_process_va,memfd,4096,1,516645399048687,18401,516645399171541,122854
baseline,5,intra_process_va,memfd,4096,2,516645498988383,52838,516645499142108,153725
baseline,5,intra_process_va,memfd,4096,3,516645598996855,56622,516645599156091,159236
baseline,5,intra_process_va,memfd,4096,4,516645699067825,19043,516645699197204,129379
baseline,5,intra_process_va,memfd,4096,5,516645798997419,51818,516645799148972,151553
baseline,5,intra_process_va,memfd,4096,6,516645899070840,18471,516645899198092,127252
baseline,5,intra_process_va,memfd,4096,7,516645998940097,15143,516645999093658,153561
baseline,5,intra_process_va,memfd,4096,8,516646099040257,16224,516646099157209,116952
baseline,5,intra_process_va,memfd,4096,9,516646198964541,15257,516646199157839,193298
baseline,5,intra_process_va,memfd,4096,10,516646298999365,51885,516646299150279,150914
baseline,5,intra_process_va,memfd,4096,11,516646398736117,8160,516646398793040,56923
baseline,5,intra_process_va,memfd,4096,12,516646498743777,7047,516646498794660,50883
baseline,5,intra_process_va,memfd,4096,13,516646599057870,16154,516646599167686,109816
baseline,5,intra_process_va,memfd,4096,14,516646698959941,17265,516646699129267,169326
baseline,5,intra_process_va,memfd,4096,15,516646798987143,60800,516646799147092,159949
baseline,5,intra_process_va,memfd,4096,16,516646899051435,18351,516646899178355,126920
baseline,5,intra_process_va,memfd,4096,17,516646999086327,17611,516646999203272,116945
baseline,5,intra_process_va,memfd,4096,18,516647098956175,15449,516647099117282,161107
baseline,5,intra_process_va,memfd,4096,19,516647199069935,18333,516647199198298,128363
baseline,5,intra_process_va,memfd,262144,0,516648902187617,18112,516648902314185,126568
baseline,5,intra_process_va,memfd,262144,1,516649002203365,16796,516649002318337,114972
baseline,5,intra_process_va,memfd,262144,2,516649102173061,16679,516649102290135,117074
baseline,5,intra_process_va,memfd,262144,3,516649201859117,12605,516649201944052,84935
baseline,5,intra_process_va,memfd,262144,4,516649302124310,17357,516649302236210,111900
baseline,5,intra_process_va,memfd,262144,5,516649402186846,17132,516649402304408,117562
baseline,5,intra_process_va,memfd,262144,6,516649502160571,16263,516649502277402,116831
baseline,5,intra_process_va,memfd,262144,7,516649602192138,16527,516649602301024,108886
baseline,5,intra_process_va,memfd,262144,8,516649702142572,16377,516649702251578,109006
baseline,5,intra_process_va,memfd,262144,9,516649801940305,16979,516649802132741,192436
baseline,5,intra_process_va,memfd,262144,10,516649902204012,19138,516649902331796,127784
baseline,5,intra_process_va,memfd,262144,11,516650002229004,18346,516650002354993,125989
baseline,5,intra_process_va,memfd,262144,12,516650102166976,16371,516650102284921,117945
baseline,5,intra_process_va,memfd,262144,13,516650202189650,18828,516650202317880,128230
baseline,5,intra_process_va,memfd,262144,14,516650302192638,19055,516650302313798,121160
baseline,5,intra_process_va,memfd,262144,15,516650402188833,19140,516650402314907,126074
baseline,5,intra_process_va,memfd,262144,16,516650502171838,16205,516650502287833,115995
baseline,5,intra_process_va,memfd,262144,17,516650602127886,16649,516650602237449,109563
baseline,5,intra_process_va,memfd,262144,18,516650701987582,4087,516650702020548,32966
baseline,5,intra_process_va,memfd,262144,19,516650802155747,16828,516650802266298,110551
baseline,5,inter_process,cpu,64,0,516655814072490,340660,516655814714974,642484
baseline,5,inter_process,cpu,64,1,516655913978080,348227,516655914684017,705937
baseline,5,inter_process,cpu,64,2,516656014144305,304177,516656014780424,636119
baseline,5,inter_process,cpu,64,3,516656114133589,336831,516656114831869,698280
baseline,5,inter_process,cpu,64,4,516656214069510,325844,516656214714195,644685
baseline,5,inter_process,cpu,64,5,516656314080027,297394,516656314710173,630146
baseline,5,inter_process,cpu,64,6,516656414130090,349494,516656414813091,683001
baseline,5,inter_process,cpu,64,7,516656514089248,189880,516656514663418,574170
baseline,5,inter_process,cpu,64,8,516656614107369,340604,516656614802417,695048
baseline,5,inter_process,cpu,64,9,516656714091887,210911,516656714737999,646112
baseline,5,inter_process,cpu,64,10,516656814061357,290297,516656814686473,625116
baseline,5,inter_process,cpu,64,11,516656913767377,65941,516656913907079,139702
baseline,5,inter_process,cpu,64,12,516657013951166,141435,516657014236831,285665
baseline,5,inter_process,cpu,64,13,516657114092513,317859,516657114747274,654761
baseline,5,inter_process,cpu,64,14,516657214074474,289531,516657214710102,635628
baseline,5,inter_process,cpu,64,15,516657314067035,321447,516657314695092,628057
baseline,5,inter_process,cpu,64,16,516657414111509,348281,516657414813640,702131
baseline,5,inter_process,cpu,64,17,516657514060223,300265,516657514689591,629368
baseline,5,inter_process,cpu,64,18,516657614066586,318419,516657614709063,642477
baseline,5,inter_process,cpu,64,19,516657714079704,296011,516657714737740,658036
baseline,5,inter_process,memfd,65536,0,516662914221302,486442,516662915303065,1081763
baseline,5,inter_process,memfd,65536,1,516663014129761,409576,516663014997146,867385
baseline,5,inter_process,memfd,65536,2,516663113937953,464231,516663114920298,982345
baseline,5,inter_process,memfd,65536,3,516663213783407,2313176,516663216208169,2424762
baseline,5,inter_process,memfd,65536,4,516663314089029,347533,516663314861465,772436
baseline,5,inter_process,memfd,65536,5,516663414190804,482040,516663415244270,1053466
baseline,5,inter_process,memfd,65536,6,516663514158286,431702,516663515098155,939869
baseline,5,inter_process,memfd,65536,7,516663614208394,434405,516663615219804,1011410
baseline,5,inter_process,memfd,65536,8,516663714155867,455916,516663715155472,999605
baseline,5,inter_process,memfd,65536,9,516663814245374,295383,516663815074726,829352
baseline,5,inter_process,memfd,65536,10,516663914168480,467152,516663915206547,1038067
baseline,5,inter_process,memfd,65536,11,516664014221372,482118,516664015286892,1065520
baseline,5,inter_process,memfd,65536,12,516664114177994,429411,516664115124131,946137
baseline,5,inter_process,memfd,65536,13,516664214202965,453871,516664215203774,1000809
baseline,5,inter_process,memfd,65536,14,516664314139238,402660,516664315029049,889811
baseline,5,inter_process,memfd,65536,15,516664414179352,480801,516664415231549,1052197
baseline,5,inter_process,memfd,65536,16,516664514146408,391035,516664514988782,842374
baseline,5,inter_process,memfd,65536,17,516664614164641,435022,516664615189283,1024642
baseline,5,inter_process,memfd,65536,18,516664714205638,350194,516664715173017,967379
baseline,5,inter_process,memfd,65536,19,516664814169989,426530,516664815122439,952450
baseline,5,intra_process_va,cpu,4194304,0,516667693421195,18011,516667693508325,87130
baseline,5,intra_process_va,cpu,4194304,1,516667793581568,23347,516667793690158,108590
baseline,5,intra_process_va,cpu,4194304,2,516667893835545,23249,516667893948877,113332
baseline,5,intra_process_va,cpu,4194304,3,516667993773497,23749,516667993888873,115376
baseline,5,intra_process_va,cpu,4194304,4,516668093716335,22699,516668093825663,109328
baseline,5,intra_process_va,cpu,4194304,5,516668193572787,22327,516668193679826,107039
baseline,5,intra_process_va,cpu,4194304,6,516668293670159,22572,516668293777646,107487
baseline,5,intra_process_va,cpu,4194304,7,516668393628498,22587,516668393734837,106339
baseline,5,intra_process_va,cpu,4194304,8,516668493588705,21623,516668493705896,117191
baseline,5,intra_process_va,cpu,4194304,9,516668593716667,23799,516668593831020,114353
baseline,5,intra_process_va,cpu,4194304,10,516668693806613,24039,516668693921686,115073
baseline,5,intra_process_va,cpu,4194304,11,516668793597177,21565,516668793704273,107096
baseline,5,intra_process_va,cpu,4194304,12,516668893761238,23138,516668893874290,113052
baseline,5,intra_process_va,cpu,4194304,13,516668993824181,22847,516668993939442,115261
baseline,5,intra_process_va,cpu,4194304,14,516669093771394,22705,516669093880363,108969
baseline,5,intra_process_va,cpu,4194304,15,516669193814019,23299,516669193929322,115303
baseline,5,intra_process_va,cpu,4194304,16,516669292783676,14079,516669292853421,69745
baseline,5,intra_process_va,cpu,4194304,17,516669393602321,21479,516669393708590,106269
baseline,5,intra_process_va,cpu,4194304,18,516669492451861,9692,516669492499397,47536
baseline,5,intra_process_va,cpu,4194304,19,516669592456240,9414,516669592501118,44878
baseline,5,inter_process,memfd,262144,0,516674615122803,505122,516674616197739,1074936
baseline,5,inter_process,memfd,262144,1,516674715148066,517088,516674716256175,1108109
baseline,5,inter_process,memfd,262144,2,516674815162773,454358,516674816103748,940975
baseline,5,inter_process,memfd,262144,3,516674915208450,528536,516674916306481,1098031
baseline,5,inter_process,memfd,262144,4,516675015143652,489071,516675016172116,1028464
baseline,5,inter_process,memfd,262144,5,516675115147739,456321,516675116096959,949220
baseline,5,inter_process,memfd,262144,6,516675215259606,496960,516675216264355,1004749
baseline,5,inter_process,memfd,262144,7,516675315238690,518033,516675316306615,1067925
baseline,5,inter_process,memfd,262144,8,516675415183874,533227,516675416248264,1064390
baseline,5,inter_process,memfd,262144,9,516675515155600,250399,516675515735725,580125
baseline,5,inter_process,memfd,262144,10,516675615168915,519169,516675616254507,1085592
baseline,5,inter_process,memfd,262144,11,516675715201509,471868,516675716200167,998658
baseline,5,inter_process,memfd,262144,12,516675814903641,209643,516675815325413,421772
baseline,5,inter_process,memfd,262144,13,516675914849087,250436,516675915342202,493115
baseline,5,inter_process,memfd,262144,14,516676015160132,471124,516676016124760,964628
baseline,5,inter_process,memfd,262144,15,516676115179087,419246,516676116220953,1041866
baseline,5,inter_process,memfd,262144,16,516676215040622,442349,516676215897099,856477
baseline,5,inter_process,memfd,262144,17,516676315177175,481421,516676316186566,1009391
baseline,5,inter_process,memfd,262144,18,516676415206195,506076,516676416254878,1048683
baseline,5,inter_process,memfd,262144,19,516676514935421,468655,516676515793093,857672
baseline,5,inter_process,memfd,4194304,0,516682701075873,1264690,516682702762949,1687076
baseline,5,inter_process,memfd,4194304,1,516682801079565,1208671,516682802685409,1605844
baseline,5,inter_process,memfd,4194304,2,516682901088913,1324178,516682902831979,1743066
baseline,5,inter_process,memfd,4194304,3,516683001050786,1340178,516683002813836,1763050
baseline,5,inter_process,memfd,4194304,4,516683101110062,1408851,516683102982395,1872333
baseline,5,inter_process,memfd,4194304,5,516683201089679,1344798,516683202851736,1762057
baseline,5,inter_process,memfd,4194304,6,516683301061614,1373197,516683302835013,1773399
baseline,5,inter_process,memfd,4194304,7,516683401175503,1306750,516683402907819,1732316
baseline,5,inter_process,memfd,4194304,8,516683501087976,1272018,516683502753070,1665094
baseline,5,inter_process,memfd,4194304,9,516683601190932,1170686,516683602825994,1635062
baseline,5,inter_process,memfd,4194304,10,516683701074437,1368419,516683702880820,1806383
baseline,5,inter_process,memfd,4194304,11,516683800813002,1269352,516683802463596,1650594
baseline,5,inter_process,memfd,4194304,12,516683901092701,1409357,516683902966327,1873626
baseline,5,inter_process,memfd,4194304,13,516684000977413,1323548,516684002724912,1747499
baseline,5,inter_process,memfd,4194304,14,516684101052487,1302491,516684102775064,1722577
baseline,5,inter_process,memfd,4194304,15,516684203670310,323800,516684204118582,448272
baseline,5,inter_process,memfd,4194304,16,516684301062373,1348404,516684302801433,1739060
baseline,5,inter_process,memfd,4194304,17,516684401091803,1268049,516684402759266,1667463
baseline,5,inter_process,memfd,4194304,18,516684501081673,1318332,516684502827038,1745365
baseline,5,inter_process,memfd,4194304,19,516684601112159,1308851,516684602849655,1737496
