variant,repeat,communication,backend,size_bytes,sample_index,publish_timestamp_ns,publish_duration_ns,receive_timestamp_ns,e2e_latency_ns
lazy,1,inter_process,cpu,64,0,517701683963075,354097,517701684644274,681199
lazy,1,inter_process,cpu,64,1,517701783972452,349631,517701784653973,681521
lazy,1,inter_process,cpu,64,2,517701883948039,360740,517701884633238,685199
lazy,1,inter_process,cpu,64,3,517701983988098,437247,517701984765138,777040
lazy,1,inter_process,cpu,64,4,517702083935551,373618,517702084664146,728595
lazy,1,inter_process,cpu,64,5,517702183970760,225317,517702184542501,571741
lazy,1,inter_process,cpu,64,6,517702283941439,378906,517702284637529,696090
lazy,1,inter_process,cpu,64,7,517702383954184,348456,517702384622444,668260
lazy,1,inter_process,cpu,64,8,517702483807550,308883,517702484540329,732779
lazy,1,inter_process,cpu,64,9,517702583976583,246365,517702584607900,631317
lazy,1,inter_process,cpu,64,10,517702683923670,329794,517702684556721,633051
lazy,1,inter_process,cpu,64,11,517702783987548,387636,517702784695955,708407
lazy,1,inter_process,cpu,64,12,517702883950338,376130,517702884662520,712182
lazy,1,inter_process,cpu,64,13,517702983982526,397404,517702984731563,749037
lazy,1,inter_process,cpu,64,14,517703083969631,364520,517703084670289,700658
lazy,1,inter_process,cpu,64,15,517703183812040,231993,517703184408165,596125
lazy,1,inter_process,cpu,64,16,517703283692797,62921,517703283823906,131109
lazy,1,inter_process,cpu,64,17,517703383766253,363797,517703384466350,700097
lazy,1,inter_process,cpu,64,18,517703483903499,387850,517703484605092,701593
lazy,1,inter_process,cpu,64,19,517703584082517,353412,517703584820411,737894
lazy,1,inter_process,cpu,262144,0,517708791081696,562491,517708792066586,984890
lazy,1,inter_process,cpu,262144,1,517708891210580,679237,517708892319204,1108624
lazy,1,inter_process,cpu,262144,2,517708991131425,655051,517708992217370,1085945
lazy,1,inter_process,cpu,262144,3,517709091096633,644516,517709092175812,1079179
lazy,1,inter_process,cpu,262144,4,517709191121616,502699,517709192253074,1131458
lazy,1,inter_process,cpu,262144,5,517709291161877,581083,517709292168812,1006935
lazy,1,inter_process,cpu,262144,6,517709391179243,594438,517709392227890,1048647
lazy,1,inter_process,cpu,262144,7,517709490756914,197001,517709491120146,363232
lazy,1,inter_process,cpu,262144,8,517709590904239,257113,517709591308602,404363
lazy,1,inter_process,cpu,262144,9,517709691217073,428027,517709692225210,1008137
lazy,1,inter_process,cpu,262144,10,517709791123773,570763,517709792094813,971040
lazy,1,inter_process,cpu,262144,11,517709891085046,564373,517709892057636,972590
lazy,1,inter_process,cpu,262144,12,517709991143093,620402,517709992143001,999908
lazy,1,inter_process,cpu,262144,13,517710091114509,591393,517710092127129,1012620
lazy,1,inter_process,cpu,262144,14,517710191113225,581818,517710192127090,1013865
lazy,1,inter_process,cpu,262144,15,517710291106377,567915,517710292078178,971801
lazy,1,inter_process,cpu,262144,16,517710391090552,560747,517710392109775,1019223
lazy,1,inter_process,cpu,262144,17,517710491128321,500224,517710492233035,1104714
lazy,1,inter_process,cpu,262144,18,517710591140093,637604,517710592216098,1076005
lazy,1,inter_process,cpu,262144,19,517710691108255,567272,517710692164372,1056117
lazy,1,intra_process_va,memfd,262144,0,517712593123463,18385,517712593243350,119887
lazy,1,intra_process_va,memfd,262144,1,517712693182372,19590,517712693311197,128825
lazy,1,intra_process_va,memfd,262144,2,517712793145247,17981,517712793263232,117985
lazy,1,intra_process_va,memfd,262144,3,517712893134957,18667,517712893264374,129417
lazy,1,intra_process_va,memfd,262144,4,517712993119465,17593,517712993241276,121811
lazy,1,intra_process_va,memfd,262144,5,517713093109492,18210,517713093229425,119933
lazy,1,intra_process_va,memfd,262144,6,517713193225055,18512,517713193353260,128205
lazy,1,intra_process_va,memfd,262144,7,517713293137486,18229,517713293256503,119017
lazy,1,intra_process_va,memfd,262144,8,517713393157406,18888,517713393284703,127297
lazy,1,intra_process_va,memfd,262144,9,517713493068769,17034,517713493183314,114545
lazy,1,intra_process_va,memfd,262144,10,517713593174306,19176,517713593302305,127999
lazy,1,intra_process_va,memfd,262144,11,517713692809532,4143,517713692836888,27356
lazy,1,intra_process_va,memfd,262144,12,517713793112958,17610,517713793235793,122835
lazy,1,intra_process_va,memfd,262144,13,517713893171319,18985,517713893307179,135860
lazy,1,intra_process_va,memfd,262144,14,517713993074935,15963,517713993186455,111520
lazy,1,intra_process_va,memfd,262144,15,517714093152032,18431,517714093281815,129783
lazy,1,intra_process_va,memfd,262144,16,517714193081906,16477,517714193192372,110466
lazy,1,intra_process_va,memfd,262144,17,517714293126138,18285,517714293243939,117801
lazy,1,intra_process_va,memfd,262144,18,517714393121122,16058,517714393231537,110415
lazy,1,intra_process_va,memfd,262144,19,517714493156851,20008,517714493286491,129640
lazy,1,inter_process,cpu,65536,0,517719511925533,428489,517719512602595,677062
lazy,1,inter_process,cpu,65536,1,517719611767842,104539,517719611965129,197287
lazy,1,inter_process,cpu,65536,2,517719711891737,343735,517719712458836,567099
lazy,1,inter_process,cpu,65536,3,517719811825384,112653,517719812041167,215783
lazy,1,inter_process,cpu,65536,4,517719911814020,463713,517719912553730,739710
lazy,1,inter_process,cpu,65536,5,517720011810293,77728,517720011953537,143244
lazy,1,inter_process,cpu,65536,6,517720111880175,426991,517720112555891,675716
lazy,1,inter_process,cpu,65536,7,517720211961539,377423,517720212574598,613059
lazy,1,inter_process,cpu,65536,8,517720311982090,347041,517720312745473,763383
lazy,1,inter_process,cpu,65536,9,517720411963330,385937,517720412802862,839532
lazy,1,inter_process,cpu,65536,10,517720511955623,432204,517720512629886,674263
lazy,1,inter_process,cpu,65536,11,517720611894526,348295,517720612458839,564313
lazy,1,inter_process,cpu,65536,12,517720711944857,436631,517720712626807,681950
lazy,1,inter_process,cpu,65536,13,517720811962876,433371,517720812654873,691997
lazy,1,inter_process,cpu,65536,14,517720911959878,541317,517720912774853,814975
lazy,1,inter_process,cpu,65536,15,517721011964382,467541,517721012699840,735458
lazy,1,inter_process,cpu,65536,16,517721111795530,470788,517721112508051,712521
lazy,1,inter_process,cpu,65536,17,517721211792795,410999,517721212432200,639405
lazy,1,inter_process,cpu,65536,18,517721311848404,317068,517721312355810,507406
lazy,1,inter_process,cpu,65536,19,517721411720405,96148,517721411963684,243279
lazy,1,inter_process,memfd,4096,0,517726278808951,92306,517726279019098,210147
lazy,1,inter_process,memfd,4096,1,517726379149948,447334,517726380140970,991022
lazy,1,inter_process,memfd,4096,2,517726479195364,462591,517726480238551,1043187
lazy,1,inter_process,memfd,4096,3,517726579206138,442535,517726580205764,999626
lazy,1,inter_process,memfd,4096,4,517726679194053,453844,517726680221003,1026950
lazy,1,inter_process,memfd,4096,5,517726778966509,157998,517726779290915,324406
lazy,1,inter_process,memfd,4096,6,517726879111432,396632,517726879970059,858627
lazy,1,inter_process,memfd,4096,7,517726979126604,383567,517726979930526,803922
lazy,1,inter_process,memfd,4096,8,517727079406108,345930,517727080183358,777250
lazy,1,inter_process,memfd,4096,9,517727179186953,283102,517727179969075,782122
lazy,1,inter_process,memfd,4096,10,517727279182497,443415,517727280195625,1013128
lazy,1,inter_process,memfd,4096,11,517727379158667,443424,517727380146549,987882
lazy,1,inter_process,memfd,4096,12,517727479171678,413252,517727480102982,931304
lazy,1,inter_process,memfd,4096,13,517727579155582,418635,517727580086430,930848
lazy,1,inter_process,memfd,4096,14,517727679192946,474978,517727680217584,1024638
lazy,1,inter_process,memfd,4096,15,517727779194070,463617,517727780224775,1030705
lazy,1,inter_process,memfd,4096,16,517727879041717,359407,517727879816543,774826
lazy,1,inter_process,memfd,4096,17,517727979184839,444173,517727980182307,997468
lazy,1,inter_process,memfd,4096,18,517728079114785,304716,517728079968730,853945
lazy,1,inter_process,memfd,4096,19,517728179107906,441785,517728180096391,988485
lazy,1,inter_process,memfd,16777216,0,517734368774220,355678,517734369561244,787024
lazy,1,inter_process,memfd,16777216,1,517734467221059,283841,517734467826563,605504
lazy,1,inter_process,memfd,16777216,2,517734566363432,179260,517734566756993,393561
lazy,1,inter_process,memfd,16777216,3,517734667152120,283577,517734667748098,595978
lazy,1,inter_process,memfd,16777216,4,517734768507422,348281,517734769233248,725826
lazy,1,inter_process,memfd,16777216,5,517734868479817,343660,517734869194320,714503
lazy,1,inter_process,memfd,16777216,6,517734968725221,365749,517734969482988,757767
lazy,1,inter_process,memfd,16777216,7,517735068452121,360810,517735069184289,732168
lazy,1,inter_process,memfd,16777216,8,517735168562952,346690,517735169283484,720532
lazy,1,inter_process,memfd,16777216,9,517735268775954,342187,517735269519437,743483
lazy,1,inter_process,memfd,16777216,10,517735368619912,413119,517735369448415,828503
lazy,1,inter_process,memfd,16777216,11,517735468591121,344870,517735469305525,714404
lazy,1,inter_process,memfd,16777216,12,517735568588636,332773,517735569289181,700545
lazy,1,inter_process,memfd,16777216,13,517735668787720,346319,517735669566524,778804
lazy,1,inter_process,memfd,16777216,14,517735768702685,398642,517735769504140,801455
lazy,1,inter_process,memfd,16777216,15,517735868506500,361975,517735869240121,733621
lazy,1,inter_process,memfd,16777216,16,517735968527168,353357,517735969251652,724484
lazy,1,inter_process,memfd,16777216,17,517736068538968,334825,517736069240162,701194
lazy,1,inter_process,memfd,16777216,18,517736168768439,388963,517736169556697,788258
lazy,1,inter_process,memfd,16777216,19,517736268814969,358741,517736269575309,760340
lazy,1,intra_process_va,memfd,16777216,0,517739163573986,17638,517739163675933,101947
lazy,1,intra_process_va,memfd,16777216,1,517739263514730,18201,517739263617496,102766
lazy,1,intra_process_va,memfd,16777216,2,517739363709830,19146,517739363811911,102081
lazy,1,intra_process_va,memfd,16777216,3,517739463515864,16594,517739463604081,88217
lazy,1,intra_process_va,memfd,16777216,4,517739563719889,18109,517739563822843,102954
lazy,1,intra_process_va,memfd,16777216,5,517739663507531,15756,517739663594951,87420
lazy,1,intra_process_va,memfd,16777216,6,517739763592332,17662,517739763694074,101742
lazy,1,intra_process_va,memfd,16777216,7,517739863529454,18296,517739863626307,96853
lazy,1,intra_process_va,memfd,16777216,8,517739963614759,18802,517739963717805,103046
lazy,1,intra_process_va,memfd,16777216,9,517740063451349,17969,517740063551221,99872
lazy,1,intra_process_va,memfd,16777216,10,517740163434669,18698,517740163541171,106502
lazy,1,intra_process_va,memfd,16777216,11,517740263731309,18101,517740263833992,102683
lazy,1,intra_process_va,memfd,16777216,12,517740363418705,18285,517740363523161,104456
lazy,1,intra_process_va,memfd,16777216,13,517740463490869,15479,517740463579383,88514
lazy,1,intra_process_va,memfd,16777216,14,517740563401949,20263,517740563507904,105955
lazy,1,intra_process_va,memfd,16777216,15,517740663412241,16816,517740663564348,152107
lazy,1,intra_process_va,memfd,16777216,16,517740763343096,22523,517740763462146,119050
lazy,1,intra_process_va,memfd,16777216,17,517740861225074,8889,517740861264186,39112
lazy,1,intra_process_va,memfd,16777216,18,517740963078497,18099,517740963179807,101310
lazy,1,intra_process_va,memfd,16777216,19,517741063702999,19977,517741063819221,116222
lazy,1,intra_process_va,cpu,65536,0,517742778859827,19133,517742778969724,109897
lazy,1,intra_process_va,cpu,65536,1,517742879063684,19739,517742879178967,115283
lazy,1,intra_process_va,cpu,65536,2,517742978803367,4520,517742978826765,23398
lazy,1,intra_process_va,cpu,65536,3,517743078994693,76803,517743079172100,177407
lazy,1,intra_process_va,cpu,65536,4,517743179098684,21188,517743179221881,123197
lazy,1,intra_process_va,cpu,65536,5,517743279061273,19313,517743279172772,111499
lazy,1,intra_process_va,cpu,65536,6,517743379050206,20651,517743379165542,115336
lazy,1,intra_process_va,cpu,65536,7,517743478997428,52469,517743479137659,140231
lazy,1,intra_process_va,cpu,65536,8,517743579066404,17885,517743579173823,107419
lazy,1,intra_process_va,cpu,65536,9,517743679082714,22177,517743679206147,123433
lazy,1,intra_process_va,cpu,65536,10,517743779096163,21548,517743779222039,125876
lazy,1,intra_process_va,cpu,65536,11,517743879043885,19306,517743879150731,106846
lazy,1,intra_process_va,cpu,65536,12,517743979093351,18547,517743979213781,120430
lazy,1,intra_process_va,cpu,65536,13,517744078950761,18974,517744079088417,137656
lazy,1,intra_process_va,cpu,65536,14,517744179086473,21047,517744179210540,124067
lazy,1,intra_process_va,cpu,65536,15,517744279126359,20816,517744279248095,121736
lazy,1,intra_process_va,cpu,65536,16,517744379098691,20563,517744379221121,122430
lazy,1,intra_process_va,cpu,65536,17,517744479089315,19417,517744479205462,116147
lazy,1,intra_process_va,cpu,65536,18,517744578967850,13327,517744579071901,104051
lazy,1,intra_process_va,cpu,65536,19,517744678877012,19999,517744678997626,120614
lazy,1,inter_process,cpu,1048576,0,517749705441756,1668258,517749719079746,13637990
lazy,1,inter_process,cpu,1048576,1,517749805396381,1438063,517749818686104,13289723
lazy,1,inter_process,cpu,1048576,2,517749905490631,1432077,517749918813168,13322537
lazy,1,inter_process,cpu,1048576,3,517750005340890,1476015,517750018758363,13417473
lazy,1,inter_process,cpu,1048576,4,517750105428407,1421958,517750118657820,13229413
lazy,1,inter_process,cpu,1048576,5,517750205441136,1466043,517750218633474,13192338
lazy,1,inter_process,cpu,1048576,6,517750305378681,1421813,517750318855805,13477124
lazy,1,inter_process,cpu,1048576,7,517750405357175,1419777,517750418708440,13351265
lazy,1,inter_process,cpu,1048576,8,517750505490929,1499326,517750518721445,13230516
lazy,1,inter_process,cpu,1048576,9,517750605460000,1418113,517750618720676,13260676
lazy,1,inter_process,cpu,1048576,10,517750705423792,1463143,517750718858289,13434497
lazy,1,inter_process,cpu,1048576,11,517750805169362,1307591,517750818361626,13192264
lazy,1,inter_process,cpu,1048576,12,517750905339521,1299130,517750918345359,13005838
lazy,1,inter_process,cpu,1048576,13,517751005196781,1445738,517751018407703,13210922
lazy,1,inter_process,cpu,1048576,14,517751105308528,1250738,517751118211058,12902530
lazy,1,inter_process,cpu,1048576,15,517751205348875,1443775,517751218396545,13047670
lazy,1,inter_process,cpu,1048576,16,517751304868080,274864,517751315712913,10844833
lazy,1,inter_process,cpu,1048576,17,517751405431947,1452547,517751418692653,13260706
lazy,1,inter_process,cpu,1048576,18,517751505389889,1477357,517751518671671,13281782
lazy,1,inter_process,cpu,1048576,19,517751605385771,1480476,517751607489086,2103315
lazy,1,intra_process_va,cpu,16384,0,517753510913227,17775,517753511076884,163657
lazy,1,intra_process_va,cpu,16384,1,517753610733055,18926,517753610845534,112479
lazy,1,intra_process_va,cpu,16384,2,517753710931825,17705,517753711093563,161738
lazy,1,intra_process_va,cpu,16384,3,517753810875696,19178,517753810997377,121681
lazy,1,intra_process_va,cpu,16384,4,517753910937006,18209,517753911099981,162975
lazy,1,intra_process_va,cpu,16384,5,517754010780509,11785,517754010852090,71581
lazy,1,intra_process_va,cpu,16384,6,517754110892245,36425,517754111073422,181177
lazy,1,intra_process_va,cpu,16384,7,517754210935684,20770,517754211095915,160231
lazy,1,intra_process_va,cpu,16384,8,517754310918062,18368,517754311066664,148602
lazy,1,intra_process_va,cpu,16384,9,517754410934137,20679,517754411095489,161352
lazy,1,intra_process_va,cpu,16384,10,517754510966300,19298,517754511118444,152144
lazy,1,intra_process_va,cpu,16384,11,517754610722132,19115,517754610832338,110206
lazy,1,intra_process_va,cpu,16384,12,517754710951199,20001,517754711129346,178147
lazy,1,intra_process_va,cpu,16384,13,517754810869071,16689,517754810969191,100120
lazy,1,intra_process_va,cpu,16384,14,517754910929444,17727,517754911102334,172890
lazy,1,intra_process_va,cpu,16384,15,517755010890530,18585,517755011045493,154963
lazy,1,intra_process_va,cpu,16384,16,517755110999320,59009,517755111158934,159614
lazy,1,intra_process_va,cpu,16384,17,517755210944534,18223,517755211111748,167214
lazy,1,intra_process_va,cpu,16384,18,517755310930260,18443,517755311090331,160071
lazy,1,intra_process_va,cpu,16384,19,517755410928795,17274,517755411087082,158287
lazy,1,inter_process,cpu,4194304,0,517760100489591,3462904,517760116097449,15607858
lazy,1,inter_process,cpu,4194304,1,517760200086990,2792836,517760213848933,13761943
lazy,1,inter_process,cpu,4194304,2,517760300448028,3427908,517760315960671,15512643
lazy,1,inter_process,cpu,4194304,3,517760400511208,3448090,517760414966585,14455377
lazy,1,inter_process,cpu,4194304,4,517760499619955,2431174,517760514122344,14502389
lazy,1,inter_process,cpu,4194304,5,517760600730124,3483154,517760616778136,16048012
lazy,1,inter_process,cpu,4194304,6,517760700715834,3518379,517760716645076,15929242
lazy,1,inter_process,cpu,4194304,7,517760800685609,3715945,517760816721670,16036061
lazy,1,inter_process,cpu,4194304,8,517760900560416,3724892,517760904731928,4171512
lazy,1,inter_process,cpu,4194304,9,517761000691532,3662179,517761016563497,15871965
lazy,1,inter_process,cpu,4194304,10,517761100572562,3689444,517761104931627,4359065
lazy,1,inter_process,cpu,4194304,11,517761200875720,3561271,517761204843645,3967925
lazy,1,inter_process,cpu,4194304,12,517761300546624,3717655,517761304683275,4136651
lazy,1,inter_process,cpu,4194304,13,517761400770228,3916195,517761416387993,15617765
lazy,1,inter_process,cpu,4194304,14,517761500832325,3607052,517761516719721,15887396
lazy,1,inter_process,cpu,4194304,15,517761600895317,3701453,517761616790665,15895348
lazy,1,inter_process,cpu,4194304,16,517761700191750,3292908,517761715405295,15213545
lazy,1,inter_process,cpu,4194304,17,517761799165262,950122,517761811038358,11873096
lazy,1,inter_process,cpu,4194304,18,517761900477040,3707512,517761904612418,4135378
lazy,1,inter_process,cpu,4194304,19,517762000678233,3396683,517762016892730,16214497
lazy,1,inter_process,memfd,4194304,0,517766889969698,460023,517766890943181,973483
lazy,1,inter_process,memfd,4194304,1,517766990095955,479402,517766991138256,1042301
lazy,1,inter_process,memfd,4194304,2,517767090082602,431022,517767090992401,909799
lazy,1,inter_process,memfd,4194304,3,517767190102771,481689,517767191151992,1049221
lazy,1,inter_process,memfd,4194304,4,517767289911275,426165,517767290798315,887040
lazy,1,inter_process,memfd,4194304,5,517767389984082,482240,517767390980104,996022
lazy,1,inter_process,memfd,4194304,6,517767490037746,458584,517767491052202,1014456
lazy,1,inter_process,memfd,4194304,7,517767589935446,443845,517767590870257,934811
lazy,1,inter_process,memfd,4194304,8,517767690096498,452697,517767691028332,931834
lazy,1,inter_process,memfd,4194304,9,517767790159770,327716,517767791064828,905058
lazy,1,inter_process,memfd,4194304,10,517767889993693,430693,517767890919085,925392
lazy,1,inter_process,memfd,4194304,11,517767989181815,196800,517767989603079,421264
lazy,1,inter_process,memfd,4194304,12,517768089040491,148416,517768089354113,313622
lazy,1,inter_process,memfd,4194304,13,517768190090158,452426,517768191082866,992708
lazy,1,inter_process,memfd,4194304,14,517768289937426,431276,517768290832008,894582
lazy,1,inter_process,memfd,4194304,15,517768390049496,459825,517768391031551,982055
lazy,1,inter_process,memfd,4194304,16,517768489945567,444320,517768490866882,921315
lazy,1,inter_process,memfd,4194304,17,517768589957086,445347,517768590882195,925109
lazy,1,inter_process,memfd,4194304,18,517768690102417,470786,517768691080442,978025
lazy,1,inter_process,memfd,4194304,19,517768790148657,463086,517768791166801,1018144
lazy,1,inter_process,cpu,16384,0,517774692933355,373605,517774693644488,711133
lazy,1,inter_process,cpu,16384,1,517774792968515,415090,517774793743197,774682
lazy,1,inter_process,cpu,16384,2,517774892965837,404233,517774893719584,753747
lazy,1,inter_process,cpu,16384,3,517774992954954,493337,517774993807005,852051
lazy,1,inter_process,cpu,16384,4,517775092964102,357127,517775093650457,686355
lazy,1,inter_process,cpu,16384,5,517775192957998,400657,517775193707642,749644
lazy,1,inter_process,cpu,16384,6,517775292943551,372987,517775293650336,706785
lazy,1,inter_process,cpu,16384,7,517775392966754,348394,517775393656036,689282
lazy,1,inter_process,cpu,16384,8,517775492969675,269698,517775493647214,677539
lazy,1,inter_process,cpu,16384,9,517775592944138,319581,517775593655173,711035
lazy,1,inter_process,cpu,16384,10,517775693042628,361012,517775693771640,729012
lazy,1,inter_process,cpu,16384,11,517775792940082,402612,517775793702687,762605
lazy,1,inter_process,cpu,16384,12,517775892959272,372224,517775893684968,725696
lazy,1,inter_process,cpu,16384,13,517775992997890,437177,517775993801482,803592
lazy,1,inter_process,cpu,16384,14,517776092900039,305420,517776093494247,594208
lazy,1,inter_process,cpu,16384,15,517776192952819,421360,517776193739118,786299
lazy,1,inter_process,cpu,16384,16,517776293045268,244170,517776293673167,627899
lazy,1,inter_process,cpu,16384,17,517776392764638,67757,517776392905720,141082
lazy,1,inter_process,cpu,16384,18,517776492957646,409015,517776493731879,774233
lazy,1,inter_process,cpu,16384,19,517776592968039,375420,517776593691483,723444
lazy,1,inter_process,memfd,64,0,517781465081835,433371,517781466036651,954816
lazy,1,inter_process,memfd,64,1,517781565098103,470653,517781566177481,1079378
lazy,1,inter_process,memfd,64,2,517781665065230,396779,517781665927278,862048
lazy,1,inter_process,memfd,64,3,517781765134104,443265,517781766127068,992964
lazy,1,inter_process,memfd,64,4,517781865151802,461856,517781866198184,1046382
lazy,1,inter_process,memfd,64,5,517781965162162,444192,517781966153872,991710
lazy,1,inter_process,memfd,64,6,517782065154998,463824,517782066196170,1041172
lazy,1,inter_process,memfd,64,7,517782165062062,389514,517782165917323,855261
lazy,1,inter_process,memfd,64,8,517782265065255,435876,517782266046055,980800
lazy,1,inter_process,memfd,64,9,517782365107306,315032,517782365994853,887547
lazy,1,inter_process,memfd,64,10,517782465129176,463496,517782466187383,1058207
lazy,1,inter_process,memfd,64,11,517782565063173,395746,517782565928914,865741
lazy,1,inter_process,memfd,64,12,517782667075087,87821,517782667283769,208682
lazy,1,inter_process,memfd,64,13,517782765036766,400363,517782765905738,868972
lazy,1,inter_process,memfd,64,14,517782865135107,468960,517782866172332,1037225
lazy,1,inter_process,memfd,64,15,517782965155632,465982,517782966194422,1038790
lazy,1,inter_process,memfd,64,16,517783065091438,442046,517783066074747,983309
lazy,1,inter_process,memfd,64,17,517783165063706,393722,517783165936238,872532
lazy,1,inter_process,memfd,64,18,517783265080839,395995,517783265938299,857460
lazy,1,inter_process,memfd,64,19,517783365133848,445321,517783366155426,1021578
lazy,1,inter_process,cpu,16777216,0,517789557317328,2981211,517789572378433,15061105
lazy,1,inter_process,cpu,16777216,1,517789654998874,4360368,517789669543523,14544649
lazy,1,inter_process,cpu,16777216,2,517789757771252,2730448,517789772660689,14889437
lazy,1,inter_process,cpu,16777216,3,517789857099045,2646401,517789872026961,14927916
lazy,1,inter_process,cpu,16777216,4,517789957426006,2959409,517789972456628,15030622
lazy,1,inter_process,cpu,16777216,5,517790057417678,2739996,517790072363426,14945748
lazy,1,inter_process,cpu,16777216,6,517790157180986,2790438,517790172251307,15070321
lazy,1,inter_process,cpu,16777216,7,517790257740614,2694965,517790272420299,14679685
lazy,1,inter_process,cpu,16777216,8,517790357742868,2946510,517790372855602,15112734
lazy,1,inter_process,cpu,16777216,9,517790457770216,2786119,517790472601455,14831239
lazy,1,inter_process,cpu,16777216,10,517790556943921,3043575,517790572207495,15263574
lazy,1,inter_process,cpu,16777216,11,517790656761449,3508741,517790672537920,15776471
lazy,1,inter_process,cpu,16777216,12,517790757335098,2934081,517790772553987,15218889
lazy,1,inter_process,cpu,16777216,13,517790857150164,2682837,517790872098180,14948016
lazy,1,inter_process,cpu,16777216,14,517790955300623,2953963,517790968377557,13076934
lazy,1,inter_process,cpu,16777216,15,517791056971674,6724837,517791065840903,8869229
lazy,1,inter_process,cpu,16777216,16,517791157381265,2688061,517791171697426,14316161
lazy,1,inter_process,cpu,16777216,17,517791257442471,2671532,517791271915828,14473357
lazy,1,inter_process,cpu,16777216,18,517791357517229,2684206,517791372500062,14982833
lazy,1,inter_process,cpu,16777216,19,517791457476145,2681270,517791461836472,4360327
lazy,1,inter_process,cpu,4096,0,517796669080338,318847,517796669785165,704827
lazy,1,inter_process,cpu,4096,1,517796769087838,331877,517796769843542,755704
lazy,1,inter_process,cpu,4096,2,517796869079580,330588,517796869736056,656476
lazy,1,inter_process,cpu,4096,3,517796969162996,375008,517796969905360,742364
lazy,1,inter_process,cpu,4096,4,517797069122358,224838,517797069745078,622720
lazy,1,inter_process,cpu,4096,5,517797168982485,399105,517797169680196,697711
lazy,1,inter_process,cpu,4096,6,517797268848578,78539,517797269008631,160053
lazy,1,inter_process,cpu,4096,7,517797369112248,347166,517797369819185,706937
lazy,1,inter_process,cpu,4096,8,517797469083485,352407,517797469801639,718154
lazy,1,inter_process,cpu,4096,9,517797569109531,185583,517797569658208,548677
lazy,1,inter_process,cpu,4096,10,517797669079943,316253,517797669703158,623215
lazy,1,inter_process,cpu,4096,11,517797769106208,345785,517797769810966,704758
lazy,1,inter_process,cpu,4096,12,517797869111486,308462,517797869748310,636824
lazy,1,inter_process,cpu,4096,13,517797969136533,349413,517797969840148,703615
lazy,1,inter_process,cpu,4096,14,517798069103279,314955,517798069741699,638420
lazy,1,inter_process,cpu,4096,15,517798169080561,329974,517798169748216,667655
lazy,1,inter_process,cpu,4096,16,517798268895203,368950,517798269552364,657161
lazy,1,inter_process,cpu,4096,17,517798369137334,330519,517798369813023,675689
lazy,1,inter_process,cpu,4096,18,517798469132703,346256,517798469835401,702698
lazy,1,inter_process,cpu,4096,19,517798569099234,274609,517798569669307,570073
lazy,1,intra_process_va,cpu,4096,0,517800469983903,54778,517800470132976,149073
lazy,1,intra_process_va,cpu,4096,1,517800570080203,17624,517800570186523,106320
lazy,1,intra_process_va,cpu,4096,2,517800670107260,17652,517800670219503,112243
lazy,1,intra_process_va,cpu,4096,3,517800770133001,20020,517800770254217,121216
lazy,1,intra_process_va,cpu,4096,4,517800870104187,19303,517800870218690,114503
lazy,1,intra_process_va,cpu,4096,5,517800970106108,19728,517800970244308,138200
lazy,1,intra_process_va,cpu,4096,6,517801070126107,20523,517801070247285,121178
lazy,1,intra_process_va,cpu,4096,7,517801170130045,18367,517801170241970,111925
lazy,1,intra_process_va,cpu,4096,8,517801270083541,17266,517801270188490,104949
lazy,1,intra_process_va,cpu,4096,9,517801369888990,7780,517801369937401,48411
lazy,1,intra_process_va,cpu,4096,10,517801469944557,10611,517801470021045,76488
lazy,1,intra_process_va,cpu,4096,11,517801570048609,15352,517801570145568,96959
lazy,1,intra_process_va,cpu,4096,12,517801670067375,16782,517801670172247,104872
lazy,1,intra_process_va,cpu,4096,13,517801770286333,20208,517801770403674,117341
lazy,1,intra_process_va,cpu,4096,14,517801870138648,18567,517801870249852,111204
lazy,1,intra_process_va,cpu,4096,15,517801970064046,18018,517801970175008,110962
lazy,1,intra_process_va,cpu,4096,16,517802070149650,19459,517802070270418,120768
lazy,1,intra_process_va,cpu,4096,17,517802170099148,18822,517802170208485,109337
lazy,1,intra_process_va,cpu,4096,18,517802270094612,17891,517802270206589,111977
lazy,1,intra_process_va,cpu,4096,19,517802370042457,13313,517802370123670,81213
lazy,1,intra_process_va,cpu,4194304,0,517804085524221,25309,517804085641126,116905
lazy,1,intra_process_va,cpu,4194304,1,517804185676770,24588,517804185792047,115277
lazy,1,intra_process_va,cpu,4194304,2,517804285535442,24780,517804285658275,122833
lazy,1,intra_process_va,cpu,4194304,3,517804385499164,24832,517804385613043,113879
lazy,1,intra_process_va,cpu,4194304,4,517804485660183,26279,517804485784558,124375
lazy,1,intra_process_va,cpu,4194304,5,517804585716649,26137,517804585838503,121854
lazy,1,intra_process_va,cpu,4194304,6,517804685569361,25605,517804685686373,117012
lazy,1,intra_process_va,cpu,4194304,7,517804785698336,27040,517804785821573,123237
lazy,1,intra_process_va,cpu,4194304,8,517804885812496,29564,517804885945717,133221
lazy,1,intra_process_va,cpu,4194304,9,517804985656901,26604,517804985778473,121572
lazy,1,intra_process_va,cpu,4194304,10,517805085412694,23889,517805085522573,109879
lazy,1,intra_process_va,cpu,4194304,11,517805185592637,25115,517805185710049,117412
lazy,1,intra_process_va,cpu,4194304,12,517805285400915,23761,517805285518939,118024
lazy,1,intra_process_va,cpu,4194304,13,517805385692862,25110,517805385807647,114785
lazy,1,intra_process_va,cpu,4194304,14,517805485778861,29802,517805485912107,133246
lazy,1,intra_process_va,cpu,4194304,15,517805584081140,6906,517805584106710,25570
lazy,1,intra_process_va,cpu,4194304,16,517805685543765,24690,517805685657134,113369
lazy,1,intra_process_va,cpu,4194304,17,517805785569307,25113,517805785684353,115046
lazy,1,intra_process_va,cpu,4194304,18,517805885691810,26299,517805885808071,116261
lazy,1,intra_process_va,cpu,4194304,19,517805985889882,28127,517805986048813,158931
lazy,1,inter_process,memfd,1024,0,517811018163639,477865,517811019222769,1059130
lazy,1,inter_process,memfd,1024,1,517811118121303,414938,517811119050246,928943
lazy,1,inter_process,memfd,1024,2,517811218096867,389913,517811218943439,846572
lazy,1,inter_process,memfd,1024,3,517811318149193,458362,517811319155690,1006497
lazy,1,inter_process,memfd,1024,4,517811418178610,436034,517811419168787,990177
lazy,1,inter_process,memfd,1024,5,517811518171729,469859,517811519210038,1038309
lazy,1,inter_process,memfd,1024,6,517811617933216,404340,517811618747020,813804
lazy,1,inter_process,memfd,1024,7,517811718153003,461604,517811719197385,1044382
lazy,1,inter_process,memfd,1024,8,517811817969079,353620,517811818900160,931081
lazy,1,inter_process,memfd,1024,9,517811917862934,75607,517811918063278,200344
lazy,1,inter_process,memfd,1024,10,517812018187949,498969,517812019283458,1095509
lazy,1,inter_process,memfd,1024,11,517812118176929,462162,517812119243311,1066382
lazy,1,inter_process,memfd,1024,12,517812218210292,451177,517812219232717,1022425
lazy,1,inter_process,memfd,1024,13,517812318202151,420760,517812319178686,976535
lazy,1,inter_process,memfd,1024,14,517812418177854,317857,517812419099148,921294
lazy,1,inter_process,memfd,1024,15,517812518163055,467497,517812519199907,1036852
lazy,1,inter_process,memfd,1024,16,517812617936722,508115,517812618927107,990385
lazy,1,inter_process,memfd,1024,17,517812718169347,468065,517812719208263,1038916
lazy,1,inter_process,memfd,1024,18,517812818127980,417034,517812819088661,960681
lazy,1,inter_process,memfd,1024,19,517812918171779,466324,517812919224011,1052232
lazy,1,intra_process_va,memfd,4194304,0,517815798052323,22005,517815798180732,128409
lazy,1,intra_process_va,memfd,4194304,1,517815897888395,19444,517815898023816,135421
lazy,1,intra_process_va,memfd,4194304,2,517815998107216,23083,517815998238558,131342
lazy,1,intra_process_va,memfd,4194304,3,517816096956733,6718,517816096988662,31929
lazy,1,intra_process_va,memfd,4194304,4,517816198091832,22144,517816198226457,134625
lazy,1,intra_process_va,memfd,4194304,5,517816297963044,21642,517816298105074,142030
lazy,1,intra_process_va,memfd,4194304,6,517816397907945,20791,517816398054107,146162
lazy,1,intra_process_va,memfd,4194304,7,517816498087769,20726,517816498209892,122123
lazy,1,intra_process_va,memfd,4194304,8,517816597942111,21256,517816598079986,137875
lazy,1,intra_process_va,memfd,4194304,9,517816698168038,22831,517816698301733,133695
lazy,1,intra_process_va,memfd,4194304,10,517816798130637,24389,517816798265460,134823
lazy,1,intra_process_va,memfd,4194304,11,517816897937881,20078,517816898077858,139977
lazy,1,intra_process_va,memfd,4194304,12,517816998072784,22271,517816998204298,131514
lazy,1,intra_process_va,memfd,4194304,13,517817098061248,21665,517817098188373,127125
lazy,1,intra_process_va,memfd,4194304,14,517817198049531,21617,517817198177578,128047
lazy,1,intra_process_va,memfd,4194304,15,517817298081940,22123,517817298209792,127852
lazy,1,intra_process_va,memfd,4194304,16,517817397899615,20513,517817398037432,137817
lazy,1,intra_process_va,memfd,4194304,17,517817497909321,20286,517817498047609,138288
lazy,1,intra_process_va,memfd,4194304,18,517817597890772,19313,517817598023359,132587
lazy,1,intra_process_va,memfd,4194304,19,517817698175096,22717,517817698307567,132471
lazy,1,intra_process_va,cpu,1048576,0,517819415416363,23192,517819415546570,130207
lazy,1,intra_process_va,cpu,1048576,1,517819515310253,18834,517819515407803,97550
lazy,1,intra_process_va,cpu,1048576,2,517819615347991,19822,517819615452134,104143
lazy,1,intra_process_va,cpu,1048576,3,517819715406928,21905,517819715523803,116875
lazy,1,intra_process_va,cpu,1048576,4,517819815411116,21110,517819815520281,109165
lazy,1,intra_process_va,cpu,1048576,5,517819915462079,23750,517819915587207,125128
lazy,1,intra_process_va,cpu,1048576,6,517820015503067,24079,517820015629026,125959
lazy,1,intra_process_va,cpu,1048576,7,517820115423601,22901,517820115541960,118359
lazy,1,intra_process_va,cpu,1048576,8,517820215035107,10994,517820215091357,56250
lazy,1,intra_process_va,cpu,1048576,9,517820314953345,12154,517820315048103,94758
lazy,1,intra_process_va,cpu,1048576,10,517820415388200,21979,517820415504350,116150
lazy,1,intra_process_va,cpu,1048576,11,517820515466907,24895,517820515594818,127911
lazy,1,intra_process_va,cpu,1048576,12,517820615408733,22769,517820615526636,117903
lazy,1,intra_process_va,cpu,1048576,13,517820715471501,21804,517820715587308,115807
lazy,1,intra_process_va,cpu,1048576,14,517820815472497,23368,517820815598972,126475
lazy,1,intra_process_va,cpu,1048576,15,517820915400670,21938,517820915518457,117787
lazy,1,intra_process_va,cpu,1048576,16,517821015431131,22392,517821015548173,117042
lazy,1,intra_process_va,cpu,1048576,17,517821114936750,11455,517821114996015,59265
lazy,1,intra_process_va,cpu,1048576,18,517821215441067,27532,517821215571071,130004
lazy,1,intra_process_va,cpu,1048576,19,517821315459266,24140,517821315585591,126325
lazy,1,intra_process_va,memfd,1048576,0,517823035263415,20366,517823035387414,123999
lazy,1,intra_process_va,memfd,1048576,1,517823134777282,4430,517823134801742,24460
lazy,1,intra_process_va,memfd,1048576,2,517823234807543,5439,517823234836034,28491
lazy,1,intra_process_va,memfd,1048576,3,517823335278660,20697,517823335413787,135127
lazy,1,intra_process_va,memfd,1048576,4,517823435298074,20018,517823435427438,129364
lazy,1,intra_process_va,memfd,1048576,5,517823535264060,20545,517823535386400,122340
lazy,1,intra_process_va,memfd,1048576,6,517823634849831,4006,517823634876702,26871
lazy,1,intra_process_va,memfd,1048576,7,517823735220702,16904,517823735332550,111848
lazy,1,intra_process_va,memfd,1048576,8,517823835272123,21060,517823835402243,130120
lazy,1,intra_process_va,memfd,1048576,9,517823935388861,20271,517823935519624,130763
lazy,1,intra_process_va,memfd,1048576,10,517824035303610,19447,517824035427072,123462
lazy,1,intra_process_va,memfd,1048576,11,517824135269503,19462,517824135389953,120450
lazy,1,intra_process_va,memfd,1048576,12,517824235212554,17580,517824235332433,119879
lazy,1,intra_process_va,memfd,1048576,13,517824335227832,18541,517824335343003,115171
lazy,1,intra_process_va,memfd,1048576,14,517824434722945,4564,517824434748678,25733
lazy,1,intra_process_va,memfd,1048576,15,517824535255000,19206,517824535375889,120889
lazy,1,intra_process_va,memfd,1048576,16,517824634812961,3743,517824634838647,25686
lazy,1,intra_process_va,memfd,1048576,17,517824735218329,17716,517824735332319,113990
lazy,1,intra_process_va,memfd,1048576,18,517824835224206,19069,517824835337803,113597
lazy,1,intra_process_va,memfd,1048576,19,517824935230551,19589,517824935350499,119948
lazy,1,intra_process_va,memfd,4096,0,517826654883691,9877,517826654942057,58366
lazy,1,intra_process_va,memfd,4096,1,517826754846615,6255,517826754883229,36614
lazy,1,intra_process_va,memfd,4096,2,517826854886485,9311,517826854952757,66272
lazy,1,intra_process_va,memfd,4096,3,517826954859745,7910,517826954915863,56118
lazy,1,intra_process_va,memfd,4096,4,517827054808484,3550,517827054832452,23968
lazy,1,intra_process_va,memfd,4096,5,517827154773517,1940,517827154786069,12552
lazy,1,intra_process_va,memfd,4096,6,517827254827753,4935,517827254855777,28024
lazy,1,intra_process_va,memfd,4096,7,517827355113391,15478,517827355228219,114828
lazy,1,intra_process_va,memfd,4096,8,517827455226580,16884,517827455348843,122263
lazy,1,intra_process_va,memfd,4096,9,517827555127249,16175,517827555241309,114060
lazy,1,intra_process_va,memfd,4096,10,517827654790470,6138,517827654833704,43234
lazy,1,intra_process_va,memfd,4096,11,517827754892052,9516,517827754960815,68763
lazy,1,intra_process_va,memfd,4096,12,517827855146121,17308,517827855281699,135578
lazy,1,intra_process_va,memfd,4096,13,517827955087565,14730,517827955195708,108143
lazy,1,intra_process_va,memfd,4096,14,517828055191218,17494,517828055313988,122770
lazy,1,intra_process_va,memfd,4096,15,517828154829892,4862,517828154861151,31259
lazy,1,intra_process_va,memfd,4096,16,517828254705356,1786,517828254717089,11733
lazy,1,intra_process_va,memfd,4096,17,517828355043476,13744,517828355149839,106363
lazy,1,intra_process_va,memfd,4096,18,517828455164081,16281,517828455280732,116651
lazy,1,intra_process_va,memfd,4096,19,517828555136962,17732,517828555260854,123892
lazy,1,inter_process,memfd,65536,0,517833597032602,52112,517833597157808,125206
lazy,1,inter_process,memfd,65536,1,517833696708634,67012,517833696861260,152626
lazy,1,inter_process,memfd,65536,2,517833796798321,53538,517833796908403,110082
lazy,1,inter_process,memfd,65536,3,517833896846966,47179,517833896946614,99648
lazy,1,inter_process,memfd,65536,4,517833996766899,103347,517833996993866,226967
lazy,1,inter_process,memfd,65536,5,517834097901375,92662,517834098108237,206862
lazy,1,inter_process,memfd,65536,6,517834197288582,71994,517834197471487,182905
lazy,1,inter_process,memfd,65536,7,517834296733193,121207,517834297023294,290101
lazy,1,inter_process,memfd,65536,8,517834396889070,113790,517834397133839,244769
lazy,1,inter_process,memfd,65536,9,517834496759599,121192,517834497072922,313323
lazy,1,inter_process,memfd,65536,10,517834596788328,87642,517834596982961,194633
lazy,1,inter_process,memfd,65536,11,517834696724645,95166,517834696931882,207237
lazy,1,inter_process,memfd,65536,12,517834796739124,2358685,517834799255791,2516667
lazy,1,inter_process,memfd,65536,13,517834896739143,95298,517834896983131,243988
lazy,1,inter_process,memfd,65536,14,517834996725062,92638,517834996948564,223502
lazy,1,inter_process,memfd,65536,15,517835096717974,85906,517835096913992,196018
lazy,1,inter_process,memfd,65536,16,517835196983029,93496,517835197180720,197691
lazy,1,inter_process,memfd,65536,17,517835297051420,403159,517835297901681,850261
lazy,1,inter_process,memfd,65536,18,517835397160732,417429,517835398119578,958846
lazy,1,inter_process,memfd,65536,19,517835497215610,390217,517835498095225,879615
lazy,1,inter_process,memfd,16384,0,517841400155506,456468,517841401175920,1020414
lazy,1,inter_process,memfd,16384,1,517841500072501,439774,517841501053852,981351
lazy,1,inter_process,memfd,16384,2,517841599966484,334109,517841600699646,733162
lazy,1,inter_process,memfd,16384,3,517841699948953,468232,517841700933831,984878
lazy,1,inter_process,memfd,16384,4,517841799935728,371266,517841800739276,803548
lazy,1,inter_process,memfd,16384,5,517841900071141,412200,517841900968900,897759
lazy,1,inter_process,memfd,16384,6,517842000107495,477683,517842001164090,1056595
lazy,1,inter_process,memfd,16384,7,517842100054356,469435,517842101096310,1041954
lazy,1,inter_process,memfd,16384,8,517842199877555,414154,517842200752708,875153
lazy,1,inter_process,memfd,16384,9,517842300175272,310200,517842301079395,904123
lazy,1,inter_process,memfd,16384,10,517842399986877,452096,517842400913249,926372
lazy,1,inter_process,memfd,16384,11,517842500057678,415319,517842500960692,903014
lazy,1,inter_process,memfd,16384,12,517842599940596,359338,517842600693986,753390
lazy,1,inter_process,memfd,16384,13,517842700061006,443894,517842701045429,984423
lazy,1,inter_process,memfd,16384,14,517842800105573,416314,517842801039602,934029
lazy,1,inter_process,memfd,16384,15,517842900094012,465914,517842901135491,1041479
lazy,1,inter_process,memfd,16384,16,517843000109866,355073,517843001042224,932358
lazy,1,inter_process,memfd,16384,17,517843100093341,433489,517843101074135,980794
lazy,1,inter_process,memfd,16384,18,517843200051252,435869,517843200998796,947544
lazy,1,inter_process,memfd,16384,19,517843299792587,111601,517843300044937,252350
lazy,1,intra_process_va,cpu,262144,0,517846183831065,15194,517846183929839,98774
lazy,1,intra_process_va,cpu,262144,1,517846284070771,15478,517846284166041,95270
lazy,1,intra_process_va,cpu,262144,2,517846384089358,18984,517846384206527,117169
lazy,1,intra_process_va,cpu,262144,3,517846484108763,20029,517846484225045,116282
lazy,1,intra_process_va,cpu,262144,4,517846584064731,19192,517846584174872,110141
lazy,1,intra_process_va,cpu,262144,5,517846683998573,54009,517846684143797,145224
lazy,1,intra_process_va,cpu,262144,6,517846784152223,21093,517846784276499,124276
lazy,1,intra_process_va,cpu,262144,7,517846884070038,18707,517846884179274,109236
lazy,1,intra_process_va,cpu,262144,8,517846984099820,19154,517846984207279,107459
lazy,1,intra_process_va,cpu,262144,9,517847084126954,21597,517847084251370,124416
lazy,1,intra_process_va,cpu,262144,10,517847184128531,21517,517847184252866,124335
lazy,1,intra_process_va,cpu,262144,11,517847284064979,19286,517847284172900,107921
lazy,1,intra_process_va,cpu,262144,12,517847383998160,63053,517847384147900,149740
lazy,1,intra_process_va,cpu,262144,13,517847483724912,8451,517847483775195,50283
lazy,1,intra_process_va,cpu,262144,14,517847583762078,6005,517847583792592,30514
lazy,1,intra_process_va,cpu,262144,15,517847684095964,20739,517847684212163,116199
lazy,1,intra_process_va,cpu,262144,16,517847783871144,20841,517847783987294,116150
lazy,1,intra_process_va,cpu,262144,17,517847884072952,18873,517847884180961,108009
lazy,1,intra_process_va,cpu,262144,18,517847984106268,19549,517847984222302,116034
lazy,1,intra_process_va,cpu,262144,19,517848084131452,22604,517848084257725,126273
lazy,1,inter_process,memfd,262144,0,517852786289854,474879,517852787363962,1074108
lazy,1,inter_process,memfd,262144,1,517852886236688,399441,517852887133376,896688
lazy,1,inter_process,memfd,262144,2,517852986298126,456456,517852987328999,1030873
lazy,1,inter_process,memfd,262144,3,517853086313866,465843,517853087351163,1037297
lazy,1,inter_process,memfd,262144,4,517853186294240,417168,517853187229323,935083
lazy,1,inter_process,memfd,262144,5,517853286238023,398954,517853287123754,885731
lazy,1,inter_process,memfd,262144,6,517853386317168,445706,517853387327595,1010427
lazy,1,inter_process,memfd,262144,7,517853486252948,456982,517853487282649,1029701
lazy,1,inter_process,memfd,262144,8,517853586237296,414815,517853587159586,922290
lazy,1,inter_process,memfd,262144,9,517853686255928,290338,517853687076076,820148
lazy,1,inter_process,memfd,262144,10,517853786106376,92198,517853786317681,211305
lazy,1,inter_process,memfd,262144,11,517853886242155,418546,517853887180099,937944
lazy,1,inter_process,memfd,262144,12,517853986233154,401623,517853987122248,889094
lazy,1,inter_process,memfd,262144,13,517854086304887,463141,517854087349432,1044545
lazy,1,inter_process,memfd,262144,14,517854186296982,468300,517854187340147,1043165
lazy,1,inter_process,memfd,262144,15,517854286277451,458825,517854287304518,1027067
lazy,1,inter_process,memfd,262144,16,517854386640665,353397,517854387402975,762310
lazy,1,inter_process,memfd,262144,17,517854486225963,394642,517854487142667,916704
lazy,1,inter_process,memfd,262144,18,517854586235999,428316,517854587151838,915839
lazy,1,inter_process,memfd,262144,19,517854686278140,414152,517854687217076,938936
lazy,1,intra_process_va,cpu,1024,0,517857577069107,18134,517857577181119,112012
lazy,1,intra_process_va,cpu,1024,1,517857677000103,44732,517857677125707,125604
lazy,1,intra_process_va,cpu,1024,2,517857777085107,19808,517857777205011,119904
lazy,1,intra_process_va,cpu,1024,3,517857876849613,19973,517857876966130,116517
lazy,1,intra_process_va,cpu,1024,4,517857976829288,4812,517857976854187,24899
lazy,1,intra_process_va,cpu,1024,5,517858077094049,18590,517858077207101,113052
lazy,1,intra_process_va,cpu,1024,6,517858177034642,18290,517858177139803,105161
lazy,1,intra_process_va,cpu,1024,7,517858277074167,20751,517858277194630,120463
lazy,1,intra_process_va,cpu,1024,8,517858377093620,20762,517858377216052,122432
lazy,1,intra_process_va,cpu,1024,9,517858476865053,16875,517858476966920,101867
lazy,1,intra_process_va,cpu,1024,10,517858577059042,17961,517858577163277,104235
lazy,1,intra_process_va,cpu,1024,11,517858677067600,17500,517858677170615,103015
lazy,1,intra_process_va,cpu,1024,12,517858777050872,18509,517858777162005,111133
lazy,1,intra_process_va,cpu,1024,13,517858876856261,20388,517858876977333,121072
lazy,1,intra_process_va,cpu,1024,14,517858977069136,18666,517858977180534,111398
lazy,1,intra_process_va,cpu,1024,15,517859077077277,19784,517859077198934,121657
lazy,1,intra_process_va,cpu,1024,16,517859177087573,18498,517859177197840,110267
lazy,1,intra_process_va,cpu,1024,17,517859277085943,20198,517859277208727,122784
lazy,1,intra_process_va,cpu,1024,18,517859376856915,18148,517859376964601,107686
lazy,1,intra_process_va,cpu,1024,19,517859476964104,12958,517859477070891,106787
lazy,1,intra_process_va,memfd,16384,0,517861201206344,13612,517861201296745,90401
lazy,1,intra_process_va,memfd,16384,1,517861300115244,16850,517861300229794,114550
lazy,1,intra_process_va,memfd,16384,2,517861399906534,17662,517861400063943,157409
lazy,1,intra_process_va,memfd,16384,3,517861500149839,17689,517861500273540,123701
lazy,1,intra_process_va,memfd,16384,4,517861600083273,15400,517861600196178,112905
lazy,1,intra_process_va,memfd,16384,5,517861699977782,14775,517861700119177,141395
lazy,1,intra_process_va,memfd,16384,6,517861799984745,15346,517861800116774,132029
lazy,1,intra_process_va,memfd,16384,7,517861900115038,16181,517861900228268,113230
lazy,1,intra_process_va,memfd,16384,8,517862000109193,16718,517862000224138,114945
lazy,1,intra_process_va,memfd,16384,9,517862099777378,6585,517862099823479,46101
lazy,1,intra_process_va,memfd,16384,10,517862200033719,13474,517862200125803,92084
lazy,1,intra_process_va,memfd,16384,11,517862301476356,14219,517862301565407,89051
lazy,1,intra_process_va,memfd,16384,12,517862400079697,16738,517862400195059,115362
lazy,1,intra_process_va,memfd,16384,13,517862500121431,16851,517862500234300,112869
lazy,1,intra_process_va,memfd,16384,14,517862599944976,16639,517862600096364,151388
lazy,1,intra_process_va,memfd,16384,15,517862699899791,16411,517862700063535,163744
lazy,1,intra_process_va,memfd,16384,16,517862800140449,17916,517862800264749,124300
lazy,1,intra_process_va,memfd,16384,17,517862900128771,17350,517862900243606,114835
lazy,1,intra_process_va,memfd,16384,18,517863000164301,18942,517863000289575,125274
lazy,1,intra_process_va,memfd,16384,19,517863100129034,18918,517863100255588,126554
lazy,1,intra_process_va,cpu,64,0,517864823090383,19060,517864823204381,113998
lazy,1,intra_process_va,cpu,64,1,517864922892675,16041,517864922993235,100560
lazy,1,intra_process_va,cpu,64,2,517865022971209,14287,517865023092951,121742
lazy,1,intra_process_va,cpu,64,3,517865122969870,15306,517865123091670,121800
lazy,1,intra_process_va,cpu,64,4,517865223107984,16528,517865223208516,100532
lazy,1,intra_process_va,cpu,64,5,517865322983953,16266,517865323121171,137218
lazy,1,intra_process_va,cpu,64,6,517865422990353,49383,517865423125060,134707
lazy,1,intra_process_va,cpu,64,7,517865522966038,19167,517865523115150,149112
lazy,1,intra_process_va,cpu,64,8,517865622989296,65483,517865623139175,149879
lazy,1,intra_process_va,cpu,64,9,517865723102013,18643,517865723211052,109039
lazy,1,intra_process_va,cpu,64,10,517865823061990,16284,517865823164510,102520
lazy,1,intra_process_va,cpu,64,11,517865923062087,18184,517865923171689,109602
lazy,1,intra_process_va,cpu,64,12,517866022981821,16006,517866023119168,137347
lazy,1,intra_process_va,cpu,64,13,517866122968394,16702,517866123127420,159026
lazy,1,intra_process_va,cpu,64,14,517866223076684,19717,517866223197074,120390
lazy,1,intra_process_va,cpu,64,15,517866322733009,4052,517866322756742,23733
lazy,1,intra_process_va,cpu,64,16,517866422970534,16389,517866423132733,162199
lazy,1,intra_process_va,cpu,64,17,517866522958388,17474,517866523103089,144701
lazy,1,intra_process_va,cpu,64,18,517866622991465,49013,517866623127139,135674
lazy,1,intra_process_va,cpu,64,19,517866722904988,16242,517866723030178,125190
lazy,1,intra_process_va,memfd,1024,0,517868453716968,7531,517868453767389,50421
lazy,1,intra_process_va,memfd,1024,1,517868553799504,12152,517868553882238,82734
lazy,1,intra_process_va,memfd,1024,2,517868654041520,13170,517868654143903,102383
lazy,1,intra_process_va,memfd,1024,3,517868753986721,44264,517868754130572,143851
lazy,1,intra_process_va,memfd,1024,4,517868853972907,16233,517868854125459,152552
lazy,1,intra_process_va,memfd,1024,5,517868953990178,70233,517868954158944,168766
lazy,1,intra_process_va,memfd,1024,6,517869053989612,51639,517869054141088,151476
lazy,1,intra_process_va,memfd,1024,7,517869154045997,17804,517869154170888,124891
lazy,1,intra_process_va,memfd,1024,8,517869253915236,10667,517869253995035,79799
lazy,1,intra_process_va,memfd,1024,9,517869354049975,15677,517869354166092,116117
lazy,1,intra_process_va,memfd,1024,10,517869453904902,14310,517869454047243,142341
lazy,1,intra_process_va,memfd,1024,11,517869554077884,15208,517869554202525,124641
lazy,1,intra_process_va,memfd,1024,12,517869653934851,11262,517869654057153,122302
lazy,1,intra_process_va,memfd,1024,13,517869753838137,10219,517869753915984,77847
lazy,1,intra_process_va,memfd,1024,14,517869853960997,13881,517869854118707,157710
lazy,1,intra_process_va,memfd,1024,15,517869954073418,17916,517869954200018,126600
lazy,1,intra_process_va,memfd,1024,16,517870053857832,8039,517870053914705,56873
lazy,1,intra_process_va,memfd,1024,17,517870153795801,15496,517870153910715,114914
lazy,1,intra_process_va,memfd,1024,18,517870254128870,15519,517870254242108,113238
lazy,1,intra_process_va,memfd,1024,19,517870353965441,14144,517870354105681,140240
lazy,1,intra_process_va,cpu,16777216,0,517872113153917,6471,517872113182891,28974
lazy,1,intra_process_va,cpu,16777216,1,517872213257278,15755,517872213330249,72971
lazy,1,intra_process_va,cpu,16777216,2,517872313317478,5714,517872313346260,28782
lazy,1,intra_process_va,cpu,16777216,3,517872413222720,5627,517872413250946,28226
lazy,1,intra_process_va,cpu,16777216,4,517872513647951,6218,517872513677342,29391
lazy,1,intra_process_va,cpu,16777216,5,517872609308135,7291,517872609344019,35884
lazy,1,intra_process_va,cpu,16777216,6,517872713352541,5742,517872713381171,28630
lazy,1,intra_process_va,cpu,16777216,7,517872813634502,6009,517872813663485,28983
lazy,1,intra_process_va,cpu,16777216,8,517872913173847,5738,517872913204961,31114
lazy,1,intra_process_va,cpu,16777216,9,517873013196632,5515,517873013226205,29573
lazy,1,intra_process_va,cpu,16777216,10,517873113361330,15761,517873113439520,78190
lazy,1,intra_process_va,cpu,16777216,11,517873213207673,5489,517873213236084,28411
lazy,1,intra_process_va,cpu,16777216,12,517873312453847,14657,517873312522840,68993
lazy,1,intra_process_va,cpu,16777216,13,517873413148600,5821,517873413177410,28810
lazy,1,intra_process_va,cpu,16777216,14,517873512290426,13623,517873512349444,59018
lazy,1,intra_process_va,cpu,16777216,15,517873612964152,14751,517873613049582,85430
lazy,1,intra_process_va,cpu,16777216,16,517873712439225,14658,517873712508875,69650
lazy,1,intra_process_va,cpu,16777216,17,517873813354544,14706,517873813426111,71567
lazy,1,intra_process_va,cpu,16777216,18,517873913384031,16425,517873913461686,77655
lazy,1,intra_process_va,cpu,16777216,19,517874013213046,17057,517874013291243,78197
lazy,1,inter_process,memfd,1048576,0,517878708346715,464622,517878709394469,1047754
lazy,1,inter_process,memfd,1048576,1,517878807753895,125503,517878808032758,278863
lazy,1,inter_process,memfd,1048576,2,517878908156586,379580,517878908998201,841615
lazy,1,inter_process,memfd,1048576,3,517879008203404,406042,517879009109787,906383
lazy,1,inter_process,memfd,1048576,4,517879108271991,472691,517879109302637,1030646
lazy,1,inter_process,memfd,1048576,5,517879208069515,407763,517879208937239,867724
lazy,1,inter_process,memfd,1048576,6,517879308238870,424835,517879309245218,1006348
lazy,1,inter_process,memfd,1048576,7,517879408272503,346478,517879409234270,961767
lazy,1,inter_process,memfd,1048576,8,517879507874908,272780,517879508426616,551708
lazy,1,inter_process,memfd,1048576,9,517879608218919,339249,517879608955901,736982
lazy,1,inter_process,memfd,1048576,10,517879708253501,452446,517879709282220,1028719
lazy,1,inter_process,memfd,1048576,11,517879808277534,469416,517879809329457,1051923
lazy,1,inter_process,memfd,1048576,12,517879908296112,459173,517879909352469,1056357
lazy,1,inter_process,memfd,1048576,13,517880008315441,452484,517880009326089,1010648
lazy,1,inter_process,memfd,1048576,14,517880108315097,473623,517880109350798,1035701
lazy,1,inter_process,memfd,1048576,15,517880208037092,358617,517880208820963,783871
lazy,1,inter_process,memfd,1048576,16,517880308312486,310986,517880309228911,916425
lazy,1,inter_process,memfd,1048576,17,517880407991590,428927,517880408865949,874359
lazy,1,inter_process,memfd,1048576,18,517880508251988,452529,517880509270069,1018081
lazy,1,inter_process,memfd,1048576,19,517880608134501,399571,517880608992225,857724
lazy,1,intra_process_va,memfd,65536,0,517883487051637,17055,517883487167408,115771
lazy,1,intra_process_va,memfd,65536,1,517883586998723,48818,517883587140911,142188
lazy,1,intra_process_va,memfd,65536,2,517883686854547,10647,517883686932905,78358
lazy,1,intra_process_va,memfd,65536,3,517883786933293,11540,517883787044390,111097
lazy,1,intra_process_va,memfd,65536,4,517883886839832,10076,517883886913362,73530
lazy,1,intra_process_va,memfd,65536,5,517883987074524,18518,517883987194890,120366
lazy,1,intra_process_va,memfd,65536,6,517884086996629,51415,517884087142375,145746
lazy,1,intra_process_va,memfd,65536,7,517884187084089,18257,517884187211666,127577
lazy,1,intra_process_va,memfd,65536,8,517884287098334,16127,517884287237309,138975
lazy,1,intra_process_va,memfd,65536,9,517884387092452,15976,517884387201232,108780
lazy,1,intra_process_va,memfd,65536,10,517884487085995,18391,517884487214705,128710
lazy,1,intra_process_va,memfd,65536,11,517884586940967,12767,517884587071013,130046
lazy,1,intra_process_va,memfd,65536,12,517884687163224,16061,517884687272076,108852
lazy,1,intra_process_va,memfd,65536,13,517884787055697,38237,517884787204033,148336
lazy,1,intra_process_va,memfd,65536,14,517884886802856,12493,517884886889767,86911
lazy,1,intra_process_va,memfd,65536,15,517884987069556,15570,517884987177610,108054
lazy,1,intra_process_va,memfd,65536,16,517885086669112,3903,517885086692774,23662
lazy,1,intra_process_va,memfd,65536,17,517885186978594,15495,517885187122741,144147
lazy,1,intra_process_va,memfd,65536,18,517885286988475,68451,517885287151737,163262
lazy,1,intra_process_va,memfd,65536,19,517885387079474,18668,517885387209607,130133
lazy,1,inter_process,cpu,1024,0,517890416068627,247664,517890416581486,512859
lazy,1,inter_process,cpu,1024,1,517890515977962,279127,517890516524921,546959
lazy,1,inter_process,cpu,1024,2,517890615996580,356168,517890616679612,683032
lazy,1,inter_process,cpu,1024,3,517890715847376,302412,517890716450735,603359
lazy,1,inter_process,cpu,1024,4,517890816174726,293704,517890816777732,603006
lazy,1,inter_process,cpu,1024,5,517890915894563,206972,517890916353068,458505
lazy,1,inter_process,cpu,1024,6,517891016050915,305711,517891016685203,634288
lazy,1,inter_process,cpu,1024,7,517891116072653,310323,517891116704603,631950
lazy,1,inter_process,cpu,1024,8,517891216037184,314420,517891216662022,624838
lazy,1,inter_process,cpu,1024,9,517891315841244,67954,517891316032444,191200
lazy,1,inter_process,cpu,1024,10,517891415828994,317658,517891416451433,622439
lazy,1,inter_process,cpu,1024,11,517891516092285,350643,517891516798857,706572
lazy,1,inter_process,cpu,1024,12,517891616074202,310155,517891616710183,635981
lazy,1,inter_process,cpu,1024,13,517891716101132,297119,517891716704357,603225
lazy,1,inter_process,cpu,1024,14,517891816104328,191363,517891816638024,533696
lazy,1,inter_process,cpu,1024,15,517891916054965,297626,517891916664440,609475
lazy,1,inter_process,cpu,1024,16,517892016049938,257856,517892016554414,504476
lazy,1,inter_process,cpu,1024,17,517892115980007,313196,517892116602164,622157
lazy,1,inter_process,cpu,1024,18,517892216097170,347075,517892216799081,701911
lazy,1,inter_process,cpu,1024,19,517892315980905,329663,517892316632784,651879
lazy,1,intra_process_va,memfd,64,0,517894217152662,18665,517894217278972,126310
lazy,1,intra_process_va,memfd,64,1,517894317156873,18363,517894317284505,127632
lazy,1,intra_process_va,memfd,64,2,517894417178438,16035,517894417296924,118486
lazy,1,intra_process_va,memfd,64,3,517894517078877,15325,517894517187559,108682
lazy,1,intra_process_va,memfd,64,4,517894616920908,9812,517894616996558,75650
lazy,1,intra_process_va,memfd,64,5,517894717109635,16709,517894717228034,118399
lazy,1,intra_process_va,memfd,64,6,517894817130820,16015,517894817251059,120239
lazy,1,intra_process_va,memfd,64,7,517894917098371,15630,517894917210937,112566
lazy,1,intra_process_va,memfd,64,8,517895017084409,15468,517895017218455,134046
lazy,1,intra_process_va,memfd,64,9,517895117195351,15000,517895117301911,106560
lazy,1,intra_process_va,memfd,64,10,517895217111519,16465,517895217227390,115871
lazy,1,intra_process_va,memfd,64,11,517895317145392,18086,517895317271515,126123
lazy,1,intra_process_va,memfd,64,12,517895417090816,15771,517895417201222,110406
lazy,1,intra_process_va,memfd,64,13,517895516708258,3369,517895516729937,21679
lazy,1,intra_process_va,memfd,64,14,517895617119769,14264,517895617224069,104300
lazy,1,intra_process_va,memfd,64,15,517895717105010,15210,517895717214388,109378
lazy,1,intra_process_va,memfd,64,16,517895817159992,17955,517895817286114,126122
lazy,1,intra_process_va,memfd,64,17,517895917140283,15516,517895917249386,109103
lazy,1,intra_process_va,memfd,64,18,517896017112520,15637,517896017228764,116244
lazy,1,intra_process_va,memfd,64,19,517896117115628,16767,517896117232721,117093
lazy,2,intra_process_va,cpu,262144,0,517897828133891,23935,517897828259487,125596
lazy,2,intra_process_va,cpu,262144,1,517897928130373,22697,517897928255344,124971
lazy,2,intra_process_va,cpu,262144,2,517898028072593,20279,517898028181740,109147
lazy,2,intra_process_va,cpu,262144,3,517898128077741,20286,517898128186919,109178
lazy,2,intra_process_va,cpu,262144,4,517898228064228,19845,517898228179123,114895
lazy,2,intra_process_va,cpu,262144,5,517898327902594,22311,517898328061039,158445
lazy,2,intra_process_va,cpu,262144,6,517898428124853,22950,517898428248245,123392
lazy,2,intra_process_va,cpu,262144,7,517898528060385,20318,517898528170458,110073
lazy,2,intra_process_va,cpu,262144,8,517898627907116,12845,517898627978904,71788
lazy,2,intra_process_va,cpu,262144,9,517898728148676,20829,517898728265097,116421
lazy,2,intra_process_va,cpu,262144,10,517898828108685,19899,517898828220456,111771
lazy,2,intra_process_va,cpu,262144,11,517898927785672,11406,517898927852731,67059
lazy,2,intra_process_va,cpu,262144,12,517899028172653,21772,517899028298157,125504
lazy,2,intra_process_va,cpu,262144,13,517899128088879,21435,517899128206116,117237
lazy,2,intra_process_va,cpu,262144,14,517899228082592,20003,517899228201264,118672
lazy,2,intra_process_va,cpu,262144,15,517899328106051,22403,517899328231973,125922
lazy,2,intra_process_va,cpu,262144,16,517899428111388,19478,517899428219329,107941
lazy,2,intra_process_va,cpu,262144,17,517899527914106,17097,517899528025468,111362
lazy,2,intra_process_va,cpu,262144,18,517899628057626,18561,517899628197792,140166
lazy,2,intra_process_va,cpu,262144,19,517899727678607,4551,517899727702050,23443
lazy,2,inter_process,memfd,64,0,517904759143315,405463,517904760157341,1014026
lazy,2,inter_process,memfd,64,1,517904859164426,418852,517904860164507,1000081
lazy,2,inter_process,memfd,64,2,517904958857235,88536,517904959056062,198827
lazy,2,inter_process,memfd,64,3,517905059100279,401996,517905059968810,868531
lazy,2,inter_process,memfd,64,4,517905159088237,359295,517905159872273,784036
lazy,2,inter_process,memfd,64,5,517905259119194,444319,517905260117492,998298
lazy,2,inter_process,memfd,64,6,517905359131582,436564,517905360119476,987894
lazy,2,inter_process,memfd,64,7,517905459094440,424857,517905460030776,936336
lazy,2,inter_process,memfd,64,8,517905559202715,507662,517905560284470,1081755
lazy,2,inter_process,memfd,64,9,517905660061671,81650,517905660281139,219468
lazy,2,inter_process,memfd,64,10,517905759131378,441067,517905760137984,1006606
lazy,2,inter_process,memfd,64,11,517905859169168,422695,517905860113138,943970
lazy,2,inter_process,memfd,64,12,517905958739516,86030,517905958930444,190928
lazy,2,inter_process,memfd,64,13,517906059095615,336128,517906059835977,740362
lazy,2,inter_process,memfd,64,14,517906159124249,398955,517906159984852,860603
lazy,2,inter_process,memfd,64,15,517906259140360,315482,517906259977940,837580
lazy,2,inter_process,memfd,64,16,517906359146110,438738,517906360137460,991350
lazy,2,inter_process,memfd,64,17,517906459199524,440196,517906460192494,992970
lazy,2,inter_process,memfd,64,18,517906559145159,411195,517906560038264,893105
lazy,2,inter_process,memfd,64,19,517906659064299,356988,517906659841738,777439
lazy,2,intra_process_va,memfd,4194304,0,517909539853855,20430,517909539972827,118972
lazy,2,intra_process_va,memfd,4194304,1,517909639145675,5465,517909639182399,36724
lazy,2,intra_process_va,memfd,4194304,2,517909739878181,20512,517909739997241,119060
lazy,2,intra_process_va,memfd,4194304,3,517909839900580,20573,517909840042026,141446
lazy,2,intra_process_va,memfd,4194304,4,517909939845902,20282,517909939964178,118276
lazy,2,intra_process_va,memfd,4194304,5,517910039972349,22239,517910040115187,142838
lazy,2,intra_process_va,memfd,4194304,6,517910138956067,5702,517910138984903,28836
lazy,2,intra_process_va,memfd,4194304,7,517910239816275,18278,517910239925309,109034
lazy,2,intra_process_va,memfd,4194304,8,517910339856480,19618,517910339974029,117549
lazy,2,intra_process_va,memfd,4194304,9,517910439974624,19944,517910440109324,134700
lazy,2,intra_process_va,memfd,4194304,10,517910539969914,21911,517910540118960,149046
lazy,2,intra_process_va,memfd,4194304,11,517910639045792,7162,517910639088906,43114
lazy,2,intra_process_va,memfd,4194304,12,517910740029670,21746,517910740157748,128078
lazy,2,intra_process_va,memfd,4194304,13,517910840090013,22401,517910840223479,133466
lazy,2,intra_process_va,memfd,4194304,14,517910940068229,23434,517910940204753,136524
lazy,2,intra_process_va,memfd,4194304,15,517911039837434,19579,517911039954718,117284
lazy,2,intra_process_va,memfd,4194304,16,517911139957203,22016,517911140109632,152429
lazy,2,intra_process_va,memfd,4194304,17,517911239928168,19850,517911240068796,140628
lazy,2,intra_process_va,memfd,4194304,18,517911339846749,20117,517911339964592,117843
lazy,2,intra_process_va,memfd,4194304,19,517911439907324,20625,517911440098837,191513
lazy,2,inter_process,cpu,16384,0,517916134952751,387913,517916135642165,689414
lazy,2,inter_process,cpu,16384,1,517916234846759,316046,517916235464612,617853
lazy,2,inter_process,cpu,16384,2,517916334782504,323558,517916335411344,628840
lazy,2,inter_process,cpu,16384,3,517916436492900,147505,517916436796550,303650
lazy,2,inter_process,cpu,16384,4,517916534811490,102002,517916535022368,210878
lazy,2,inter_process,cpu,16384,5,517916634858393,69573,517916635006709,148316
lazy,2,inter_process,cpu,16384,6,517916734939309,427594,517916735733403,794094
lazy,2,inter_process,cpu,16384,7,517916834964951,404618,517916835757262,792311
lazy,2,inter_process,cpu,16384,8,517916935088049,363136,517916935786640,698591
lazy,2,inter_process,cpu,16384,9,517917034942906,320865,517917035653957,711051
lazy,2,inter_process,cpu,16384,10,517917134934614,444533,517917135744894,810280
lazy,2,inter_process,cpu,16384,11,517917234971265,359588,517917235664848,693583
lazy,2,inter_process,cpu,16384,12,517917334896133,317981,517917335504791,608658
lazy,2,inter_process,cpu,16384,13,517917434909593,323459,517917435521209,611616
lazy,2,inter_process,cpu,16384,14,517917534918114,345747,517917535577458,659344
lazy,2,inter_process,cpu,16384,15,517917634801011,168944,517917635047013,246002
lazy,2,inter_process,cpu,16384,16,517917734907220,348013,517917735572817,665597
lazy,2,inter_process,cpu,16384,17,517917834968746,291356,517917835670579,701833
lazy,2,inter_process,cpu,16384,18,517917934923085,414472,517917935624932,701847
lazy,2,inter_process,cpu,16384,19,517918034923473,389144,517918035661663,738190
lazy,2,intra_process_va,cpu,64,0,517919943741644,16920,517919943849282,107638
lazy,2,intra_process_va,cpu,64,1,517920043711526,16977,517920043819510,107984
lazy,2,intra_process_va,cpu,64,2,517920143994913,73295,517920144169649,174736
lazy,2,intra_process_va,cpu,64,3,517920243928067,18183,517920244077343,149276
lazy,2,intra_process_va,cpu,64,4,517920343916107,18332,517920344073447,157340
lazy,2,intra_process_va,cpu,64,5,517920443886010,16114,517920444058806,172796
lazy,2,intra_process_va,cpu,64,6,517920543862340,17827,517920543975947,113607
lazy,2,intra_process_va,cpu,64,7,517920643644836,4249,517920643668395,23559
lazy,2,intra_process_va,cpu,64,8,517920743869448,17709,517920743980429,110981
lazy,2,intra_process_va,cpu,64,9,517920843936289,19155,517920844117726,181437
lazy,2,intra_process_va,cpu,64,10,517920943924912,17669,517920944070917,146005
lazy,2,intra_process_va,cpu,64,11,517921043699248,15495,517921043799876,100628
lazy,2,intra_process_va,cpu,64,12,517921143929607,18223,517921144098414,168807
lazy,2,intra_process_va,cpu,64,13,517921243922808,19016,517921244079610,156802
lazy,2,intra_process_va,cpu,64,14,517921343908984,17648,517921344058597,149613
lazy,2,intra_process_va,cpu,64,15,517921443942372,19088,517921444101613,159241
lazy,2,intra_process_va,cpu,64,16,517921543897325,18080,517921544068024,170699
lazy,2,intra_process_va,cpu,64,17,517921643682225,6932,517921643726559,44334
lazy,2,intra_process_va,cpu,64,18,517921743870189,15970,517921743974256,104067
lazy,2,intra_process_va,cpu,64,19,517921843932525,19444,517921844107726,175201
lazy,2,intra_process_va,memfd,1024,0,517923561845536,4489,517923561881954,36418
lazy,2,intra_process_va,memfd,1024,1,517923662078374,15404,517923662182706,104332
lazy,2,intra_process_va,memfd,1024,2,517923762114102,16953,517923762228962,114860
lazy,2,intra_process_va,memfd,1024,3,517923862158163,16259,517923862279574,121411
lazy,2,intra_process_va,memfd,1024,4,517923962110141,15998,517923962224592,114451
lazy,2,intra_process_va,memfd,1024,5,517924062161628,16984,517924062282987,121359
lazy,2,intra_process_va,memfd,1024,6,517924162139610,16051,517924162252483,112873
lazy,2,intra_process_va,memfd,1024,7,517924261992387,49459,517924262130353,137966
lazy,2,intra_process_va,memfd,1024,8,517924362134556,17934,517924362256521,121965
lazy,2,intra_process_va,memfd,1024,9,517924462179657,15364,517924462290259,110602
lazy,2,intra_process_va,memfd,1024,10,517924562149118,16987,517924562271522,122404
lazy,2,intra_process_va,memfd,1024,11,517924662098462,14563,517924662205945,107483
lazy,2,intra_process_va,memfd,1024,12,517924762086809,16012,517924762202354,115545
lazy,2,intra_process_va,memfd,1024,13,517924861748232,3522,517924861772067,23835
lazy,2,intra_process_va,memfd,1024,14,517924962107829,16633,517924962215685,107856
lazy,2,intra_process_va,memfd,1024,15,517925062154286,17349,517925062275056,120770
lazy,2,intra_process_va,memfd,1024,16,517925162127463,16152,517925162239687,112224
lazy,2,intra_process_va,memfd,1024,17,517925262111751,14889,517925262216114,104363
lazy,2,intra_process_va,memfd,1024,18,517925362165544,17598,517925362289762,124218
lazy,2,intra_process_va,memfd,1024,19,517925462125497,16534,517925462242369,116872
lazy,2,intra_process_va,memfd,262144,0,517927181174989,17554,517927181293869,118880
lazy,2,intra_process_va,memfd,262144,1,517927281177788,16542,517927281292597,114809
lazy,2,intra_process_va,memfd,262144,2,517927381094761,15300,517927381200004,105243
lazy,2,intra_process_va,memfd,262144,3,517927481071789,11896,517927481153722,81933
lazy,2,intra_process_va,memfd,262144,4,517927581188248,18261,517927581313505,125257
lazy,2,intra_process_va,memfd,262144,5,517927681163021,16012,517927681271594,108573
lazy,2,intra_process_va,memfd,262144,6,517927780897386,13379,517927780989447,92061
lazy,2,intra_process_va,memfd,262144,7,517927881045226,14794,517927881144804,99578
lazy,2,intra_process_va,memfd,262144,8,517927981197391,16825,517927981307487,110096
lazy,2,intra_process_va,memfd,262144,9,517928081126738,15087,517928081226788,100050
lazy,2,intra_process_va,memfd,262144,10,517928181065420,16634,517928181170568,105148
lazy,2,intra_process_va,memfd,262144,11,517928280935829,15312,517928281058807,122978
lazy,2,intra_process_va,memfd,262144,12,517928381182594,18184,517928381300433,117839
lazy,2,intra_process_va,memfd,262144,13,517928481114223,14287,517928481215357,101134
lazy,2,intra_process_va,memfd,262144,14,517928581165596,17528,517928581282087,116491
lazy,2,intra_process_va,memfd,262144,15,517928681074357,16548,517928681178967,104610
lazy,2,intra_process_va,memfd,262144,16,517928781188333,18880,517928781309170,120837
lazy,2,intra_process_va,memfd,262144,17,517928881141874,16337,517928881250898,109024
lazy,2,intra_process_va,memfd,262144,18,517928984144884,7522,517928984193260,48376
lazy,2,intra_process_va,memfd,262144,19,517929080811019,9545,517929080878428,67409
lazy,2,inter_process,memfd,16384,0,517933761074941,402627,517933761957691,882750
lazy,2,inter_process,memfd,16384,1,517933861183625,465549,517933862227768,1044143
lazy,2,inter_process,memfd,16384,2,517933961080813,396475,517933961938206,857393
lazy,2,inter_process,memfd,16384,3,517934061052725,391753,517934061910821,858096
lazy,2,inter_process,memfd,16384,4,517934161048551,393992,517934161901191,852640
lazy,2,inter_process,memfd,16384,5,517934261071859,435520,517934261991848,919989
lazy,2,inter_process,memfd,16384,6,517934361070574,394916,517934361963923,893349
lazy,2,inter_process,memfd,16384,7,517934461112625,414105,517934462047388,934763
lazy,2,inter_process,memfd,16384,8,517934561076393,396362,517934561932588,856195
lazy,2,inter_process,memfd,16384,9,517934661130078,301195,517934661963272,833194
lazy,2,inter_process,memfd,16384,10,517934761093873,397152,517934761967470,873597
lazy,2,inter_process,memfd,16384,11,517934861112074,419577,517934862055051,942977
lazy,2,inter_process,memfd,16384,12,517934961074706,390331,517934961927858,853152
lazy,2,inter_process,memfd,16384,13,517935061072979,391436,517935061930911,857932
lazy,2,inter_process,memfd,16384,14,517935161202377,466413,517935162242874,1040497
lazy,2,inter_process,memfd,16384,15,517935262098596,175237,517935262491107,392511
lazy,2,inter_process,memfd,16384,16,517935361040354,412968,517935361838310,797956
lazy,2,inter_process,memfd,16384,17,517935461162106,306467,517935462029513,867407
lazy,2,inter_process,memfd,16384,18,517935561117306,457566,517935562142569,1025263
lazy,2,inter_process,memfd,16384,19,517935661127932,422805,517935662077815,949883
lazy,2,inter_process,cpu,1024,0,517941851120648,318111,517941851762241,641593
lazy,2,inter_process,cpu,1024,1,517941951113311,280729,517941951695767,582456
lazy,2,inter_process,cpu,1024,2,517942051116474,308290,517942051749144,632670
lazy,2,inter_process,cpu,1024,3,517942151129154,340277,517942151827955,698801
lazy,2,inter_process,cpu,1024,4,517942251148435,304773,517942251778582,630147
lazy,2,inter_process,cpu,1024,5,517942351057483,274392,517942351618457,560974
lazy,2,inter_process,cpu,1024,6,517942451109976,215698,517942451643110,533134
lazy,2,inter_process,cpu,1024,7,517942551093905,318229,517942551699865,605960
lazy,2,inter_process,cpu,1024,8,517942650954586,222803,517942651400208,445622
lazy,2,inter_process,cpu,1024,9,517942751192848,221003,517942751835853,643005
lazy,2,inter_process,cpu,1024,10,517942851106192,353741,517942851814469,708277
lazy,2,inter_process,cpu,1024,11,517942951155562,296877,517942951777067,621505
lazy,2,inter_process,cpu,1024,12,517943051099149,309420,517943051731374,632225
lazy,2,inter_process,cpu,1024,13,517943151072723,295335,517943151676908,604185
lazy,2,inter_process,cpu,1024,14,517943250872971,296667,517943251474283,601312
lazy,2,inter_process,cpu,1024,15,517943351140006,346727,517943351836085,696079
lazy,2,inter_process,cpu,1024,16,517943450968874,214930,517943451512387,543513
lazy,2,inter_process,cpu,1024,17,517943551091770,316080,517943551734783,643013
lazy,2,inter_process,cpu,1024,18,517943650886166,143925,517943651172638,286472
lazy,2,inter_process,cpu,1024,19,517943751061528,290665,517943751682413,620885
lazy,2,inter_process,memfd,4096,0,517948960236057,398898,517948961195586,959529
lazy,2,inter_process,memfd,4096,1,517949060240630,420459,517949061238507,997877
lazy,2,inter_process,memfd,4096,2,517949160235919,420732,517949161247864,1011945
lazy,2,inter_process,memfd,4096,3,517949260215430,398956,517949261106415,890985
lazy,2,inter_process,memfd,4096,4,517949360254217,459515,517949361294497,1040280
lazy,2,inter_process,memfd,4096,5,517949460284461,467758,517949461325487,1041026
lazy,2,inter_process,memfd,4096,6,517949560280440,440737,517949561277971,997531
lazy,2,inter_process,memfd,4096,7,517949660203275,368956,517949660997426,794151
lazy,2,inter_process,memfd,4096,8,517949760241304,414882,517949761176647,935343
lazy,2,inter_process,memfd,4096,9,517949860252813,308795,517949861140892,888079
lazy,2,inter_process,memfd,4096,10,517949959889356,101622,517949960126585,237229
lazy,2,inter_process,memfd,4096,11,517950060259957,409226,517950061193253,933296
lazy,2,inter_process,memfd,4096,12,517950160232718,395310,517950161122817,890099
lazy,2,inter_process,memfd,4096,13,517950260222379,405391,517950261134890,912511
lazy,2,inter_process,memfd,4096,14,517950360088742,449831,517950361103438,1014696
lazy,2,inter_process,memfd,4096,15,517950460280775,469304,517950461328505,1047730
lazy,2,inter_process,memfd,4096,16,517950560242122,415000,517950561172987,930865
lazy,2,inter_process,memfd,4096,17,517950660226916,388877,517950661089935,863019
lazy,2,inter_process,memfd,4096,18,517950760219562,395695,517950761116150,896588
lazy,2,inter_process,memfd,4096,19,517950860241139,311937,517950861111514,870375
lazy,2,inter_process,cpu,64,0,517957053109471,351749,517957053818894,709423
lazy,2,inter_process,cpu,64,1,517957153071539,321672,517957153734760,663221
lazy,2,inter_process,cpu,64,2,517957253053891,293226,517957253646576,592685
lazy,2,inter_process,cpu,64,3,517957353067799,297929,517957353664192,596393
lazy,2,inter_process,cpu,64,4,517957453088585,303430,517957453714268,625683
lazy,2,inter_process,cpu,64,5,517957553072652,315731,517957553705163,632511
lazy,2,inter_process,cpu,64,6,517957652969751,171859,517957653408134,438383
lazy,2,inter_process,cpu,64,7,517957753069261,311233,517957753707286,638025
lazy,2,inter_process,cpu,64,8,517957853077126,324585,517957853741857,664731
lazy,2,inter_process,cpu,64,9,517957953149566,205544,517957953732183,582617
lazy,2,inter_process,cpu,64,10,517958053091248,309177,517958053728591,637343
lazy,2,inter_process,cpu,64,11,517958153093423,310940,517958153732275,638852
lazy,2,inter_process,cpu,64,12,517958252950524,267987,517958253478734,528210
lazy,2,inter_process,cpu,64,13,517958352809435,98473,517958353016860,207425
lazy,2,inter_process,cpu,64,14,517958453062291,307666,517958453698934,636643
lazy,2,inter_process,cpu,64,15,517958553043092,296725,517958553650382,607290
lazy,2,inter_process,cpu,64,16,517958653036216,256892,517958653558300,522084
lazy,2,inter_process,cpu,64,17,517958753075351,351061,517958753786577,711226
lazy,2,inter_process,cpu,64,18,517958853053341,294428,517958853651490,598149
lazy,2,inter_process,cpu,64,19,517958953088150,364217,517958953804436,716286
lazy,2,inter_process,cpu,65536,0,517964160890277,434092,517964161580075,689798
lazy,2,inter_process,cpu,65536,1,517964260887136,428343,517964261586102,698966
lazy,2,inter_process,cpu,65536,2,517964360925938,474156,517964361684052,758114
lazy,2,inter_process,cpu,65536,3,517964460934954,411761,517964461586330,651376
lazy,2,inter_process,cpu,65536,4,517964560647260,81118,517964560794283,147023
lazy,2,inter_process,cpu,65536,5,517964660874187,419892,517964661532931,658744
lazy,2,inter_process,cpu,65536,6,517964760926076,466326,517964761643490,717414
lazy,2,inter_process,cpu,65536,7,517964860905301,456290,517964861630404,725103
lazy,2,inter_process,cpu,65536,8,517964960878225,408220,517964961532537,654312
lazy,2,inter_process,cpu,65536,9,517965060998325,324501,517965061735356,737031
lazy,2,inter_process,cpu,65536,10,517965160921697,434808,517965161619482,697785
lazy,2,inter_process,cpu,65536,11,517965260886800,419296,517965261552775,665975
lazy,2,inter_process,cpu,65536,12,517965360900108,488869,517965361669610,769502
lazy,2,inter_process,cpu,65536,13,517965460887011,367544,517965461503458,616447
lazy,2,inter_process,cpu,65536,14,517965560926996,373742,517965561532465,605469
lazy,2,inter_process,cpu,65536,15,517965660872551,390208,517965661508093,635542
lazy,2,inter_process,cpu,65536,16,517965760876477,422582,517965761579908,703431
lazy,2,inter_process,cpu,65536,17,517965860934964,467550,517965861665512,730548
lazy,2,inter_process,cpu,65536,18,517965960598741,441814,517965961102747,504006
lazy,2,inter_process,cpu,65536,19,517966060885263,355197,517966061694263,809000
lazy,2,intra_process_va,memfd,1048576,0,517967964815981,6545,517967964854392,38411
lazy,2,intra_process_va,memfd,1048576,1,517968065201307,20722,517968065325514,124207
lazy,2,intra_process_va,memfd,1048576,2,517968165246445,19169,517968165369394,122949
lazy,2,intra_process_va,memfd,1048576,3,517968265174441,17080,517968265275767,101326
lazy,2,intra_process_va,memfd,1048576,4,517968365123485,18766,517968365233306,109821
lazy,2,intra_process_va,memfd,1048576,5,517968465197817,18671,517968465308856,111039
lazy,2,intra_process_va,memfd,1048576,6,517968565159154,17316,517968565261043,101889
lazy,2,intra_process_va,memfd,1048576,7,517968665256574,17684,517968665366317,109743
lazy,2,intra_process_va,memfd,1048576,8,517968764652841,5341,517968764680630,27789
lazy,2,intra_process_va,memfd,1048576,9,517968865282631,18988,517968865402828,120197
lazy,2,intra_process_va,memfd,1048576,10,517968965234336,19460,517968965352377,118041
lazy,2,intra_process_va,memfd,1048576,11,517969065247783,19263,517969065370961,123178
lazy,2,intra_process_va,memfd,1048576,12,517969165213413,17710,517969165323335,109922
lazy,2,intra_process_va,memfd,1048576,13,517969265189523,18037,517969265299396,109873
lazy,2,intra_process_va,memfd,1048576,14,517969365282311,21079,517969365412424,130113
lazy,2,intra_process_va,memfd,1048576,15,517969465289921,20885,517969465418492,128571
lazy,2,intra_process_va,memfd,1048576,16,517969565269998,19598,517969565386923,116925
lazy,2,intra_process_va,memfd,1048576,17,517969665242430,18870,517969665359560,117130
lazy,2,intra_process_va,memfd,1048576,18,517969765238422,18229,517969765349299,110877
lazy,2,intra_process_va,memfd,1048576,19,517969865286869,20930,517969865416755,129886
lazy,2,intra_process_va,memfd,16384,0,517971585112679,17311,517971585228591,115912
lazy,2,intra_process_va,memfd,16384,1,517971684924808,14892,517971685058113,133305
lazy,2,intra_process_va,memfd,16384,2,517971785108341,17395,517971785226733,118392
lazy,2,intra_process_va,memfd,16384,3,517971885166662,17337,517971885285671,119009
lazy,2,intra_process_va,memfd,16384,4,517971985159875,18258,517971985285792,125917
lazy,2,intra_process_va,memfd,16384,5,517972085098513,15979,517972085207000,108487
lazy,2,intra_process_va,memfd,16384,6,517972185126835,16510,517972185241796,114961
lazy,2,intra_process_va,memfd,16384,7,517972285134230,16883,517972285249761,115531
lazy,2,intra_process_va,memfd,16384,8,517972385129902,15736,517972385239405,109503
lazy,2,intra_process_va,memfd,16384,9,517972485191390,15791,517972485297380,105990
lazy,2,intra_process_va,memfd,16384,10,517972585151322,16149,517972585265815,114493
lazy,2,intra_process_va,memfd,16384,11,517972684859179,12992,517972684959451,100272
lazy,2,intra_process_va,memfd,16384,12,517972785187107,17676,517972785309960,122853
lazy,2,intra_process_va,memfd,16384,13,517972885093334,15944,517972885203137,109803
lazy,2,intra_process_va,memfd,16384,14,517972984784931,6259,517972984826043,41112
lazy,2,intra_process_va,memfd,16384,15,517973085153744,18594,517973085281419,127675
lazy,2,intra_process_va,memfd,16384,16,517973185171212,18536,517973185298614,127402
lazy,2,intra_process_va,memfd,16384,17,517973285127430,17778,517973285245814,118384
lazy,2,intra_process_va,memfd,16384,18,517973385157644,18278,517973385283862,126218
lazy,2,intra_process_va,memfd,16384,19,517973485123067,18122,517973485239314,116247
lazy,2,intra_process_va,cpu,1048576,0,517975218443821,21217,517975218553695,109874
lazy,2,intra_process_va,cpu,1048576,1,517975318247225,22129,517975318366519,119294
lazy,2,intra_process_va,cpu,1048576,2,517975418428179,23617,517975418630784,202605
lazy,2,intra_process_va,cpu,1048576,3,517975518487481,23318,517975518616031,128550
lazy,2,intra_process_va,cpu,1048576,4,517975618439035,22959,517975618568798,129763
lazy,2,intra_process_va,cpu,1048576,5,517975718411348,21480,517975718529288,117940
lazy,2,intra_process_va,cpu,1048576,6,517975818361964,22027,517975818479568,117604
lazy,2,intra_process_va,cpu,1048576,7,517975918361918,19999,517975918473885,111967
lazy,2,intra_process_va,cpu,1048576,8,517976018032442,7535,517976018074485,42043
lazy,2,intra_process_va,cpu,1048576,9,517976118391686,21673,517976118509913,118227
lazy,2,intra_process_va,cpu,1048576,10,517976218392079,21361,517976218510026,117947
lazy,2,intra_process_va,cpu,1048576,11,517976318176302,20408,517976318286795,110493
lazy,2,intra_process_va,cpu,1048576,12,517976418426501,20524,517976418542798,116297
lazy,2,intra_process_va,cpu,1048576,13,517976518396731,21484,517976518515114,118383
lazy,2,intra_process_va,cpu,1048576,14,517976618444553,20967,517976618562800,118247
lazy,2,intra_process_va,cpu,1048576,15,517976718354356,19658,517976718465015,110659
lazy,2,intra_process_va,cpu,1048576,16,517976818415136,22207,517976818535531,120395
lazy,2,intra_process_va,cpu,1048576,17,517976918403824,21086,517976918521705,117881
lazy,2,intra_process_va,cpu,1048576,18,517977018460341,23334,517977018588429,128088
lazy,2,intra_process_va,cpu,1048576,19,517977117824063,6027,517977117851883,27820
lazy,2,intra_process_va,memfd,16777216,0,517978831692145,17349,517978831792614,100469
lazy,2,intra_process_va,memfd,16777216,1,517978931969975,18891,517978932086626,116651
lazy,2,intra_process_va,memfd,16777216,2,517979031314298,17307,517979031412182,97884
lazy,2,intra_process_va,memfd,16777216,3,517979131420977,19349,517979131537824,116847
lazy,2,intra_process_va,memfd,16777216,4,517979228570913,6609,517979228601023,30110
lazy,2,intra_process_va,memfd,16777216,5,517979331545587,20301,517979331657322,111735
lazy,2,intra_process_va,memfd,16777216,6,517979431737358,21551,517979431858820,121462
lazy,2,intra_process_va,memfd,16777216,7,517979531260500,17495,517979531361891,101391
lazy,2,intra_process_va,memfd,16777216,8,517979631442070,19997,517979631559479,117409
lazy,2,intra_process_va,memfd,16777216,9,517979731604607,20655,517979731721601,116994
lazy,2,intra_process_va,memfd,16777216,10,517979831802217,20418,517979831925629,123412
lazy,2,intra_process_va,memfd,16777216,11,517979931359459,15838,517979931450148,90689
lazy,2,intra_process_va,memfd,16777216,12,517980031556162,19754,517980031669453,113291
lazy,2,intra_process_va,memfd,16777216,13,517980131532488,20638,517980131657993,125505
lazy,2,intra_process_va,memfd,16777216,14,517980231512904,19856,517980231629727,116823
lazy,2,intra_process_va,memfd,16777216,15,517980331823926,20612,517980331948505,124579
lazy,2,intra_process_va,memfd,16777216,16,517980431397564,17649,517980431495926,98362
lazy,2,intra_process_va,memfd,16777216,17,517980531560703,20309,517980531678112,117409
lazy,2,intra_process_va,memfd,16777216,18,517980631626350,22041,517980631751135,124785
lazy,2,intra_process_va,memfd,16777216,19,517980731575958,19762,517980731688573,112615
lazy,2,intra_process_va,memfd,65536,0,517982459143457,16185,517982459251785,108328
lazy,2,intra_process_va,memfd,65536,1,517982559179418,19184,517982559307593,128175
lazy,2,intra_process_va,memfd,65536,2,517982659165477,16282,517982659278573,113096
lazy,2,intra_process_va,memfd,65536,3,517982759168465,16621,517982759281286,112821
lazy,2,intra_process_va,memfd,65536,4,517982859217257,18269,517982859341696,124439
lazy,2,intra_process_va,memfd,65536,5,517982959089881,15229,517982959193245,103364
lazy,2,intra_process_va,memfd,65536,6,517983059178034,17369,517983059302255,124221
lazy,2,intra_process_va,memfd,65536,7,517983159128679,16136,517983159259089,130410
lazy,2,intra_process_va,memfd,65536,8,517983259078218,12125,517983259162346,84128
lazy,2,intra_process_va,memfd,65536,9,517983358807254,7530,517983358853924,46670
lazy,2,intra_process_va,memfd,65536,10,517983459128329,16224,517983459234517,106188
lazy,2,intra_process_va,memfd,65536,11,517983559196182,16478,517983559310424,114242
lazy,2,intra_process_va,memfd,65536,12,517983659144335,14586,517983659249952,105617
lazy,2,intra_process_va,memfd,65536,13,517983759211994,16035,517983759324560,112566
lazy,2,intra_process_va,memfd,65536,14,517983859196544,18029,517983859321259,124715
lazy,2,intra_process_va,memfd,65536,15,517983959160286,16968,517983959275298,115012
lazy,2,intra_process_va,memfd,65536,16,517984059205382,17019,517984059327376,121994
lazy,2,intra_process_va,memfd,65536,17,517984159163775,15917,517984159277378,113603
lazy,2,intra_process_va,memfd,65536,18,517984259153528,15806,517984259261951,108423
lazy,2,intra_process_va,memfd,65536,19,517984359120940,14968,517984359228351,107411
lazy,2,inter_process,memfd,4194304,0,517989384166221,487419,517989385208072,1041851
lazy,2,inter_process,memfd,4194304,1,517989483997569,452055,517989484934560,936991
lazy,2,inter_process,memfd,4194304,2,517989584031293,400436,517989584887379,856086
lazy,2,inter_process,memfd,4194304,3,517989683106568,91945,517989683305240,198672
lazy,2,inter_process,memfd,4194304,4,517989783961289,432474,517989784854423,893134
lazy,2,inter_process,memfd,4194304,5,517989884060730,434443,517989884962394,901664
lazy,2,inter_process,memfd,4194304,6,517989984159255,491881,517989985163298,1004043
lazy,2,inter_process,memfd,4194304,7,517990083377415,227155,517990083875700,498285
lazy,2,inter_process,memfd,4194304,8,517990184114741,453349,517990185082907,968166
lazy,2,inter_process,memfd,4194304,9,517990284270434,349628,517990285199135,928701
lazy,2,inter_process,memfd,4194304,10,517990384064828,436569,517990384980438,915610
lazy,2,inter_process,memfd,4194304,11,517990484042605,433157,517990484941031,898426
lazy,2,inter_process,memfd,4194304,12,517990583312762,143562,517990583612178,299416
lazy,2,inter_process,memfd,4194304,13,517990683899494,390231,517990684712974,813480
lazy,2,inter_process,memfd,4194304,14,517990784185105,471534,517990785213196,1028091
lazy,2,inter_process,memfd,4194304,15,517990884126198,427526,517990884990713,864515
lazy,2,inter_process,memfd,4194304,16,517990984150576,488967,517990985156979,1006403
lazy,2,inter_process,memfd,4194304,17,517991084166421,473114,517991085185702,1019281
lazy,2,inter_process,memfd,4194304,18,517991184107953,483192,517991185094154,986201
lazy,2,inter_process,memfd,4194304,19,517991284130172,396215,517991284984992,854820
lazy,2,inter_process,cpu,1048576,0,517997470453185,3130840,517997485388166,14934981
lazy,2,inter_process,cpu,1048576,1,517997570434315,1710318,517997572798475,2364160
lazy,2,inter_process,cpu,1048576,2,517997670380282,1385199,517997683714096,13333814
lazy,2,inter_process,cpu,1048576,3,517997770423535,1493220,517997783893664,13470129
lazy,2,inter_process,cpu,1048576,4,517997870403965,1498250,517997883681968,13278003
lazy,2,inter_process,cpu,1048576,5,517997969945521,809718,517997981408412,11462891
lazy,2,inter_process,cpu,1048576,6,517998070086664,256027,517998081126148,11039484
lazy,2,inter_process,cpu,1048576,7,517998170356621,1494920,517998183842801,13486180
lazy,2,inter_process,cpu,1048576,8,517998270350472,1478849,517998283824567,13474095
lazy,2,inter_process,cpu,1048576,9,517998370488621,1676363,517998372847327,2358706
lazy,2,inter_process,cpu,1048576,10,517998470408764,1403539,517998472547668,2138904
lazy,2,inter_process,cpu,1048576,11,517998570401079,1521229,517998583847774,13446695
lazy,2,inter_process,cpu,1048576,12,517998670396965,1381491,517998683511219,13114254
lazy,2,inter_process,cpu,1048576,13,517998770469123,1731841,517998772853705,2384582
lazy,2,inter_process,cpu,1048576,14,517998870481716,1695996,517998872841952,2360236
lazy,2,inter_process,cpu,1048576,15,517998970369985,1706968,517998984051091,13681106
lazy,2,inter_process,cpu,1048576,16,517999070391480,1511246,517999072546866,2155386
lazy,2,inter_process,cpu,1048576,17,517999170381451,1521788,517999172674418,2292967
lazy,2,inter_process,cpu,1048576,18,517999270409302,1513177,517999272569526,2160224
lazy,2,inter_process,cpu,1048576,19,517999370431953,1506133,517999372576302,2144349
lazy,2,intra_process_va,cpu,4194304,0,518001273581159,23205,518001273692981,111822
lazy,2,intra_process_va,cpu,4194304,1,518001372501282,12836,518001372557893,56611
lazy,2,intra_process_va,cpu,4194304,2,518001473623934,21906,518001473728691,104757
lazy,2,intra_process_va,cpu,4194304,3,518001573796008,24492,518001573911351,115343
lazy,2,intra_process_va,cpu,4194304,4,518001673638830,39675,518001673762304,123474
lazy,2,intra_process_va,cpu,4194304,5,518001773571778,22158,518001773677273,105495
lazy,2,intra_process_va,cpu,4194304,6,518001873575994,23424,518001873683864,107870
lazy,2,intra_process_va,cpu,4194304,7,518001972608827,11705,518001972666836,58009
lazy,2,intra_process_va,cpu,4194304,8,518002073609661,23801,518002073724012,114351
lazy,2,intra_process_va,cpu,4194304,9,518002172285687,8585,518002172322105,36418
lazy,2,intra_process_va,cpu,4194304,10,518002273629826,21987,518002273735691,105865
lazy,2,intra_process_va,cpu,4194304,11,518002373850626,22920,518002373963260,112634
lazy,2,intra_process_va,cpu,4194304,12,518002473825729,24258,518002473940990,115261
lazy,2,intra_process_va,cpu,4194304,13,518002573784874,24427,518002573898143,113269
lazy,2,intra_process_va,cpu,4194304,14,518002673509453,24366,518002673618791,109338
lazy,2,intra_process_va,cpu,4194304,15,518002773843965,23099,518002773957277,113312
lazy,2,intra_process_va,cpu,4194304,16,518002873813429,23535,518002873926753,113324
lazy,2,intra_process_va,cpu,4194304,17,518002973746117,23196,518002973856410,110293
lazy,2,intra_process_va,cpu,4194304,18,518003073820651,23844,518003073933292,112641
lazy,2,intra_process_va,cpu,4194304,19,518003173742143,22239,518003173847109,104966
lazy,2,intra_process_va,cpu,4096,0,518004890973387,19521,518004891103739,130352
lazy,2,intra_process_va,cpu,4096,1,518004990911772,18501,518004991076338,164566
lazy,2,intra_process_va,cpu,4096,2,518005090933928,19315,518005091094847,160919
lazy,2,intra_process_va,cpu,4096,3,518005190897483,17027,518005191086563,189080
lazy,2,intra_process_va,cpu,4096,4,518005290875429,17125,518005290981196,105767
lazy,2,intra_process_va,cpu,4096,5,518005390934707,19459,518005391108736,174029
lazy,2,intra_process_va,cpu,4096,6,518005490950793,18454,518005491098733,147940
lazy,2,intra_process_va,cpu,4096,7,518005590958207,18996,518005591145515,187308
lazy,2,intra_process_va,cpu,4096,8,518005690925543,16986,518005691072214,146671
lazy,2,intra_process_va,cpu,4096,9,518005790878250,16319,518005790983283,105033
lazy,2,intra_process_va,cpu,4096,10,518005890888518,16551,518005891058139,169621
lazy,2,intra_process_va,cpu,4096,11,518005990878236,14957,518005990999373,121137
lazy,2,intra_process_va,cpu,4096,12,518006090915019,17289,518006091076135,161116
lazy,2,intra_process_va,cpu,4096,13,518006190887191,15722,518006191047909,160718
lazy,2,intra_process_va,cpu,4096,14,518006290908178,18134,518006291058645,150467
lazy,2,intra_process_va,cpu,4096,15,518006390643236,3893,518006390665090,21854
lazy,2,intra_process_va,cpu,4096,16,518006490912173,20080,518006491072768,160595
lazy,2,intra_process_va,cpu,4096,17,518006590953200,19378,518006591111529,158329
lazy,2,intra_process_va,cpu,4096,18,518006690925898,16400,518006691063381,137483
lazy,2,intra_process_va,cpu,4096,19,518006790902430,17005,518006791049198,146768
lazy,2,inter_process,memfd,262144,0,518011811184958,468366,518011812250591,1065633
lazy,2,inter_process,memfd,262144,1,518011911231199,463898,518011912263969,1032770
lazy,2,inter_process,memfd,262144,2,518012011271677,440937,518012012226734,955057
lazy,2,inter_process,memfd,262144,3,518012111220848,463902,518012112258958,1038110
lazy,2,inter_process,memfd,262144,4,518012210974013,421269,518012211863308,889295
lazy,2,inter_process,memfd,262144,5,518012311224345,471285,518012312273219,1048874
lazy,2,inter_process,memfd,262144,6,518012411186402,286547,518012411982127,795725
lazy,2,inter_process,memfd,262144,7,518012511226830,423894,518012512179637,952807
lazy,2,inter_process,memfd,262144,8,518012611255799,464392,518012612285070,1029271
lazy,2,inter_process,memfd,262144,9,518012710908990,72355,518012711099151,190161
lazy,2,inter_process,memfd,262144,10,518012811184732,444325,518012812203497,1018765
lazy,2,inter_process,memfd,262144,11,518012911187809,320922,518012912107950,920141
lazy,2,inter_process,memfd,262144,12,518013011111499,268294,518013011683598,572099
lazy,2,inter_process,memfd,262144,13,518013111178452,438734,518013112158944,980492
lazy,2,inter_process,memfd,262144,14,518013211237256,434590,518013212220017,982761
lazy,2,inter_process,memfd,262144,15,518013311228984,463211,518013312256951,1027967
lazy,2,inter_process,memfd,262144,16,518013411150745,386108,518013411997688,846943
lazy,2,inter_process,memfd,262144,17,518013511195643,404500,518013512090053,894410
lazy,2,inter_process,memfd,262144,18,518013611273110,458706,518013612301593,1028483
lazy,2,inter_process,memfd,262144,19,518013711233474,460145,518013712279883,1046409
lazy,2,intra_process_va,cpu,16777216,0,518016592200551,5630,518016592229199,28648
lazy,2,intra_process_va,cpu,16777216,1,518016691519096,14198,518016691584363,65267
lazy,2,intra_process_va,cpu,16777216,2,518016792621820,16250,518016792667790,45970
lazy,2,intra_process_va,cpu,16777216,3,518016888390453,7710,518016888422136,31683
lazy,2,intra_process_va,cpu,16777216,4,518016992202618,14878,518016992273089,70471
lazy,2,intra_process_va,cpu,16777216,5,518017092596162,15897,518017092672194,76032
lazy,2,intra_process_va,cpu,16777216,6,518017192715113,16448,518017192783306,68193
lazy,2,intra_process_va,cpu,16777216,7,518017292188263,16318,518017292267328,79065
lazy,2,intra_process_va,cpu,16777216,8,518017392538505,5546,518017392568501,29996
lazy,2,intra_process_va,cpu,16777216,9,518017492613405,18533,518017492653397,39992
lazy,2,intra_process_va,cpu,16777216,10,518017592176760,18708,518017592218340,41580
lazy,2,intra_process_va,cpu,16777216,11,518017692444111,5266,518017692472574,28463
lazy,2,intra_process_va,cpu,16777216,12,518017792271800,5661,518017792300874,29074
lazy,2,intra_process_va,cpu,16777216,13,518017891981602,5678,518017892012990,31388
lazy,2,intra_process_va,cpu,16777216,14,518017992518979,11844,518017992554356,35377
lazy,2,intra_process_va,cpu,16777216,15,518018092520401,16137,518018092599864,79463
lazy,2,intra_process_va,cpu,16777216,16,518018191959410,5968,518018191988505,29095
lazy,2,intra_process_va,cpu,16777216,17,518018292132548,16268,518018292213458,80910
lazy,2,intra_process_va,cpu,16777216,18,518018392239831,16387,518018392316885,77054
lazy,2,intra_process_va,cpu,16777216,19,518018492157666,14073,518018492227708,70042
lazy,2,intra_process_va,cpu,1024,0,518020207949075,13341,518020208073837,124762
lazy,2,intra_process_va,cpu,1024,1,518020308053796,17422,518020308165056,111260
lazy,2,intra_process_va,cpu,1024,2,518020407850710,17369,518020407954858,104148
lazy,2,intra_process_va,cpu,1024,3,518020508083647,19198,518020508197304,113657
lazy,2,intra_process_va,cpu,1024,4,518020608089026,20435,518020608212018,122992
lazy,2,intra_process_va,cpu,1024,5,518020708071444,18879,518020708183948,112504
lazy,2,intra_process_va,cpu,1024,6,518020807881161,20213,518020808038525,157364
lazy,2,intra_process_va,cpu,1024,7,518020908073824,18974,518020908190495,116671
lazy,2,intra_process_va,cpu,1024,8,518021007841162,6651,518021007877654,36492
lazy,2,intra_process_va,cpu,1024,9,518021107998983,90282,518021108177856,178873
lazy,2,intra_process_va,cpu,1024,10,518021207970741,17343,518021208118185,147444
lazy,2,intra_process_va,cpu,1024,11,518021308074561,18041,518021308187779,113218
lazy,2,intra_process_va,cpu,1024,12,518021408074969,18368,518021408188342,113373
lazy,2,intra_process_va,cpu,1024,13,518021507844554,20063,518021507978164,133610
lazy,2,intra_process_va,cpu,1024,14,518021608049116,20470,518021608170193,121077
lazy,2,intra_process_va,cpu,1024,15,518021708086182,19348,518021708207245,121063
lazy,2,intra_process_va,cpu,1024,16,518021808070083,18549,518021808182685,112602
lazy,2,intra_process_va,cpu,1024,17,518021908102057,20249,518021908224468,122411
lazy,2,intra_process_va,cpu,1024,18,518022007978616,17619,518022008118997,140381
lazy,2,intra_process_va,cpu,1024,19,518022108051908,18844,518022108166532,114624
lazy,2,inter_process,memfd,16777216,0,518027136584662,346279,518027137350931,766269
lazy,2,inter_process,memfd,16777216,1,518027236604463,323841,518027237332057,727594
lazy,2,inter_process,memfd,16777216,2,518027333697433,114040,518027333938487,241054
lazy,2,inter_process,memfd,16777216,3,518027436081488,305254,518027436713076,631588
lazy,2,inter_process,memfd,16777216,4,518027536480135,425098,518027537251781,771646
lazy,2,inter_process,memfd,16777216,5,518027635546022,1505571,518027637173675,1627653
lazy,2,inter_process,memfd,16777216,6,518027736716352,373606,518027737413056,696704
lazy,2,inter_process,memfd,16777216,7,518027836794622,318112,518027837544292,749670
lazy,2,inter_process,memfd,16777216,8,518027936606977,361214,518027937368033,761056
lazy,2,inter_process,memfd,16777216,9,518028036837659,315049,518028037582723,745064
lazy,2,inter_process,memfd,16777216,10,518028136842511,389486,518028137637386,794875
lazy,2,inter_process,memfd,16777216,11,518028236797988,374060,518028237566708,768720
lazy,2,inter_process,memfd,16777216,12,518028336604433,364634,518028337327779,723346
lazy,2,inter_process,memfd,16777216,13,518028436526240,372882,518028437279133,752893
lazy,2,inter_process,memfd,16777216,14,518028536499399,384424,518028537243550,744151
lazy,2,inter_process,memfd,16777216,15,518028637092505,1957335,518028639173576,2081071
lazy,2,inter_process,memfd,16777216,16,518028736897003,370354,518028737630607,733604
lazy,2,inter_process,memfd,16777216,17,518028836575325,380074,518028837323941,748616
lazy,2,inter_process,memfd,16777216,18,518028936577817,354456,518028937295784,717967
lazy,2,inter_process,memfd,16777216,19,518029036554678,342473,518029037257631,702953
lazy,2,intra_process_va,cpu,16384,0,518031918819666,18795,518031918936635,116969
lazy,2,intra_process_va,cpu,16384,1,518032018914838,18872,518032019057822,142984
lazy,2,intra_process_va,cpu,16384,2,518032118910693,36608,518032119089403,178710
lazy,2,intra_process_va,cpu,16384,3,518032218947773,19617,518032219104464,156691
lazy,2,intra_process_va,cpu,16384,4,518032318744734,17871,518032318850526,105792
lazy,2,intra_process_va,cpu,16384,5,518032418909466,16999,518032419046678,137212
lazy,2,intra_process_va,cpu,16384,6,518032518909272,19435,518032519068094,158822
lazy,2,intra_process_va,cpu,16384,7,518032618949847,18819,518032619096559,146712
lazy,2,intra_process_va,cpu,16384,8,518032718938135,18236,518032719100711,162576
lazy,2,intra_process_va,cpu,16384,9,518032818887479,17217,518032818990886,103407
lazy,2,intra_process_va,cpu,16384,10,518032918926406,18763,518032919074613,148207
lazy,2,intra_process_va,cpu,16384,11,518033018954482,18316,518033019105607,151125
lazy,2,intra_process_va,cpu,16384,12,518033118945563,17254,518033119112692,167129
lazy,2,intra_process_va,cpu,16384,13,518033218939543,19976,518033219098341,158798
lazy,2,intra_process_va,cpu,16384,14,518033318914787,16886,518033319063989,149202
lazy,2,intra_process_va,cpu,16384,15,518033418932396,17493,518033419076572,144176
lazy,2,intra_process_va,cpu,16384,16,518033518928560,35227,518033519084435,155875
lazy,2,intra_process_va,cpu,16384,17,518033618674764,5504,518033618704037,29273
lazy,2,intra_process_va,cpu,16384,18,518033718917508,18376,518033719083826,166318
lazy,2,intra_process_va,cpu,16384,19,518033818950249,18291,518033819109431,159182
lazy,2,inter_process,memfd,65536,0,518038857098784,482370,518038858097463,998679
lazy,2,inter_process,memfd,65536,1,518038956865729,89718,518038957060679,194950
lazy,2,inter_process,memfd,65536,2,518039057188382,499989,518039058242316,1053934
lazy,2,inter_process,memfd,65536,3,518039156971981,474347,518039157923270,951289
lazy,2,inter_process,memfd,65536,4,518039257141246,393574,518039257966269,825023
lazy,2,inter_process,memfd,65536,5,518039357194639,419855,518039358098938,904299
lazy,2,inter_process,memfd,65536,6,518039457143172,317402,518039457934326,791154
lazy,2,inter_process,memfd,65536,7,518039557185744,500197,518039558212643,1026899
lazy,2,inter_process,memfd,65536,8,518039657136019,379320,518039657978928,842909
lazy,2,inter_process,memfd,65536,9,518039757166508,318662,518039758085103,918595
lazy,2,inter_process,memfd,65536,10,518039857151446,422340,518039858106231,954785
lazy,2,inter_process,memfd,65536,11,518039956904289,85664,518039957123497,219208
lazy,2,inter_process,memfd,65536,12,518040057156814,417719,518040058094039,937225
lazy,2,inter_process,memfd,65536,13,518040157136136,460127,518040158157022,1020886
lazy,2,inter_process,memfd,65536,14,518040257218299,410913,518040258151492,933193
lazy,2,inter_process,memfd,65536,15,518040357185713,445085,518040358186445,1000732
lazy,2,inter_process,memfd,65536,16,518040457155921,394440,518040458041707,885786
lazy,2,inter_process,memfd,65536,17,518040557237792,343774,518040558208863,971071
lazy,2,inter_process,memfd,65536,18,518040657154684,381756,518040657961596,806912
lazy,2,inter_process,memfd,65536,19,518040757179263,465527,518040758232390,1053127
lazy,2,inter_process,memfd,1048576,0,518046950437838,490712,518046951638221,1200383
lazy,2,inter_process,memfd,1048576,1,518047050444434,474390,518047051518672,1074238
lazy,2,inter_process,memfd,1048576,2,518047150355011,424197,518047151296173,941162
lazy,2,inter_process,memfd,1048576,3,518047250339347,432372,518047251281617,942270
lazy,2,inter_process,memfd,1048576,4,518047350260075,343830,518047350998724,738649
lazy,2,inter_process,memfd,1048576,5,518047450365885,313300,518047451232789,866904
lazy,2,inter_process,memfd,1048576,6,518047550303371,398992,518047551188276,884905
lazy,2,inter_process,memfd,1048576,7,518047650200603,264942,518047650772968,572365
lazy,2,inter_process,memfd,1048576,8,518047750408471,464312,518047751454046,1045575
lazy,2,inter_process,memfd,1048576,9,518047850435577,313899,518047851309246,873669
lazy,2,inter_process,memfd,1048576,10,518047950387592,454362,518047951431096,1043504
lazy,2,inter_process,memfd,1048576,11,518048050429532,455614,518048051425163,995631
lazy,2,inter_process,memfd,1048576,12,518048150410606,419148,518048151341116,930510
lazy,2,inter_process,memfd,1048576,13,518048250274885,381843,518048251096067,821182
lazy,2,inter_process,memfd,1048576,14,518048349919128,133740,518048350198692,279564
lazy,2,inter_process,memfd,1048576,15,518048450363784,444313,518048451365599,1001815
lazy,2,inter_process,memfd,1048576,16,518048550359934,406168,518048551259612,899678
lazy,2,inter_process,memfd,1048576,17,518048650226317,271972,518048650809589,583272
lazy,2,inter_process,memfd,1048576,18,518048750259772,403356,518048751160089,900317
lazy,2,inter_process,memfd,1048576,19,518048850361575,320127,518048851248567,886992
lazy,2,inter_process,cpu,262144,0,518054691108921,648988,518054692215089,1106168
lazy,2,inter_process,cpu,262144,1,518054790985535,594369,518054791959234,973699
lazy,2,inter_process,cpu,262144,2,518054891092127,496551,518054892187643,1095516
lazy,2,inter_process,cpu,262144,3,518054991147875,726268,518054992287694,1139819
lazy,2,inter_process,cpu,262144,4,518055091107826,674655,518055092223172,1115346
lazy,2,inter_process,cpu,262144,5,518055191085334,676301,518055192190713,1105379
lazy,2,inter_process,cpu,262144,6,518055291102317,675855,518055292226449,1124132
lazy,2,inter_process,cpu,262144,7,518055391076411,479155,518055392154757,1078346
lazy,2,inter_process,cpu,262144,8,518055491124900,678048,518055492272397,1147497
lazy,2,inter_process,cpu,262144,9,518055591092923,499338,518055592351555,1258632
lazy,2,inter_process,cpu,262144,10,518055691087246,666127,518055692194403,1107157
lazy,2,inter_process,cpu,262144,11,518055791042583,567896,518055791982275,939692
lazy,2,inter_process,cpu,262144,12,518055891096667,581918,518055892075623,978956
lazy,2,inter_process,cpu,262144,13,518055991157230,578508,518055992178870,1021640
lazy,2,inter_process,cpu,262144,14,518056091125415,661151,518056092212283,1086868
lazy,2,inter_process,cpu,262144,15,518056191102637,686528,518056192214854,1112217
lazy,2,inter_process,cpu,262144,16,518056291040997,581439,518056291984612,943615
lazy,2,inter_process,cpu,262144,17,518056391119112,475390,518056392203070,1083958
lazy,2,inter_process,cpu,262144,18,518056491167720,666506,518056492279387,1111667
lazy,2,inter_process,cpu,262144,19,518056591134308,668957,518056592258299,1123991
lazy,2,inter_process,cpu,16777216,0,518061470610249,2760566,518061485597056,14986807
lazy,2,inter_process,cpu,16777216,1,518061570084621,2641094,518061585079559,14994938
lazy,2,inter_process,cpu,16777216,2,518061670216753,2641889,518061685019826,14803073
lazy,2,inter_process,cpu,16777216,3,518061770682639,2689672,518061785569860,14887221
lazy,2,inter_process,cpu,16777216,4,518061870381527,2677144,518061885111158,14729631
lazy,2,inter_process,cpu,16777216,5,518061970014528,2648813,518061984800295,14785767
lazy,2,inter_process,cpu,16777216,6,518062070575171,2647404,518062085361888,14786717
lazy,2,inter_process,cpu,16777216,7,518062170413358,3266435,518062185911807,15498449
lazy,2,inter_process,cpu,16777216,8,518062270211517,3047862,518062285305359,15093842
lazy,2,inter_process,cpu,16777216,9,518062370693091,2658741,518062385365842,14672751
lazy,2,inter_process,cpu,16777216,10,518062470425461,2638274,518062485442818,15017357
lazy,2,inter_process,cpu,16777216,11,518062570249004,2647555,518062585237487,14988483
lazy,2,inter_process,cpu,16777216,12,518062669830659,2709264,518062684565907,14735248
lazy,2,inter_process,cpu,16777216,13,518062770232135,2656714,518062785217750,14985615
lazy,2,inter_process,cpu,16777216,14,518062870045051,2663680,518062885114357,15069306
lazy,2,inter_process,cpu,16777216,15,518062966921074,3217805,518062981074352,14153278
lazy,2,inter_process,cpu,16777216,16,518063070145353,2700537,518063084872867,14727514
lazy,2,inter_process,cpu,16777216,17,518063170324868,2650607,518063185189022,14864154
lazy,2,inter_process,cpu,16777216,18,518063270041054,2737980,518063284783032,14741978
lazy,2,inter_process,cpu,16777216,19,518063370869322,2725267,518063385569607,14700285
lazy,2,inter_process,memfd,1024,0,518068257232759,476015,518068258312832,1080073
lazy,2,inter_process,memfd,1024,1,518068357186924,391797,518068358065627,878703
lazy,2,inter_process,memfd,1024,2,518068457133597,355489,518068457909872,776275
lazy,2,inter_process,memfd,1024,3,518068557215139,415647,518068558142084,926945
lazy,2,inter_process,memfd,1024,4,518068657158385,365628,518068657950907,792522
lazy,2,inter_process,memfd,1024,5,518068757201818,436614,518068758189098,987280
lazy,2,inter_process,memfd,1024,6,518068857190950,397054,518068858076431,885481
lazy,2,inter_process,memfd,1024,7,518068957121856,394800,518068957975617,853761
lazy,2,inter_process,memfd,1024,8,518069057240065,466121,518069058256780,1016715
lazy,2,inter_process,memfd,1024,9,518069157178683,328762,518069158063578,884895
lazy,2,inter_process,memfd,1024,10,518069256921963,97939,518069257157221,235258
lazy,2,inter_process,memfd,1024,11,518069357210853,441516,518069358199166,988313
lazy,2,inter_process,memfd,1024,12,518069457258433,472784,518069458316762,1058329
lazy,2,inter_process,memfd,1024,13,518069557177079,431047,518069558123334,946255
lazy,2,inter_process,memfd,1024,14,518069657168583,393345,518069658034573,865990
lazy,2,inter_process,memfd,1024,15,518069757190861,441361,518069758177673,986812
lazy,2,inter_process,memfd,1024,16,518069857201233,393197,518069858080623,879390
lazy,2,inter_process,memfd,1024,17,518069957184379,310699,518069958042058,857679
lazy,2,inter_process,memfd,1024,18,518070057213115,411730,518070058143312,930197
lazy,2,inter_process,memfd,1024,19,518070157215430,415485,518070158151776,936346
lazy,2,inter_process,cpu,4096,0,518076350064103,316925,518076350705742,641639
lazy,2,inter_process,cpu,4096,1,518076450129713,351807,518076450833694,703981
lazy,2,inter_process,cpu,4096,2,518076550081137,300341,518076550690419,609282
lazy,2,inter_process,cpu,4096,3,518076649983860,223593,518076650414497,430637
lazy,2,inter_process,cpu,4096,4,518076750086908,311572,518076750730568,643660
lazy,2,inter_process,cpu,4096,5,518076850089420,367638,518076850810852,721432
lazy,2,inter_process,cpu,4096,6,518076950136347,356438,518076950851122,714775
lazy,2,inter_process,cpu,4096,7,518077050097418,337536,518077050777107,679689
lazy,2,inter_process,cpu,4096,8,518077150137291,225431,518077150762479,625188
lazy,2,inter_process,cpu,4096,9,518077250142752,206649,518077250730717,587965
lazy,2,inter_process,cpu,4096,10,518077350034801,268390,518077350592114,557313
lazy,2,inter_process,cpu,4096,11,518077450098865,347876,518077450802710,703845
lazy,2,inter_process,cpu,4096,12,518077550092034,354567,518077550800715,708681
lazy,2,inter_process,cpu,4096,13,518077649862647,79815,518077650026916,164269
lazy,2,inter_process,cpu,4096,14,518077750073427,353539,518077750782497,709070
lazy,2,inter_process,cpu,4096,15,518077850116685,350432,518077850821346,704661
lazy,2,inter_process,cpu,4096,16,518077950127622,223275,518077950755751,628129
lazy,2,inter_process,cpu,4096,17,518078050084765,315282,518078050724734,639969
lazy,2,inter_process,cpu,4096,18,518078150118559,340738,518078150819419,700860
lazy,2,inter_process,cpu,4096,19,518078250159158,314667,518078250814764,655606
lazy,2,intra_process_va,memfd,64,0,518080158166780,17776,518080158292652,125872
lazy,2,intra_process_va,memfd,64,1,518080258112420,16683,518080258231891,119471
lazy,2,intra_process_va,memfd,64,2,518080358088506,14912,518080358197311,108805
lazy,2,intra_process_va,memfd,64,3,518080458068391,14198,518080458177900,109509
lazy,2,intra_process_va,memfd,64,4,518080558125764,15535,518080558243322,117558
lazy,2,intra_process_va,memfd,64,5,518080657925454,5072,518080657961643,36189
lazy,2,intra_process_va,memfd,64,6,518080758076637,14491,518080758182588,105951
lazy,2,intra_process_va,memfd,64,7,518080858103711,15843,518080858218950,115239
lazy,2,intra_process_va,memfd,64,8,518080957748050,4107,518080957774649,26599
lazy,2,intra_process_va,memfd,64,9,518081058184494,16800,518081058298074,113580
lazy,2,intra_process_va,memfd,64,10,518081158172222,17708,518081158296758,124536
lazy,2,intra_process_va,memfd,64,11,518081258092378,15306,518081258199130,106752
lazy,2,intra_process_va,memfd,64,12,518081358159070,16780,518081358282250,123180
lazy,2,intra_process_va,memfd,64,13,518081458108535,17545,518081458228968,120433
lazy,2,intra_process_va,memfd,64,14,518081558080715,15397,518081558189710,108995
lazy,2,intra_process_va,memfd,64,15,518081658102833,14837,518081658212240,109407
lazy,2,intra_process_va,memfd,64,16,518081762109215,6686,518081762155449,46234
lazy,2,intra_process_va,memfd,64,17,518081857940449,8007,518081858031574,91125
lazy,2,intra_process_va,memfd,64,18,518081957984382,14205,518081958140667,156285
lazy,2,intra_process_va,memfd,64,19,518082058147474,15568,518082058261520,114046
lazy,2,inter_process,cpu,4194304,0,518086760653498,3529591,518086764939888,4286390
lazy,2,inter_process,cpu,4194304,1,518086860807901,3470226,518086864687612,3879711
lazy,2,inter_process,cpu,4194304,2,518086960793823,3856481,518086965255193,4461370
lazy,2,inter_process,cpu,4194304,3,518087060680282,3547372,518087075926919,15246637
lazy,2,inter_process,cpu,4194304,4,518087160851965,3833869,518087175926384,15074419
lazy,2,inter_process,cpu,4194304,5,518087260632678,3511079,518087264557903,3925225
lazy,2,inter_process,cpu,4194304,6,518087360584137,3538783,518087376291588,15707451
lazy,2,inter_process,cpu,4194304,7,518087460848064,3852818,518087476585493,15737429
lazy,2,inter_process,cpu,4194304,8,518087560678877,4391177,518087577981832,17302955
lazy,2,inter_process,cpu,4194304,9,518087660209078,2467112,518087674637116,14428038
lazy,2,inter_process,cpu,4194304,10,518087760822983,3833424,518087777032370,16209387
lazy,2,inter_process,cpu,4194304,11,518087859892902,3246819,518087875313319,15420417
lazy,2,inter_process,cpu,4194304,12,518087960888381,3763657,518087976486112,15597731
lazy,2,inter_process,cpu,4194304,13,518088059243584,1213534,518088070905624,11662040
lazy,2,inter_process,cpu,4194304,14,518088160610196,3520720,518088176306492,15696296
lazy,2,inter_process,cpu,4194304,15,518088260928314,3742062,518088276120789,15192475
lazy,2,inter_process,cpu,4194304,16,518088360617216,3530240,518088376228646,15611430
lazy,2,inter_process,cpu,4194304,17,518088460894502,3773151,518088477193686,16299184
lazy,2,inter_process,cpu,4194304,18,518088560593952,3551958,518088565051751,4457799
lazy,2,inter_process,cpu,4194304,19,518088660228879,2497693,518088674759673,14530794
lazy,2,intra_process_va,cpu,65536,0,518090577918403,35354,518090578098259,179856
lazy,2,intra_process_va,cpu,65536,1,518090677718223,17982,518090677827993,109770
lazy,2,intra_process_va,cpu,65536,2,518090777948544,19886,518090778107432,158888
lazy,2,intra_process_va,cpu,65536,3,518090877900987,32980,518090878077947,176960
lazy,2,intra_process_va,cpu,65536,4,518090977965077,20033,518090978144575,179498
lazy,2,intra_process_va,cpu,65536,5,518091077935776,19745,518091078108704,172928
lazy,2,intra_process_va,cpu,65536,6,518091177939790,18828,518091178097902,158112
lazy,2,intra_process_va,cpu,65536,7,518091277865660,20769,518091277988745,123085
lazy,2,intra_process_va,cpu,65536,8,518091377966353,19687,518091378126801,160448
lazy,2,intra_process_va,cpu,65536,9,518091477931350,20603,518091478163992,232642
lazy,2,intra_process_va,cpu,65536,10,518091577907312,17639,518091578070312,163000
lazy,2,intra_process_va,cpu,65536,11,518091677720689,16841,518091677824567,103878
lazy,2,intra_process_va,cpu,65536,12,518091777916390,19242,518091778074181,157791
lazy,2,intra_process_va,cpu,65536,13,518091877939314,18906,518091878093491,154177
lazy,2,intra_process_va,cpu,65536,14,518091977955886,20651,518091978114644,158758
lazy,2,intra_process_va,cpu,65536,15,518092077953748,20103,518092078115078,161330
lazy,2,intra_process_va,cpu,65536,16,518092177951503,20625,518092178111855,160352
lazy,2,intra_process_va,cpu,65536,17,518092277717074,4372,518092277745827,28753
lazy,2,intra_process_va,cpu,65536,18,518092377803634,12752,518092377882446,78812
lazy,2,intra_process_va,cpu,65536,19,518092477954678,20586,518092478133456,178778
lazy,2,intra_process_va,memfd,4096,0,518094203177108,15667,518094203287330,110222
lazy,2,intra_process_va,memfd,4096,1,518094303150616,18738,518094303276011,125395
lazy,2,intra_process_va,memfd,4096,2,518094402755603,4078,518094402779787,24184
lazy,2,intra_process_va,memfd,4096,3,518094503128399,17428,518094503253794,125395
lazy,2,intra_process_va,memfd,4096,4,518094603130382,16666,518094603253011,122629
lazy,2,intra_process_va,memfd,4096,5,518094702973526,17853,518094703143894,170368
lazy,2,intra_process_va,memfd,4096,6,518094803066437,15364,518094803171357,104920
lazy,2,intra_process_va,memfd,4096,7,518094903103079,16467,518094903219639,116560
lazy,2,intra_process_va,memfd,4096,8,518095003125967,18276,518095003250488,124521
lazy,2,intra_process_va,memfd,4096,9,518095103093191,36353,518095103226490,133299
lazy,2,intra_process_va,memfd,4096,10,518095203146329,18135,518095203270451,124122
lazy,2,intra_process_va,memfd,4096,11,518095303152298,17675,518095303277888,125590
lazy,2,intra_process_va,memfd,4096,12,518095403130734,16728,518095403244543,113809
lazy,2,intra_process_va,memfd,4096,13,518095503099877,15734,518095503213867,113990
lazy,2,intra_process_va,memfd,4096,14,518095603104185,16095,518095603225885,121700
lazy,2,intra_process_va,memfd,4096,15,518095703142720,17037,518095703255533,112813
lazy,2,intra_process_va,memfd,4096,16,518095803132417,17957,518095803254984,122567
lazy,2,intra_process_va,memfd,4096,17,518095903148098,18547,518095903272287,124189
lazy,2,intra_process_va,memfd,4096,18,518096003233700,18479,518096003357078,123378
lazy,2,intra_process_va,memfd,4096,19,518096103125625,16315,518096103237902,112277
lazy,3,inter_process,cpu,1048576,0,518100787415012,1673444,518100789724091,2309079
lazy,3,inter_process,cpu,1048576,1,518100887470712,1639428,518100900971872,13501160
lazy,3,inter_process,cpu,1048576,2,518100987421557,1599698,518100989668992,2247435
lazy,3,inter_process,cpu,1048576,3,518101087403750,1499670,518101089647373,2243623
lazy,3,inter_process,cpu,1048576,4,518101187449453,1666037,518101189755841,2306388
lazy,3,inter_process,cpu,1048576,5,518101287337409,1480360,518101289453488,2116079
lazy,3,inter_process,cpu,1048576,6,518101387499662,1622718,518101401152673,13653011
lazy,3,inter_process,cpu,1048576,7,518101487414809,1632254,518101500939115,13524306
lazy,3,inter_process,cpu,1048576,8,518101587439821,1614748,518101600738185,13298364
lazy,3,inter_process,cpu,1048576,9,518101687441928,1467776,518101700786092,13344164
lazy,3,inter_process,cpu,1048576,10,518101787419867,1656996,518101789727409,2307542
lazy,3,inter_process,cpu,1048576,11,518101887394369,1339594,518101900776781,13382412
lazy,3,inter_process,cpu,1048576,12,518101987405557,1636283,518101989701654,2296097
lazy,3,inter_process,cpu,1048576,13,518102087353407,1641745,518102100890069,13536662
lazy,3,inter_process,cpu,1048576,14,518102187343596,1451968,518102200667214,13323618
lazy,3,inter_process,cpu,1048576,15,518102287376038,1441015,518102300803122,13427084
lazy,3,inter_process,cpu,1048576,16,518102387363257,1450519,518102389436077,2072820
lazy,3,inter_process,cpu,1048576,17,518102487472707,1441451,518102489645628,2172921
lazy,3,inter_process,cpu,1048576,18,518102587393148,1414047,518102600749249,13356101
lazy,3,inter_process,cpu,1048576,19,518102686992820,717012,518102688031739,1038919
lazy,3,inter_process,cpu,4194304,0,518107556953577,3991278,518107561564747,4611170
lazy,3,inter_process,cpu,4194304,1,518107656560962,3544033,518107671623856,15062894
lazy,3,inter_process,cpu,4194304,2,518107756875725,3513389,518107772683878,15808153
lazy,3,inter_process,cpu,4194304,3,518107856680703,4004345,518107872581794,15901091
lazy,3,inter_process,cpu,4194304,4,518107956643340,3713493,518107972213060,15569720
lazy,3,inter_process,cpu,4194304,5,518108056755862,3685908,518108060864665,4108803
lazy,3,inter_process,cpu,4194304,6,518108156888772,3495956,518108173230533,16341761
lazy,3,inter_process,cpu,4194304,7,518108256620853,3748539,518108272609022,15988169
lazy,3,inter_process,cpu,4194304,8,518108356688402,3516344,518108360617602,3929200
lazy,3,inter_process,cpu,4194304,9,518108456950558,3617169,518108473130618,16180060
lazy,3,inter_process,cpu,4194304,10,518108556742649,3772871,518108572658288,15915639
lazy,3,inter_process,cpu,4194304,11,518108656622353,3788495,518108672436769,15814416
lazy,3,inter_process,cpu,4194304,12,518108756962063,3426388,518108773114839,16152776
lazy,3,inter_process,cpu,4194304,13,518108856724337,3697667,518108872444040,15719703
lazy,3,inter_process,cpu,4194304,14,518108956690024,3725225,518108972753502,16063478
lazy,3,inter_process,cpu,4194304,15,518109055139204,853389,518109066560356,11421152
lazy,3,inter_process,cpu,4194304,16,518109156653065,3502034,518109172556008,15902943
lazy,3,inter_process,cpu,4194304,17,518109256640312,3753909,518109272764331,16124019
lazy,3,inter_process,cpu,4194304,18,518109356965625,3483967,518109360897352,3931727
lazy,3,inter_process,cpu,4194304,19,518109456718783,3678973,518109472661657,15942874
lazy,3,inter_process,memfd,16384,0,518114682159303,424428,518114683118959,959656
lazy,3,inter_process,memfd,16384,1,518114782178782,466879,518114783218755,1039973
lazy,3,inter_process,memfd,16384,2,518114882115108,391825,518114882970389,855281
lazy,3,inter_process,memfd,16384,3,518114982135984,444339,518114983109139,973155
lazy,3,inter_process,memfd,16384,4,518115082152896,459399,518115083143328,990432
lazy,3,inter_process,memfd,16384,5,518115182101658,420414,518115183036167,934509
lazy,3,inter_process,memfd,16384,6,518115282108312,438350,518115283092005,983693
lazy,3,inter_process,memfd,16384,7,518115381753267,2306212,518115384183793,2430526
lazy,3,inter_process,memfd,16384,8,518115482147003,438876,518115483144148,997145
lazy,3,inter_process,memfd,16384,9,518115582240763,330322,518115583198909,958146
lazy,3,inter_process,memfd,16384,10,518115682125583,437408,518115683105462,979879
lazy,3,inter_process,memfd,16384,11,518115782237549,458806,518115783261449,1023900
lazy,3,inter_process,memfd,16384,12,518115882165470,414555,518115883094040,928570
lazy,3,inter_process,memfd,16384,13,518115982186367,463170,518115983216494,1030127
lazy,3,inter_process,memfd,16384,14,518116082142553,416881,518116083079546,936993
lazy,3,inter_process,memfd,16384,15,518116182184798,462404,518116183246407,1061609
lazy,3,inter_process,memfd,16384,16,518116282195019,424743,518116283099360,904341
lazy,3,inter_process,memfd,16384,17,518116382110713,395154,518116382968982,858269
lazy,3,inter_process,memfd,16384,18,518116482178435,462203,518116483218169,1039734
lazy,3,inter_process,memfd,16384,19,518116582156711,410160,518116583080878,924167
lazy,3,inter_process,memfd,4096,0,518122432208275,451526,518122433185053,976778
lazy,3,inter_process,memfd,4096,1,518122532138184,402424,518122533045731,907547
lazy,3,inter_process,memfd,4096,2,518122632207230,1982517,518122634594448,2387218
lazy,3,inter_process,memfd,4096,3,518122732222778,446396,518122733228368,1005590
lazy,3,inter_process,memfd,4096,4,518122832264860,461003,518122833307555,1042695
lazy,3,inter_process,memfd,4096,5,518122932214359,421943,518122933213526,999167
lazy,3,inter_process,memfd,4096,6,518123032164366,418109,518123033067984,903618
lazy,3,inter_process,memfd,4096,7,518123132246534,466670,518123133294425,1047891
lazy,3,inter_process,memfd,4096,8,518123232204423,445860,518123233197172,992749
lazy,3,inter_process,memfd,4096,9,518123332229379,338337,518123333212649,983270
lazy,3,inter_process,memfd,4096,10,518123432173382,467186,518123433237871,1064489
lazy,3,inter_process,memfd,4096,11,518123532184423,422902,518123533102733,918310
lazy,3,inter_process,memfd,4096,12,518123633167484,287372,518123633840949,673465
lazy,3,inter_process,memfd,4096,13,518123732117762,389683,518123732954054,836292
lazy,3,inter_process,memfd,4096,14,518123832077428,91950,518123832295513,218085
lazy,3,inter_process,memfd,4096,15,518123932254299,464040,518123933322147,1067848
lazy,3,inter_process,memfd,4096,16,518124032253457,491734,518124033311694,1058237
lazy,3,inter_process,memfd,4096,17,518124132242737,465884,518124133286608,1043871
lazy,3,inter_process,memfd,4096,18,518124232245650,464781,518124233276225,1030575
lazy,3,inter_process,memfd,4096,19,518124332250486,469137,518124333293845,1043359
lazy,3,intra_process_va,memfd,16777216,0,518127217866573,18237,518127217967984,101411
lazy,3,intra_process_va,memfd,16777216,1,518127317419062,20425,518127317606082,187020
lazy,3,intra_process_va,memfd,16777216,2,518127417532816,20496,518127417724414,191598
lazy,3,intra_process_va,memfd,16777216,3,518127517674536,19979,518127517854358,179822
lazy,3,intra_process_va,memfd,16777216,4,518127617675568,19674,518127617794830,119262
lazy,3,intra_process_va,memfd,16777216,5,518127717426073,21060,518127717544019,117946
lazy,3,intra_process_va,memfd,16777216,6,518127817726828,21330,518127817840118,113290
lazy,3,intra_process_va,memfd,16777216,7,518127915490466,9886,518127915544949,54483
lazy,3,intra_process_va,memfd,16777216,8,518128016666403,24495,518128016783012,116609
lazy,3,intra_process_va,memfd,16777216,9,518128117565670,19590,518128117682098,116428
lazy,3,intra_process_va,memfd,16777216,10,518128217561181,20501,518128217677969,116788
lazy,3,intra_process_va,memfd,16777216,11,518128317464306,20558,518128317582681,118375
lazy,3,intra_process_va,memfd,16777216,12,518128417518105,20658,518128417636751,118646
lazy,3,intra_process_va,memfd,16777216,13,518128517369678,20077,518128517488626,118948
lazy,3,intra_process_va,memfd,16777216,14,518128617763290,20675,518128617877486,114196
lazy,3,intra_process_va,memfd,16777216,15,518128717757670,20686,518128717876199,118529
lazy,3,intra_process_va,memfd,16777216,16,518128817706850,20494,518128817818625,111775
lazy,3,intra_process_va,memfd,16777216,17,518128917539044,18168,518128917641180,102136
lazy,3,intra_process_va,memfd,16777216,18,518129017690803,19792,518129017807539,116736
lazy,3,intra_process_va,memfd,16777216,19,518129117686066,20278,518129117804281,118215
lazy,3,intra_process_va,memfd,65536,0,518130834099674,16074,518130834207424,107750
lazy,3,intra_process_va,memfd,65536,1,518130933882182,15533,518130933990491,108309
lazy,3,intra_process_va,memfd,65536,2,518131034117372,16571,518131034226602,109230
lazy,3,intra_process_va,memfd,65536,3,518131134187096,17936,518131134311871,124775
lazy,3,intra_process_va,memfd,65536,4,518131234188018,17570,518131234312885,124867
lazy,3,intra_process_va,memfd,65536,5,518131334050176,16031,518131334160180,110004
lazy,3,intra_process_va,memfd,65536,6,518131434160081,18424,518131434287092,127011
lazy,3,intra_process_va,memfd,65536,7,518131534163432,18305,518131534286642,123210
lazy,3,intra_process_va,memfd,65536,8,518131635011931,4137,518131635039308,27377
lazy,3,intra_process_va,memfd,65536,9,518131734142142,18829,518131734270089,127947
lazy,3,intra_process_va,memfd,65536,10,518131834180642,15670,518131834288992,108350
lazy,3,intra_process_va,memfd,65536,11,518131933875109,15155,518131933983803,108694
lazy,3,intra_process_va,memfd,65536,12,518132034203098,19687,518132034328989,125891
lazy,3,intra_process_va,memfd,65536,13,518132133792598,5241,518132133826305,33707
lazy,3,intra_process_va,memfd,65536,14,518132234153052,16586,518132234270395,117343
lazy,3,intra_process_va,memfd,65536,15,518132334130847,16428,518132334245351,114504
lazy,3,intra_process_va,memfd,65536,16,518132434133804,17382,518132434251112,117308
lazy,3,intra_process_va,memfd,65536,17,518132533902882,14034,518132533997895,95013
lazy,3,intra_process_va,memfd,65536,18,518132633929556,12080,518132634033707,104151
lazy,3,intra_process_va,memfd,65536,19,518132734131457,17447,518132734247603,116146
lazy,3,inter_process,memfd,16777216,0,518137758837727,361844,518137759579648,741921
lazy,3,inter_process,memfd,16777216,1,518137858189540,287432,518137858777026,587486
lazy,3,inter_process,memfd,16777216,2,518137958736340,418174,518137959507543,771203
lazy,3,inter_process,memfd,16777216,3,518138058797071,400687,518138059546187,749116
lazy,3,inter_process,memfd,16777216,4,518138158557813,307263,518138159212438,654625
lazy,3,inter_process,memfd,16777216,5,518138258485668,307646,518138259139153,653485
lazy,3,inter_process,memfd,16777216,6,518138358575550,304892,518138359261342,685792
lazy,3,inter_process,memfd,16777216,7,518138455786000,101290,518138456007393,221393
lazy,3,inter_process,memfd,16777216,8,518138558532686,298210,518138559181928,649242
lazy,3,inter_process,memfd,16777216,9,518138658423619,233028,518138659024513,600894
lazy,3,inter_process,memfd,16777216,10,518138758823265,369317,518138759555976,732711
lazy,3,inter_process,memfd,16777216,11,518138857887115,315824,518138858541532,654417
lazy,3,inter_process,memfd,16777216,12,518138958693467,378603,518138959427543,734076
lazy,3,inter_process,memfd,16777216,13,518139058489710,333686,518139059224544,734834
lazy,3,inter_process,memfd,16777216,14,518139158418829,316512,518139159143106,724277
lazy,3,inter_process,memfd,16777216,15,518139258503357,334222,518139259247651,744294
lazy,3,inter_process,memfd,16777216,16,518139358696238,284441,518139359425644,729406
lazy,3,inter_process,memfd,16777216,17,518139458661254,376547,518139459476556,815302
lazy,3,inter_process,memfd,16777216,18,518139558744243,385250,518139559520964,776721
lazy,3,inter_process,memfd,16777216,19,518139658390637,321785,518139659082275,691638
lazy,3,inter_process,memfd,1048576,0,518145841405858,436698,518145842377551,971693
lazy,3,inter_process,memfd,1048576,1,518145941438382,425629,518145942377594,939212
lazy,3,inter_process,memfd,1048576,2,518146041405327,383709,518146042258812,853485
lazy,3,inter_process,memfd,1048576,3,518146141446425,470269,518146142444937,998512
lazy,3,inter_process,memfd,1048576,4,518146241433431,479653,518146242432935,999504
lazy,3,inter_process,memfd,1048576,5,518146341407508,424122,518146342351523,944015
lazy,3,inter_process,memfd,1048576,6,518146441467121,472755,518146442564153,1097032
lazy,3,inter_process,memfd,1048576,7,518146541388321,424527,518146542321694,933373
lazy,3,inter_process,memfd,1048576,8,518146640968852,167753,518146641333626,364774
lazy,3,inter_process,memfd,1048576,9,518146741412652,308749,518146742278608,865956
lazy,3,inter_process,memfd,1048576,10,518146843124680,124298,518146843413396,288716
lazy,3,inter_process,memfd,1048576,11,518146941412834,421462,518146942365699,952865
lazy,3,inter_process,memfd,1048576,12,518147041425362,442899,518147042389194,963832
lazy,3,inter_process,memfd,1048576,13,518147141441300,425172,518147142377746,936446
lazy,3,inter_process,memfd,1048576,14,518147241460588,464560,518147242462279,1001691
lazy,3,inter_process,memfd,1048576,15,518147341405109,421546,518147342343661,938552
lazy,3,inter_process,memfd,1048576,16,518147441442946,465756,518147442476371,1033425
lazy,3,inter_process,memfd,1048576,17,518147541389991,300545,518147542217018,827027
lazy,3,inter_process,memfd,1048576,18,518147641204226,171058,518147641581316,377090
lazy,3,inter_process,memfd,1048576,19,518147741421156,465864,518147742470898,1049742
lazy,3,intra_process_va,memfd,4096,0,518150627120811,18298,518150627246943,126132
lazy,3,intra_process_va,memfd,4096,1,518150727066590,17097,518150727186315,119725
lazy,3,intra_process_va,memfd,4096,2,518150827049106,15688,518150827172773,123667
lazy,3,intra_process_va,memfd,4096,3,518150927074206,16354,518150927192667,118461
lazy,3,intra_process_va,memfd,4096,4,518151026692203,3647,518151026719278,27075
lazy,3,intra_process_va,memfd,4096,5,518151127200959,17872,518151127321113,120154
lazy,3,intra_process_va,memfd,4096,6,518151227055908,17333,518151227173385,117477
lazy,3,intra_process_va,memfd,4096,7,518151327098186,15877,518151327214850,116664
lazy,3,intra_process_va,memfd,4096,8,518151427099861,17436,518151427221205,121344
lazy,3,intra_process_va,memfd,4096,9,518151527136572,15879,518151527245418,108846
lazy,3,intra_process_va,memfd,4096,10,518151627070133,16525,518151627187067,116934
lazy,3,intra_process_va,memfd,4096,11,518151726990888,52928,518151727138001,147113
lazy,3,intra_process_va,memfd,4096,12,518151827086958,16804,518151827204107,117149
lazy,3,intra_process_va,memfd,4096,13,518151927073951,16224,518151927192561,118610
lazy,3,intra_process_va,memfd,4096,14,518152027049290,15661,518152027162064,112774
lazy,3,intra_process_va,memfd,4096,15,518152127099844,17866,518152127226892,127048
lazy,3,intra_process_va,memfd,4096,16,518152227057523,15924,518152227173099,115576
lazy,3,intra_process_va,memfd,4096,17,518152327080207,15875,518152327195689,115482
lazy,3,intra_process_va,memfd,4096,18,518152426980141,14319,518152427120919,140778
lazy,3,intra_process_va,memfd,4096,19,518152526994812,60131,518152527146153,151341
lazy,3,intra_process_va,cpu,4194304,0,518154252887292,25500,518154253024359,137067
lazy,3,intra_process_va,cpu,4194304,1,518154352481937,24218,518154352595590,113653
lazy,3,intra_process_va,cpu,4194304,2,518154452891153,27057,518154453051957,160804
lazy,3,intra_process_va,cpu,4194304,3,518154552902885,25795,518154553034448,131563
lazy,3,intra_process_va,cpu,4194304,4,518154651881663,14715,518154651952991,71328
lazy,3,intra_process_va,cpu,4194304,5,518154752641176,24290,518154752762033,120857
lazy,3,intra_process_va,cpu,4194304,6,518154852525937,23203,518154852639213,113276
lazy,3,intra_process_va,cpu,4194304,7,518154952918431,26345,518154953058464,140033
lazy,3,intra_process_va,cpu,4194304,8,518155052685133,23942,518155052798201,113068
lazy,3,intra_process_va,cpu,4194304,9,518155152573756,21935,518155152676627,102871
lazy,3,intra_process_va,cpu,4194304,10,518155251322391,6784,518155251350541,28150
lazy,3,intra_process_va,cpu,4194304,11,518155352272133,21073,518155352376078,103945
lazy,3,intra_process_va,cpu,4194304,12,518155452692592,23890,518155452812234,119642
lazy,3,intra_process_va,cpu,4194304,13,518155552710490,24306,518155552830507,120017
lazy,3,intra_process_va,cpu,4194304,14,518155652038515,18237,518155652124711,86196
lazy,3,intra_process_va,cpu,4194304,15,518155752610478,23296,518155752725036,114558
lazy,3,intra_process_va,cpu,4194304,16,518155852674994,24204,518155852802621,127627
lazy,3,intra_process_va,cpu,4194304,17,518155952896563,24709,518155953030427,133864
lazy,3,intra_process_va,cpu,4194304,18,518156052843247,25757,518156052961690,118443
lazy,3,intra_process_va,cpu,4194304,19,518156152724875,23636,518156152838300,113425
lazy,3,inter_process,cpu,16384,0,518160838866601,337510,518160839524758,658157
lazy,3,inter_process,cpu,16384,1,518160939092377,362900,518160939802520,710143
lazy,3,inter_process,cpu,16384,2,518161039131123,327637,518161039790912,659789
lazy,3,inter_process,cpu,16384,3,518161139172324,369373,518161139916561,744237
lazy,3,inter_process,cpu,16384,4,518161239178456,328606,518161239842424,663968
lazy,3,inter_process,cpu,16384,5,518161339069244,343161,518161339757165,687921
lazy,3,inter_process,cpu,16384,6,518161438868847,157750,518161439177310,308463
lazy,3,inter_process,cpu,16384,7,518161541039790,73315,518161541195872,156082
lazy,3,inter_process,cpu,16384,8,518161638709337,65843,518161638842948,133611
lazy,3,inter_process,cpu,16384,9,518161739227185,231674,518161739907772,680587
lazy,3,inter_process,cpu,16384,10,518161839089760,375518,518161839811371,721611
lazy,3,inter_process,cpu,16384,11,518161939108867,368395,518161939854149,745282
lazy,3,inter_process,cpu,16384,12,518162039064739,310140,518162039701368,636629
lazy,3,inter_process,cpu,16384,13,518162139098892,366346,518162139844329,745437
lazy,3,inter_process,cpu,16384,14,518162239114115,374184,518162239856051,741936
lazy,3,inter_process,cpu,16384,15,518162339112011,356983,518162339832397,720386
lazy,3,inter_process,cpu,16384,16,518162439066744,204463,518162439663058,596314
lazy,3,inter_process,cpu,16384,17,518162539067059,334932,518162539752313,685254
lazy,3,inter_process,cpu,16384,18,518162638955812,72162,518162639099966,144154
lazy,3,inter_process,cpu,16384,19,518162739078127,366545,518162739827190,749063
lazy,3,intra_process_va,memfd,1048576,0,518164635934893,5370,518164635973811,38918
lazy,3,intra_process_va,memfd,1048576,1,518164736411847,17959,518164736527115,115268
lazy,3,intra_process_va,memfd,1048576,2,518164836348429,19150,518164836468433,120004
lazy,3,intra_process_va,memfd,1048576,3,518164936366621,18468,518164936487553,120932
lazy,3,intra_process_va,memfd,1048576,4,518165036396279,19765,518165036528529,132250
lazy,3,intra_process_va,memfd,1048576,5,518165136409607,20385,518165136542324,132717
lazy,3,intra_process_va,memfd,1048576,6,518165236342609,20180,518165236468224,125615
lazy,3,intra_process_va,memfd,1048576,7,518165336355138,20391,518165336490173,135035
lazy,3,intra_process_va,memfd,1048576,8,518165436354841,20078,518165436482510,127669
lazy,3,intra_process_va,memfd,1048576,9,518165536436131,20537,518165536565337,129206
lazy,3,intra_process_va,memfd,1048576,10,518165635862794,6783,518165635900884,38090
lazy,3,intra_process_va,memfd,1048576,11,518165736298600,17307,518165736412316,113716
lazy,3,intra_process_va,memfd,1048576,12,518165836351476,19211,518165836474884,123408
lazy,3,intra_process_va,memfd,1048576,13,518165936355233,17786,518165936473186,117953
lazy,3,intra_process_va,memfd,1048576,14,518166036370281,18471,518166036493091,122810
lazy,3,intra_process_va,memfd,1048576,15,518166136370846,20501,518166136520842,149996
lazy,3,intra_process_va,memfd,1048576,16,518166236385414,20104,518166236517871,132457
lazy,3,intra_process_va,memfd,1048576,17,518166336352957,20344,518166336501867,148910
lazy,3,intra_process_va,memfd,1048576,18,518166436351629,18763,518166436473438,121809
lazy,3,intra_process_va,memfd,1048576,19,518166536375467,20963,518166536504292,128825
lazy,3,intra_process_va,cpu,4096,0,518168252865001,17585,518168252968661,103660
lazy,3,intra_process_va,cpu,4096,1,518168352905486,20107,518168353065451,159965
lazy,3,intra_process_va,cpu,4096,2,518168452906733,20130,518168453067308,160575
lazy,3,intra_process_va,cpu,4096,3,518168552869643,17981,518168553050712,181069
lazy,3,intra_process_va,cpu,4096,4,518168652823065,14285,518168652913061,89996
lazy,3,intra_process_va,cpu,4096,5,518168752905128,20114,518168753066442,161314
lazy,3,intra_process_va,cpu,4096,6,518168852864740,20633,518168852988042,123302
lazy,3,intra_process_va,cpu,4096,7,518168952878655,18829,518168952993226,114571
lazy,3,intra_process_va,cpu,4096,8,518169052888669,20269,518169053049207,160538
lazy,3,intra_process_va,cpu,4096,9,518169152833317,19314,518169152948291,114974
lazy,3,intra_process_va,cpu,4096,10,518169252875861,17421,518169252981125,105264
lazy,3,intra_process_va,cpu,4096,11,518169352865566,18684,518169352980434,114868
lazy,3,intra_process_va,cpu,4096,12,518169452971335,20356,518169453130923,159588
lazy,3,intra_process_va,cpu,4096,13,518169552911393,19807,518169553069844,158451
lazy,3,intra_process_va,cpu,4096,14,518169652864249,14134,518169652969135,104886
lazy,3,intra_process_va,cpu,4096,15,518169752878512,18713,518169752994384,115872
lazy,3,intra_process_va,cpu,4096,16,518169852578566,4202,518169852605262,26696
lazy,3,intra_process_va,cpu,4096,17,518169952691698,17048,518169952795324,103626
lazy,3,intra_process_va,cpu,4096,18,518170052883004,16791,518170052991515,108511
lazy,3,intra_process_va,cpu,4096,19,518170152905021,19262,518170153058873,153852
lazy,3,intra_process_va,memfd,16384,0,518171878078778,17344,518171878195442,116664
lazy,3,intra_process_va,memfd,16384,1,518171977746796,3592,518171977773044,26248
lazy,3,intra_process_va,memfd,16384,2,518172078116918,17027,518172078232150,115232
lazy,3,intra_process_va,memfd,16384,3,518172178105662,18099,518172178223688,118026
lazy,3,intra_process_va,memfd,16384,4,518172278148018,18778,518172278273582,125564
lazy,3,intra_process_va,memfd,16384,5,518172378194721,13221,518172378288719,93998
lazy,3,intra_process_va,memfd,16384,6,518172478134831,17735,518172478261273,126442
lazy,3,intra_process_va,memfd,16384,7,518172578140134,15572,518172578247735,107601
lazy,3,intra_process_va,memfd,16384,8,518172678111231,15750,518172678220986,109755
lazy,3,intra_process_va,memfd,16384,9,518172778195830,17650,518172778320857,125027
lazy,3,intra_process_va,memfd,16384,10,518172878163089,18400,518172878287001,123912
lazy,3,intra_process_va,memfd,16384,11,518172978105231,16510,518172978221471,116240
lazy,3,intra_process_va,memfd,16384,12,518173078162403,18225,518173078287365,124962
lazy,3,intra_process_va,memfd,16384,13,518173178147891,16830,518173178264598,116707
lazy,3,intra_process_va,memfd,16384,14,518173278109392,15667,518173278219930,110538
lazy,3,intra_process_va,memfd,16384,15,518173378136493,18682,518173378262339,125846
lazy,3,intra_process_va,memfd,16384,16,518173478109905,17132,518173478226942,117037
lazy,3,intra_process_va,memfd,16384,17,518173578113769,15290,518173578220525,106756
lazy,3,intra_process_va,memfd,16384,18,518173678112586,16684,518173678231484,118898
lazy,3,intra_process_va,memfd,16384,19,518173778184524,14802,518173778291518,106994
lazy,3,intra_process_va,cpu,65536,0,518175500067191,20574,518175500190437,123246
lazy,3,intra_process_va,cpu,65536,1,518175600100973,20658,518175600224746,123773
lazy,3,intra_process_va,cpu,65536,2,518175700060118,19931,518175700174465,114347
lazy,3,intra_process_va,cpu,65536,3,518175800053000,18794,518175800165577,112577
lazy,3,intra_process_va,cpu,65536,4,518175899908657,11207,518175899974083,65426
lazy,3,intra_process_va,cpu,65536,5,518175999849876,16544,518175999952921,103045
lazy,3,intra_process_va,cpu,65536,6,518176099758426,4309,518176099782284,23858
lazy,3,intra_process_va,cpu,65536,7,518176200058203,19061,518176200170264,112061
lazy,3,intra_process_va,cpu,65536,8,518176300060438,18220,518176300171937,111499
lazy,3,intra_process_va,cpu,65536,9,518176400185270,20720,518176400305973,120703
lazy,3,intra_process_va,cpu,65536,10,518176500089018,20747,518176500211994,122976
lazy,3,intra_process_va,cpu,65536,11,518176599852477,17109,518176599955574,103097
lazy,3,intra_process_va,cpu,65536,12,518176700059688,19726,518176700174350,114662
lazy,3,intra_process_va,cpu,65536,13,518176800045924,20051,518176800160557,114633
lazy,3,intra_process_va,cpu,65536,14,518176899960306,19428,518176900110310,150004
lazy,3,intra_process_va,cpu,65536,15,518177000081237,18753,518177000195498,114261
lazy,3,intra_process_va,cpu,65536,16,518177100055137,19359,518177100169130,113993
lazy,3,intra_process_va,cpu,65536,17,518177200115255,21067,518177200237923,122668
lazy,3,intra_process_va,cpu,65536,18,518177300042928,18568,518177300147698,104770
lazy,3,intra_process_va,cpu,65536,19,518177400041978,17061,518177400145472,103494
lazy,3,inter_process,cpu,262144,0,518182116232486,671747,518182117369812,1137326
lazy,3,inter_process,cpu,262144,1,518182216227134,664976,518182217355823,1128689
lazy,3,inter_process,cpu,262144,2,518182316157809,548327,518182317101075,943266
lazy,3,inter_process,cpu,262144,3,518182415830869,158167,518182416118901,288032
lazy,3,inter_process,cpu,262144,4,518182516173690,521731,518182517074709,901019
lazy,3,inter_process,cpu,262144,5,518182616211877,488898,518182617325749,1113872
lazy,3,inter_process,cpu,262144,6,518182716195066,587596,518182717199932,1004866
lazy,3,inter_process,cpu,262144,7,518182816213177,678154,518182817348917,1135740
lazy,3,inter_process,cpu,262144,8,518182916112901,562816,518182917074820,961919
lazy,3,inter_process,cpu,262144,9,518183016232481,429967,518183017207375,974894
lazy,3,inter_process,cpu,262144,10,518183116264446,574994,518183117269731,1005285
lazy,3,inter_process,cpu,262144,11,518183216237463,677406,518183217359700,1122237
lazy,3,inter_process,cpu,262144,12,518183316221623,661453,518183317351589,1129966
lazy,3,inter_process,cpu,262144,13,518183416170311,564147,518183417131131,960820
lazy,3,inter_process,cpu,262144,14,518183516161919,563545,518183517119940,958021
lazy,3,inter_process,cpu,262144,15,518183616050271,668084,518183617152417,1102146
lazy,3,inter_process,cpu,262144,16,518183716259553,675137,518183717377278,1117725
lazy,3,inter_process,cpu,262144,17,518183816203156,669169,518183817343047,1139891
lazy,3,inter_process,cpu,262144,18,518183916153615,530937,518183917070811,917196
lazy,3,inter_process,cpu,262144,19,518184016186405,441643,518184017221547,1035142
lazy,3,intra_process_va,cpu,1024,0,518185927934694,16475,518185928074213,139519
lazy,3,intra_process_va,cpu,1024,1,518186027971459,15651,518186028129798,158339
lazy,3,intra_process_va,cpu,1024,2,518186127968086,14405,518186128082685,114599
lazy,3,intra_process_va,cpu,1024,3,518186227954837,15924,518186228082584,127747
lazy,3,intra_process_va,cpu,1024,4,518186327838340,18175,518186327948551,110211
lazy,3,intra_process_va,cpu,1024,5,518186427975383,18188,518186428142836,167453
lazy,3,intra_process_va,cpu,1024,6,518186527999327,55715,518186528149761,150434
lazy,3,intra_process_va,cpu,1024,7,518186627691175,4367,518186627715383,24208
lazy,3,intra_process_va,cpu,1024,8,518186727959705,16684,518186728115613,155908
lazy,3,intra_process_va,cpu,1024,9,518186828134786,20267,518186828254841,120055
lazy,3,intra_process_va,cpu,1024,10,518186927974049,15563,518186928101751,127702
lazy,3,intra_process_va,cpu,1024,11,518187028107096,19563,518187028226598,119502
lazy,3,intra_process_va,cpu,1024,12,518187127972351,15495,518187128101608,129257
lazy,3,intra_process_va,cpu,1024,13,518187228067698,20242,518187228190468,122770
lazy,3,intra_process_va,cpu,1024,14,518187327991486,57854,518187328143133,151647
lazy,3,intra_process_va,cpu,1024,15,518187428087811,20799,518187428208381,120570
lazy,3,intra_process_va,cpu,1024,16,518187528093925,20659,518187528214086,120161
lazy,3,intra_process_va,cpu,1024,17,518187628059573,17953,518187628173669,114096
lazy,3,intra_process_va,cpu,1024,18,518187728060694,18230,518187728172626,111932
lazy,3,intra_process_va,cpu,1024,19,518187828079966,19958,518187828201354,121388
lazy,3,intra_process_va,memfd,1024,0,518189539090138,17914,518189539216055,125917
lazy,3,intra_process_va,memfd,1024,1,518189638744066,5294,518189638780948,36882
lazy,3,intra_process_va,memfd,1024,2,518189739043343,16326,518189739164897,121554
lazy,3,intra_process_va,memfd,1024,3,518189839086057,15113,518189839195656,109599
lazy,3,intra_process_va,memfd,1024,4,518189938987505,49807,518189939128892,141387
lazy,3,intra_process_va,memfd,1024,5,518190038967707,14227,518190039123172,155465
lazy,3,intra_process_va,memfd,1024,6,518190139074612,17037,518190139190739,116127
lazy,3,intra_process_va,memfd,1024,7,518190239043557,16110,518190239153675,110118
lazy,3,intra_process_va,memfd,1024,8,518190339082883,18195,518190339209957,127074
lazy,3,intra_process_va,memfd,1024,9,518190439092820,17569,518190439220004,127184
lazy,3,intra_process_va,memfd,1024,10,518190539036666,15794,518190539143685,107019
lazy,3,intra_process_va,memfd,1024,11,518190638757741,6888,518190638801872,44131
lazy,3,intra_process_va,memfd,1024,12,518190738775676,5951,518190738820068,44392
lazy,3,intra_process_va,memfd,1024,13,518190838884558,8929,518190838950927,66369
lazy,3,intra_process_va,memfd,1024,14,518190939076720,15225,518190939187160,110440
lazy,3,intra_process_va,memfd,1024,15,518191038993584,50052,518191039144307,150723
lazy,3,intra_process_va,memfd,1024,16,518191138989846,67042,518191139148946,159100
lazy,3,intra_process_va,memfd,1024,17,518191239093859,19259,518191239221648,127789
lazy,3,intra_process_va,memfd,1024,18,518191339100153,15610,518191339209416,109263
lazy,3,intra_process_va,memfd,1024,19,518191439056736,17804,518191439172521,115785
lazy,3,inter_process,cpu,64,0,518196467145899,344029,518196467839595,693696
lazy,3,inter_process,cpu,64,1,518196567157837,365782,518196567850133,692296
lazy,3,inter_process,cpu,64,2,518196667154022,314862,518196667774909,620887
lazy,3,inter_process,cpu,64,3,518196767116638,341594,518196767813008,696370
lazy,3,inter_process,cpu,64,4,518196867064355,320851,518196867719122,654767
lazy,3,inter_process,cpu,64,5,518196966870079,165380,518196967194401,324322
lazy,3,inter_process,cpu,64,6,518197067632954,49275,518197067764197,131243
lazy,3,inter_process,cpu,64,7,518197166997471,386128,518197167727497,730026
lazy,3,inter_process,cpu,64,8,518197267086970,332914,518197267761287,674317
lazy,3,inter_process,cpu,64,9,518197367145454,204779,518197367782573,637119
lazy,3,inter_process,cpu,64,10,518197467085080,356729,518197467778931,693851
lazy,3,inter_process,cpu,64,11,518197567062561,324924,518197567709923,647362
lazy,3,inter_process,cpu,64,12,518197667060575,314676,518197667694475,633900
lazy,3,inter_process,cpu,64,13,518197767122206,344955,518197767819299,697093
lazy,3,inter_process,cpu,64,14,518197867108441,340671,518197867805326,696885
lazy,3,inter_process,cpu,64,15,518197967113996,346357,518197967811848,697852
lazy,3,inter_process,cpu,64,16,518198067087839,242445,518198067724481,636642
lazy,3,inter_process,cpu,64,17,518198167156076,346444,518198167858293,702217
lazy,3,inter_process,cpu,64,18,518198267139030,339515,518198267829665,690635
lazy,3,inter_process,cpu,64,19,518198367095674,349829,518198367824471,728797
lazy,3,inter_process,cpu,16777216,0,518203242041072,2757343,518203256526462,14485390
lazy,3,inter_process,cpu,16777216,1,518203338641282,3793229,518203352603908,13962626
lazy,3,inter_process,cpu,16777216,2,518203442469932,2709251,518203457194778,14724846
lazy,3,inter_process,cpu,16777216,3,518203542229958,2661782,518203557124345,14894387
lazy,3,inter_process,cpu,16777216,4,518203638138327,4538849,518203653660100,15521773
lazy,3,inter_process,cpu,16777216,5,518203741968557,2710274,518203756860387,14891830
lazy,3,inter_process,cpu,16777216,6,518203842621509,2708012,518203857298668,14677159
lazy,3,inter_process,cpu,16777216,7,518203942272640,2693903,518203957025249,14752609
lazy,3,inter_process,cpu,16777216,8,518204042159146,2672987,518204056953242,14794096
lazy,3,inter_process,cpu,16777216,9,518204142911779,2711625,518204157554976,14643197
lazy,3,inter_process,cpu,16777216,10,518204242335468,2711185,518204257119409,14783941
lazy,3,inter_process,cpu,16777216,11,518204342486068,3009970,518204357451666,14965598
lazy,3,inter_process,cpu,16777216,12,518204442194966,2717021,518204457024022,14829056
lazy,3,inter_process,cpu,16777216,13,518204541722208,2675672,518204556466400,14744192
lazy,3,inter_process,cpu,16777216,14,518204638052862,5035547,518204653639650,15586788
lazy,3,inter_process,cpu,16777216,15,518204742196500,2677304,518204756855112,14658612
lazy,3,inter_process,cpu,16777216,16,518204842437910,2687896,518204857136288,14698378
lazy,3,inter_process,cpu,16777216,17,518204942361139,2662334,518204957104166,14743027
lazy,3,inter_process,cpu,16777216,18,518205042822686,2720107,518205057580539,14757853
lazy,3,inter_process,cpu,16777216,19,518205142470572,2830021,518205157060278,14589706
lazy,3,inter_process,memfd,1024,0,518210025104992,454136,518210026064986,959994
lazy,3,inter_process,memfd,1024,1,518210125140484,466590,518210126077764,937280
lazy,3,inter_process,memfd,1024,2,518210225171260,307292,518210226032002,860742
lazy,3,inter_process,memfd,1024,3,518210325144774,444918,518210326159073,1014299
lazy,3,inter_process,memfd,1024,4,518210425113631,390582,518210425967934,854303
lazy,3,inter_process,memfd,1024,5,518210525104413,395069,518210525957585,853172
lazy,3,inter_process,memfd,1024,6,518210625161514,460187,518210626188582,1027068
lazy,3,inter_process,memfd,1024,7,518210725161904,459156,518210726199095,1037191
lazy,3,inter_process,memfd,1024,8,518210824979376,389776,518210825876155,896779
lazy,3,inter_process,memfd,1024,9,518210925145564,323966,518210926051533,905969
lazy,3,inter_process,memfd,1024,10,518211025176930,468878,518211026211766,1034836
lazy,3,inter_process,memfd,1024,11,518211125132949,412556,518211126059504,926555
lazy,3,inter_process,memfd,1024,12,518211225206651,463918,518211226231870,1025219
lazy,3,inter_process,memfd,1024,13,518211325150726,465849,518211326161126,1010400
lazy,3,inter_process,memfd,1024,14,518211425104279,436757,518211426046424,942145
lazy,3,inter_process,memfd,1024,15,518211525115214,437432,518211526096668,981454
lazy,3,inter_process,memfd,1024,16,518211624742628,72612,518211624925082,182454
lazy,3,inter_process,memfd,1024,17,518211725050230,282428,518211725654947,604717
lazy,3,inter_process,memfd,1024,18,518211825146463,487356,518211826166854,1020391
lazy,3,inter_process,memfd,1024,19,518211925105015,459999,518211926035827,930812
lazy,3,intra_process_va,cpu,64,0,518214808131402,17757,518214808241380,109978
lazy,3,intra_process_va,cpu,64,1,518214908079090,18906,518214908199130,120040
lazy,3,intra_process_va,cpu,64,2,518215007861831,18886,518215007978901,117070
lazy,3,intra_process_va,cpu,64,3,518215107824269,16196,518215107924168,99899
lazy,3,intra_process_va,cpu,64,4,518215208135455,19855,518215208256566,121111
lazy,3,intra_process_va,cpu,64,5,518215308043964,19523,518215308164724,120760
lazy,3,intra_process_va,cpu,64,6,518215407991128,49045,518215408126054,134926
lazy,3,intra_process_va,cpu,64,7,518215508080287,19193,518215508200975,120688
lazy,3,intra_process_va,cpu,64,8,518215608059413,17963,518215608170664,111251
lazy,3,intra_process_va,cpu,64,9,518215708091357,17574,518215708220993,129636
lazy,3,intra_process_va,cpu,64,10,518215807815033,4218,518215807838637,23604
lazy,3,intra_process_va,cpu,64,11,518215908058470,17327,518215908162178,103708
lazy,3,intra_process_va,cpu,64,12,518216008037273,16906,518216008140346,103073
lazy,3,intra_process_va,cpu,64,13,518216107954179,15229,518216108091470,137291
lazy,3,intra_process_va,cpu,64,14,518216208102764,17282,518216208212976,110212
lazy,3,intra_process_va,cpu,64,15,518216308049592,18420,518216308161013,111421
lazy,3,intra_process_va,cpu,64,16,518216407860454,17134,518216407968611,108157
lazy,3,intra_process_va,cpu,64,17,518216508069843,16975,518216508179781,109938
lazy,3,intra_process_va,cpu,64,18,518216607959310,12021,518216608060847,101537
lazy,3,intra_process_va,cpu,64,19,518216708061427,19559,518216708182145,120718
lazy,3,inter_process,cpu,4096,0,518221396039046,348238,518221396743561,704515
lazy,3,inter_process,cpu,4096,1,518221495974648,372977,518221496716933,742285
lazy,3,inter_process,cpu,4096,2,518221595929465,195472,518221596308599,379134
lazy,3,inter_process,cpu,4096,3,518221695946152,333782,518221696587265,641113
lazy,3,inter_process,cpu,4096,4,518221795908133,197001,518221796295107,386974
lazy,3,inter_process,cpu,4096,5,518221895973675,367338,518221896680430,706755
lazy,3,inter_process,cpu,4096,6,518221995993308,360616,518221996693526,700218
lazy,3,inter_process,cpu,4096,7,518222095680488,83594,518222095841166,160678
lazy,3,inter_process,cpu,4096,8,518222195780032,326915,518222196378136,598104
lazy,3,inter_process,cpu,4096,9,518222295806298,372823,518222296424235,617937
lazy,3,inter_process,cpu,4096,10,518222395956626,334786,518222396599426,642800
lazy,3,inter_process,cpu,4096,11,518222495987256,396668,518222496739543,752287
lazy,3,inter_process,cpu,4096,12,518222595958504,268483,518222596585186,626682
lazy,3,inter_process,cpu,4096,13,518222695981968,370694,518222696679442,697474
lazy,3,inter_process,cpu,4096,14,518222795947684,373583,518222796645075,697391
lazy,3,inter_process,cpu,4096,15,518222895998663,380709,518222896749600,750937
lazy,3,inter_process,cpu,4096,16,518222996067980,388723,518222996820299,752319
lazy,3,inter_process,cpu,4096,17,518223095996335,384288,518223096741752,745417
lazy,3,inter_process,cpu,4096,18,518223195975519,240188,518223196553605,578086
lazy,3,inter_process,cpu,4096,19,518223295963068,339097,518223296626941,663873
lazy,3,inter_process,cpu,1024,0,518228165073498,339975,518228165768152,694654
lazy,3,inter_process,cpu,1024,1,518228264969295,353979,518228265650349,681054
lazy,3,inter_process,cpu,1024,2,518228364645507,72520,518228364798391,152884
lazy,3,inter_process,cpu,1024,3,518228464873342,243514,518228465332312,458970
lazy,3,inter_process,cpu,1024,4,518228564929456,364175,518228565625973,696517
lazy,3,inter_process,cpu,1024,5,518228664945878,333482,518228665576396,630518
lazy,3,inter_process,cpu,1024,6,518228764977442,394616,518228765769080,791638
lazy,3,inter_process,cpu,1024,7,518228864949784,400310,518228865710145,760361
lazy,3,inter_process,cpu,1024,8,518228964795921,318498,518228965381819,585898
lazy,3,inter_process,cpu,1024,9,518229064958268,309832,518229065653025,694757
lazy,3,inter_process,cpu,1024,10,518229164904637,332276,518229165538821,634184
lazy,3,inter_process,cpu,1024,11,518229264928860,320397,518229265558680,629820
lazy,3,inter_process,cpu,1024,12,518229364948873,379687,518229365685671,736798
lazy,3,inter_process,cpu,1024,13,518229464945052,369187,518229465652452,707400
lazy,3,inter_process,cpu,1024,14,518229564980646,387184,518229565727553,746907
lazy,3,inter_process,cpu,1024,15,518229664926905,360242,518229665613578,686673
lazy,3,inter_process,cpu,1024,16,518229764912713,328863,518229765579737,667024
lazy,3,inter_process,cpu,1024,17,518229864927877,324948,518229865558534,630657
lazy,3,inter_process,cpu,1024,18,518229964946400,323563,518229965576264,629864
lazy,3,inter_process,cpu,1024,19,518230064935956,374923,518230065680864,744908
lazy,3,inter_process,memfd,4194304,0,518234936121162,471006,518234937173490,1052328
lazy,3,inter_process,memfd,4194304,1,518235035915335,410980,518235036750839,835504
lazy,3,inter_process,memfd,4194304,2,518235135923211,429405,518235136820461,897250
lazy,3,inter_process,memfd,4194304,3,518235235933278,458424,518235236911163,977885
lazy,3,inter_process,memfd,4194304,4,518235336087145,459362,518235337110246,1023101
lazy,3,inter_process,memfd,4194304,5,518235436157585,439189,518235437122779,965194
lazy,3,inter_process,memfd,4194304,6,518235535930285,411399,518235536770710,840425
lazy,3,inter_process,memfd,4194304,7,518235634937563,120802,518235636883520,1945957
lazy,3,inter_process,memfd,4194304,8,518235736095573,411600,518235736957533,861960
lazy,3,inter_process,memfd,4194304,9,518235835987822,322189,518235836816649,828827
lazy,3,inter_process,memfd,4194304,10,518235936236060,467839,518235937326085,1090025
lazy,3,inter_process,memfd,4194304,11,518236035921306,424320,518236036815347,894041
lazy,3,inter_process,memfd,4194304,12,518236135922409,422893,518236136814432,892023
lazy,3,inter_process,memfd,4194304,13,518236235914399,400751,518236236744158,829759
lazy,3,inter_process,memfd,4194304,14,518236336099068,488921,518236337164661,1065593
lazy,3,inter_process,memfd,4194304,15,518236436142356,483009,518236437225939,1083583
lazy,3,inter_process,memfd,4194304,16,518236535973364,426429,518236536868799,895435
lazy,3,inter_process,memfd,4194304,17,518236635262553,128554,518236636117378,854825
lazy,3,inter_process,memfd,4194304,18,518236734887643,93748,518236735089820,202177
lazy,3,inter_process,memfd,4194304,19,518236834997469,113910,518236835226008,228539
lazy,3,intra_process_va,memfd,4194304,0,518239711958007,19775,518239712096985,138978
lazy,3,intra_process_va,memfd,4194304,1,518239811964876,22554,518239812109169,144293
lazy,3,intra_process_va,memfd,4194304,2,518239911907420,21708,518239912046697,139277
lazy,3,intra_process_va,memfd,4194304,3,518240012026061,21647,518240012152171,126110
lazy,3,intra_process_va,memfd,4194304,4,518240111904963,21027,518240112043840,138877
lazy,3,intra_process_va,memfd,4194304,5,518240211908194,21141,518240212088046,179852
lazy,3,intra_process_va,memfd,4194304,6,518240312054651,23485,518240312185201,130550
lazy,3,intra_process_va,memfd,4194304,7,518240412070219,22709,518240412199531,129312
lazy,3,intra_process_va,memfd,4194304,8,518240511902136,19979,518240512039804,137668
lazy,3,intra_process_va,memfd,4194304,9,518240612107132,22423,518240612237650,130518
lazy,3,intra_process_va,memfd,4194304,10,518240711990311,38541,518240712133306,142995
lazy,3,intra_process_va,memfd,4194304,11,518240812109899,21110,518240812234379,124480
lazy,3,intra_process_va,memfd,4194304,12,518240911949887,23092,518240912112682,162795
lazy,3,intra_process_va,memfd,4194304,13,518241010896214,7625,518241010928461,32247
lazy,3,intra_process_va,memfd,4194304,14,518241112111112,23296,518241112248434,137322
lazy,3,intra_process_va,memfd,4194304,15,518241211912004,20970,518241212466949,554945
lazy,3,intra_process_va,memfd,4194304,16,518241311892652,20234,518241312031922,139270
lazy,3,intra_process_va,memfd,4194304,17,518241412104087,23829,518241412242238,138151
lazy,3,intra_process_va,memfd,4194304,18,518241511960367,21364,518241512105849,145482
lazy,3,intra_process_va,memfd,4194304,19,518241612167200,23607,518241612299947,132747
lazy,3,inter_process,cpu,65536,0,518246635797244,110067,518246636004851,207607
lazy,3,inter_process,cpu,65536,1,518246735990150,424128,518246736669240,679090
lazy,3,inter_process,cpu,65536,2,518246836044219,440285,518246836767822,723603
lazy,3,inter_process,cpu,65536,3,518246936082011,465518,518246936805631,723620
lazy,3,inter_process,cpu,65536,4,518247035972761,419730,518247036628775,656014
lazy,3,inter_process,cpu,65536,5,518247135954321,382069,518247136554001,599680
lazy,3,inter_process,cpu,65536,6,518247235815113,402845,518247236459287,644174
lazy,3,inter_process,cpu,65536,7,518247335937898,148471,518247336182853,244955
lazy,3,inter_process,cpu,65536,8,518247435993473,343931,518247436763950,770477
lazy,3,inter_process,cpu,65536,9,518247535993165,415217,518247536857034,863869
lazy,3,inter_process,cpu,65536,10,518247635795009,79133,518247635939544,144535
lazy,3,inter_process,cpu,65536,11,518247735988164,495857,518247736757559,769395
lazy,3,inter_process,cpu,65536,12,518247836065475,430746,518247836780667,715192
lazy,3,inter_process,cpu,65536,13,518247935990977,488277,518247936761470,770493
lazy,3,inter_process,cpu,65536,14,518248035976046,443878,518248036672846,696800
lazy,3,inter_process,cpu,65536,15,518248135974839,421116,518248136629849,655010
lazy,3,inter_process,cpu,65536,16,518248236057830,375503,518248236657498,599668
lazy,3,inter_process,cpu,65536,17,518248335988729,485137,518248336741021,752292
lazy,3,inter_process,cpu,65536,18,518248435988149,515412,518248436774753,786604
lazy,3,inter_process,cpu,65536,19,518248535955060,446363,518248536677151,722091
lazy,3,inter_process,memfd,262144,0,518253745263322,476883,518253746339532,1076210
lazy,3,inter_process,memfd,262144,1,518253845245582,430676,518253846188037,942455
lazy,3,inter_process,memfd,262144,2,518253945253346,417998,518253946191586,938240
lazy,3,inter_process,memfd,262144,3,518254045219799,287966,518254046042836,823037
lazy,3,inter_process,memfd,262144,4,518254145240646,392882,518254146121624,880978
lazy,3,inter_process,memfd,262144,5,518254245266423,472491,518254246311827,1045404
lazy,3,inter_process,memfd,262144,6,518254345113121,427516,518254346036342,923221
lazy,3,inter_process,memfd,262144,7,518254445209801,445003,518254446202989,993188
lazy,3,inter_process,memfd,262144,8,518254545206340,401476,518254546107183,900843
lazy,3,inter_process,memfd,262144,9,518254645037811,133889,518254645395685,357874
lazy,3,inter_process,memfd,262144,10,518254745247134,425075,518254746205026,957892
lazy,3,inter_process,memfd,262144,11,518254845284674,464703,518254846330223,1045549
lazy,3,inter_process,memfd,262144,12,518254945241319,486728,518254946318595,1077276
lazy,3,inter_process,memfd,262144,13,518255045244673,422461,518255046242232,997559
lazy,3,inter_process,memfd,262144,14,518255145200687,394676,518255146079328,878641
lazy,3,inter_process,memfd,262144,15,518255245272278,341834,518255246237105,964827
lazy,3,inter_process,memfd,262144,16,518255345218459,471560,518255346273330,1054871
lazy,3,inter_process,memfd,262144,17,518255445284963,471393,518255446333124,1048161
lazy,3,inter_process,memfd,262144,18,518255545232546,419981,518255546169980,937434
lazy,3,inter_process,memfd,262144,19,518255646073956,91523,518255646289813,215857
lazy,3,intra_process_va,cpu,16384,0,518258518907602,17802,518258519097926,190324
lazy,3,intra_process_va,cpu,16384,1,518258618933053,18825,518258619080694,147641
lazy,3,intra_process_va,cpu,16384,2,518258718914972,18176,518258719066854,151882
lazy,3,intra_process_va,cpu,16384,3,518258818908982,18136,518258819070273,161291
lazy,3,intra_process_va,cpu,16384,4,518258918989275,73481,518258919159515,170240
lazy,3,intra_process_va,cpu,16384,5,518259018929087,17080,518259019096765,167678
lazy,3,intra_process_va,cpu,16384,6,518259118939931,18241,518259119109544,169613
lazy,3,intra_process_va,cpu,16384,7,518259218918141,18446,518259219098599,180458
lazy,3,intra_process_va,cpu,16384,8,518259318920655,19022,518259319075296,154641
lazy,3,intra_process_va,cpu,16384,9,518259418925569,17362,518259419124913,199344
lazy,3,intra_process_va,cpu,16384,10,518259518925723,18056,518259519074514,148791
lazy,3,intra_process_va,cpu,16384,11,518259619047550,20761,518259619163502,115952
lazy,3,intra_process_va,cpu,16384,12,518259718894952,17111,518259719036129,141177
lazy,3,intra_process_va,cpu,16384,13,518259818640706,4259,518259818666445,25739
lazy,3,intra_process_va,cpu,16384,14,518259918989005,57626,518259919164110,175105
lazy,3,intra_process_va,cpu,16384,15,518260018932406,17943,518260019081599,149193
lazy,3,intra_process_va,cpu,16384,16,518260118960563,20414,518260119162900,202337
lazy,3,intra_process_va,cpu,16384,17,518260218932207,17894,518260219092754,160547
lazy,3,intra_process_va,cpu,16384,18,518260318765926,17614,518260318870881,104955
lazy,3,intra_process_va,cpu,16384,19,518260418960031,19999,518260419121552,161521
lazy,3,inter_process,memfd,65536,0,518265122185289,460956,518265123215935,1030646
lazy,3,inter_process,memfd,65536,1,518265222180773,468851,518265223212347,1031574
lazy,3,inter_process,memfd,65536,2,518265322165999,455847,518265323167426,1001427
lazy,3,inter_process,memfd,65536,3,518265422185944,467307,518265423229966,1044022
lazy,3,inter_process,memfd,65536,4,518265522137532,460545,518265523172599,1035067
lazy,3,inter_process,memfd,65536,5,518265622143601,415277,518265623068674,925073
lazy,3,inter_process,memfd,65536,6,518265722121742,397080,518265722977974,856232
lazy,3,inter_process,memfd,65536,7,518265822199243,396033,518265823084126,884883
lazy,3,inter_process,memfd,65536,8,518265921874170,302070,518265922662589,788419
lazy,3,inter_process,memfd,65536,9,518266022122875,186315,518266022535588,412713
lazy,3,inter_process,memfd,65536,10,518266121774866,87212,518266121968094,193228
lazy,3,inter_process,memfd,65536,11,518266222195041,459476,518266223230353,1035312
lazy,3,inter_process,memfd,65536,12,518266321890692,121355,518266322151383,260691
lazy,3,inter_process,memfd,65536,13,518266422240530,465432,518266423275727,1035197
lazy,3,inter_process,memfd,65536,14,518266522157872,476405,518266523180871,1022999
lazy,3,inter_process,memfd,65536,15,518266622154626,416348,518266623093267,938641
lazy,3,inter_process,memfd,65536,16,518266722106896,364034,518266722897435,790539
lazy,3,inter_process,memfd,65536,17,518266822237454,470355,518266823273562,1036108
lazy,3,inter_process,memfd,65536,18,518266922118118,400514,518266922980722,862604
lazy,3,inter_process,memfd,65536,19,518267022190530,420752,518267023142780,952250
lazy,3,intra_process_va,cpu,1048576,0,518269903406506,22769,518269903525216,118710
lazy,3,intra_process_va,cpu,1048576,1,518270003367210,22056,518270003484045,116835
lazy,3,intra_process_va,cpu,1048576,2,518270102947828,7380,518270102989836,42008
lazy,3,intra_process_va,cpu,1048576,3,518270202859239,9377,518270202906040,46801
lazy,3,intra_process_va,cpu,1048576,4,518270302881773,6184,518270302912330,30557
lazy,3,intra_process_va,cpu,1048576,5,518270403305179,21901,518270403415697,110518
lazy,3,intra_process_va,cpu,1048576,6,518270503447435,23056,518270503575147,127712
lazy,3,intra_process_va,cpu,1048576,7,518270603449940,23500,518270603577396,127456
lazy,3,intra_process_va,cpu,1048576,8,518270703380141,22555,518270703498872,118731
lazy,3,intra_process_va,cpu,1048576,9,518270803503087,24245,518270803629201,126114
lazy,3,intra_process_va,cpu,1048576,10,518270903449475,23975,518270903577082,127607
lazy,3,intra_process_va,cpu,1048576,11,518271003350991,20416,518271003464263,113272
lazy,3,intra_process_va,cpu,1048576,12,518271103366808,20557,518271103476874,110066
lazy,3,intra_process_va,cpu,1048576,13,518271203412450,24220,518271203540330,127880
lazy,3,intra_process_va,cpu,1048576,14,518271303183516,20254,518271303297593,114077
lazy,3,intra_process_va,cpu,1048576,15,518271403448091,24563,518271403583852,135761
lazy,3,intra_process_va,cpu,1048576,16,518271503371581,21197,518271503484009,112428
lazy,3,intra_process_va,cpu,1048576,17,518271603402514,22992,518271603521747,119233
lazy,3,intra_process_va,cpu,1048576,18,518271703419726,21344,518271703534740,115014
lazy,3,intra_process_va,cpu,1048576,19,518271803453660,24004,518271803580739,127079
lazy,3,intra_process_va,memfd,64,0,518273535111179,16908,518273535230091,118912
lazy,3,intra_process_va,memfd,64,1,518273634806529,3994,518273634836132,29603
lazy,3,intra_process_va,memfd,64,2,518273735141860,16782,518273735260852,118992
lazy,3,intra_process_va,memfd,64,3,518273835145714,18445,518273835271290,125576
lazy,3,intra_process_va,memfd,64,4,518273935075352,15361,518273935183458,108106
lazy,3,intra_process_va,memfd,64,5,518274035160390,16347,518274035276292,115902
lazy,3,intra_process_va,memfd,64,6,518274135176632,15947,518274135283100,106468
lazy,3,intra_process_va,memfd,64,7,518274235165337,18454,518274235290324,124987
lazy,3,intra_process_va,memfd,64,8,518274335137757,18211,518274335263752,125995
lazy,3,intra_process_va,memfd,64,9,518274434947849,5589,518274434989986,42137
lazy,3,intra_process_va,memfd,64,10,518274535096368,15775,518274535205761,109393
lazy,3,intra_process_va,memfd,64,11,518274634891647,4120,518274634921335,29688
lazy,3,intra_process_va,memfd,64,12,518274735088069,17613,518274735207391,119322
lazy,3,intra_process_va,memfd,64,13,518274835139700,18834,518274835266377,126677
lazy,3,intra_process_va,memfd,64,14,518274935122498,17440,518274935240667,118169
lazy,3,intra_process_va,memfd,64,15,518275035163512,16608,518275035273781,110269
lazy,3,intra_process_va,memfd,64,16,518275135087637,17830,518275135209463,121826
lazy,3,intra_process_va,memfd,64,17,518275235110028,17840,518275235231720,121692
lazy,3,intra_process_va,memfd,64,18,518275335089100,15927,518275335200650,111550
lazy,3,intra_process_va,memfd,64,19,518275435122314,16916,518275435241320,119006
lazy,3,intra_process_va,memfd,262144,0,518277149333476,18353,518277149450694,117218
lazy,3,intra_process_va,memfd,262144,1,518277249158460,15727,518277249264962,106502
lazy,3,intra_process_va,memfd,262144,2,518277349207869,18158,518277349327100,119231
lazy,3,intra_process_va,memfd,262144,3,518277449233939,18731,518277449358798,124859
lazy,3,intra_process_va,memfd,262144,4,518277549216590,15502,518277549325136,108546
lazy,3,intra_process_va,memfd,262144,5,518277649035751,9828,518277649101499,65748
lazy,3,intra_process_va,memfd,262144,6,518277749164871,18023,518277749283196,118325
lazy,3,intra_process_va,memfd,262144,7,518277849175493,17260,518277849290400,114907
lazy,3,intra_process_va,memfd,262144,8,518277949150312,16901,518277949258096,107784
lazy,3,intra_process_va,memfd,262144,9,518278049190144,15005,518278049297696,107552
lazy,3,intra_process_va,memfd,262144,10,518278149177712,16283,518278149286945,109233
lazy,3,intra_process_va,memfd,262144,11,518278249193020,16460,518278249307793,114773
lazy,3,intra_process_va,memfd,262144,12,518278349159871,16137,518278349269013,109142
lazy,3,intra_process_va,memfd,262144,13,518278449206243,18912,518278449332539,126296
lazy,3,intra_process_va,memfd,262144,14,518278548751713,5330,518278548782057,30344
lazy,3,intra_process_va,memfd,262144,15,518278649052369,10599,518278649122248,69879
lazy,3,intra_process_va,memfd,262144,16,518278749169986,17863,518278749285416,115430
lazy,3,intra_process_va,memfd,262144,17,518278849234890,17813,518278849359225,124335
lazy,3,intra_process_va,memfd,262144,18,518278949206045,16540,518278949316512,110467
lazy,3,intra_process_va,memfd,262144,19,518279049176332,15604,518279049284715,108383
lazy,3,inter_process,memfd,64,0,518283744123492,407754,518283745046848,923356
lazy,3,inter_process,memfd,64,1,518283844065664,292228,518283844704937,639273
lazy,3,inter_process,memfd,64,2,518283945541910,101593,518283945755188,213278
lazy,3,inter_process,memfd,64,3,518284043964372,232367,518284044437354,472982
lazy,3,inter_process,memfd,64,4,518284144039411,256002,518284144603421,564010
lazy,3,inter_process,memfd,64,5,518284244047645,327417,518284244772015,724370
lazy,3,inter_process,memfd,64,6,518284344115018,393506,518284344973574,858556
lazy,3,inter_process,memfd,64,7,518284444102037,363774,518284444887453,785416
lazy,3,inter_process,memfd,64,8,518284543963262,490987,518284544956051,992789
lazy,3,inter_process,memfd,64,9,518284643901472,93878,518284644150922,249450
lazy,3,inter_process,memfd,64,10,518284744124645,393605,518284744999150,874505
lazy,3,inter_process,memfd,64,11,518284843757393,77382,518284843956454,199061
lazy,3,inter_process,memfd,64,12,518284944198293,459474,518284945240506,1042213
lazy,3,inter_process,memfd,64,13,518285044254970,466303,518285045302353,1047383
lazy,3,inter_process,memfd,64,14,518285143966834,473945,518285144946122,979288
lazy,3,inter_process,memfd,64,15,518285244150735,410579,518285245086440,935705
lazy,3,inter_process,memfd,64,16,518285344198228,320110,518285345100733,902505
lazy,3,inter_process,memfd,64,17,518285444176860,454217,518285445215033,1038173
lazy,3,inter_process,memfd,64,18,518285544130058,419483,518285545074112,944054
lazy,3,inter_process,memfd,64,19,518285643945417,170682,518285644302227,356810
lazy,3,intra_process_va,cpu,16777216,0,518288579487269,5979,518288579516392,29123
lazy,3,intra_process_va,cpu,16777216,1,518288679324246,6380,518288679353303,29057
lazy,3,intra_process_va,cpu,16777216,2,518288779328790,6437,518288779358649,29859
lazy,3,intra_process_va,cpu,16777216,3,518288879076788,14011,518288879114336,37548
lazy,3,intra_process_va,cpu,16777216,4,518288976616713,13394,518288976672140,55427
lazy,3,intra_process_va,cpu,16777216,5,518289075455005,8021,518289075486266,31261
lazy,3,intra_process_va,cpu,16777216,6,518289179079662,14193,518289179146152,66490
lazy,3,intra_process_va,cpu,16777216,7,518289279345500,5905,518289279373528,28028
lazy,3,intra_process_va,cpu,16777216,8,518289379347123,6205,518289379376488,29365
lazy,3,intra_process_va,cpu,16777216,9,518289479332577,6378,518289479362024,29447
lazy,3,intra_process_va,cpu,16777216,10,518289579230623,6028,518289579259944,29321
lazy,3,intra_process_va,cpu,16777216,11,518289679148299,5894,518289679177733,29434
lazy,3,intra_process_va,cpu,16777216,12,518289779304690,6182,518289779334427,29737
lazy,3,intra_process_va,cpu,16777216,13,518289879450276,16795,518289879529300,79024
lazy,3,intra_process_va,cpu,16777216,14,518289979483564,16502,518289979563630,80066
lazy,3,intra_process_va,cpu,16777216,15,518290079100065,5844,518290079129246,29181
lazy,3,intra_process_va,cpu,16777216,16,518290179432348,15704,518290179509439,77091
lazy,3,intra_process_va,cpu,16777216,17,518290279382735,16379,518290279460288,77553
lazy,3,intra_process_va,cpu,16777216,18,518290379598590,5948,518290379626893,28303
lazy,3,intra_process_va,cpu,16777216,19,518290479514236,6151,518290479543671,29435
lazy,3,intra_process_va,cpu,262144,0,518292205162135,19661,518292205274788,112653
lazy,3,intra_process_va,cpu,262144,1,518292305155845,20208,518292305271544,115699
lazy,3,intra_process_va,cpu,262144,2,518292405206946,19427,518292405319974,113028
lazy,3,intra_process_va,cpu,262144,3,518292505108907,20126,518292505221972,113065
lazy,3,intra_process_va,cpu,262144,4,518292604988883,10762,518292605074666,85783
lazy,3,intra_process_va,cpu,262144,5,518292704941872,6331,518292704978238,36366
lazy,3,intra_process_va,cpu,262144,6,518292805107431,17827,518292805210279,102848
lazy,3,intra_process_va,cpu,262144,7,518292905208006,21989,518292905332182,124176
lazy,3,intra_process_va,cpu,262144,8,518293005041278,13054,518293005116954,75676
lazy,3,intra_process_va,cpu,262144,9,518293105232445,21147,518293105356638,124193
lazy,3,intra_process_va,cpu,262144,10,518293204787759,4528,518293204811199,23440
lazy,3,intra_process_va,cpu,262144,11,518293305137826,20153,518293305246720,108894
lazy,3,intra_process_va,cpu,262144,12,518293405146610,20885,518293405263570,116960
lazy,3,intra_process_va,cpu,262144,13,518293505163660,18850,518293505271987,108327
lazy,3,intra_process_va,cpu,262144,14,518293605172889,20848,518293605295158,122269
lazy,3,intra_process_va,cpu,262144,15,518293705164632,19036,518293705277347,112715
lazy,3,intra_process_va,cpu,262144,16,518293805121068,18030,518293805226560,105492
lazy,3,intra_process_va,cpu,262144,17,518293905205715,21102,518293905344815,139100
lazy,3,intra_process_va,cpu,262144,18,518294004857453,13136,518294004950488,93035
lazy,3,intra_process_va,cpu,262144,19,518294105195705,20642,518294105318239,122534
lazy,4,intra_process_va,memfd,64,0,518295833089160,18507,518295833216035,126875
lazy,4,intra_process_va,memfd,64,1,518295933088984,17613,518295933216056,127072
lazy,4,intra_process_va,memfd,64,2,518296033096522,15781,518296033223713,127191
lazy,4,intra_process_va,memfd,64,3,518296133121728,16856,518296133247740,126012
lazy,4,intra_process_va,memfd,64,4,518296233115024,18148,518296233242692,127668
lazy,4,intra_process_va,memfd,64,5,518296333038187,15872,518296333146531,108344
lazy,4,intra_process_va,memfd,64,6,518296432981427,14531,518296433141783,160356
lazy,4,intra_process_va,memfd,64,7,518296533041682,15823,518296533150817,109135
lazy,4,intra_process_va,memfd,64,8,518296632922655,12962,518296633050939,128284
lazy,4,intra_process_va,memfd,64,9,518296732996398,104285,518296733193920,197522
lazy,4,intra_process_va,memfd,64,10,518296832990590,53319,518296833136983,146393
lazy,4,intra_process_va,memfd,64,11,518296933038074,15713,518296933164696,126622
lazy,4,intra_process_va,memfd,64,12,518297033063224,15608,518297033179699,116475
lazy,4,intra_process_va,memfd,64,13,518297133111822,18617,518297133240447,128625
lazy,4,intra_process_va,memfd,64,14,518297233096733,18116,518297233223160,126427
lazy,4,intra_process_va,memfd,64,15,518297332882177,16657,518297332993144,110967
lazy,4,intra_process_va,memfd,64,16,518297432762249,4650,518297432799021,36772
lazy,4,intra_process_va,memfd,64,17,518297533042083,16328,518297533157438,115355
lazy,4,intra_process_va,memfd,64,18,518297632901633,12106,518297632993318,91685
lazy,4,intra_process_va,memfd,64,19,518297732974812,13596,518297733115009,140197
lazy,4,intra_process_va,memfd,65536,0,518299450861745,7170,518299450912652,50907
lazy,4,intra_process_va,memfd,65536,1,518299550942103,12754,518299551080059,137956
lazy,4,intra_process_va,memfd,65536,2,518299650973181,10839,518299651069075,95894
lazy,4,intra_process_va,memfd,65536,3,518299751110027,16132,518299751220877,110850
lazy,4,intra_process_va,memfd,65536,4,518299851104598,16455,518299851213395,108797
lazy,4,intra_process_va,memfd,65536,5,518299951120309,17732,518299951237890,117581
lazy,4,intra_process_va,memfd,65536,6,518300051116957,16633,518300051228933,111976
lazy,4,intra_process_va,memfd,65536,7,518300151162317,18828,518300151288226,125909
lazy,4,intra_process_va,memfd,65536,8,518300251132616,16022,518300251240026,107410
lazy,4,intra_process_va,memfd,65536,9,518300351127880,16658,518300351235317,107437
lazy,4,intra_process_va,memfd,65536,10,518300451132807,17925,518300451253166,120359
lazy,4,intra_process_va,memfd,65536,11,518300551138627,16686,518300551252957,114330
lazy,4,intra_process_va,memfd,65536,12,518300650986122,10333,518300651095365,109243
lazy,4,intra_process_va,memfd,65536,13,518300751108066,16448,518300751218217,110151
lazy,4,intra_process_va,memfd,65536,14,518300851101789,16553,518300851229712,127923
lazy,4,intra_process_va,memfd,65536,15,518300951146145,17222,518300951260605,114460
lazy,4,intra_process_va,memfd,65536,16,518301051092289,16170,518301051224480,132191
lazy,4,intra_process_va,memfd,65536,17,518301151179330,16970,518301151296853,117523
lazy,4,intra_process_va,memfd,65536,18,518301251140746,16666,518301251259136,118390
lazy,4,intra_process_va,memfd,65536,19,518301350804754,8405,518301350857327,52573
lazy,4,inter_process,cpu,16384,0,518306035943158,435094,518306036713401,770243
lazy,4,inter_process,cpu,16384,1,518306135814294,371913,518306136548033,733739
lazy,4,inter_process,cpu,16384,2,518306235868107,340345,518306236542647,674540
lazy,4,inter_process,cpu,16384,3,518306335952249,381605,518306336694324,742075
lazy,4,inter_process,cpu,16384,4,518306435954171,407594,518306436724674,770503
lazy,4,inter_process,cpu,16384,5,518306536047259,340779,518306536735602,688343
lazy,4,inter_process,cpu,16384,6,518306636700109,64187,518306636843019,142910
lazy,4,inter_process,cpu,16384,7,518306735766306,341222,518306736422984,656678
lazy,4,inter_process,cpu,16384,8,518306835948162,386163,518306836690677,742515
lazy,4,inter_process,cpu,16384,9,518306935997295,302772,518306936730288,732993
lazy,4,inter_process,cpu,16384,10,518307035953361,346398,518307036617417,664056
lazy,4,inter_process,cpu,16384,11,518307135979554,403099,518307136745853,766299
lazy,4,inter_process,cpu,16384,12,518307235941392,346050,518307236629587,688195
lazy,4,inter_process,cpu,16384,13,518307335968226,366511,518307336679763,711537
lazy,4,inter_process,cpu,16384,14,518307435962327,413938,518307436721789,759462
lazy,4,inter_process,cpu,16384,15,518307535949311,345855,518307536612889,663578
lazy,4,inter_process,cpu,16384,16,518307635807957,67510,518307635950026,142069
lazy,4,inter_process,cpu,16384,17,518307735763040,212976,518307736358504,595464
lazy,4,inter_process,cpu,16384,18,518307835786515,69105,518307835928576,142061
lazy,4,inter_process,cpu,16384,19,518307935977301,417760,518307936766025,788724
lazy,4,intra_process_va,memfd,16777216,0,518309850492944,15452,518309850581970,89026
lazy,4,intra_process_va,memfd,16777216,1,518309947547175,7141,518309947577559,30384
lazy,4,intra_process_va,memfd,16777216,2,518310050348989,20425,518310050462480,113491
lazy,4,intra_process_va,memfd,16777216,3,518310150381600,17251,518310150481682,100082
lazy,4,intra_process_va,memfd,16777216,4,518310250492087,16724,518310250590488,98401
lazy,4,intra_process_va,memfd,16777216,5,518310350592654,20539,518310350710890,118236
lazy,4,intra_process_va,memfd,16777216,6,518310450655028,19270,518310450770624,115596
lazy,4,intra_process_va,memfd,16777216,7,518310550336443,19472,518310550445143,108700
lazy,4,intra_process_va,memfd,16777216,8,518310648584950,12599,518310648653586,68636
lazy,4,intra_process_va,memfd,16777216,9,518310750626521,19731,518310750743420,116899
lazy,4,intra_process_va,memfd,16777216,10,518310850328841,16693,518310850423778,94937
lazy,4,intra_process_va,memfd,16777216,11,518310950547953,20445,518310950663622,115669
lazy,4,intra_process_va,memfd,16777216,12,518311050463094,16963,518311050557816,94722
lazy,4,intra_process_va,memfd,16777216,13,518311150350378,20153,518311150464165,113787
lazy,4,intra_process_va,memfd,16777216,14,518311250569472,19576,518311250687539,118067
lazy,4,intra_process_va,memfd,16777216,15,518311350544163,19794,518311350659182,115019
lazy,4,intra_process_va,memfd,16777216,16,518311450747264,19750,518311450862983,115719
lazy,4,intra_process_va,memfd,16777216,17,518311550433477,23399,518311550545380,111903
lazy,4,intra_process_va,memfd,16777216,18,518311648963610,14041,518311649051097,87487
lazy,4,intra_process_va,memfd,16777216,19,518311750701084,20573,518311750818250,117166
lazy,4,inter_process,memfd,4194304,0,518316431116906,447431,518316432077430,960524
lazy,4,inter_process,memfd,4194304,1,518316530955732,430728,518316531816024,860292
lazy,4,inter_process,memfd,4194304,2,518316631074144,433037,518316631953966,879822
lazy,4,inter_process,memfd,4194304,3,518316731100510,426796,518316731991775,891265
lazy,4,inter_process,memfd,4194304,4,518316831112523,430533,518316832034454,921931
lazy,4,inter_process,memfd,4194304,5,518316931167425,428480,518316932085810,918385
lazy,4,inter_process,memfd,4194304,6,518317030845592,365913,518317031603637,758045
lazy,4,inter_process,memfd,4194304,7,518317131156469,426797,518317132077870,921401
lazy,4,inter_process,memfd,4194304,8,518317231134922,304286,518317231935841,800919
lazy,4,inter_process,memfd,4194304,9,518317331125174,304674,518317331933983,808809
lazy,4,inter_process,memfd,4194304,10,518317431142606,454018,518317432136255,993649
lazy,4,inter_process,memfd,4194304,11,518317530975411,431630,518317531871399,895988
lazy,4,inter_process,memfd,4194304,12,518317630768171,361646,518317631487650,719479
lazy,4,inter_process,memfd,4194304,13,518317731061508,405285,518317731891156,829648
lazy,4,inter_process,memfd,4194304,14,518317830924178,423980,518317831767425,843247
lazy,4,inter_process,memfd,4194304,15,518317931157989,443907,518317932091709,933720
lazy,4,inter_process,memfd,4194304,16,518318030552463,205455,518318031115001,562538
lazy,4,inter_process,memfd,4194304,17,518318131109818,433036,518318132030414,920596
lazy,4,inter_process,memfd,4194304,18,518318230940546,435669,518318231821167,880621
lazy,4,inter_process,memfd,4194304,19,518318329978551,100060,518318330189308,210757
lazy,4,intra_process_va,cpu,4096,0,518321203092531,18775,518321203213153,120622
lazy,4,intra_process_va,cpu,4096,1,518321302941548,16146,518321303110162,168614
lazy,4,intra_process_va,cpu,4096,2,518321402961889,4094,518321403015111,53222
lazy,4,intra_process_va,cpu,4096,3,518321502964852,16266,518321503128749,163897
lazy,4,intra_process_va,cpu,4096,4,518321603103159,19810,518321603232505,129346
lazy,4,intra_process_va,cpu,4096,5,518321703058179,18603,518321703167050,108871
lazy,4,intra_process_va,cpu,4096,6,518321802971490,16432,518321803134269,162779
lazy,4,intra_process_va,cpu,4096,7,518321903038106,16898,518321903142684,104578
lazy,4,intra_process_va,cpu,4096,8,518322003083077,19693,518322003200669,117592
lazy,4,intra_process_va,cpu,4096,9,518322103108635,17451,518322103211827,103192
lazy,4,intra_process_va,cpu,4096,10,518322202841300,16387,518322202945029,103729
lazy,4,intra_process_va,cpu,4096,11,518322303072366,17949,518322303202128,129762
lazy,4,intra_process_va,cpu,4096,12,518322402977051,16423,518322403114936,137885
lazy,4,intra_process_va,cpu,4096,13,518322502688871,3541,518322502710143,21272
lazy,4,intra_process_va,cpu,4096,14,518322602971282,16198,518322603117532,146250
lazy,4,intra_process_va,cpu,4096,15,518322702939301,16287,518322703073344,134043
lazy,4,intra_process_va,cpu,4096,16,518322802999209,52275,518322803142733,143524
lazy,4,intra_process_va,cpu,4096,17,518322903071880,18027,518322903184002,112122
lazy,4,intra_process_va,cpu,4096,18,518323002999409,71101,518323003162881,163472
lazy,4,intra_process_va,cpu,4096,19,518323103059278,18926,518323103178914,119636
lazy,4,intra_process_va,memfd,1024,0,518324828132474,15507,518324828245495,113021
lazy,4,intra_process_va,memfd,1024,1,518324928118086,15878,518324928231698,113612
lazy,4,intra_process_va,memfd,1024,2,518325028074756,18460,518325028204258,129502
lazy,4,intra_process_va,memfd,1024,3,518325128050090,16306,518325128168030,117940
lazy,4,intra_process_va,memfd,1024,4,518325228079983,18446,518325228207560,127577
lazy,4,intra_process_va,memfd,1024,5,518325328051821,18229,518325328181173,129352
lazy,4,intra_process_va,memfd,1024,6,518325428091457,18135,518325428220238,128781
lazy,4,intra_process_va,memfd,1024,7,518325528080331,16770,518325528198821,118490
lazy,4,intra_process_va,memfd,1024,8,518325628049707,15569,518325628163956,114249
lazy,4,intra_process_va,memfd,1024,9,518325728143410,19453,518325728269776,126366
lazy,4,intra_process_va,memfd,1024,10,518325828100132,18469,518325828228913,128781
lazy,4,intra_process_va,memfd,1024,11,518325928054235,16523,518325928169571,115336
lazy,4,intra_process_va,memfd,1024,12,518326028047094,16387,518326028162765,115671
lazy,4,intra_process_va,memfd,1024,13,518326128042679,15487,518326128151833,109154
lazy,4,intra_process_va,memfd,1024,14,518326228056276,15868,518326228170840,114564
lazy,4,intra_process_va,memfd,1024,15,518326327907770,14484,518326328044274,136504
lazy,4,intra_process_va,memfd,1024,16,518326428051810,17031,518326428170019,118209
lazy,4,intra_process_va,memfd,1024,17,518326527997867,49146,518326528142023,144156
lazy,4,intra_process_va,memfd,1024,18,518326627810185,8223,518326627870568,60383
lazy,4,intra_process_va,memfd,1024,19,518326727837789,5348,518326727876855,39066
lazy,4,inter_process,cpu,64,0,518331417988244,398842,518331418742659,754415
lazy,4,inter_process,cpu,64,1,518331517952526,404568,518331518705425,752899
lazy,4,inter_process,cpu,64,2,518331618041495,348012,518331618745611,704116
lazy,4,inter_process,cpu,64,3,518331717959055,378239,518331718711894,752839
lazy,4,inter_process,cpu,64,4,518331817964216,349917,518331818631964,667748
lazy,4,inter_process,cpu,64,5,518331917981947,395962,518331918731809,749862
lazy,4,inter_process,cpu,64,6,518332017985205,351320,518332018656495,671290
lazy,4,inter_process,cpu,64,7,518332117987547,391228,518332118735040,747493
lazy,4,inter_process,cpu,64,8,518332217994129,383611,518332218692429,698300
lazy,4,inter_process,cpu,64,9,518332317932073,313421,518332318682486,750413
lazy,4,inter_process,cpu,64,10,518332417959678,370608,518332418667123,707445
lazy,4,inter_process,cpu,64,11,518332517937868,319853,518332518562465,624597
lazy,4,inter_process,cpu,64,12,518332617998365,387196,518332618739297,740932
lazy,4,inter_process,cpu,64,13,518332717987139,383776,518332718727851,740712
lazy,4,inter_process,cpu,64,14,518332817970875,380734,518332818710746,739871
lazy,4,inter_process,cpu,64,15,518332917811792,67957,518332917953151,141359
lazy,4,inter_process,cpu,64,16,518333017705031,66881,518333017843705,138674
lazy,4,inter_process,cpu,64,17,518333117963801,406325,518333118717349,753548
lazy,4,inter_process,cpu,64,18,518333217799006,290836,518333218452858,653852
lazy,4,inter_process,cpu,64,19,518333317934293,344332,518333318600120,665827
lazy,4,intra_process_va,memfd,4096,0,518335223097364,16705,518335223213477,116113
lazy,4,intra_process_va,memfd,4096,1,518335322876353,15163,518335322988675,112322
lazy,4,intra_process_va,memfd,4096,2,518335423130801,16857,518335423247037,116236
lazy,4,intra_process_va,memfd,4096,3,518335522917998,18033,518335523086824,168826
lazy,4,intra_process_va,memfd,4096,4,518335623107559,17890,518335623229899,122340
lazy,4,intra_process_va,memfd,4096,5,518335723135990,14602,518335723241908,105918
lazy,4,intra_process_va,memfd,4096,6,518335823160919,17094,518335823284431,123512
lazy,4,intra_process_va,memfd,4096,7,518335923083158,15519,518335923190889,107731
lazy,4,intra_process_va,memfd,4096,8,518336023155884,16650,518336023271725,115841
lazy,4,intra_process_va,memfd,4096,9,518336123229822,16580,518336123348579,118757
lazy,4,intra_process_va,memfd,4096,10,518336222879072,15485,518336222985385,106313
lazy,4,intra_process_va,memfd,4096,11,518336322873733,15974,518336322985630,111897
lazy,4,intra_process_va,memfd,4096,12,518336423153088,17219,518336423276175,123087
lazy,4,intra_process_va,memfd,4096,13,518336523135206,17189,518336523257853,122647
lazy,4,intra_process_va,memfd,4096,14,518336623118519,16368,518336623244889,126370
lazy,4,intra_process_va,memfd,4096,15,518336723118278,15731,518336723232401,114123
lazy,4,intra_process_va,memfd,4096,16,518336823121004,16087,518336823234914,113910
lazy,4,intra_process_va,memfd,4096,17,518336923051468,16401,518336923162994,111526
lazy,4,intra_process_va,memfd,4096,18,518337023128947,16660,518337023242844,113897
lazy,4,intra_process_va,memfd,4096,19,518337122872465,7056,518337122921957,49492
lazy,4,intra_process_va,memfd,4194304,0,518338845035403,22779,518338845161136,125733
lazy,4,intra_process_va,memfd,4194304,1,518338945034356,20780,518338945156202,121846
lazy,4,intra_process_va,memfd,4194304,2,518339044864439,20653,518339044982926,118487
lazy,4,intra_process_va,memfd,4194304,3,518339144949022,21828,518339145088046,139024
lazy,4,intra_process_va,memfd,4194304,4,518339243939649,7070,518339243977267,37618
lazy,4,intra_process_va,memfd,4194304,5,518339344873960,21079,518339344993523,119563
lazy,4,intra_process_va,memfd,4194304,6,518339445120218,23588,518339445257144,136926
lazy,4,intra_process_va,memfd,4194304,7,518339544949309,22004,518339545096773,147464
lazy,4,intra_process_va,memfd,4194304,8,518339644236995,9009,518339644290245,53250
lazy,4,intra_process_va,memfd,4194304,9,518339745110963,22786,518339745238408,127445
lazy,4,intra_process_va,memfd,4194304,10,518339844969291,21914,518339845112472,143181
lazy,4,intra_process_va,memfd,4194304,11,518339944887659,19620,518339945025613,137954
lazy,4,intra_process_va,memfd,4194304,12,518340044872663,20644,518340044993018,120355
lazy,4,intra_process_va,memfd,4194304,13,518340144889478,21269,518340145028059,138581
lazy,4,intra_process_va,memfd,4194304,14,518340244932222,21061,518340245076099,143877
lazy,4,intra_process_va,memfd,4194304,15,518340344864747,20780,518340344982452,117705
lazy,4,intra_process_va,memfd,4194304,16,518340444983866,42096,518340445132514,148648
lazy,4,intra_process_va,memfd,4194304,17,518340544953185,21349,518340545096482,143297
lazy,4,intra_process_va,memfd,4194304,18,518340644199594,8587,518340644252358,52764
lazy,4,intra_process_va,memfd,4194304,19,518340744824612,19863,518340744941347,116735
lazy,4,inter_process,memfd,4096,0,518345431080018,482135,518345432152666,1072648
lazy,4,inter_process,memfd,4096,1,518345532049800,92582,518345532270217,220417
lazy,4,inter_process,memfd,4096,2,518345630892364,417889,518345631748475,856111
lazy,4,inter_process,memfd,4096,3,518345731074241,463307,518345732109532,1035291
lazy,4,inter_process,memfd,4096,4,518345831121153,464989,518345832151363,1030210
lazy,4,inter_process,memfd,4096,5,518345931076400,458531,518345932101889,1025489
lazy,4,inter_process,memfd,4096,6,518346030992299,432875,518346031884170,891871
lazy,4,inter_process,memfd,4096,7,518346131039774,430368,518346131931959,892185
lazy,4,inter_process,memfd,4096,8,518346231076840,460403,518346232068727,991887
lazy,4,inter_process,memfd,4096,9,518346331132673,335800,518346331973291,840618
lazy,4,inter_process,memfd,4096,10,518346431071249,470032,518346432129863,1058614
lazy,4,inter_process,memfd,4096,11,518346530945815,423596,518346531828001,882186
lazy,4,inter_process,memfd,4096,12,518346630931653,443402,518346631845717,914064
lazy,4,inter_process,memfd,4096,13,518346730945370,465966,518346731902210,956840
lazy,4,inter_process,memfd,4096,14,518346831090770,465061,518346832119291,1028521
lazy,4,inter_process,memfd,4096,15,518346931039079,462403,518346932070557,1031478
lazy,4,inter_process,memfd,4096,16,518347030997003,335705,518347031835252,838249
lazy,4,inter_process,memfd,4096,17,518347131050248,450994,518347132073480,1023232
lazy,4,inter_process,memfd,4096,18,518347230857255,431732,518347231700448,843193
lazy,4,inter_process,memfd,4096,19,518347330817090,457169,518347331778674,961584
lazy,4,inter_process,memfd,1024,0,518353187074905,476909,518353188148710,1073805
lazy,4,inter_process,memfd,1024,1,518353287060698,397936,518353287916251,855553
lazy,4,inter_process,memfd,1024,2,518353387048588,428743,518353387962177,913589
lazy,4,inter_process,memfd,1024,3,518353487078133,427722,518353488060692,982559
lazy,4,inter_process,memfd,1024,4,518353587063740,434255,518353587959540,895800
lazy,4,inter_process,memfd,1024,5,518353687116031,353725,518353688052717,936686
lazy,4,inter_process,memfd,1024,6,518353787120101,456216,518353788148507,1028406
lazy,4,inter_process,memfd,1024,7,518353886806886,86786,518353887005030,198144
lazy,4,inter_process,memfd,1024,8,518353986882139,146203,518353987182180,300041
lazy,4,inter_process,memfd,1024,9,518354086988894,416058,518354087923469,934575
lazy,4,inter_process,memfd,1024,10,518354187108883,478160,518354188160411,1051528
lazy,4,inter_process,memfd,1024,11,518354287092914,416880,518354287974078,881164
lazy,4,inter_process,memfd,1024,12,518354386956244,491942,518354387965975,1009731
lazy,4,inter_process,memfd,1024,13,518354487083628,464404,518354488132804,1049176
lazy,4,inter_process,memfd,1024,14,518354587136797,460596,518354588185876,1049079
lazy,4,inter_process,memfd,1024,15,518354687104055,463455,518354688138408,1034353
lazy,4,inter_process,memfd,1024,16,518354787144062,338813,518354788094797,950735
lazy,4,inter_process,memfd,1024,17,518354887050021,394501,518354887907703,857682
lazy,4,inter_process,memfd,1024,18,518354987098892,461832,518354988121264,1022372
lazy,4,inter_process,memfd,1024,19,518355087087656,417777,518355088022146,934490
lazy,4,inter_process,cpu,65536,0,518360936058604,478745,518360936823942,765338
lazy,4,inter_process,cpu,65536,1,518361036088560,490588,518361036814853,726293
lazy,4,inter_process,cpu,65536,2,518361136066922,447989,518361136804820,737898
lazy,4,inter_process,cpu,65536,3,518361236115524,290858,518361236840392,724868
lazy,4,inter_process,cpu,65536,4,518361336062191,466693,518361336797125,734934
lazy,4,inter_process,cpu,65536,5,518361436105905,429568,518361436819777,713872
lazy,4,inter_process,cpu,65536,6,518361536085974,379766,518361536709128,623154
lazy,4,inter_process,cpu,65536,7,518361635864540,261162,518361636277844,413304
lazy,4,inter_process,cpu,65536,8,518361735952886,415009,518361736605123,652237
lazy,4,inter_process,cpu,65536,9,518361836131688,327034,518361836921411,789723
lazy,4,inter_process,cpu,65536,10,518361935773970,189617,518361936101836,327866
lazy,4,inter_process,cpu,65536,11,518362036043972,392159,518362036701124,657152
lazy,4,inter_process,cpu,65536,12,518362135849490,405293,518362136517743,668253
lazy,4,inter_process,cpu,65536,13,518362235950631,480073,518362236726681,776050
lazy,4,inter_process,cpu,65536,14,518362335825523,115865,518362336033098,207575
lazy,4,inter_process,cpu,65536,15,518362435997936,450829,518362436704437,706501
lazy,4,inter_process,cpu,65536,16,518362536053705,296738,518362536753416,699711
lazy,4,inter_process,cpu,65536,17,518362635804467,80357,518362635953584,149117
lazy,4,inter_process,cpu,65536,18,518362736066274,431258,518362736769202,702928
lazy,4,inter_process,cpu,65536,19,518362835999803,468388,518362836785749,785946
lazy,4,inter_process,memfd,16384,0,518367714201898,475439,518367715273445,1071547
lazy,4,inter_process,memfd,16384,1,518367814197093,465570,518367815234967,1037874
lazy,4,inter_process,memfd,16384,2,518367914160587,423197,518367915095293,934706
lazy,4,inter_process,memfd,16384,3,518368014147641,444083,518368015135435,987794
lazy,4,inter_process,memfd,16384,4,518368114132113,397045,518368114977884,845771
lazy,4,inter_process,memfd,16384,5,518368214131939,399297,518368214996724,864785
lazy,4,inter_process,memfd,16384,6,518368314153424,291234,518368314943549,790125
lazy,4,inter_process,memfd,16384,7,518368414138808,401335,518368415027173,888365
lazy,4,inter_process,memfd,16384,8,518368514154760,447680,518368515144606,989846
lazy,4,inter_process,memfd,16384,9,518368613818184,80139,518368614025808,207624
lazy,4,inter_process,memfd,16384,10,518368714181576,469138,518368715244092,1062516
lazy,4,inter_process,memfd,16384,11,518368814163384,420567,518368815101253,937869
lazy,4,inter_process,memfd,16384,12,518368914189179,417260,518368915122494,933315
lazy,4,inter_process,memfd,16384,13,518369014186228,478056,518369015207376,1021148
lazy,4,inter_process,memfd,16384,14,518369114165860,421057,518369115091701,925841
lazy,4,inter_process,memfd,16384,15,518369214169226,423636,518369215113801,944575
lazy,4,inter_process,memfd,16384,16,518369314182370,285387,518369314965242,782872
lazy,4,inter_process,memfd,16384,17,518369414159584,418454,518369415102037,942453
lazy,4,inter_process,memfd,16384,18,518369514203178,441439,518369515182434,979256
lazy,4,inter_process,memfd,16384,19,518369614133492,403715,518369614997228,863736
lazy,4,inter_process,memfd,1048576,0,518375812428170,435087,518375813396620,968450
lazy,4,inter_process,memfd,1048576,1,518375912405563,419415,518375913335099,929536
lazy,4,inter_process,memfd,1048576,2,518376012232020,258767,518376012801828,569808
lazy,4,inter_process,memfd,1048576,3,518376112384260,424427,518376113323457,939197
lazy,4,inter_process,memfd,1048576,4,518376212422264,408673,518376213384299,962035
lazy,4,inter_process,memfd,1048576,5,518376312401631,428180,518376313331453,929822
lazy,4,inter_process,memfd,1048576,6,518376412423023,446580,518376413359732,936709
lazy,4,inter_process,memfd,1048576,7,518376512503705,450932,518376513514144,1010439
lazy,4,inter_process,memfd,1048576,8,518376612465085,470458,518376613511051,1045966
lazy,4,inter_process,memfd,1048576,9,518376712426467,290586,518376713225878,799411
lazy,4,inter_process,memfd,1048576,10,518376812400769,425052,518376813358682,957913
lazy,4,inter_process,memfd,1048576,11,518376912465185,458362,518376913437740,972555
lazy,4,inter_process,memfd,1048576,12,518377011850119,98310,518377012099147,249028
lazy,4,inter_process,memfd,1048576,13,518377112330830,406915,518377113216012,885182
lazy,4,inter_process,memfd,1048576,14,518377212206158,413594,518377213143769,937611
lazy,4,inter_process,memfd,1048576,15,518377312369739,399726,518377313258946,889207
lazy,4,inter_process,memfd,1048576,16,518377412363749,407327,518377413236917,873168
lazy,4,inter_process,memfd,1048576,17,518377512369688,294766,518377513196049,826361
lazy,4,inter_process,memfd,1048576,18,518377612459966,463539,518377613493888,1033922
lazy,4,inter_process,memfd,1048576,19,518377712479915,466754,518377713520028,1040113
lazy,4,inter_process,cpu,1024,0,518383903102454,198117,518383903682434,579980
lazy,4,inter_process,cpu,1024,1,518384003072865,323162,518384003746488,673623
lazy,4,inter_process,cpu,1024,2,518384102939989,239794,518384103410070,470081
lazy,4,inter_process,cpu,1024,3,518384203101312,340441,518384203797544,696232
lazy,4,inter_process,cpu,1024,4,518384303108760,310687,518384303742600,633840
lazy,4,inter_process,cpu,1024,5,518384403093520,311366,518384403726116,632596
lazy,4,inter_process,cpu,1024,6,518384503100486,351198,518384503811884,711398
lazy,4,inter_process,cpu,1024,7,518384602991140,379060,518384603707565,716425
lazy,4,inter_process,cpu,1024,8,518384703054307,295496,518384703687792,633485
lazy,4,inter_process,cpu,1024,9,518384803149831,220967,518384803787405,637574
lazy,4,inter_process,cpu,1024,10,518384903095838,292733,518384903690924,595086
lazy,4,inter_process,cpu,1024,11,518385003074040,319120,518385003720211,646171
lazy,4,inter_process,cpu,1024,12,518385102845708,235243,518385103310575,464867
lazy,4,inter_process,cpu,1024,13,518385203070387,290108,518385203665116,594729
lazy,4,inter_process,cpu,1024,14,518385303061181,292607,518385303657960,596779
lazy,4,inter_process,cpu,1024,15,518385402773090,75750,518385402924656,151566
lazy,4,inter_process,cpu,1024,16,518385503062352,346795,518385503771711,709359
lazy,4,inter_process,cpu,1024,17,518385603070334,330778,518385603744060,673726
lazy,4,inter_process,cpu,1024,18,518385703187521,346972,518385703891132,703611
lazy,4,inter_process,cpu,1024,19,518385803113194,356720,518385803842051,728857
lazy,4,inter_process,cpu,1048576,0,518390683550957,1207984,518390696707418,13156461
lazy,4,inter_process,cpu,1048576,1,518390783607882,1784096,518390786066858,2458976
lazy,4,inter_process,cpu,1048576,2,518390883611615,1541337,518390885931984,2320369
lazy,4,inter_process,cpu,1048576,3,518390983555384,1725431,518390985936370,2380986
lazy,4,inter_process,cpu,1048576,4,518391083583747,1499023,518391096821423,13237676
lazy,4,inter_process,cpu,1048576,5,518391183616117,1868437,518391186229131,2613014
lazy,4,inter_process,cpu,1048576,6,518391283565052,1695637,518391285970471,2405419
lazy,4,inter_process,cpu,1048576,7,518391383683684,1630026,518391385950091,2266407
lazy,4,inter_process,cpu,1048576,8,518391483590186,1691290,518391485931246,2341060
lazy,4,inter_process,cpu,1048576,9,518391583561446,1412503,518391596049356,12487910
lazy,4,inter_process,cpu,1048576,10,518391683113050,689354,518391694397618,11284568
lazy,4,inter_process,cpu,1048576,11,518391783509464,1515189,518391785664547,2155083
lazy,4,inter_process,cpu,1048576,12,518391883508156,1511327,518391885655749,2147593
lazy,4,inter_process,cpu,1048576,13,518391983532884,1337440,518391985663019,2130135
lazy,4,inter_process,cpu,1048576,14,518392083697857,1639219,518392097323558,13625701
lazy,4,inter_process,cpu,1048576,15,518392183617329,1723709,518392185985824,2368495
lazy,4,inter_process,cpu,1048576,16,518392283609247,1710663,518392285957398,2348151
lazy,4,inter_process,cpu,1048576,17,518392383602292,1557663,518392385920395,2318103
lazy,4,inter_process,cpu,1048576,18,518392483531443,1641485,518392485816549,2285106
lazy,4,inter_process,cpu,1048576,19,518392583619823,1713912,518392597260185,13640362
lazy,4,intra_process_va,cpu,16384,0,518394502950002,18835,518394503119181,169179
lazy,4,intra_process_va,cpu,16384,1,518394602944360,20397,518394603104886,160526
lazy,4,intra_process_va,cpu,16384,2,518394702902122,16347,518394703068273,166151
lazy,4,intra_process_va,cpu,16384,3,518394802927233,17948,518394803072178,144945
lazy,4,intra_process_va,cpu,16384,4,518394902948344,19362,518394903135489,187145
lazy,4,intra_process_va,cpu,16384,5,518395002947016,19719,518395003183443,236427
lazy,4,intra_process_va,cpu,16384,6,518395102958141,19966,518395103116523,158382
lazy,4,intra_process_va,cpu,16384,7,518395202946004,19081,518395203113363,167359
lazy,4,intra_process_va,cpu,16384,8,518395302938642,19349,518395303096790,158148
lazy,4,intra_process_va,cpu,16384,9,518395402925704,18099,518395403123498,197794
lazy,4,intra_process_va,cpu,16384,10,518395502935239,19537,518395503093089,157850
lazy,4,intra_process_va,cpu,16384,11,518395602958383,19612,518395603115517,157134
lazy,4,intra_process_va,cpu,16384,12,518395702921936,16729,518395703075687,153751
lazy,4,intra_process_va,cpu,16384,13,518395803072909,6913,518395803111275,38366
lazy,4,intra_process_va,cpu,16384,14,518395902890660,15433,518395902984714,94054
lazy,4,intra_process_va,cpu,16384,15,518396002895370,16283,518396002998493,103123
lazy,4,intra_process_va,cpu,16384,16,518396102924653,17744,518396103081502,156849
lazy,4,intra_process_va,cpu,16384,17,518396202928158,18177,518396203074578,146420
lazy,4,intra_process_va,cpu,16384,18,518396302935644,18125,518396303080308,144664
lazy,4,intra_process_va,cpu,16384,19,518396402913825,18716,518396403067390,153565
lazy,4,intra_process_va,cpu,4194304,0,518398129587087,21490,518398129691909,104822
lazy,4,intra_process_va,cpu,4194304,1,518398229574963,22800,518398229685293,110330
lazy,4,intra_process_va,cpu,4194304,2,518398329878247,23798,518398329990019,111772
lazy,4,intra_process_va,cpu,4194304,3,518398429817331,23873,518398429930335,113004
lazy,4,intra_process_va,cpu,4194304,4,518398529784206,23811,518398529896625,112419
lazy,4,intra_process_va,cpu,4194304,5,518398629600720,21397,518398629704441,103721
lazy,4,intra_process_va,cpu,4194304,6,518398729650925,23127,518398729755529,104604
lazy,4,intra_process_va,cpu,4194304,7,518398829853893,23463,518398829962907,109014
lazy,4,intra_process_va,cpu,4194304,8,518398929662624,22456,518398929767416,104792
lazy,4,intra_process_va,cpu,4194304,9,518399029882905,23770,518399029995517,112612
lazy,4,intra_process_va,cpu,4194304,10,518399129651815,21850,518399129756117,104302
lazy,4,intra_process_va,cpu,4194304,11,518399229533880,22936,518399229636702,102822
lazy,4,intra_process_va,cpu,4194304,12,518399329803934,24028,518399329917040,113106
lazy,4,intra_process_va,cpu,4194304,13,518399429735853,24244,518399429848990,113137
lazy,4,intra_process_va,cpu,4194304,14,518399529754751,23121,518399529866546,111795
lazy,4,intra_process_va,cpu,4194304,15,518399629632637,22234,518399629736403,103766
lazy,4,intra_process_va,cpu,4194304,16,518399729637894,21637,518399729743259,105365
lazy,4,intra_process_va,cpu,4194304,17,518399829636787,21825,518399829740695,103908
lazy,4,intra_process_va,cpu,4194304,18,518399929599212,21396,518399929700121,100909
lazy,4,intra_process_va,cpu,4194304,19,518400028113135,6355,518400028139246,26111
lazy,4,inter_process,memfd,262144,0,518405049233431,424356,518405050223642,990211
lazy,4,inter_process,memfd,262144,1,518405149213445,382714,518405150074724,861279
lazy,4,inter_process,memfd,262144,2,518405249174230,399277,518405250062975,888745
lazy,4,inter_process,memfd,262144,3,518405349235300,439947,518405350217094,981794
lazy,4,inter_process,memfd,262144,4,518405449223481,307219,518405450096735,873254
lazy,4,inter_process,memfd,262144,5,518405549200491,480576,518405550257550,1057059
lazy,4,inter_process,memfd,262144,6,518405649054846,237888,518405649569956,515110
lazy,4,inter_process,memfd,262144,7,518405749193383,402051,518405750085735,892352
lazy,4,inter_process,memfd,262144,8,518405849225603,410736,518405850148753,923150
lazy,4,inter_process,memfd,262144,9,518405949271555,283019,518405950075893,804338
lazy,4,inter_process,memfd,262144,10,518406049220990,419023,518406050171963,950973
lazy,4,inter_process,memfd,262144,11,518406149304611,419817,518406150238645,934034
lazy,4,inter_process,memfd,262144,12,518406248989604,264421,518406249528862,539258
lazy,4,inter_process,memfd,262144,13,518406348867562,119112,518406349135731,268169
lazy,4,inter_process,memfd,262144,14,518406449201069,418076,518406450132974,931905
lazy,4,inter_process,memfd,262144,15,518406549239990,472965,518406550289511,1049521
lazy,4,inter_process,memfd,262144,16,518406649111287,260600,518406649682199,570912
lazy,4,inter_process,memfd,262144,17,518406749286623,460280,518406750328252,1041629
lazy,4,inter_process,memfd,262144,18,518406849292765,460924,518406850325230,1032465
lazy,4,inter_process,memfd,262144,19,518406949277526,448617,518406950292424,1014898
lazy,4,inter_process,memfd,16777216,0,518412806738506,411028,518412807564766,826260
lazy,4,inter_process,memfd,16777216,1,518412906619756,363334,518412907360809,741053
lazy,4,inter_process,memfd,16777216,2,518413006810628,403529,518413007616315,805687
lazy,4,inter_process,memfd,16777216,3,518413106812052,390945,518413107606565,794513
lazy,4,inter_process,memfd,16777216,4,518413206562750,377589,518413207294280,731530
lazy,4,inter_process,memfd,16777216,5,518413306512097,382924,518413307288361,776264
lazy,4,inter_process,memfd,16777216,6,518413406722742,344672,518413407406039,683297
lazy,4,inter_process,memfd,16777216,7,518413506574339,364890,518413507281720,707381
lazy,4,inter_process,memfd,16777216,8,518413606741177,360381,518413607427037,685860
lazy,4,inter_process,memfd,16777216,9,518413706764211,349233,518413707435044,670833
lazy,4,inter_process,memfd,16777216,10,518413806617570,363285,518413807325968,708398
lazy,4,inter_process,memfd,16777216,11,518413906937223,378845,518413907689768,752545
lazy,4,inter_process,memfd,16777216,12,518414006577219,351413,518414007294750,717531
lazy,4,inter_process,memfd,16777216,13,518414106926316,281623,518414107616691,690375
lazy,4,inter_process,memfd,16777216,14,518414206710718,354189,518414207389262,678544
lazy,4,inter_process,memfd,16777216,15,518414306639688,341233,518414307326720,687032
lazy,4,inter_process,memfd,16777216,16,518414407017090,344240,518414407724209,707119
lazy,4,inter_process,memfd,16777216,17,518414506874713,369438,518414507615919,741206
lazy,4,inter_process,memfd,16777216,18,518414606952254,362036,518414607680112,727858
lazy,4,inter_process,memfd,16777216,19,518414703658642,107078,518414703893286,234644
lazy,4,intra_process_va,memfd,1048576,0,518417581415431,20254,518417581547922,132491
lazy,4,intra_process_va,memfd,1048576,1,518417681292961,17253,518417681400126,107165
lazy,4,intra_process_va,memfd,1048576,2,518417781355457,21041,518417781483110,127653
lazy,4,intra_process_va,memfd,1048576,3,518417881397502,21694,518417881528271,130769
lazy,4,intra_process_va,memfd,1048576,4,518417981391444,21779,518417981524223,132779
lazy,4,intra_process_va,memfd,1048576,5,518418081362017,19017,518418081482984,120967
lazy,4,intra_process_va,memfd,1048576,6,518418181390452,21992,518418181523628,133176
lazy,4,intra_process_va,memfd,1048576,7,518418281312335,19379,518418281427110,114775
lazy,4,intra_process_va,memfd,1048576,8,518418381414400,21266,518418381546621,132221
lazy,4,intra_process_va,memfd,1048576,9,518418481434201,21038,518418481567294,133093
lazy,4,intra_process_va,memfd,1048576,10,518418581314955,19931,518418581437670,122715
lazy,4,intra_process_va,memfd,1048576,11,518418681314367,18421,518418681428416,114049
lazy,4,intra_process_va,memfd,1048576,12,518418781372511,20240,518418781497196,124685
lazy,4,intra_process_va,memfd,1048576,13,518418880764037,5469,518418880791524,27487
lazy,4,intra_process_va,memfd,1048576,14,518418981330695,20950,518418981457346,126651
lazy,4,intra_process_va,memfd,1048576,15,518419081403957,21235,518419081535682,131725
lazy,4,intra_process_va,memfd,1048576,16,518419181133751,19108,518419181246887,113136
lazy,4,intra_process_va,memfd,1048576,17,518419281329519,19809,518419281444717,115198
lazy,4,intra_process_va,memfd,1048576,18,518419381321191,20937,518419381445180,123989
lazy,4,intra_process_va,memfd,1048576,19,518419481280964,19354,518419481397723,116759
lazy,4,intra_process_va,cpu,65536,0,518421210070562,17715,518421210174544,103982
lazy,4,intra_process_va,cpu,65536,1,518421310048615,18371,518421310153867,105252
lazy,4,intra_process_va,cpu,65536,2,518421410081616,20559,518421410202872,121256
lazy,4,intra_process_va,cpu,65536,3,518421510075309,19931,518421510188655,113346
lazy,4,intra_process_va,cpu,65536,4,518421610079131,20191,518421610201264,122133
lazy,4,intra_process_va,cpu,65536,5,518421710047655,20051,518421710161480,113825
lazy,4,intra_process_va,cpu,65536,6,518421810058715,19983,518421810172076,113361
lazy,4,intra_process_va,cpu,65536,7,518421910094107,20897,518421910216252,122145
lazy,4,intra_process_va,cpu,65536,8,518422009976851,18219,518422010132515,155664
lazy,4,intra_process_va,cpu,65536,9,518422110147381,21166,518422110266060,118679
lazy,4,intra_process_va,cpu,65536,10,518422210061558,18888,518422210172701,111143
lazy,4,intra_process_va,cpu,65536,11,518422310055845,19413,518422310170142,114297
lazy,4,intra_process_va,cpu,65536,12,518422409973558,24318,518422410143885,170327
lazy,4,intra_process_va,cpu,65536,13,518422510098579,20809,518422510222126,123547
lazy,4,intra_process_va,cpu,65536,14,518422610090527,20103,518422610209097,118570
lazy,4,intra_process_va,cpu,65536,15,518422710055019,19020,518422710166878,111859
lazy,4,intra_process_va,cpu,65536,16,518422810049648,18796,518422810161775,112127
lazy,4,intra_process_va,cpu,65536,17,518422910106447,21197,518422910229846,123399
lazy,4,intra_process_va,cpu,65536,18,518423009829135,8102,518423009875151,46016
lazy,4,intra_process_va,cpu,65536,19,518423109825325,9463,518423109883626,58301
lazy,4,inter_process,cpu,4096,0,518427791106874,419454,518427791897952,791078
lazy,4,inter_process,cpu,4096,1,518427891087783,352181,518427891794453,706670
lazy,4,inter_process,cpu,4096,2,518427991099311,338554,518427991760051,660740
lazy,4,inter_process,cpu,4096,3,518428090997635,295239,518428091575217,577582
lazy,4,inter_process,cpu,4096,4,518428191067719,319863,518428191709188,641469
lazy,4,inter_process,cpu,4096,5,518428291080684,346632,518428291783807,703123
lazy,4,inter_process,cpu,4096,6,518428391042288,291774,518428391643777,601489
lazy,4,inter_process,cpu,4096,7,518428491063554,352159,518428491765803,702249
lazy,4,inter_process,cpu,4096,8,518428591052822,362717,518428591711649,658827
lazy,4,inter_process,cpu,4096,9,518428691116341,187373,518428691649066,532725
lazy,4,inter_process,cpu,4096,10,518428791100255,347897,518428791826494,726239
lazy,4,inter_process,cpu,4096,11,518428891096606,332446,518428891770392,673786
lazy,4,inter_process,cpu,4096,12,518428991072872,325904,518428991738932,666060
lazy,4,inter_process,cpu,4096,13,518429091050531,331477,518429091722930,672399
lazy,4,inter_process,cpu,4096,14,518429191084477,298037,518429191686881,602404
lazy,4,inter_process,cpu,4096,15,518429290786521,96022,518429290980439,193918
lazy,4,inter_process,cpu,4096,16,518429390990390,346633,518429391646375,655985
lazy,4,inter_process,cpu,4096,17,518429491112225,344462,518429491795291,683066
lazy,4,inter_process,cpu,4096,18,518429591079081,330442,518429591742162,663081
lazy,4,inter_process,cpu,4096,19,518429691050310,281280,518429691611460,561150
lazy,4,inter_process,cpu,262144,0,518434563113405,665375,518434564234623,1121218
lazy,4,inter_process,cpu,262144,1,518434663178678,662163,518434664284295,1105617
lazy,4,inter_process,cpu,262144,2,518434763140753,664334,518434764223393,1082640
lazy,4,inter_process,cpu,262144,3,518434863118284,655439,518434864233270,1114986
lazy,4,inter_process,cpu,262144,4,518434963052615,673177,518434964149777,1097162
lazy,4,inter_process,cpu,262144,5,518435063103209,661209,518435064204584,1101375
lazy,4,inter_process,cpu,262144,6,518435163050712,589311,518435164065780,1015068
lazy,4,inter_process,cpu,262144,7,518435263108750,614008,518435264139388,1030638
lazy,4,inter_process,cpu,262144,8,518435363100772,712978,518435364192926,1092154
lazy,4,inter_process,cpu,262144,9,518435463119640,403890,518435464071103,951463
lazy,4,inter_process,cpu,262144,10,518435562755580,202158,518435563101527,345947
lazy,4,inter_process,cpu,262144,11,518435662946892,404344,518435663598075,651183
lazy,4,inter_process,cpu,262144,12,518435763103468,659978,518435764214000,1110532
lazy,4,inter_process,cpu,262144,13,518435863190642,654874,518435864254552,1063910
lazy,4,inter_process,cpu,262144,14,518435963108282,649133,518435964178036,1069754
lazy,4,inter_process,cpu,262144,15,518436063104086,465953,518436064172350,1068264
lazy,4,inter_process,cpu,262144,16,518436163063645,512311,518436163915769,852124
lazy,4,inter_process,cpu,262144,17,518436263122284,595230,518436264127505,1005221
lazy,4,inter_process,cpu,262144,18,518436363115368,653959,518436364184044,1068676
lazy,4,inter_process,cpu,262144,19,518436463080371,577500,518436464074316,993945
lazy,4,intra_process_va,cpu,1048576,0,518438370443173,24030,518438370567789,124616
lazy,4,intra_process_va,cpu,1048576,1,518438470217666,24661,518438470374122,156456
lazy,4,intra_process_va,cpu,1048576,2,518438570448647,23281,518438570572869,124222
lazy,4,intra_process_va,cpu,1048576,3,518438670478228,23932,518438670604415,126187
lazy,4,intra_process_va,cpu,1048576,4,518438770382768,22121,518438770499081,116313
lazy,4,intra_process_va,cpu,1048576,5,518438870343494,20767,518438870451548,108054
lazy,4,intra_process_va,cpu,1048576,6,518438970422691,23917,518438970547505,124814
lazy,4,intra_process_va,cpu,1048576,7,518439070337556,20545,518439070451481,113925
lazy,4,intra_process_va,cpu,1048576,8,518439170355204,20840,518439170469434,114230
lazy,4,intra_process_va,cpu,1048576,9,518439270347902,20813,518439270450134,102232
lazy,4,intra_process_va,cpu,1048576,10,518439370327640,21438,518439370437771,110131
lazy,4,intra_process_va,cpu,1048576,11,518439470209996,24580,518439470346521,136525
lazy,4,intra_process_va,cpu,1048576,12,518439570451776,24478,518439570578531,126755
lazy,4,intra_process_va,cpu,1048576,13,518439670430543,23587,518439670556361,125818
lazy,4,intra_process_va,cpu,1048576,14,518439769743508,5156,518439769768123,24615
lazy,4,intra_process_va,cpu,1048576,15,518439870371973,22124,518439870483774,111801
lazy,4,intra_process_va,cpu,1048576,16,518439970473114,23713,518439970598162,125048
lazy,4,intra_process_va,cpu,1048576,17,518440070329319,23351,518440070469142,139823
lazy,4,intra_process_va,cpu,1048576,18,518440170341290,20790,518440170450157,108867
lazy,4,intra_process_va,cpu,1048576,19,518440270350666,21955,518440270465725,115059
lazy,4,intra_process_va,memfd,262144,0,518441993104566,19565,518441993232002,127436
lazy,4,intra_process_va,memfd,262144,1,518442093072410,18811,518442093200985,128575
lazy,4,intra_process_va,memfd,262144,2,518442192987051,66885,518442193147430,160379
lazy,4,intra_process_va,memfd,262144,3,518442293124347,19420,518442293251618,127271
lazy,4,intra_process_va,memfd,262144,4,518442393065763,18307,518442393185599,119836
lazy,4,intra_process_va,memfd,262144,5,518442493103562,19107,518442493233923,130361
lazy,4,intra_process_va,memfd,262144,6,518442593054043,18501,518442593173737,119694
lazy,4,intra_process_va,memfd,262144,7,518442693075039,17512,518442693190349,115310
lazy,4,intra_process_va,memfd,262144,8,518442793113142,18767,518442793240122,126980
lazy,4,intra_process_va,memfd,262144,9,518442893099337,18802,518442893225356,126019
lazy,4,intra_process_va,memfd,262144,10,518442993068157,17474,518442993186364,118207
lazy,4,intra_process_va,memfd,262144,11,518443093064892,18718,518443093184944,120052
lazy,4,intra_process_va,memfd,262144,12,518443193061508,17385,518443193177726,116218
lazy,4,intra_process_va,memfd,262144,13,518443293107151,18834,518443293235678,128527
lazy,4,intra_process_va,memfd,262144,14,518443393117962,19547,518443393246907,128945
lazy,4,intra_process_va,memfd,262144,15,518443493066268,16673,518443493181750,115482
lazy,4,intra_process_va,memfd,262144,16,518443593120296,19369,518443593248115,127819
lazy,4,intra_process_va,memfd,262144,17,518443693074982,17198,518443693191596,116614
lazy,4,intra_process_va,memfd,262144,18,518443793062953,17266,518443793180270,117317
lazy,4,intra_process_va,memfd,262144,19,518443893103198,18791,518443893231664,128466
lazy,4,intra_process_va,cpu,262144,0,518445617166074,21495,518445617288434,122360
lazy,4,intra_process_va,cpu,262144,1,518445717129413,20850,518445717244342,114929
lazy,4,intra_process_va,cpu,262144,2,518445817160013,21588,518445817282979,122966
lazy,4,intra_process_va,cpu,262144,3,518445917154963,21649,518445917278942,123979
lazy,4,intra_process_va,cpu,262144,4,518446016861089,8725,518446016908749,47660
lazy,4,intra_process_va,cpu,262144,5,518446117161240,19803,518446117275604,114364
lazy,4,intra_process_va,cpu,262144,6,518446217097461,17887,518446217201034,103573
lazy,4,intra_process_va,cpu,262144,7,518446317185122,20992,518446317305979,120857
lazy,4,intra_process_va,cpu,262144,8,518446417148537,21308,518446417269993,121456
lazy,4,intra_process_va,cpu,262144,9,518446517199922,18538,518446517304490,104568
lazy,4,intra_process_va,cpu,262144,10,518446617163257,20948,518446617284373,121116
lazy,4,intra_process_va,cpu,262144,11,518446717148529,20662,518446717261455,112926
lazy,4,intra_process_va,cpu,262144,12,518446817120587,22286,518446817237785,117198
lazy,4,intra_process_va,cpu,262144,13,518446917106241,19817,518446917212518,106277
lazy,4,intra_process_va,cpu,262144,14,518447016814082,10286,518447016867980,53898
lazy,4,intra_process_va,cpu,262144,15,518447117064244,18436,518447117173980,109736
lazy,4,intra_process_va,cpu,262144,16,518447217107170,19256,518447217214382,107212
lazy,4,intra_process_va,cpu,262144,17,518447317163896,21092,518447317285170,121274
lazy,4,intra_process_va,cpu,262144,18,518447417129613,20423,518447417245875,116262
lazy,4,intra_process_va,cpu,262144,19,518447517148288,20040,518447517262626,114338
lazy,4,intra_process_va,memfd,16384,0,518449242152248,16484,518449242267487,115239
lazy,4,intra_process_va,memfd,16384,1,518449341917168,16075,518449342071879,154711
lazy,4,intra_process_va,memfd,16384,2,518449442179780,18284,518449442307233,127453
lazy,4,intra_process_va,memfd,16384,3,518449542175946,15292,518449542286940,110994
lazy,4,intra_process_va,memfd,16384,4,518449641916140,5872,518449641957346,41206
lazy,4,intra_process_va,memfd,16384,5,518449742160263,19036,518449742286250,125987
lazy,4,intra_process_va,memfd,16384,6,518449842179986,16961,518449842299197,119211
lazy,4,intra_process_va,memfd,16384,7,518449942206888,18133,518449942334574,127686
lazy,4,intra_process_va,memfd,16384,8,518450042131437,15234,518450042238780,107343
lazy,4,intra_process_va,memfd,16384,9,518450142266904,18474,518450142390130,123226
lazy,4,intra_process_va,memfd,16384,10,518450241789973,3583,518450241817558,27585
lazy,4,intra_process_va,memfd,16384,11,518450341915516,17534,518450342079562,164046
lazy,4,intra_process_va,memfd,16384,12,518450441929207,16967,518450442060997,131790
lazy,4,intra_process_va,memfd,16384,13,518450542159986,16625,518450542278667,118681
lazy,4,intra_process_va,memfd,16384,14,518450641931335,6965,518450641981942,50607
lazy,4,intra_process_va,memfd,16384,15,518450742170032,17185,518450742295088,125056
lazy,4,intra_process_va,memfd,16384,16,518450842197612,18216,518450842324438,126826
lazy,4,intra_process_va,memfd,16384,17,518450942183552,15182,518450942293463,109911
lazy,4,intra_process_va,memfd,16384,18,518451042167464,16295,518451042282425,114961
lazy,4,intra_process_va,memfd,16384,19,518451142206502,18120,518451142333281,126779
lazy,4,inter_process,memfd,64,0,518456167210106,473774,518456168283924,1073818
lazy,4,inter_process,memfd,64,1,518456267208049,392649,518456268113290,905241
lazy,4,inter_process,memfd,64,2,518456367159452,410127,518456368079638,920186
lazy,4,inter_process,memfd,64,3,518456466918993,188215,518456467315426,396433
lazy,4,inter_process,memfd,64,4,518456566973915,258509,518456567520785,546870
lazy,4,inter_process,memfd,64,5,518456667150650,413708,518456668072586,921936
lazy,4,inter_process,memfd,64,6,518456767139463,394900,518456767952221,812758
lazy,4,inter_process,memfd,64,7,518456867189317,467989,518456868232183,1042866
lazy,4,inter_process,memfd,64,8,518456967146123,388737,518456967994963,848840
lazy,4,inter_process,memfd,64,9,518457067160071,265152,518457067879428,719357
lazy,4,inter_process,memfd,64,10,518457167195248,464459,518457168255738,1060490
lazy,4,inter_process,memfd,64,11,518457266952747,466270,518457267928657,975910
lazy,4,inter_process,memfd,64,12,518457367282253,459506,518457368286532,1004279
lazy,4,inter_process,memfd,64,13,518457467155821,438015,518457468140676,984855
lazy,4,inter_process,memfd,64,14,518457567152585,434443,518457568122890,970305
lazy,4,inter_process,memfd,64,15,518457667196870,332787,518457668145377,948507
lazy,4,inter_process,memfd,64,16,518457767223318,461085,518457768303880,1080562
lazy,4,inter_process,memfd,64,17,518457867173204,412010,518457868107008,933804
lazy,4,inter_process,memfd,64,18,518457967204263,440748,518457968166824,962561
lazy,4,inter_process,memfd,64,19,518458067167408,456988,518458068188365,1020957
lazy,4,inter_process,cpu,16777216,0,518463920499829,2712154,518463935444598,14944769
lazy,4,inter_process,cpu,16777216,1,518464020523619,2731362,518464035244354,14720735
lazy,4,inter_process,cpu,16777216,2,518464119954587,2727422,518464134769796,14815209
lazy,4,inter_process,cpu,16777216,3,518464220630958,7161038,518464237056957,16425999
lazy,4,inter_process,cpu,16777216,4,518464320406977,2711654,518464335170790,14763813
lazy,4,inter_process,cpu,16777216,5,518464420317872,2688302,518464435271947,14954075
lazy,4,inter_process,cpu,16777216,6,518464520443257,2698059,518464535145769,14702512
lazy,4,inter_process,cpu,16777216,7,518464620628636,2770779,518464634879083,14250447
lazy,4,inter_process,cpu,16777216,8,518464720507773,2675205,518464724847839,4340066
lazy,4,inter_process,cpu,16777216,9,518464817268652,3363230,518464831164865,13896213
lazy,4,inter_process,cpu,16777216,10,518464916490264,3798199,518464931137803,14647539
lazy,4,inter_process,cpu,16777216,11,518465020750298,2687979,518465035672629,14922331
lazy,4,inter_process,cpu,16777216,12,518465120545522,2781997,518465124996613,4451091
lazy,4,inter_process,cpu,16777216,13,518465220527900,3140489,518465235734626,15206726
lazy,4,inter_process,cpu,16777216,14,518465320500163,2685489,518465335261173,14761010
lazy,4,inter_process,cpu,16777216,15,518465420934883,2723744,518465425365689,4430806
lazy,4,inter_process,cpu,16777216,16,518465520544093,2764000,518465535373245,14829152
lazy,4,inter_process,cpu,16777216,17,518465620985620,2726578,518465635379371,14393751
lazy,4,inter_process,cpu,16777216,18,518465720469711,2677836,518465735287578,14817867
lazy,4,inter_process,cpu,16777216,19,518465821093221,2730469,518465836098804,15005583
lazy,4,inter_process,memfd,65536,0,518471047184386,477534,518471048159034,974648
lazy,4,inter_process,memfd,65536,1,518471146793568,127042,518471147085900,292332
lazy,4,inter_process,memfd,65536,2,518471247222833,391008,518471248148676,925843
lazy,4,inter_process,memfd,65536,3,518471347045693,420041,518471348043204,997511
lazy,4,inter_process,memfd,65536,4,518471447254554,330283,518471448274165,1019611
lazy,4,inter_process,memfd,65536,5,518471547176213,415350,518471548105270,929057
lazy,4,inter_process,memfd,65536,6,518471646872526,212028,518471647304302,431776
lazy,4,inter_process,memfd,65536,7,518471747212279,447016,518471748210538,998259
lazy,4,inter_process,memfd,65536,8,518471847172618,418305,518471848149383,976765
lazy,4,inter_process,memfd,65536,9,518471947202959,315283,518471948136761,933802
lazy,4,inter_process,memfd,65536,10,518472047210384,444021,518472048219870,1009486
lazy,4,inter_process,memfd,65536,11,518472147108715,438039,518472148065513,956798
lazy,4,inter_process,memfd,65536,12,518472247143302,422720,518472248080720,937418
lazy,4,inter_process,memfd,65536,13,518472346957351,372610,518472347752551,795200
lazy,4,inter_process,memfd,65536,14,518472447214160,456581,518472448243975,1029815
lazy,4,inter_process,memfd,65536,15,518472547137057,428441,518472548077754,940697
lazy,4,inter_process,memfd,65536,16,518472646861619,249584,518472647356707,495088
lazy,4,inter_process,memfd,65536,17,518472747177322,418273,518472748114033,936711
lazy,4,inter_process,memfd,65536,18,518472847190252,390036,518472848070392,880140
lazy,4,inter_process,memfd,65536,19,518472947169304,421861,518472948108448,939144
lazy,4,inter_process,cpu,4194304,0,518479156839449,3886873,518479161299407,4459958
lazy,4,inter_process,cpu,4194304,1,518479256678085,3428693,518479272050215,15372130
lazy,4,inter_process,cpu,4194304,2,518479356680507,3544097,518479372279323,15598816
lazy,4,inter_process,cpu,4194304,3,518479456210074,2895367,518479469768833,13558759
lazy,4,inter_process,cpu,4194304,4,518479556835377,947856,518479570367468,13532091
lazy,4,inter_process,cpu,4194304,5,518479655802400,2599150,518479670453002,14650602
lazy,4,inter_process,cpu,4194304,6,518479756412270,3646406,518479760703461,4291191
lazy,4,inter_process,cpu,4194304,7,518479856901474,3855288,518479872656950,15755476
lazy,4,inter_process,cpu,4194304,8,518479956833545,3304025,518479972814520,15980975
lazy,4,inter_process,cpu,4194304,9,518480056709930,2648029,518480072447832,15737902
lazy,4,inter_process,cpu,4194304,10,518480156812812,3824188,518480172850475,16037663
lazy,4,inter_process,cpu,4194304,11,518480256531556,3543175,518480260533845,4002289
lazy,4,inter_process,cpu,4194304,12,518480356802808,3307647,518480360527687,3724879
lazy,4,inter_process,cpu,4194304,13,518480456906418,3322720,518480460666564,3760146
lazy,4,inter_process,cpu,4194304,14,518480556720683,3502446,518480561228581,4507898
lazy,4,inter_process,cpu,4194304,15,518480656452792,3268927,518480661041445,4588653
lazy,4,inter_process,cpu,4194304,16,518480756994356,3259475,518480760677255,3682899
lazy,4,inter_process,cpu,4194304,17,518480856876177,3819961,518480861190244,4314067
lazy,4,inter_process,cpu,4194304,18,518480956721880,3541602,518480960717859,3995979
lazy,4,inter_process,cpu,4194304,19,518481056512718,3295618,518481060589849,4077131
lazy,4,intra_process_va,cpu,16777216,0,518482972915544,14483,518482972982333,66789
lazy,4,intra_process_va,cpu,16777216,1,518483075344507,16051,518483075421752,77245
lazy,4,intra_process_va,cpu,16777216,2,518483175786747,16766,518483175865407,78660
lazy,4,intra_process_va,cpu,16777216,3,518483275218831,5653,518483275247676,28845
lazy,4,intra_process_va,cpu,16777216,4,518483374948672,14370,518483375029856,81184
lazy,4,intra_process_va,cpu,16777216,5,518483475392277,16202,518483475470292,78015
lazy,4,intra_process_va,cpu,16777216,6,518483575342564,16687,518483575420646,78082
lazy,4,intra_process_va,cpu,16777216,7,518483671392501,7590,518483671422421,29920
lazy,4,intra_process_va,cpu,16777216,8,518483775387375,6286,518483775415989,28614
lazy,4,intra_process_va,cpu,16777216,9,518483875359033,15941,518483875435378,76345
lazy,4,intra_process_va,cpu,16777216,10,518483975682479,5445,518483975711421,28942
lazy,4,intra_process_va,cpu,16777216,11,518484075390907,5773,518484075419510,28603
lazy,4,intra_process_va,cpu,16777216,12,518484175788732,16219,518484175866502,77770
lazy,4,intra_process_va,cpu,16777216,13,518484275365524,15978,518484275442710,77186
lazy,4,intra_process_va,cpu,16777216,14,518484375395256,16101,518484375474836,79580
lazy,4,intra_process_va,cpu,16777216,15,518484475163877,5502,518484475193383,29506
lazy,4,intra_process_va,cpu,16777216,16,518484575727003,15712,518484575804681,77678
lazy,4,intra_process_va,cpu,16777216,17,518484675379489,16653,518484675458134,78645
lazy,4,intra_process_va,cpu,16777216,18,518484775114993,5389,518484775143075,28082
lazy,4,intra_process_va,cpu,16777216,19,518484875426807,16944,518484875506151,79344
lazy,4,intra_process_va,cpu,64,0,518486594999021,63388,518486595156347,157326
lazy,4,intra_process_va,cpu,64,1,518486695065578,19701,518486695185677,120099
lazy,4,intra_process_va,cpu,64,2,518486794943200,17392,518486795091713,148513
lazy,4,intra_process_va,cpu,64,3,518486895047818,19635,518486895167703,119885
lazy,4,intra_process_va,cpu,64,4,518486994987657,72890,518486995152729,165072
lazy,4,intra_process_va,cpu,64,5,518487094959287,16588,518487095093998,134711
lazy,4,intra_process_va,cpu,64,6,518487194790213,13914,518487208186003,13395790
lazy,4,intra_process_va,cpu,64,7,518487294970326,16354,518487295124228,153902
lazy,4,intra_process_va,cpu,64,8,518487394979314,16507,518487395115360,136046
lazy,4,intra_process_va,cpu,64,9,518487495118076,18317,518487495226311,108235
lazy,4,intra_process_va,cpu,64,10,518487594984183,76926,518487595159783,175600
lazy,4,intra_process_va,cpu,64,11,518487694995245,49374,518487695135844,140599
lazy,4,intra_process_va,cpu,64,12,518487794970940,16020,518487795104317,133377
lazy,4,intra_process_va,cpu,64,13,518487894793108,3908,518487894817549,24441
lazy,4,intra_process_va,cpu,64,14,518487994961286,35416,518487995200002,238716
lazy,4,intra_process_va,cpu,64,15,518488095071777,19655,518488095192464,120687
lazy,4,intra_process_va,cpu,64,16,518488195062082,19616,518488195182775,120693
lazy,4,intra_process_va,cpu,64,17,518488294984788,50275,518488295119324,134536
lazy,4,intra_process_va,cpu,64,18,518488395055539,17481,518488395160153,104614
lazy,4,intra_process_va,cpu,64,19,518488495047183,19568,518488495165786,118603
lazy,4,intra_process_va,cpu,1024,0,518490214975575,15734,518490215132442,156867
lazy,4,intra_process_va,cpu,1024,1,518490315036650,17666,518490315140008,103358
lazy,4,intra_process_va,cpu,1024,2,518490415113635,20301,518490415233882,120247
lazy,4,intra_process_va,cpu,1024,3,518490515052178,20103,518490515173538,121360
lazy,4,intra_process_va,cpu,1024,4,518490614999143,80181,518490615181986,182843
lazy,4,intra_process_va,cpu,1024,5,518490715069967,19414,518490715192361,122394
lazy,4,intra_process_va,cpu,1024,6,518490815037853,18869,518490815149488,111635
lazy,4,intra_process_va,cpu,1024,7,518490914994152,53951,518490915141782,147630
lazy,4,intra_process_va,cpu,1024,8,518491015063614,17177,518491015168869,105255
lazy,4,intra_process_va,cpu,1024,9,518491115040176,20139,518491115161015,120839
lazy,4,intra_process_va,cpu,1024,10,518491214976989,16010,518491215102143,125154
lazy,4,intra_process_va,cpu,1024,11,518491315044608,17851,518491315155804,111196
lazy,4,intra_process_va,cpu,1024,12,518491414994413,85390,518491415171482,177069
lazy,4,intra_process_va,cpu,1024,13,518491515073314,19903,518491515192800,119486
lazy,4,intra_process_va,cpu,1024,14,518491615064875,19442,518491615185993,121118
lazy,4,intra_process_va,cpu,1024,15,518491715071857,19257,518491715187688,115831
lazy,4,intra_process_va,cpu,1024,16,518491815086033,20305,518491815207352,121319
lazy,4,intra_process_va,cpu,1024,17,518491915063727,18226,518491915177491,113764
lazy,4,intra_process_va,cpu,1024,18,518492015062281,19713,518492015182138,119857
lazy,4,intra_process_va,cpu,1024,19,518492114737836,3972,518492114760039,22203
lazy,5,inter_process,cpu,4096,0,518496803907778,328901,518496804546660,638882
lazy,5,inter_process,cpu,4096,1,518496903936237,341313,518496904583451,647214
lazy,5,inter_process,cpu,4096,2,518497003874792,235327,518497004336521,461729
lazy,5,inter_process,cpu,4096,3,518497103965772,380602,518497104705100,739328
lazy,5,inter_process,cpu,4096,4,518497204090794,330060,518497204755676,664882
lazy,5,inter_process,cpu,4096,5,518497303960524,352460,518497304637119,676595
lazy,5,inter_process,cpu,4096,6,518497403962612,214054,518497404484080,521468
lazy,5,inter_process,cpu,4096,7,518497504071573,342154,518497504771605,700032
lazy,5,inter_process,cpu,4096,8,518497603910366,407876,518497604628585,718219
lazy,5,inter_process,cpu,4096,9,518497704102969,214938,518497704724710,621741
lazy,5,inter_process,cpu,4096,10,518497804059312,349244,518497804769186,709874
lazy,5,inter_process,cpu,4096,11,518497903977560,394544,518497904730567,753007
lazy,5,inter_process,cpu,4096,12,518498003945892,342924,518498004590838,644946
lazy,5,inter_process,cpu,4096,13,518498103994418,351632,518498104712131,717713
lazy,5,inter_process,cpu,4096,14,518498203957131,374064,518498204662965,705834
lazy,5,inter_process,cpu,4096,15,518498303969243,360326,518498304652793,683550
lazy,5,inter_process,cpu,4096,16,518498403658860,66906,518498403792940,134080
lazy,5,inter_process,cpu,4096,17,518498503886814,381389,518498504609614,722800
lazy,5,inter_process,cpu,4096,18,518498603956095,381394,518498604745091,788996
lazy,5,inter_process,cpu,4096,19,518498703976428,414778,518498704768221,791793
lazy,5,intra_process_va,memfd,16777216,0,518500612605228,20007,518500612725031,119803
lazy,5,intra_process_va,memfd,16777216,1,518500712761723,19116,518500712867575,105852
lazy,5,intra_process_va,memfd,16777216,2,518500812323969,19713,518500812436762,112793
lazy,5,intra_process_va,memfd,16777216,3,518500912589861,22157,518500912710688,120827
lazy,5,intra_process_va,memfd,16777216,4,518501012306178,19915,518501012416512,110334
lazy,5,intra_process_va,memfd,16777216,5,518501112387390,17458,518501112488868,101478
lazy,5,intra_process_va,memfd,16777216,6,518501212537065,19671,518501212654149,117084
lazy,5,intra_process_va,memfd,16777216,7,518501312507148,17074,518501312608754,101606
lazy,5,intra_process_va,memfd,16777216,8,518501412618460,19868,518501412737084,118624
lazy,5,intra_process_va,memfd,16777216,9,518501512436130,16103,518501512528195,92065
lazy,5,intra_process_va,memfd,16777216,10,518501612615533,20671,518501612735786,120253
lazy,5,intra_process_va,memfd,16777216,11,518501712708801,18530,518501712812673,103872
lazy,5,intra_process_va,memfd,16777216,12,518501812497310,20432,518501812616022,118712
lazy,5,intra_process_va,memfd,16777216,13,518501912556788,21338,518501912673292,116504
lazy,5,intra_process_va,memfd,16777216,14,518502012305441,17238,518502012406360,100919
lazy,5,intra_process_va,memfd,16777216,15,518502112490412,19391,518502112608395,117983
lazy,5,intra_process_va,memfd,16777216,16,518502212564160,20504,518502212677752,113592
lazy,5,intra_process_va,memfd,16777216,17,518502312369420,17212,518502312476880,107460
lazy,5,intra_process_va,memfd,16777216,18,518502412599513,19768,518502412719804,120291
lazy,5,intra_process_va,memfd,16777216,19,518502512581125,20269,518502512697544,116419
lazy,5,intra_process_va,memfd,64,0,518504237924418,15179,518504238088368,163950
lazy,5,intra_process_va,memfd,64,1,518504337772845,15051,518504337887911,115066
lazy,5,intra_process_va,memfd,64,2,518504438126111,18275,518504438252813,126702
lazy,5,intra_process_va,memfd,64,3,518504538073248,17002,518504538198323,125075
lazy,5,intra_process_va,memfd,64,4,518504638410715,5575,518504638444562,33847
lazy,5,intra_process_va,memfd,64,5,518504737652226,3286,518504737676321,24095
lazy,5,intra_process_va,memfd,64,6,518504838074194,15716,518504838190624,116430
lazy,5,intra_process_va,memfd,64,7,518504937974677,15955,518504938126028,151351
lazy,5,intra_process_va,memfd,64,8,518505037951722,34956,518505038132438,180716
lazy,5,intra_process_va,memfd,64,9,518505138124574,18533,518505138249300,124726
lazy,5,intra_process_va,memfd,64,10,518505237959745,14315,518505238098571,138826
lazy,5,intra_process_va,memfd,64,11,518505337774195,15757,518505337889334,115139
lazy,5,intra_process_va,memfd,64,12,518505438064269,16376,518505438179452,115183
lazy,5,intra_process_va,memfd,64,13,518505537994315,57863,518505538138960,144645
lazy,5,intra_process_va,memfd,64,14,518505637802556,8735,518505637867451,64895
lazy,5,intra_process_va,memfd,64,15,518505737941863,14466,518505738112211,170348
lazy,5,intra_process_va,memfd,64,16,518505838048745,16970,518505838173569,124824
lazy,5,intra_process_va,memfd,64,17,518505938053327,18405,518505938179757,126430
lazy,5,intra_process_va,memfd,64,18,518506038070812,18156,518506038196475,125663
lazy,5,intra_process_va,memfd,64,19,518506137997316,68625,518506138172172,174856
lazy,5,intra_process_va,cpu,4096,0,518507860132616,19167,518507860242184,109568
lazy,5,intra_process_va,cpu,4096,1,518507960125324,20684,518507960246806,121482
lazy,5,intra_process_va,cpu,4096,2,518508060057471,15507,518508060150968,93497
lazy,5,intra_process_va,cpu,4096,3,518508160136671,20709,518508160258107,121436
lazy,5,intra_process_va,cpu,4096,4,518508260109579,20241,518508260224441,114862
lazy,5,intra_process_va,cpu,4096,5,518508360090335,17961,518508360195411,105076
lazy,5,intra_process_va,cpu,4096,6,518508460123496,17850,518508460229772,106276
lazy,5,intra_process_va,cpu,4096,7,518508559902899,19325,518508560047096,144197
lazy,5,intra_process_va,cpu,4096,8,518508660041355,17344,518508660144010,102655
lazy,5,intra_process_va,cpu,4096,9,518508759911583,19555,518508760094924,183341
lazy,5,intra_process_va,cpu,4096,10,518508859825401,7530,518508859865691,40290
lazy,5,intra_process_va,cpu,4096,11,518508960071581,13313,518508960151697,80116
lazy,5,intra_process_va,cpu,4096,12,518509060188400,19040,518509060298600,110200
lazy,5,intra_process_va,cpu,4096,13,518509160164813,18793,518509160278761,113948
lazy,5,intra_process_va,cpu,4096,14,518509260118225,19896,518509260228686,110461
lazy,5,intra_process_va,cpu,4096,15,518509360083390,19259,518509360195582,112192
lazy,5,intra_process_va,cpu,4096,16,518509460139858,19089,518509460250036,110178
lazy,5,intra_process_va,cpu,4096,17,518509560147524,19975,518509560267133,119609
lazy,5,intra_process_va,cpu,4096,18,518509660081899,16964,518509660185369,103470
lazy,5,intra_process_va,cpu,4096,19,518509760137112,17263,518509760239458,102346
lazy,5,intra_process_va,cpu,16384,0,518511480058206,18787,518511480172639,114433
lazy,5,intra_process_va,cpu,16384,1,518511580060574,20790,518511580183306,122732
lazy,5,intra_process_va,cpu,16384,2,518511680040172,16220,518511680138207,98035
lazy,5,intra_process_va,cpu,16384,3,518511780074603,19298,518511780196241,121638
lazy,5,intra_process_va,cpu,16384,4,518511880044957,17714,518511880154984,110027
lazy,5,intra_process_va,cpu,16384,5,518511980094726,20702,518511980215471,120745
lazy,5,intra_process_va,cpu,16384,6,518512080088850,18081,518512080195376,106526
lazy,5,intra_process_va,cpu,16384,7,518512180069783,20130,518512180192742,122959
lazy,5,intra_process_va,cpu,16384,8,518512279941933,17997,518512280100439,158506
lazy,5,intra_process_va,cpu,16384,9,518512379975622,17058,518512380178145,202523
lazy,5,intra_process_va,cpu,16384,10,518512480106328,20156,518512480229354,123026
lazy,5,intra_process_va,cpu,16384,11,518512579979767,16744,518512580152403,172636
lazy,5,intra_process_va,cpu,16384,12,518512680096923,20851,518512680220208,123285
lazy,5,intra_process_va,cpu,16384,13,518512780056637,20379,518512780180550,123913
lazy,5,intra_process_va,cpu,16384,14,518512879983530,16588,518512880121577,138047
lazy,5,intra_process_va,cpu,16384,15,518512980092426,20053,518512980215082,122656
lazy,5,intra_process_va,cpu,16384,16,518513079837862,4288,518513079861708,23846
lazy,5,intra_process_va,cpu,16384,17,518513180111906,20318,518513180234584,122678
lazy,5,intra_process_va,cpu,16384,18,518513279986390,71424,518513280143764,157374
lazy,5,intra_process_va,cpu,16384,19,518513380063500,20104,518513380186052,122552
lazy,5,intra_process_va,memfd,4194304,0,518515105179672,8908,518515105229528,49856
lazy,5,intra_process_va,memfd,4194304,1,518515205069600,6319,518515205100341,30741
lazy,5,intra_process_va,memfd,4194304,2,518515305942253,21307,518515306080555,138302
lazy,5,intra_process_va,memfd,4194304,3,518515406054656,21327,518515406178345,123689
lazy,5,intra_process_va,memfd,4194304,4,518515506114597,23772,518515506248335,133738
lazy,5,intra_process_va,memfd,4194304,5,518515606060999,21479,518515606186804,125805
lazy,5,intra_process_va,memfd,4194304,6,518515705985831,40383,518515706124926,139095
lazy,5,intra_process_va,memfd,4194304,7,518515806099565,22780,518515806230420,130855
lazy,5,intra_process_va,memfd,4194304,8,518515906180325,23420,518515906316651,136326
lazy,5,intra_process_va,memfd,4194304,9,518516005941320,23282,518516006138732,197412
lazy,5,intra_process_va,memfd,4194304,10,518516106176314,23811,518516106313204,136890
lazy,5,intra_process_va,memfd,4194304,11,518516205987500,40458,518516206127463,139963
lazy,5,intra_process_va,memfd,4194304,12,518516305976012,20547,518516306131018,155006
lazy,5,intra_process_va,memfd,4194304,13,518516406149806,24049,518516406288545,138739
lazy,5,intra_process_va,memfd,4194304,14,518516506124067,22760,518516506254256,130189
lazy,5,intra_process_va,memfd,4194304,15,518516606179117,23373,518516606317969,138852
lazy,5,intra_process_va,memfd,4194304,16,518516706076418,21211,518516706202604,126186
lazy,5,intra_process_va,memfd,4194304,17,518516806143672,23855,518516806281605,137933
lazy,5,intra_process_va,memfd,4194304,18,518516906120436,23108,518516906252537,132101
lazy,5,intra_process_va,memfd,4194304,19,518517006155125,22693,518517006293194,138069
lazy,5,inter_process,cpu,65536,0,518522038099319,380580,518522038716730,617411
lazy,5,inter_process,cpu,65536,1,518522138076708,421355,518522138756670,679962
lazy,5,inter_process,cpu,65536,2,518522238061032,421787,518522238721912,660880
lazy,5,inter_process,cpu,65536,3,518522337991427,407821,518522338740431,749004
lazy,5,inter_process,cpu,65536,4,518522438067869,252799,518522438739423,671554
lazy,5,inter_process,cpu,65536,5,518522538076911,391471,518522538765016,688105
lazy,5,inter_process,cpu,65536,6,518522637841675,81537,518522637987129,145454
lazy,5,inter_process,cpu,65536,7,518522738098937,410271,518522738780530,681593
lazy,5,inter_process,cpu,65536,8,518522838077727,438272,518522838783721,705994
lazy,5,inter_process,cpu,65536,9,518522938172212,302701,518522938947561,775349
lazy,5,inter_process,cpu,65536,10,518523038116350,412753,518523038788265,671915
lazy,5,inter_process,cpu,65536,11,518523138123565,460694,518523138865817,742252
lazy,5,inter_process,cpu,65536,12,518523238107725,432055,518523238824256,716531
lazy,5,inter_process,cpu,65536,13,518523338074124,396924,518523338741918,667794
lazy,5,inter_process,cpu,65536,14,518523437996995,299640,518523438681628,684633
lazy,5,inter_process,cpu,65536,15,518523538043341,85172,518523538207513,164172
lazy,5,inter_process,cpu,65536,16,518523637834907,87828,518523637992476,157569
lazy,5,inter_process,cpu,65536,17,518523737882000,450163,518523738595546,713546
lazy,5,inter_process,cpu,65536,18,518523838055831,363899,518523838661854,606023
lazy,5,inter_process,cpu,65536,19,518523938101880,407404,518523938807465,705585
lazy,5,intra_process_va,cpu,65536,0,518525841081534,19929,518525841192938,111404
lazy,5,intra_process_va,cpu,65536,1,518525941093107,19134,518525941209348,116241
lazy,5,intra_process_va,cpu,65536,2,518526041047559,16672,518526041144536,96977
lazy,5,intra_process_va,cpu,65536,3,518526141098209,21059,518526141221855,123646
lazy,5,intra_process_va,cpu,65536,4,518526241116947,18913,518526241228020,111073
lazy,5,intra_process_va,cpu,65536,5,518526341111127,20502,518526341232505,121378
lazy,5,intra_process_va,cpu,65536,6,518526441120755,20356,518526441242856,122101
lazy,5,intra_process_va,cpu,65536,7,518526541042661,18492,518526541150295,107634
lazy,5,intra_process_va,cpu,65536,8,518526640938057,8604,518526640988543,50486
lazy,5,intra_process_va,cpu,65536,9,518526741173593,20659,518526741293117,119524
lazy,5,intra_process_va,cpu,65536,10,518526841104081,19678,518526841217965,113884
lazy,5,intra_process_va,cpu,65536,11,518526941137240,20929,518526941258555,121315
lazy,5,intra_process_va,cpu,65536,12,518527041099178,18596,518527041213603,114425
lazy,5,intra_process_va,cpu,65536,13,518527141072957,18491,518527141183509,110552
lazy,5,intra_process_va,cpu,65536,14,518527241071437,18900,518527241184362,112925
lazy,5,intra_process_va,cpu,65536,15,518527340891758,11798,518527359362975,18471217
lazy,5,intra_process_va,cpu,65536,16,518527441093888,18895,518527441207485,113597
lazy,5,intra_process_va,cpu,65536,17,518527541125466,17154,518527541231228,105762
lazy,5,intra_process_va,cpu,65536,18,518527640879858,8401,518527640926487,46629
lazy,5,intra_process_va,cpu,65536,19,518527740828939,6662,518527740864051,35112
lazy,5,inter_process,cpu,262144,0,518532425143551,662434,518532426269538,1125987
lazy,5,inter_process,cpu,262144,1,518532525140208,570403,518532526120821,980613
lazy,5,inter_process,cpu,262144,2,518532625102931,590413,518532626111324,1008393
lazy,5,inter_process,cpu,262144,3,518532725098759,657131,518532726210197,1111438
lazy,5,inter_process,cpu,262144,4,518532825101338,685333,518532826217052,1115714
lazy,5,inter_process,cpu,262144,5,518532925118830,642415,518532926214063,1095233
lazy,5,inter_process,cpu,262144,6,518533024996978,721486,518533026162816,1165838
lazy,5,inter_process,cpu,262144,7,518533125089704,591005,518533126106652,1016948
lazy,5,inter_process,cpu,262144,8,518533225120344,640420,518533226447872,1327528
lazy,5,inter_process,cpu,262144,9,518533324961533,378520,518533325733228,771695
lazy,5,inter_process,cpu,262144,10,518533425091167,678180,518533426230579,1139412
lazy,5,inter_process,cpu,262144,11,518533525096577,644312,518533526201506,1104929
lazy,5,inter_process,cpu,262144,12,518533625137921,662137,518533626232055,1094134
lazy,5,inter_process,cpu,262144,13,518533725123787,487028,518533726206519,1082732
lazy,5,inter_process,cpu,262144,14,518533825110721,679057,518533826243970,1133249
lazy,5,inter_process,cpu,262144,15,518533925110653,654839,518533926234116,1123463
lazy,5,inter_process,cpu,262144,16,518534029075348,159534,518534029379200,303852
lazy,5,inter_process,cpu,262144,17,518534125101779,660566,518534126228026,1126247
lazy,5,inter_process,cpu,262144,18,518534225085754,656264,518534226157961,1072207
lazy,5,inter_process,cpu,262144,19,518534325069941,412730,518534325992026,922085
lazy,5,inter_process,cpu,4194304,0,518539198807459,3848020,518539203109159,4301700
lazy,5,inter_process,cpu,4194304,1,518539298823376,3850267,518539303111332,4287956
lazy,5,inter_process,cpu,4194304,2,518539398565811,3674417,518539414068375,15502564
lazy,5,inter_process,cpu,4194304,3,518539498295966,3070816,518539513222641,14926675
lazy,5,inter_process,cpu,4194304,4,518539598396423,3667097,518539613770835,15374412
lazy,5,inter_process,cpu,4194304,5,518539698812302,3842858,518539703166638,4354336
lazy,5,inter_process,cpu,4194304,6,518539798764077,3638213,518539814704902,15940825
lazy,5,inter_process,cpu,4194304,7,518539898765074,3868936,518539914547798,15782724
lazy,5,inter_process,cpu,4194304,8,518539998669605,3958934,518540003054778,4385173
lazy,5,inter_process,cpu,4194304,9,518540098842545,3807990,518540114817005,15974460
lazy,5,inter_process,cpu,4194304,10,518540198653801,3519501,518540214438131,15784330
lazy,5,inter_process,cpu,4194304,11,518540297199441,1199503,518540308670440,11470999
lazy,5,inter_process,cpu,4194304,12,518540398848903,3820014,518540414870087,16021184
lazy,5,inter_process,cpu,4194304,13,518540498774629,3816209,518540514807120,16032491
lazy,5,inter_process,cpu,4194304,14,518540598558000,3554139,518540614368792,15810792
lazy,5,inter_process,cpu,4194304,15,518540698606961,3513999,518540714261687,15654726
lazy,5,inter_process,cpu,4194304,16,518540798833873,3856867,518540815078364,16244491
lazy,5,inter_process,cpu,4194304,17,518540898787495,3877174,518540914577838,15790343
lazy,5,inter_process,cpu,4194304,18,518540998553349,3742362,518541002715820,4162471
lazy,5,inter_process,cpu,4194304,19,518541098619721,3283691,518541114293725,15674004
lazy,5,intra_process_va,cpu,1024,0,518543019966355,18612,518543020116302,149947
lazy,5,intra_process_va,cpu,1024,1,518543119981953,58010,518543120139052,157099
lazy,5,intra_process_va,cpu,1024,2,518543219971068,17572,518543220115628,144560
lazy,5,intra_process_va,cpu,1024,3,518543319926039,18501,518543320072577,146538
lazy,5,intra_process_va,cpu,1024,4,518543419890973,17649,518543419999864,108891
lazy,5,intra_process_va,cpu,1024,5,518543519956219,17465,518543520115238,159019
lazy,5,intra_process_va,cpu,1024,6,518543619967175,19230,518543620123136,155961
lazy,5,intra_process_va,cpu,1024,7,518543719994156,72073,518543720165792,171636
lazy,5,intra_process_va,cpu,1024,8,518543819974483,20210,518543820130469,155986
lazy,5,intra_process_va,cpu,1024,9,518543919924079,17197,518543920150813,226734
lazy,5,intra_process_va,cpu,1024,10,518544019973251,19096,518544020161216,187965
lazy,5,intra_process_va,cpu,1024,11,518544119808818,15990,518544119910492,101674
lazy,5,intra_process_va,cpu,1024,12,518544219949504,18614,518544220096545,147041
lazy,5,intra_process_va,cpu,1024,13,518544319951036,17904,518544320094357,143321
lazy,5,intra_process_va,cpu,1024,14,518544419945604,18426,518544420094123,148519
lazy,5,intra_process_va,cpu,1024,15,518544519763294,4543,518544519790678,27384
lazy,5,intra_process_va,cpu,1024,16,518544619894364,17985,518544620029714,135350
lazy,5,intra_process_va,cpu,1024,17,518544719941334,16914,518544720079462,138128
lazy,5,intra_process_va,cpu,1024,18,518544819963555,19147,518544820119620,156065
lazy,5,intra_process_va,cpu,1024,19,518544919993387,58289,518544920152481,159094
lazy,5,intra_process_va,memfd,65536,0,518546646893848,7116,518546646936260,42412
lazy,5,intra_process_va,memfd,65536,1,518546746865025,14962,518546746971600,106575
lazy,5,intra_process_va,memfd,65536,2,518546847172548,18794,518546847296850,124302
lazy,5,intra_process_va,memfd,65536,3,518546947124787,15638,518546947231631,106844
lazy,5,intra_process_va,memfd,65536,4,518547047132205,17109,518547047247119,114914
lazy,5,intra_process_va,memfd,65536,5,518547147135128,16810,518547147250119,114991
lazy,5,intra_process_va,memfd,65536,6,518547247171390,15736,518547247278670,107280
lazy,5,intra_process_va,memfd,65536,7,518547347160016,18872,518547347287271,127255
lazy,5,intra_process_va,memfd,65536,8,518547447127520,16480,518547447252107,124587
lazy,5,intra_process_va,memfd,65536,9,518547547225910,17752,518547547349189,123279
lazy,5,intra_process_va,memfd,65536,10,518547646930601,7473,518547646990088,59487
lazy,5,intra_process_va,memfd,65536,11,518547746862830,14879,518547746967925,105095
lazy,5,intra_process_va,memfd,65536,12,518547847188026,18385,518547847313484,125458
lazy,5,intra_process_va,memfd,65536,13,518547947148749,18655,518547947274830,126081
lazy,5,intra_process_va,memfd,65536,14,518548047098137,15313,518548047206766,108629
lazy,5,intra_process_va,memfd,65536,15,518548147138841,14832,518548147243969,105128
lazy,5,intra_process_va,memfd,65536,16,518548247135068,16484,518548247251736,116668
lazy,5,intra_process_va,memfd,65536,17,518548347234475,18651,518548347360138,125663
lazy,5,intra_process_va,memfd,65536,18,518548447152010,18274,518548447276800,124790
lazy,5,intra_process_va,memfd,65536,19,518548547138074,16551,518548547246744,108670
lazy,5,inter_process,cpu,1048576,0,518553256397832,3036800,518553271253558,14855726
lazy,5,inter_process,cpu,1048576,1,518553356507333,1812165,518553359035598,2528265
lazy,5,inter_process,cpu,1048576,2,518553456509803,1683299,518553458845262,2335459
lazy,5,inter_process,cpu,1048576,3,518553556403866,1631333,518553558698317,2294451
lazy,5,inter_process,cpu,1048576,4,518553656405727,1298909,518553669681517,13275790
lazy,5,inter_process,cpu,1048576,5,518553756446900,1610481,518553769947543,13500643
lazy,5,inter_process,cpu,1048576,6,518553856493233,1654492,518553858826691,2333458
lazy,5,inter_process,cpu,1048576,7,518553956446357,1482824,518553969806229,13359872
lazy,5,inter_process,cpu,1048576,8,518554056506315,1631527,518554070000059,13493744
lazy,5,inter_process,cpu,1048576,9,518554156612222,1637978,518554170221505,13609283
lazy,5,inter_process,cpu,1048576,10,518554256485653,1651931,518554258774806,2289153
lazy,5,inter_process,cpu,1048576,11,518554356402074,1288104,518554369745657,13343583
lazy,5,inter_process,cpu,1048576,12,518554456353696,1480283,518554469720749,13367053
lazy,5,inter_process,cpu,1048576,13,518554556560440,1609814,518554570155296,13594856
lazy,5,inter_process,cpu,1048576,14,518554656373713,1250821,518554669491595,13117882
lazy,5,inter_process,cpu,1048576,15,518554756397575,1435595,518554769644825,13247250
lazy,5,inter_process,cpu,1048576,16,518554856460855,1623324,518554858739534,2278679
lazy,5,inter_process,cpu,1048576,17,518554955921421,260701,518554966618250,10696829
lazy,5,inter_process,cpu,1048576,18,518555056417512,1491147,518555058559790,2142278
lazy,5,inter_process,cpu,1048576,19,518555156418733,1481809,518555158529473,2110740
lazy,5,inter_process,memfd,64,0,518560028072936,473838,518560029134315,1061379
lazy,5,inter_process,memfd,64,1,518560128102586,463188,518560129154591,1052005
lazy,5,inter_process,memfd,64,2,518560227837412,459979,518560228802759,965347
lazy,5,inter_process,memfd,64,3,518560328069767,462760,518560329097095,1027328
lazy,5,inter_process,memfd,64,4,518560428107435,412209,518560429034028,926593
lazy,5,inter_process,memfd,64,5,518560528127408,413215,518560529051676,924268
lazy,5,inter_process,memfd,64,6,518560628071652,463414,518560629111852,1040200
lazy,5,inter_process,memfd,64,7,518560727863235,476950,518560728804775,941540
lazy,5,inter_process,memfd,64,8,518560827997593,516040,518560829141147,1143554
lazy,5,inter_process,memfd,64,9,518560928148191,330530,518560929106037,957846
lazy,5,inter_process,memfd,64,10,518561028074068,467188,518561029145464,1071396
lazy,5,inter_process,memfd,64,11,518561128078217,412183,518561128970674,892457
lazy,5,inter_process,memfd,64,12,518561227748306,232642,518561228263701,515395
lazy,5,inter_process,memfd,64,13,518561327745927,86759,518561327933551,187624
lazy,5,inter_process,memfd,64,14,518561428068803,460297,518561429080054,1011251
lazy,5,inter_process,memfd,64,15,518561528091307,395680,518561528947936,856629
lazy,5,inter_process,memfd,64,16,518561628080773,468736,518561629115883,1035110
lazy,5,inter_process,memfd,64,17,518561728107785,382271,518561729073645,965860
lazy,5,inter_process,memfd,64,18,518561828094159,460650,518561829173732,1079573
lazy,5,inter_process,memfd,64,19,518561928113211,459514,518561929154988,1041777
lazy,5,inter_process,cpu,16777216,0,518567779925297,2676826,518567794701240,14775943
lazy,5,inter_process,cpu,16777216,1,518567880486819,3006231,518567895425416,14938597
lazy,5,inter_process,cpu,16777216,2,518567980271870,2660795,518567994933876,14662006
lazy,5,inter_process,cpu,16777216,3,518568080347683,2706455,518568095087673,14739990
lazy,5,inter_process,cpu,16777216,4,518568180609297,2823917,518568195524824,14915527
lazy,5,inter_process,cpu,16777216,5,518568280412234,2696299,518568295292910,14880676
lazy,5,inter_process,cpu,16777216,6,518568380475968,2659537,518568395102166,14626198
lazy,5,inter_process,cpu,16777216,7,518568479925175,2708344,518568494830591,14905416
lazy,5,inter_process,cpu,16777216,8,518568580313052,2873880,518568595035573,14722521
lazy,5,inter_process,cpu,16777216,9,518568680386948,2701149,518568695064665,14677717
lazy,5,inter_process,cpu,16777216,10,518568780703090,2681897,518568795554747,14851657
lazy,5,inter_process,cpu,16777216,11,518568880208875,2715017,518568895132817,14923942
lazy,5,inter_process,cpu,16777216,12,518568980501592,2714265,518568995200980,14699388
lazy,5,inter_process,cpu,16777216,13,518569080535118,2777716,518569095455213,14920095
lazy,5,inter_process,cpu,16777216,14,518569180559526,2676376,518569195470014,14910488
lazy,5,inter_process,cpu,16777216,15,518569280156963,3030612,518569295427782,15270819
lazy,5,inter_process,cpu,16777216,16,518569380502365,2871009,518569395365808,14863443
lazy,5,inter_process,cpu,16777216,17,518569480076651,2678288,518569494782429,14705778
lazy,5,inter_process,cpu,16777216,18,518569580526099,2679123,518569595050007,14523908
lazy,5,inter_process,cpu,16777216,19,518569676431543,2996608,518569689398620,12967077
lazy,5,intra_process_va,memfd,1048576,0,518571590256051,19537,518571590376664,120613
lazy,5,intra_process_va,memfd,1048576,1,518571690170398,18232,518571690277520,107122
lazy,5,intra_process_va,memfd,1048576,2,518571789734025,5289,518571789762025,28000
lazy,5,intra_process_va,memfd,1048576,3,518571890258359,19539,518571890379521,121162
lazy,5,intra_process_va,memfd,1048576,4,518571990204442,18324,518571990316040,111598
lazy,5,intra_process_va,memfd,1048576,5,518572090287603,21289,518572090418095,130492
lazy,5,intra_process_va,memfd,1048576,6,518572190292199,21652,518572190423317,131118
lazy,5,intra_process_va,memfd,1048576,7,518572290293300,19061,518572290413807,120507
lazy,5,intra_process_va,memfd,1048576,8,518572390174010,19817,518572390294917,120907
lazy,5,intra_process_va,memfd,1048576,9,518572489902404,11937,518572506523306,16620902
lazy,5,intra_process_va,memfd,1048576,10,518572590234848,19801,518572590355123,120275
lazy,5,intra_process_va,memfd,1048576,11,518572690195143,17647,518572690302423,107280
lazy,5,intra_process_va,memfd,1048576,12,518572790198483,18586,518572790312564,114081
lazy,5,intra_process_va,memfd,1048576,13,518572890261974,20468,518572890387267,125293
lazy,5,intra_process_va,memfd,1048576,14,518572990253964,19998,518572990379824,125860
lazy,5,intra_process_va,memfd,1048576,15,518573090196848,18438,518573090310052,113204
lazy,5,intra_process_va,memfd,1048576,16,518573190260334,20476,518573190385584,125250
lazy,5,intra_process_va,memfd,1048576,17,518573290083935,21223,518573290209016,125081
lazy,5,intra_process_va,memfd,1048576,18,518573390253472,20376,518573390374968,121496
lazy,5,intra_process_va,memfd,1048576,19,518573490291329,21398,518573490422474,131145
lazy,5,intra_process_va,memfd,1024,0,518575220110856,15581,518575220218901,108045
lazy,5,intra_process_va,memfd,1024,1,518575319978464,15190,518575320130047,151583
lazy,5,intra_process_va,memfd,1024,2,518575420126599,16806,518575420242039,115440
lazy,5,intra_process_va,memfd,1024,3,518575520168182,15859,518575520284267,116085
lazy,5,intra_process_va,memfd,1024,4,518575620147482,17945,518575620271554,124072
lazy,5,intra_process_va,memfd,1024,5,518575719914689,17022,518575720055948,141259
lazy,5,intra_process_va,memfd,1024,6,518575820127601,16783,518575820241114,113513
lazy,5,intra_process_va,memfd,1024,7,518575919866718,7448,518575919916353,49635
lazy,5,intra_process_va,memfd,1024,8,518576019949144,10671,518576020045300,96156
lazy,5,intra_process_va,memfd,1024,9,518576120211466,18726,518576120335425,123959
lazy,5,intra_process_va,memfd,1024,10,518576220075349,16940,518576220184767,109418
lazy,5,intra_process_va,memfd,1024,11,518576319861289,14520,518576319966779,105490
lazy,5,intra_process_va,memfd,1024,12,518576420125875,18422,518576420250656,124781
lazy,5,intra_process_va,memfd,1024,13,518576520133186,15941,518576520247062,113876
lazy,5,intra_process_va,memfd,1024,14,518576620129662,18548,518576620256630,126968
lazy,5,intra_process_va,memfd,1024,15,518576720132670,17960,518576720259210,126540
lazy,5,intra_process_va,memfd,1024,16,518576820155088,18724,518576820280578,125490
lazy,5,intra_process_va,memfd,1024,17,518576920145558,17952,518576920267831,122273
lazy,5,intra_process_va,memfd,1024,18,518577020165036,18170,518577020292333,127297
lazy,5,intra_process_va,memfd,1024,19,518577120135738,16210,518577120251351,115613
lazy,5,intra_process_va,cpu,64,0,518578837092720,20147,518578837212066,119346
lazy,5,intra_process_va,cpu,64,1,518578937109484,19424,518578937229768,120284
lazy,5,intra_process_va,cpu,64,2,518579037057091,19580,518579037174632,117541
lazy,5,intra_process_va,cpu,64,3,518579137062745,17815,518579137172223,109478
lazy,5,intra_process_va,cpu,64,4,518579236992840,65024,518579237143435,150595
lazy,5,intra_process_va,cpu,64,5,518579336985733,45253,518579337110539,124806
lazy,5,intra_process_va,cpu,64,6,518579437041280,17809,518579437150893,109613
lazy,5,intra_process_va,cpu,64,7,518579536962666,16367,518579537098132,135466
lazy,5,intra_process_va,cpu,64,8,518579636828686,4410,518579636854760,26074
lazy,5,intra_process_va,cpu,64,9,518579736999737,58187,518579737155185,155448
lazy,5,intra_process_va,cpu,64,10,518579836989664,50382,518579837128186,138522
lazy,5,intra_process_va,cpu,64,11,518579937038172,18028,518579937148050,109878
lazy,5,intra_process_va,cpu,64,12,518580037086398,19303,518580037205615,119217
lazy,5,intra_process_va,cpu,64,13,518580136734079,6477,518580136769578,35499
lazy,5,intra_process_va,cpu,64,14,518580236975009,15046,518580237120510,145501
lazy,5,intra_process_va,cpu,64,15,518580337078755,18082,518580337188789,110034
lazy,5,intra_process_va,cpu,64,16,518580437042397,20116,518580437163464,121067
lazy,5,intra_process_va,cpu,64,17,518580536999256,50389,518580537137609,138353
lazy,5,intra_process_va,cpu,64,18,518580636824548,6185,518580636861671,37123
lazy,5,intra_process_va,cpu,64,19,518580737064591,20479,518580737183604,119013
lazy,5,inter_process,memfd,1024,0,518585434283992,485279,518585435372750,1088758
lazy,5,inter_process,memfd,1024,1,518585534194080,394814,518585535080965,886885
lazy,5,inter_process,memfd,1024,2,518585634060306,256112,518585634524735,464429
lazy,5,inter_process,memfd,1024,3,518585734250402,455886,518585735279911,1029509
lazy,5,inter_process,memfd,1024,4,518585834241756,418271,518585835224257,982501
lazy,5,inter_process,memfd,1024,5,518585934250431,458456,518585935284500,1034069
lazy,5,inter_process,memfd,1024,6,518586034154075,285761,518586034937649,783574
lazy,5,inter_process,memfd,1024,7,518586134235387,431932,518586135233332,997945
lazy,5,inter_process,memfd,1024,8,518586234286495,446659,518586235274394,987899
lazy,5,inter_process,memfd,1024,9,518586334222944,328032,518586335159864,936920
lazy,5,inter_process,memfd,1024,10,518586433876174,98204,518586434109881,233707
lazy,5,inter_process,memfd,1024,11,518586534196745,396180,518586535078421,881676
lazy,5,inter_process,memfd,1024,12,518586634331714,236443,518586634873168,541454
lazy,5,inter_process,memfd,1024,13,518586734256012,471886,518586735267972,1011960
lazy,5,inter_process,memfd,1024,14,518586834208625,397805,518586835096264,887639
lazy,5,inter_process,memfd,1024,15,518586934277438,462032,518586935314825,1037387
lazy,5,inter_process,memfd,1024,16,518587034228920,427016,518587035216184,987264
lazy,5,inter_process,memfd,1024,17,518587134278358,340139,518587135242915,964557
lazy,5,inter_process,memfd,1024,18,518587234219980,402404,518587235155638,935658
lazy,5,inter_process,memfd,1024,19,518587334236571,420656,518587335170908,934337
lazy,5,inter_process,memfd,1048576,0,518593524353770,300137,518593525201194,847424
lazy,5,inter_process,memfd,1048576,1,518593624233242,478914,518593625237812,1004570
lazy,5,inter_process,memfd,1048576,2,518593724421651,468442,518593725471561,1049910
lazy,5,inter_process,memfd,1048576,3,518593824382207,445330,518593825385183,1002976
lazy,5,inter_process,memfd,1048576,4,518593924366125,396701,518593925250649,884524
lazy,5,inter_process,memfd,1048576,5,518594024375865,402715,518594025262103,886238
lazy,5,inter_process,memfd,1048576,6,518594124309613,401871,518594125193373,883760
lazy,5,inter_process,memfd,1048576,7,518594224376427,425581,518594225312051,935624
lazy,5,inter_process,memfd,1048576,8,518594324296033,335797,518594324980887,684854
lazy,5,inter_process,memfd,1048576,9,518594424327023,328633,518594425209611,882588
lazy,5,inter_process,memfd,1048576,10,518594524344957,439579,518594525361316,1016359
lazy,5,inter_process,memfd,1048576,11,518594624419910,478072,518594625470411,1050501
lazy,5,inter_process,memfd,1048576,12,518594723922038,155583,518594724254796,332758
lazy,5,inter_process,memfd,1048576,13,518594824249506,295307,518594824887502,637996
lazy,5,inter_process,memfd,1048576,14,518594924403311,468559,518594925446545,1043234
lazy,5,inter_process,memfd,1048576,15,518595024372191,479739,518595025387154,1014963
lazy,5,inter_process,memfd,1048576,16,518595124392679,457564,518595125336666,943987
lazy,5,inter_process,memfd,1048576,17,518595224374367,327408,518595225292841,918474
lazy,5,inter_process,memfd,1048576,18,518595324165410,409083,518595325049666,884256
lazy,5,inter_process,memfd,1048576,19,518595424416165,403709,518595425303745,887580
lazy,5,inter_process,memfd,16384,0,518601274955348,441957,518601275877309,921961
lazy,5,inter_process,memfd,16384,1,518601374990955,481111,518601375985260,994305
lazy,5,inter_process,memfd,16384,2,518601475092543,454821,518601476128844,1036301
lazy,5,inter_process,memfd,16384,3,518601575078452,415958,518601575972680,894228
lazy,5,inter_process,memfd,16384,4,518601674970835,480743,518601675988417,1017582
lazy,5,inter_process,memfd,16384,5,518601775049188,442856,518601776046527,997339
lazy,5,inter_process,memfd,16384,6,518601875050655,305742,518601875887552,836897
lazy,5,inter_process,memfd,16384,7,518601975079555,455834,518601976112486,1032931
lazy,5,inter_process,memfd,16384,8,518602074978352,453304,518602075914303,935951
lazy,5,inter_process,memfd,16384,9,518602175144705,333078,518602176101119,956414
lazy,5,inter_process,memfd,16384,10,518602274966025,469588,518602275937484,971459
lazy,5,inter_process,memfd,16384,11,518602374975882,459581,518602375895705,919823
lazy,5,inter_process,memfd,16384,12,518602474828063,470153,518602475814099,986036
lazy,5,inter_process,memfd,16384,13,518602575063224,463187,518602576108084,1044860
lazy,5,inter_process,memfd,16384,14,518602675042690,411668,518602675937699,895009
lazy,5,inter_process,memfd,16384,15,518602775077384,475728,518602776096412,1019028
lazy,5,inter_process,memfd,16384,16,518602875044262,444908,518602876033085,988823
lazy,5,inter_process,memfd,16384,17,518602975051233,466442,518602976081465,1030232
lazy,5,inter_process,memfd,16384,18,518603074714502,176735,518603075108002,393500
lazy,5,inter_process,memfd,16384,19,518603174652810,87584,518603174855186,202376
lazy,5,inter_process,memfd,4096,0,518609016083942,509860,518609017200368,1116426
lazy,5,inter_process,memfd,4096,1,518609115987802,501735,518609117065779,1077977
lazy,5,inter_process,memfd,4096,2,518609215925828,435558,518609216824470,898642
lazy,5,inter_process,memfd,4096,3,518609315956971,479621,518609316899874,942903
lazy,5,inter_process,memfd,4096,4,518609415643586,90238,518609415865651,222065
lazy,5,inter_process,memfd,4096,5,518609515835156,188464,518609516228229,393073
lazy,5,inter_process,memfd,4096,6,518609615772187,483831,518609616804902,1032715
lazy,5,inter_process,memfd,4096,7,518609715909813,363464,518609716675410,765597
lazy,5,inter_process,memfd,4096,8,518609815793070,473183,518609816799681,1006611
lazy,5,inter_process,memfd,4096,9,518609915978776,460695,518609917050449,1071673
lazy,5,inter_process,memfd,4096,10,518610015951177,457833,518610016904258,953081
lazy,5,inter_process,memfd,4096,11,518610115930431,434227,518610116831071,900640
lazy,5,inter_process,memfd,4096,12,518610216040536,415989,518610216942922,902386
lazy,5,inter_process,memfd,4096,13,518610315979082,498116,518610316995599,1016517
lazy,5,inter_process,memfd,4096,14,518610415985276,506311,518610417072510,1087234
lazy,5,inter_process,memfd,4096,15,518610516121715,456493,518610517168269,1046554
lazy,5,inter_process,memfd,4096,16,518610615927899,324242,518610616754116,826217
lazy,5,inter_process,memfd,4096,17,518610716039504,425085,518610716963169,923665
lazy,5,inter_process,memfd,4096,18,518610815983056,445574,518610816912924,929868
lazy,5,inter_process,memfd,4096,19,518610915966817,465395,518610916921213,954396
lazy,5,intra_process_va,memfd,16384,0,518613815126032,17293,518613815244808,118776
lazy,5,intra_process_va,memfd,16384,1,518613914923129,17439,518613915073762,150633
lazy,5,intra_process_va,memfd,16384,2,518614015122719,15196,518614015230049,107330
lazy,5,intra_process_va,memfd,16384,3,518614115161328,18949,518614115287452,126124
lazy,5,intra_process_va,memfd,16384,4,518614215148923,15931,518614215261528,112605
lazy,5,intra_process_va,memfd,16384,5,518614315120368,17161,518614315235997,115629
lazy,5,intra_process_va,memfd,16384,6,518614415137735,15085,518614415243238,105503
lazy,5,intra_process_va,memfd,16384,7,518614515183115,18044,518614515306860,123745
lazy,5,intra_process_va,memfd,16384,8,518614615140653,16257,518614615253457,112804
lazy,5,intra_process_va,memfd,16384,9,518614714905144,9282,518614714968944,63800
lazy,5,intra_process_va,memfd,16384,10,518614815168197,17309,518614815292414,124217
lazy,5,intra_process_va,memfd,16384,11,518614914877819,15924,518614914991514,113695
lazy,5,intra_process_va,memfd,16384,12,518615015183145,16704,518615015301694,118549
lazy,5,intra_process_va,memfd,16384,13,518615115172659,18163,518615115297156,124497
lazy,5,intra_process_va,memfd,16384,14,518615215125645,16741,518615215241543,115898
lazy,5,intra_process_va,memfd,16384,15,518615315140179,15852,518615315252474,112295
lazy,5,intra_process_va,memfd,16384,16,518615415165962,18420,518615415292296,126334
lazy,5,intra_process_va,memfd,16384,17,518615515124136,17037,518615515241304,117168
lazy,5,intra_process_va,memfd,16384,18,518615615176237,18202,518615615300748,124511
lazy,5,intra_process_va,memfd,16384,19,518615714723225,4310,518615714750848,27623
lazy,5,intra_process_va,cpu,16777216,0,518617435779753,15066,518617435850813,71060
lazy,5,intra_process_va,cpu,16777216,1,518617535788317,5791,518617535817088,28771
lazy,5,intra_process_va,cpu,16777216,2,518617635676971,5126,518617635704393,27422
lazy,5,intra_process_va,cpu,16777216,3,518617736156899,15695,518617736231759,74860
lazy,5,intra_process_va,cpu,16777216,4,518617832461301,10055,518617832498831,37530
lazy,5,intra_process_va,cpu,16777216,5,518617935802559,14422,518617935872316,69757
lazy,5,intra_process_va,cpu,16777216,6,518618036186862,14605,518618036257348,70486
lazy,5,intra_process_va,cpu,16777216,7,518618136253351,14620,518618136321505,68154
lazy,5,intra_process_va,cpu,16777216,8,518618236238166,13810,518618236308533,70367
lazy,5,intra_process_va,cpu,16777216,9,518618336521279,6084,518618336549108,27829
lazy,5,intra_process_va,cpu,16777216,10,518618436197980,15675,518618436278665,80685
lazy,5,intra_process_va,cpu,16777216,11,518618535814494,5352,518618535842474,27980
lazy,5,intra_process_va,cpu,16777216,12,518618635660676,5868,518618635690485,29809
lazy,5,intra_process_va,cpu,16777216,13,518618736166804,16880,518618736238339,71535
lazy,5,intra_process_va,cpu,16777216,14,518618836200172,14769,518618836273750,73578
lazy,5,intra_process_va,cpu,16777216,15,518618936157961,14687,518618936229756,71795
lazy,5,intra_process_va,cpu,16777216,16,518619036506686,5645,518619036535296,28610
lazy,5,intra_process_va,cpu,16777216,17,518619135750176,14712,518619135823692,73516
lazy,5,intra_process_va,cpu,16777216,18,518619236151312,14539,518619236222377,71065
lazy,5,intra_process_va,cpu,16777216,19,518619335965143,5578,518619335994806,29663
lazy,5,intra_process_va,cpu,262144,0,518621050227857,21217,518621050352413,124556
lazy,5,intra_process_va,cpu,262144,1,518621150206608,20286,518621150324012,117404
lazy,5,intra_process_va,cpu,262144,2,518621250177363,19597,518621250289201,111838
lazy,5,intra_process_va,cpu,262144,3,518621350185474,19609,518621350300591,115117
lazy,5,intra_process_va,cpu,262144,4,518621450222211,21043,518621450346856,124645
lazy,5,intra_process_va,cpu,262144,5,518621550226523,21274,518621550350068,123545
lazy,5,intra_process_va,cpu,262144,6,518621650078628,14347,518621650160808,82180
lazy,5,intra_process_va,cpu,262144,7,518621750197775,21676,518621750318965,121190
lazy,5,intra_process_va,cpu,262144,8,518621850203694,20189,518621850318327,114633
lazy,5,intra_process_va,cpu,262144,9,518621949991279,72834,518621950127778,136499
lazy,5,intra_process_va,cpu,262144,10,518622049864853,5552,518622049892504,27651
lazy,5,intra_process_va,cpu,262144,11,518622150143322,18825,518622150249049,105727
lazy,5,intra_process_va,cpu,262144,12,518622250223231,18873,518622250334242,111011
lazy,5,intra_process_va,cpu,262144,13,518622350214298,20936,518622350336460,122162
lazy,5,intra_process_va,cpu,262144,14,518622450192394,20138,518622450307218,114824
lazy,5,intra_process_va,cpu,262144,15,518622550205604,20529,518622550327396,121792
lazy,5,intra_process_va,cpu,262144,16,518622650066528,14608,518622650148896,82368
lazy,5,intra_process_va,cpu,262144,17,518622750253592,19703,518622750376277,122685
lazy,5,intra_process_va,cpu,262144,18,518622850163970,19306,518622850277098,113128
lazy,5,intra_process_va,cpu,262144,19,518622950258065,18092,518622950370269,112204
lazy,5,inter_process,cpu,1024,0,518627637618519,166830,518627637959542,341023
lazy,5,inter_process,cpu,1024,1,518627737837140,319925,518627738471427,634287
lazy,5,inter_process,cpu,1024,2,518627837945542,254293,518627838616083,670541
lazy,5,inter_process,cpu,1024,3,518627937887346,356955,518627938591806,704460
lazy,5,inter_process,cpu,1024,4,518628037915215,349439,518628038589091,673876
lazy,5,inter_process,cpu,1024,5,518628137889631,369189,518628138595125,705494
lazy,5,inter_process,cpu,1024,6,518628237913451,384040,518628238658263,744812
lazy,5,inter_process,cpu,1024,7,518628337803591,67240,518628337944570,140979
lazy,5,inter_process,cpu,1024,8,518628437879502,388899,518628438621207,741705
lazy,5,inter_process,cpu,1024,9,518628537882040,221708,518628538472074,590034
lazy,5,inter_process,cpu,1024,10,518628637709805,74271,518628637865978,156173
lazy,5,inter_process,cpu,1024,11,518628737857271,384548,518628738592750,735479
lazy,5,inter_process,cpu,1024,12,518628837901042,396026,518628838634153,733111
lazy,5,inter_process,cpu,1024,13,518628937905015,381574,518628938636999,731984
lazy,5,inter_process,cpu,1024,14,518629037893260,373155,518629038601722,708462
lazy,5,inter_process,cpu,1024,15,518629137909531,382111,518629138649426,739895
lazy,5,inter_process,cpu,1024,16,518629237895948,345694,518629238566141,670193
lazy,5,inter_process,cpu,1024,17,518629337881377,358151,518629338578558,697181
lazy,5,inter_process,cpu,1024,18,518629437847264,274588,518629438457360,610096
lazy,5,inter_process,cpu,1024,19,518629537884081,355918,518629538585860,701779
lazy,5,inter_process,cpu,16384,0,518634404070345,431957,518634404853285,782940
lazy,5,inter_process,cpu,16384,1,518634504116141,346306,518634504836693,720552
lazy,5,inter_process,cpu,16384,2,518634603788644,72576,518634603937981,149337
lazy,5,inter_process,cpu,16384,3,518634704079079,372768,518634704825838,746759
lazy,5,inter_process,cpu,16384,4,518634804071351,316900,518634804707472,636121
lazy,5,inter_process,cpu,16384,5,518634904116177,348712,518634904841425,725248
lazy,5,inter_process,cpu,16384,6,518635004112635,354584,518635004835752,723117
lazy,5,inter_process,cpu,16384,7,518635104128133,235002,518635104781020,652887
lazy,5,inter_process,cpu,16384,8,518635204116243,316238,518635204764489,648246
lazy,5,inter_process,cpu,16384,9,518635304169990,213615,518635304758165,588175
lazy,5,inter_process,cpu,16384,10,518635404057884,317660,518635404720430,662546
lazy,5,inter_process,cpu,16384,11,518635504066754,305350,518635504687182,620428
lazy,5,inter_process,cpu,16384,12,518635604117457,362994,518635604838184,720727
lazy,5,inter_process,cpu,16384,13,518635704119179,357080,518635704841209,722030
lazy,5,inter_process,cpu,16384,14,518635804082224,355053,518635804786978,704754
lazy,5,inter_process,cpu,16384,15,518635904116968,295749,518635904803283,686315
lazy,5,inter_process,cpu,16384,16,518636003999853,444667,518636004821467,821614
lazy,5,inter_process,cpu,16384,17,518636104119429,359545,518636104843453,724024
lazy,5,inter_process,cpu,16384,18,518636204135710,346190,518636204846676,710966
lazy,5,inter_process,cpu,16384,19,518636304079445,360297,518636304799955,720510
lazy,5,intra_process_va,cpu,1048576,0,518638266329887,19730,518638266426305,96418
lazy,5,intra_process_va,cpu,1048576,1,518638366281072,20713,518638366385557,104485
lazy,5,intra_process_va,cpu,1048576,2,518638466353410,20323,518638466461818,108408
lazy,5,intra_process_va,cpu,1048576,3,518638566468789,22296,518638566586903,118114
lazy,5,intra_process_va,cpu,1048576,4,518638666344027,19800,518638666448732,104705
lazy,5,intra_process_va,cpu,1048576,5,518638765790422,5464,518638765816708,26286
lazy,5,intra_process_va,cpu,1048576,6,518638866340670,20876,518638866467924,127254
lazy,5,intra_process_va,cpu,1048576,7,518638966440304,20065,518638966549351,109047
lazy,5,intra_process_va,cpu,1048576,8,518639066439927,23359,518639066566119,126192
lazy,5,intra_process_va,cpu,1048576,9,518639166510457,22436,518639166626528,116071
lazy,5,intra_process_va,cpu,1048576,10,518639266404460,22052,518639266520849,116389
lazy,5,intra_process_va,cpu,1048576,11,518639366358110,20322,518639366465530,107420
lazy,5,intra_process_va,cpu,1048576,12,518639466454559,23089,518639466578988,124429
lazy,5,intra_process_va,cpu,1048576,13,518639566436974,23619,518639566562709,125735
lazy,5,intra_process_va,cpu,1048576,14,518639666443038,23932,518639666566812,123774
lazy,5,intra_process_va,cpu,1048576,15,518639766355552,20806,518639766462174,106622
lazy,5,intra_process_va,cpu,1048576,16,518639866339840,20514,518639866448197,108357
lazy,5,intra_process_va,cpu,1048576,17,518639966462736,21609,518639966579473,116737
lazy,5,intra_process_va,cpu,1048576,18,518640066375269,23129,518640066492562,117293
lazy,5,intra_process_va,cpu,1048576,19,518640166379477,22946,518640166496800,117323
lazy,5,inter_process,memfd,16777216,0,518645197544782,328266,518645198276499,731717
lazy,5,inter_process,memfd,16777216,1,518645297443151,357451,518645298149578,706427
lazy,5,inter_process,memfd,16777216,2,518645397413404,358149,518645398137307,723903
lazy,5,inter_process,memfd,16777216,3,518645497527800,344443,518645498240071,712271
lazy,5,inter_process,memfd,16777216,4,518645597203857,324217,518645597837620,633763
lazy,5,inter_process,memfd,16777216,5,518645697571590,259783,518645698229142,657552
lazy,5,inter_process,memfd,16777216,6,518645797513408,325978,518645798257925,744517
lazy,5,inter_process,memfd,16777216,7,518645897548789,341748,518645898240036,691247
lazy,5,inter_process,memfd,16777216,8,518645997804223,386247,518645998584260,780037
lazy,5,inter_process,memfd,16777216,9,518646097783967,350841,518646098528963,744996
lazy,5,inter_process,memfd,16777216,10,518646197418993,285316,518646198111190,692197
lazy,5,inter_process,memfd,16777216,11,518646297494463,340841,518646298182156,687693
lazy,5,inter_process,memfd,16777216,12,518646397398614,336795,518646398099192,700578
lazy,5,inter_process,memfd,16777216,13,518646497735118,390956,518646498524256,789138
lazy,5,inter_process,memfd,16777216,14,518646597755865,382671,518646598532413,776548
lazy,5,inter_process,memfd,16777216,15,518646697708144,375458,518646698482582,774438
lazy,5,inter_process,memfd,16777216,16,518646797746385,349010,518646798450584,704199
lazy,5,inter_process,memfd,16777216,17,518646897421796,265393,518646898075915,654119
lazy,5,inter_process,memfd,16777216,18,518646997698339,379202,518646998472268,773929
lazy,5,inter_process,memfd,16777216,19,518647094642036,96563,518647094844311,202275
lazy,5,intra_process_va,memfd,4096,0,518649972979703,15833,518649973160021,180318
lazy,5,intra_process_va,memfd,4096,1,518650073058070,16912,518650073175892,117822
lazy,5,intra_process_va,memfd,4096,2,518650172955958,33682,518650173123046,167088
lazy,5,intra_process_va,memfd,4096,3,518650273080342,17985,518650273207845,127503
lazy,5,intra_process_va,memfd,4096,4,518650372983468,15957,518650373132630,149162
lazy,5,intra_process_va,memfd,4096,5,518650472955870,14185,518650473097664,141794
lazy,5,intra_process_va,memfd,4096,6,518650573070885,19260,518650573201601,130716
lazy,5,intra_process_va,memfd,4096,7,518650672975997,14633,518650673126870,150873
lazy,5,intra_process_va,memfd,4096,8,518650772983142,15972,518650773134607,151465
lazy,5,intra_process_va,memfd,4096,9,518650872996079,49667,518650873144342,148263
lazy,5,intra_process_va,memfd,4096,10,518650972949469,14077,518650973087976,138507
lazy,5,intra_process_va,memfd,4096,11,518651072987504,68609,518651073164250,176746
lazy,5,intra_process_va,memfd,4096,12,518651173041380,17226,518651173166702,125322
lazy,5,intra_process_va,memfd,4096,13,518651272759289,6621,518651272808073,48784
lazy,5,intra_process_va,memfd,4096,14,518651372790773,8266,518651372852438,61665
lazy,5,intra_process_va,memfd,4096,15,518651472986112,57121,518651473153218,167106
lazy,5,intra_process_va,memfd,4096,16,518651572964499,14849,518651573134385,169886
lazy,5,intra_process_va,memfd,4096,17,518651672960185,12943,518651673090303,130118
lazy,5,intra_process_va,memfd,4096,18,518651773057443,17420,518651773184472,127029
lazy,5,intra_process_va,memfd,4096,19,518651873055601,17447,518651873176406,120805
lazy,5,intra_process_va,memfd,262144,0,518653593314124,18814,518653593436980,122856
lazy,5,intra_process_va,memfd,262144,1,518653693176430,17190,518653693364274,187844
lazy,5,intra_process_va,memfd,262144,2,518653793186330,17999,518653793307239,120909
lazy,5,intra_process_va,memfd,262144,3,518653893199497,18954,518653893326866,127369
lazy,5,intra_process_va,memfd,262144,4,518653993155085,17457,518653993270925,115840
lazy,5,intra_process_va,memfd,262144,5,518654093135428,16092,518654093242834,107406
lazy,5,intra_process_va,memfd,262144,6,518654193166190,16865,518654193280689,114499
lazy,5,intra_process_va,memfd,262144,7,518654293138136,17306,518654293244622,106486
lazy,5,intra_process_va,memfd,262144,8,518654393125847,17018,518654393237199,111352
lazy,5,intra_process_va,memfd,262144,9,518654493167561,18908,518654493293829,126268
lazy,5,intra_process_va,memfd,262144,10,518654593169402,17101,518654593285621,116219
lazy,5,intra_process_va,memfd,262144,11,518654693158976,17694,518654693275304,116328
lazy,5,intra_process_va,memfd,262144,12,518654793189305,17883,518654793315603,126298
lazy,5,intra_process_va,memfd,262144,13,518654893144192,14733,518654893247543,103351
lazy,5,intra_process_va,memfd,262144,14,518654993120936,16608,518654993232011,111075
lazy,5,intra_process_va,memfd,262144,15,518655093166573,17540,518655093283662,117089
lazy,5,intra_process_va,memfd,262144,16,518655193149138,17317,518655193280395,131257
lazy,5,intra_process_va,memfd,262144,17,518655293203248,18281,518655293328715,125467
lazy,5,intra_process_va,memfd,262144,18,518655393105387,15006,518655393207508,102121
lazy,5,intra_process_va,memfd,262144,19,518655492747607,3648,518655492772847,25240
lazy,5,inter_process,cpu,64,0,518660174960784,355061,518660175636344,675560
lazy,5,inter_process,cpu,64,1,518660274946354,356008,518660275626493,680139
lazy,5,inter_process,cpu,64,2,518660374958043,352255,518660375629893,671850
lazy,5,inter_process,cpu,64,3,518660474947449,361464,518660475642534,695085
lazy,5,inter_process,cpu,64,4,518660574950063,408991,518660575722461,772398
lazy,5,inter_process,cpu,64,5,518660674983040,406697,518660675749152,766112
lazy,5,inter_process,cpu,64,6,518660774973288,346747,518660775651781,678493
lazy,5,inter_process,cpu,64,7,518660874960000,357082,518660875639195,679195
lazy,5,inter_process,cpu,64,8,518660974974496,245448,518660975568954,594458
lazy,5,inter_process,cpu,64,9,518661074988766,323319,518661075727339,738573
lazy,5,inter_process,cpu,64,10,518661174967875,359822,518661175649628,681753
lazy,5,inter_process,cpu,64,11,518661274936051,332773,518661275575296,639245
lazy,5,inter_process,cpu,64,12,518661374984376,390325,518661375729864,745488
lazy,5,inter_process,cpu,64,13,518661474971292,357250,518661475645749,674457
lazy,5,inter_process,cpu,64,14,518661574948317,354401,518661575623467,675150
lazy,5,inter_process,cpu,64,15,518661674956507,363342,518661675637482,680975
lazy,5,inter_process,cpu,64,16,518661774692740,49463,518661774820332,127592
lazy,5,inter_process,cpu,64,17,518661874926624,406937,518661875695863,769239
lazy,5,inter_process,cpu,64,18,518661974960792,298048,518661975604910,644118
lazy,5,inter_process,cpu,64,19,518662074969217,391946,518662075732750,763533
lazy,5,inter_process,memfd,65536,0,518666949997744,502195,518666951094103,1096359
lazy,5,inter_process,memfd,65536,1,518667050058827,465305,518667051120908,1062081
lazy,5,inter_process,memfd,65536,2,518667149995057,504730,518667151071602,1076545
lazy,5,inter_process,memfd,65536,3,518667249991630,512551,518667251092676,1101046
lazy,5,inter_process,memfd,65536,4,518667349914041,430197,518667350809323,895282
lazy,5,inter_process,memfd,65536,5,518667449979835,512566,518667451060775,1080940
lazy,5,inter_process,memfd,65536,6,518667549978811,330104,518667550767034,788223
lazy,5,inter_process,memfd,65536,7,518667649856155,279751,518667650448460,592305
lazy,5,inter_process,memfd,65536,8,518667749990203,514121,518667751082137,1091934
lazy,5,inter_process,memfd,65536,9,518667849937696,386564,518667850823737,886041
lazy,5,inter_process,memfd,65536,10,518667949758557,353784,518667950518763,760206
lazy,5,inter_process,memfd,65536,11,518668049654742,87036,518668049845433,190691
lazy,5,inter_process,memfd,65536,12,518668149964376,527385,518668151097244,1132868
lazy,5,inter_process,memfd,65536,13,518668249783866,461788,518668250758471,974605
lazy,5,inter_process,memfd,65536,14,518668349921998,403250,518668350748012,826014
lazy,5,inter_process,memfd,65536,15,518668449939443,440311,518668450845301,905858
lazy,5,inter_process,memfd,65536,16,518668549960003,496787,518668550975934,1015931
lazy,5,inter_process,memfd,65536,17,518668649898392,267321,518668650434746,536354
lazy,5,inter_process,memfd,65536,18,518668749974028,517907,518668751072494,1098466
lazy,5,inter_process,memfd,65536,19,518668849947740,380299,518668850885543,937803
lazy,5,intra_process_va,cpu,4194304,0,518671786840438,26308,518671786967715,127277
lazy,5,intra_process_va,cpu,4194304,1,518671886568636,23098,518671886682145,113509
lazy,5,intra_process_va,cpu,4194304,2,518671986922890,27734,518671987066972,144082
lazy,5,intra_process_va,cpu,4194304,3,518672086530918,24898,518672086647863,116945
lazy,5,intra_process_va,cpu,4194304,4,518672186272480,17462,518672186355741,83261
lazy,5,intra_process_va,cpu,4194304,5,518672285390102,8359,518672285426650,36548
lazy,5,intra_process_va,cpu,4194304,6,518672386588153,23900,518672386702025,113872
lazy,5,intra_process_va,cpu,4194304,7,518672486683728,25515,518672486806419,122691
lazy,5,intra_process_va,cpu,4194304,8,518672586597152,22748,518672586711502,114350
lazy,5,intra_process_va,cpu,4194304,9,518672686751872,26520,518672686874865,122993
lazy,5,intra_process_va,cpu,4194304,10,518672786863112,26729,518672786989142,126030
lazy,5,intra_process_va,cpu,4194304,11,518672886710362,26610,518672886834587,124225
lazy,5,intra_process_va,cpu,4194304,12,518672986647290,23958,518672986767832,120542
lazy,5,intra_process_va,cpu,4194304,13,518673086905694,27415,518673087054312,148618
lazy,5,intra_process_va,cpu,4194304,14,518673186793606,27377,518673186925475,131869
lazy,5,intra_process_va,cpu,4194304,15,518673286541382,22580,518673286648984,107602
lazy,5,intra_process_va,cpu,4194304,16,518673386911774,26999,518673387064064,152290
lazy,5,intra_process_va,cpu,4194304,17,518673486641798,23484,518673486755754,113956
lazy,5,intra_process_va,cpu,4194304,18,518673586652406,24690,518673586772032,119626
lazy,5,intra_process_va,cpu,4194304,19,518673686814895,24726,518673686930922,116027
lazy,5,inter_process,memfd,262144,0,518678380236480,432808,518678381225621,989141
lazy,5,inter_process,memfd,262144,1,518678479835263,176137,518678480212317,377054
lazy,5,inter_process,memfd,262144,2,518678580189667,382341,518678581043546,853879
lazy,5,inter_process,memfd,262144,3,518678680158907,389428,518678681029836,870929
lazy,5,inter_process,memfd,262144,4,518678780229797,414318,518678781167628,937831
lazy,5,inter_process,memfd,262144,5,518678880166228,440138,518678881118902,952674
lazy,5,inter_process,memfd,262144,6,518678979918662,268650,518678980474229,555567
lazy,5,inter_process,memfd,262144,7,518679080156159,410355,518679081077682,921523
lazy,5,inter_process,memfd,262144,8,518679180202466,292055,518679181022034,819568
lazy,5,inter_process,memfd,262144,9,518679280264703,316944,518679281159789,895086
lazy,5,inter_process,memfd,262144,10,518679380208939,400657,518679381129870,920931
lazy,5,inter_process,memfd,262144,11,518679480242507,463960,518679481283982,1041475
lazy,5,inter_process,memfd,262144,12,518679580236393,415724,518679581170102,933709
lazy,5,inter_process,memfd,262144,13,518679680230339,413215,518679681162291,931952
lazy,5,inter_process,memfd,262144,14,518679780174221,395856,518679781061122,886901
lazy,5,inter_process,memfd,262144,15,518679880219850,435060,518679881198520,978670
lazy,5,inter_process,memfd,262144,16,518679980017262,422483,518679980933846,916584
lazy,5,inter_process,memfd,262144,17,518680080203913,454716,518680081228503,1024590
lazy,5,inter_process,memfd,262144,18,518680180223533,442002,518680181207810,984277
lazy,5,inter_process,memfd,262144,19,518680280242966,416158,518680281179720,936754
lazy,5,inter_process,memfd,4194304,0,518686136126819,456988,518686137114603,987784
lazy,5,inter_process,memfd,4194304,1,518686235987980,530572,518686236998256,1010276
lazy,5,inter_process,memfd,4194304,2,518686336091060,517867,518686337102384,1011324
lazy,5,inter_process,memfd,4194304,3,518686436098255,524339,518686437094072,995817
lazy,5,inter_process,memfd,4194304,4,518686535946326,429204,518686536854114,907788
lazy,5,inter_process,memfd,4194304,5,518686634990630,98615,518686635198177,207547
lazy,5,inter_process,memfd,4194304,6,518686736023609,461776,518686736969606,945997
lazy,5,inter_process,memfd,4194304,7,518686835325275,154182,518686835710641,385366
lazy,5,inter_process,memfd,4194304,8,518686935283495,174253,518686935650226,366731
lazy,5,inter_process,memfd,4194304,9,518687036223945,362018,518687037136890,912945
lazy,5,inter_process,memfd,4194304,10,518687136129967,488037,518687137165326,1035359
lazy,5,inter_process,memfd,4194304,11,518687236121482,481889,518687237154023,1032541
lazy,5,inter_process,memfd,4194304,12,518687336115556,490824,518687337096826,981270
lazy,5,inter_process,memfd,4194304,13,518687435940855,450310,518687436860905,920050
lazy,5,inter_process,memfd,4194304,14,518687535962460,453044,518687536907294,944834
lazy,5,inter_process,memfd,4194304,15,518687634993672,97435,518687635200067,206395
lazy,5,inter_process,memfd,4194304,16,518687736029146,451253,518687736975553,946407
lazy,5,inter_process,memfd,4194304,17,518687836097015,354837,518687837032934,935919
lazy,5,inter_process,memfd,4194304,18,518687936088891,460278,518687936992965,904074
lazy,5,inter_process,memfd,4194304,19,518688035777155,389494,518688036554985,777830
