variant,repeat,communication,backend,size_bytes,sample_index,publish_timestamp_ns,publish_duration_ns,receive_timestamp_ns,e2e_latency_ns
reserve,1,inter_process,cpu,64,0,518699633841469,276880,518699634380057,538588
reserve,1,inter_process,cpu,64,1,518699733911879,303431,518699734499152,587273
reserve,1,inter_process,cpu,64,2,518699833960138,385028,518699834693605,733467
reserve,1,inter_process,cpu,64,3,518699933945419,369101,518699934642194,696775
reserve,1,inter_process,cpu,64,4,518700033957662,376823,518700034684673,727011
reserve,1,inter_process,cpu,64,5,518700133909585,327767,518700134557632,648047
reserve,1,inter_process,cpu,64,6,518700233926902,371277,518700234705624,778722
reserve,1,inter_process,cpu,64,7,518700333967860,393715,518700334701700,733840
reserve,1,inter_process,cpu,64,8,518700433920609,342502,518700434585387,664778
reserve,1,inter_process,cpu,64,9,518700533934554,280818,518700534574714,640160
reserve,1,inter_process,cpu,64,10,518700633843146,256942,518700634345051,501905
reserve,1,inter_process,cpu,64,11,518700733918408,323786,518700734551966,633558
reserve,1,inter_process,cpu,64,12,518700833929235,366833,518700834627034,697799
reserve,1,inter_process,cpu,64,13,518700933917789,376503,518700934649901,732112
reserve,1,inter_process,cpu,64,14,518701033934966,345331,518701034594962,659996
reserve,1,inter_process,cpu,64,15,518701133968375,371210,518701134677458,709083
reserve,1,inter_process,cpu,64,16,518701233990531,401748,518701234688173,697642
reserve,1,inter_process,cpu,64,17,518701333933803,377203,518701334651211,717408
reserve,1,inter_process,cpu,64,18,518701434000150,356555,518701434691679,691529
reserve,1,inter_process,cpu,64,19,518701533690480,74753,518701533848796,158316
reserve,1,inter_process,cpu,262144,0,518706403161327,560690,518706404116345,955018
reserve,1,inter_process,cpu,262144,1,518706503183331,665638,518706504299923,1116592
reserve,1,inter_process,cpu,262144,2,518706603207604,673568,518706604356311,1148707
reserve,1,inter_process,cpu,262144,3,518706703149880,575398,518706704149340,999460
reserve,1,inter_process,cpu,262144,4,518706803196475,668276,518706804316831,1120356
reserve,1,inter_process,cpu,262144,5,518706903200494,708450,518706904283079,1082585
reserve,1,inter_process,cpu,262144,6,518707003166010,561595,518707004183410,1017400
reserve,1,inter_process,cpu,262144,7,518707103190844,486967,518707104308519,1117675
reserve,1,inter_process,cpu,262144,8,518707203203998,692203,518707204280036,1076038
reserve,1,inter_process,cpu,262144,9,518707303161007,457230,518707304242898,1081891
reserve,1,inter_process,cpu,262144,10,518707403160112,581049,518707404149551,989439
reserve,1,inter_process,cpu,262144,11,518707503144435,639102,518707504235267,1090832
reserve,1,inter_process,cpu,262144,12,518707603146328,672660,518707604278296,1131968
reserve,1,inter_process,cpu,262144,13,518707703194217,673588,518707704330802,1136585
reserve,1,inter_process,cpu,262144,14,518707802791727,124897,518707803025881,234154
reserve,1,inter_process,cpu,262144,15,518707903157722,645205,518707904268665,1110943
reserve,1,inter_process,cpu,262144,16,518708003147839,646608,518708004227827,1079988
reserve,1,inter_process,cpu,262144,17,518708103172435,676977,518708104275446,1103011
reserve,1,inter_process,cpu,262144,18,518708203208210,688312,518708204269428,1061218
reserve,1,inter_process,cpu,262144,19,518708303146498,636975,518708304223667,1077169
reserve,1,intra_process_va,memfd,262144,0,518710210168750,16494,518710210276976,108226
reserve,1,intra_process_va,memfd,262144,1,518710310205796,17898,518710310330055,124259
reserve,1,intra_process_va,memfd,262144,2,518710409926260,15200,518710410062010,135750
reserve,1,intra_process_va,memfd,262144,3,518710510259851,18489,518710510385544,125693
reserve,1,intra_process_va,memfd,262144,4,518710610233539,18992,518710610360301,126762
reserve,1,intra_process_va,memfd,262144,5,518710710186613,16334,518710710300592,113979
reserve,1,intra_process_va,memfd,262144,6,518710810189899,18843,518710810316231,126332
reserve,1,intra_process_va,memfd,262144,7,518710910220436,18740,518710910345412,124976
reserve,1,intra_process_va,memfd,262144,8,518711010138308,16735,518711010248723,110415
reserve,1,intra_process_va,memfd,262144,9,518711110217952,17652,518711110333315,115363
reserve,1,intra_process_va,memfd,262144,10,518711210191433,17318,518711210308729,117296
reserve,1,intra_process_va,memfd,262144,11,518711310106651,16211,518711310214490,107839
reserve,1,intra_process_va,memfd,262144,12,518711410223917,18783,518711410350075,126158
reserve,1,intra_process_va,memfd,262144,13,518711510194419,18263,518711510320466,126047
reserve,1,intra_process_va,memfd,262144,14,518711610164142,16732,518711610277815,113673
reserve,1,intra_process_va,memfd,262144,15,518711710173480,17142,518711710288520,115040
reserve,1,intra_process_va,memfd,262144,16,518711810156810,15874,518711810264363,107553
reserve,1,intra_process_va,memfd,262144,17,518711909963170,11917,518711910068871,105701
reserve,1,intra_process_va,memfd,262144,18,518712009923815,9128,518712009972289,48474
reserve,1,intra_process_va,memfd,262144,19,518712110175027,17386,518712110291383,116356
reserve,1,inter_process,cpu,65536,0,518716805153859,464365,518716805886758,732899
reserve,1,inter_process,cpu,65536,1,518716905142819,436432,518716905851863,709044
reserve,1,inter_process,cpu,65536,2,518717005115486,438539,518717005810264,694778
reserve,1,inter_process,cpu,65536,3,518717105148641,432792,518717105854466,705825
reserve,1,inter_process,cpu,65536,4,518717205181844,426091,518717205867280,685436
reserve,1,inter_process,cpu,65536,5,518717305116769,392177,518717305769341,652572
reserve,1,inter_process,cpu,65536,6,518717405154741,408760,518717405814658,659917
reserve,1,inter_process,cpu,65536,7,518717505121553,395657,518717505768129,646576
reserve,1,inter_process,cpu,65536,8,518717605120359,461397,518717605834095,713736
reserve,1,inter_process,cpu,65536,9,518717705126570,267084,518717705795248,668678
reserve,1,inter_process,cpu,65536,10,518717805114320,400240,518717805774763,660443
reserve,1,inter_process,cpu,65536,11,518717905153787,433982,518717905869459,715672
reserve,1,inter_process,cpu,65536,12,518718005068531,410736,518718005743049,674518
reserve,1,inter_process,cpu,65536,13,518718105135932,433293,518718105851083,715151
reserve,1,inter_process,cpu,65536,14,518718204919158,229411,518718205284973,365815
reserve,1,inter_process,cpu,65536,15,518718304858168,139625,518718305112585,254417
reserve,1,inter_process,cpu,65536,16,518718404867432,401035,518718405506902,639470
reserve,1,inter_process,cpu,65536,17,518718505144891,466023,518718505873574,728683
reserve,1,inter_process,cpu,65536,18,518718605143340,437770,518718605838995,695655
reserve,1,inter_process,cpu,65536,19,518718705167041,434991,518718705905455,738414
reserve,1,inter_process,memfd,4096,0,518723584065964,402785,518723584981430,915466
reserve,1,inter_process,memfd,4096,1,518723684243458,427700,518723685192857,949399
reserve,1,inter_process,memfd,4096,2,518723784258585,350140,518723785233144,974559
reserve,1,inter_process,memfd,4096,3,518723884246573,415717,518723885225289,978716
reserve,1,inter_process,memfd,4096,4,518723984244934,470853,518723985288709,1043775
reserve,1,inter_process,memfd,4096,5,518724084269812,459001,518724085296907,1027095
reserve,1,inter_process,memfd,4096,6,518724184184643,413456,518724185078017,893374
reserve,1,inter_process,memfd,4096,7,518724284242229,476330,518724285282679,1040450
reserve,1,inter_process,memfd,4096,8,518724384273302,472812,518724385313221,1039919
reserve,1,inter_process,memfd,4096,9,518724484101774,254768,518724484785447,683673
reserve,1,inter_process,memfd,4096,10,518724584073399,91402,518724584276209,202810
reserve,1,inter_process,memfd,4096,11,518724684229702,425874,518724685190852,961150
reserve,1,inter_process,memfd,4096,12,518724784246224,417290,518724785181153,934929
reserve,1,inter_process,memfd,4096,13,518724884283546,463695,518724885327666,1044120
reserve,1,inter_process,memfd,4096,14,518724984285451,459791,518724985337325,1051874
reserve,1,inter_process,memfd,4096,15,518725084238167,442943,518725085227852,989685
reserve,1,inter_process,memfd,4096,16,518725184244488,345070,518725185208765,964277
reserve,1,inter_process,memfd,4096,17,518725284207211,391008,518725285094010,886799
reserve,1,inter_process,memfd,4096,18,518725384297989,438123,518725385280042,982053
reserve,1,inter_process,memfd,4096,19,518725484276577,467823,518725485308804,1032227
reserve,1,inter_process,memfd,16777216,0,518731345782259,374888,518731346572388,790129
reserve,1,inter_process,memfd,16777216,1,518731445481708,352111,518731446238292,756584
reserve,1,inter_process,memfd,16777216,2,518731545548798,344851,518731546261019,712221
reserve,1,inter_process,memfd,16777216,3,518731643546523,217598,518731644036694,490171
reserve,1,inter_process,memfd,16777216,4,518731745872250,363302,518731746631167,758917
reserve,1,inter_process,memfd,16777216,5,518731845580863,345152,518731846301758,720895
reserve,1,inter_process,memfd,16777216,6,518731945843793,352913,518731946593085,749292
reserve,1,inter_process,memfd,16777216,7,518732045768520,292055,518732046495171,726651
reserve,1,inter_process,memfd,16777216,8,518732145930851,346112,518732146636267,705416
reserve,1,inter_process,memfd,16777216,9,518732245562330,377110,518732246303120,740790
reserve,1,inter_process,memfd,16777216,10,518732345583121,432449,518732346350242,767121
reserve,1,inter_process,memfd,16777216,11,518732445428692,388769,518732446217671,788979
reserve,1,inter_process,memfd,16777216,12,518732545415078,281298,518732546111913,696835
reserve,1,inter_process,memfd,16777216,13,518732642991223,154511,518732643294257,303034
reserve,1,inter_process,memfd,16777216,14,518732745524299,382504,518732746266391,742092
reserve,1,inter_process,memfd,16777216,15,518732844624244,307515,518732845226357,602113
reserve,1,inter_process,memfd,16777216,16,518732942523186,100641,518732942730229,207043
reserve,1,inter_process,memfd,16777216,17,518733045511099,389263,518733046277310,766211
reserve,1,inter_process,memfd,16777216,18,518733145741147,368414,518733146476614,735467
reserve,1,inter_process,memfd,16777216,19,518733244603072,303876,518733245232646,629574
reserve,1,intra_process_va,memfd,16777216,0,518736133494641,20911,518736133610306,115665
reserve,1,intra_process_va,memfd,16777216,1,518736233792708,19116,518736233896414,103706
reserve,1,intra_process_va,memfd,16777216,2,518736333778261,22601,518736333904499,126238
reserve,1,intra_process_va,memfd,16777216,3,518736433586965,21123,518736433703603,116638
reserve,1,intra_process_va,memfd,16777216,4,518736533818902,21422,518736533935403,116501
reserve,1,intra_process_va,memfd,16777216,5,518736633233266,17199,518736633328342,95076
reserve,1,intra_process_va,memfd,16777216,6,518736733728752,23148,518736733857927,129175
reserve,1,intra_process_va,memfd,16777216,7,518736833220042,17188,518736833320478,100436
reserve,1,intra_process_va,memfd,16777216,8,518736933833454,21394,518736933951271,117817
reserve,1,intra_process_va,memfd,16777216,9,518737033906111,22016,518737034036304,130193
reserve,1,intra_process_va,memfd,16777216,10,518737130792392,6785,518737130822492,30100
reserve,1,intra_process_va,memfd,16777216,11,518737233394549,16816,518737233484205,89656
reserve,1,intra_process_va,memfd,16777216,12,518737333737749,23997,518737333857741,119992
reserve,1,intra_process_va,memfd,16777216,13,518737433491743,20078,518737433607661,115918
reserve,1,intra_process_va,memfd,16777216,14,518737533642009,21200,518737533759987,117978
reserve,1,intra_process_va,memfd,16777216,15,518737633260916,17711,518737633359543,98627
reserve,1,intra_process_va,memfd,16777216,16,518737733616023,21493,518737733734458,118435
reserve,1,intra_process_va,memfd,16777216,17,518737833590298,20470,518737833706196,115898
reserve,1,intra_process_va,memfd,16777216,18,518737933832182,20643,518737933949693,117511
reserve,1,intra_process_va,memfd,16777216,19,518738033804880,22884,518738033923520,118640
reserve,1,intra_process_va,cpu,65536,0,518739750966973,17943,518739751123963,156990
reserve,1,intra_process_va,cpu,65536,1,518739850998541,55882,518739851149384,150843
reserve,1,intra_process_va,cpu,65536,2,518739950986587,58733,518739951141554,154967
reserve,1,intra_process_va,cpu,65536,3,518740050994478,60193,518740051149024,154546
reserve,1,intra_process_va,cpu,65536,4,518740151076528,21145,518740151201194,124666
reserve,1,intra_process_va,cpu,65536,5,518740250954600,17196,518740251100294,145694
reserve,1,intra_process_va,cpu,65536,6,518740351045368,19669,518740351159259,113891
reserve,1,intra_process_va,cpu,65536,7,518740450897033,18672,518740451046865,149832
reserve,1,intra_process_va,cpu,65536,8,518740551090065,17035,518740551194969,104904
reserve,1,intra_process_va,cpu,65536,9,518740650910400,12113,518740650984517,74117
reserve,1,intra_process_va,cpu,65536,10,518740750994195,53932,518740751141623,147428
reserve,1,intra_process_va,cpu,65536,11,518740850971864,73299,518740851138146,166282
reserve,1,intra_process_va,cpu,65536,12,518740951107767,19904,518740951223390,115623
reserve,1,intra_process_va,cpu,65536,13,518741050971372,17117,518741051111512,140140
reserve,1,intra_process_va,cpu,65536,14,518741150996381,61426,518741151152427,156046
reserve,1,intra_process_va,cpu,65536,15,518741250717571,5378,518741250747703,30132
reserve,1,intra_process_va,cpu,65536,16,518741350957493,16796,518741351095020,137527
reserve,1,intra_process_va,cpu,65536,17,518741451248976,20084,518741451364695,115719
reserve,1,intra_process_va,cpu,65536,18,518741551055483,21406,518741551179578,124095
reserve,1,intra_process_va,cpu,65536,19,518741650937172,13474,518741651051347,114175
reserve,1,inter_process,cpu,1048576,0,518746342146543,1229614,518746354995570,12849027
reserve,1,inter_process,cpu,1048576,1,518746442296343,1664438,518746455574635,13278292
reserve,1,inter_process,cpu,1048576,2,518746542321204,1496044,518746555834289,13513085
reserve,1,inter_process,cpu,1048576,3,518746641886598,568944,518746654205828,12319230
reserve,1,inter_process,cpu,1048576,4,518746742274957,1547967,518746744461456,2186499
reserve,1,inter_process,cpu,1048576,5,518746842296974,1725783,518746844702256,2405282
reserve,1,inter_process,cpu,1048576,6,518746942268361,1499758,518746955744412,13476051
reserve,1,inter_process,cpu,1048576,7,518747042394971,1695219,518747055979896,13584925
reserve,1,inter_process,cpu,1048576,8,518747142316384,1704038,518747144693446,2377062
reserve,1,inter_process,cpu,1048576,9,518747242325860,1540250,518747244643614,2317754
reserve,1,inter_process,cpu,1048576,10,518747342304814,1490706,518747355468415,13163601
reserve,1,inter_process,cpu,1048576,11,518747442230947,1496278,518747455784832,13553885
reserve,1,inter_process,cpu,1048576,12,518747541718632,410156,518747552575466,10856834
reserve,1,inter_process,cpu,1048576,13,518747641810686,445823,518747653460172,11649486
reserve,1,inter_process,cpu,1048576,14,518747742370226,1692678,518747755979958,13609732
reserve,1,inter_process,cpu,1048576,15,518747842263620,1653502,518747855709627,13446007
reserve,1,inter_process,cpu,1048576,16,518747942289190,1737043,518747944704992,2415802
reserve,1,inter_process,cpu,1048576,17,518748042351075,1542880,518748044684958,2333883
reserve,1,inter_process,cpu,1048576,18,518748142348053,1698657,518748155528391,13180338
reserve,1,inter_process,cpu,1048576,19,518748242372763,1706643,518748244745362,2372599
reserve,1,intra_process_va,cpu,16384,0,518750144945592,17184,518750145090508,144916
reserve,1,intra_process_va,cpu,16384,1,518750244935487,17657,518750245087705,152218
reserve,1,intra_process_va,cpu,16384,2,518750344888037,16790,518750344990782,102745
reserve,1,intra_process_va,cpu,16384,3,518750444876174,37549,518750445043319,167145
reserve,1,intra_process_va,cpu,16384,4,518750544931694,19106,518750545091202,159508
reserve,1,intra_process_va,cpu,16384,5,518750644812527,7422,518750644860549,48022
reserve,1,intra_process_va,cpu,16384,6,518750744900738,16457,518750745037001,136263
reserve,1,intra_process_va,cpu,16384,7,518750844920241,18036,518750845065619,145378
reserve,1,intra_process_va,cpu,16384,8,518750944934181,16803,518750945072183,138002
reserve,1,intra_process_va,cpu,16384,9,518751044920530,17432,518751045129348,208818
reserve,1,intra_process_va,cpu,16384,10,518751144889535,16836,518751144994312,104777
reserve,1,intra_process_va,cpu,16384,11,518751244951161,19227,518751245106546,155385
reserve,1,intra_process_va,cpu,16384,12,518751344933388,19356,518751345093377,159989
reserve,1,intra_process_va,cpu,16384,13,518751444925908,18047,518751445071186,145278
reserve,1,intra_process_va,cpu,16384,14,518751544896963,38088,518751545091612,194649
reserve,1,intra_process_va,cpu,16384,15,518751644768062,8263,518751644818980,50918
reserve,1,intra_process_va,cpu,16384,16,518751744629594,4560,518751744653694,24100
reserve,1,intra_process_va,cpu,16384,17,518751844733112,16302,518751844834777,101665
reserve,1,intra_process_va,cpu,16384,18,518751944932623,20353,518751945094703,162080
reserve,1,intra_process_va,cpu,16384,19,518752044924402,18417,518752045075450,151048
reserve,1,inter_process,cpu,4194304,0,518756742869316,848897,518756756648142,13778826
reserve,1,inter_process,cpu,4194304,1,518756842391775,828589,518756856061220,13669445
reserve,1,inter_process,cpu,4194304,2,518756942351534,817880,518756956045129,13693595
reserve,1,inter_process,cpu,4194304,3,518757042324993,875661,518757055980426,13655433
reserve,1,inter_process,cpu,4194304,4,518757142355275,847529,518757155989989,13634714
reserve,1,inter_process,cpu,4194304,5,518757242379664,849682,518757255789377,13409713
reserve,1,inter_process,cpu,4194304,6,518757342462159,836839,518757355930749,13468590
reserve,1,inter_process,cpu,4194304,7,518757442857663,830022,518757456747020,13889357
reserve,1,inter_process,cpu,4194304,8,518757542643893,827137,518757555923217,13279324
reserve,1,inter_process,cpu,4194304,9,518757638079168,1167822,518757650722764,12643596
reserve,1,inter_process,cpu,4194304,10,518757741897148,860686,518757755864118,13966970
reserve,1,inter_process,cpu,4194304,11,518757842653816,901250,518757856355095,13701279
reserve,1,inter_process,cpu,4194304,12,518757943019578,837405,518757956758594,13739016
reserve,1,inter_process,cpu,4194304,13,518758037929592,1067117,518758049288502,11358910
reserve,1,inter_process,cpu,4194304,14,518758142855782,847945,518758156091195,13235413
reserve,1,inter_process,cpu,4194304,15,518758242858843,904325,518758256582651,13723808
reserve,1,inter_process,cpu,4194304,16,518758342924087,887101,518758356603642,13679555
reserve,1,inter_process,cpu,4194304,17,518758442823889,1044130,518758456698639,13874750
reserve,1,inter_process,cpu,4194304,18,518758543027441,845550,518758556647394,13619953
reserve,1,inter_process,cpu,4194304,19,518758637982011,900962,518758650889732,12907721
reserve,1,inter_process,memfd,4194304,0,518763529934212,450207,518763530830493,896281
reserve,1,inter_process,memfd,4194304,1,518763629904946,516520,518763630893559,988613
reserve,1,inter_process,memfd,4194304,2,518763730111846,432569,518763731034322,922476
reserve,1,inter_process,memfd,4194304,3,518763830093951,418015,518763830978009,884058
reserve,1,inter_process,memfd,4194304,4,518763930042012,435739,518763930937211,895199
reserve,1,inter_process,memfd,4194304,5,518764030071526,433304,518764030977289,905763
reserve,1,inter_process,memfd,4194304,6,518764129991099,423295,518764130831333,840234
reserve,1,inter_process,memfd,4194304,7,518764229917958,453500,518764230796898,878940
reserve,1,inter_process,memfd,4194304,8,518764328940713,111014,518764329174786,234073
reserve,1,inter_process,memfd,4194304,9,518764430047210,324094,518764430835072,787862
reserve,1,inter_process,memfd,4194304,10,518764529921806,431509,518764530795515,873709
reserve,1,inter_process,memfd,4194304,11,518764629795837,391167,518764630603982,808145
reserve,1,inter_process,memfd,4194304,12,518764729979061,450731,518764730893344,914283
reserve,1,inter_process,memfd,4194304,13,518764830111024,427918,518764831030567,919543
reserve,1,inter_process,memfd,4194304,14,518764930033986,460173,518764930955366,921380
reserve,1,inter_process,memfd,4194304,15,518765030098491,418893,518765030978760,880269
reserve,1,inter_process,memfd,4194304,16,518765130120602,444968,518765131055524,934922
reserve,1,inter_process,memfd,4194304,17,518765229903795,420439,518765230747053,843258
reserve,1,inter_process,memfd,4194304,18,518765329715259,435004,518765330540537,825278
reserve,1,inter_process,memfd,4194304,19,518765430169182,392716,518765431051339,882157
reserve,1,inter_process,cpu,16384,0,518771285048214,364508,518771285781629,733415
reserve,1,inter_process,cpu,16384,1,518771385068021,351874,518771385803716,735695
reserve,1,inter_process,cpu,16384,2,518771485038690,375606,518771485775360,736670
reserve,1,inter_process,cpu,16384,3,518771584988357,431071,518771585776426,788069
reserve,1,inter_process,cpu,16384,4,518771685062731,334026,518771685731276,668545
reserve,1,inter_process,cpu,16384,5,518771784975108,384291,518771785690058,714950
reserve,1,inter_process,cpu,16384,6,518771885066707,236045,518771885719924,653217
reserve,1,inter_process,cpu,16384,7,518771984970045,386690,518771985701985,731940
reserve,1,inter_process,cpu,16384,8,518772084876931,409849,518772085610354,733423
reserve,1,inter_process,cpu,16384,9,518772184993636,285478,518772185720905,727269
reserve,1,inter_process,cpu,16384,10,518772284964772,351774,518772285655244,690472
reserve,1,inter_process,cpu,16384,11,518772384948888,337235,518772385609724,660836
reserve,1,inter_process,cpu,16384,12,518772484996945,344873,518772485653296,656351
reserve,1,inter_process,cpu,16384,13,518772585064767,366722,518772585804118,739351
reserve,1,inter_process,cpu,16384,14,518772684718990,111760,518772684946582,227592
reserve,1,inter_process,cpu,16384,15,518772784998361,399626,518772785731730,733369
reserve,1,inter_process,cpu,16384,16,518772885066893,358559,518772885790388,723495
reserve,1,inter_process,cpu,16384,17,518772984993201,413716,518772985757439,764238
reserve,1,inter_process,cpu,16384,18,518773084982488,378869,518773085732913,750425
reserve,1,inter_process,cpu,16384,19,518773185083938,370395,518773185855380,771442
reserve,1,inter_process,memfd,64,0,518778065260414,484719,518778066336284,1075870
reserve,1,inter_process,memfd,64,1,518778165169325,449704,518778166164701,995376
reserve,1,inter_process,memfd,64,2,518778265178775,467319,518778266187229,1008454
reserve,1,inter_process,memfd,64,3,518778365097980,403817,518778365963438,865458
reserve,1,inter_process,memfd,64,4,518778465140709,398256,518778466029871,889162
reserve,1,inter_process,memfd,64,5,518778565191607,462158,518778566222608,1031001
reserve,1,inter_process,memfd,64,6,518778665160125,307935,518778665998410,838285
reserve,1,inter_process,memfd,64,7,518778765107821,460735,518778766158318,1050497
reserve,1,inter_process,memfd,64,8,518778865159922,485954,518778866196782,1036860
reserve,1,inter_process,memfd,64,9,518778965065907,247031,518778965731486,665579
reserve,1,inter_process,memfd,64,10,518779064851088,137821,518779065177092,326004
reserve,1,inter_process,memfd,64,11,518779165097994,431785,518779166062683,964689
reserve,1,inter_process,memfd,64,12,518779265189298,414275,518779266123725,934427
reserve,1,inter_process,memfd,64,13,518779365150358,446433,518779366134219,983861
reserve,1,inter_process,memfd,64,14,518779465145751,427251,518779466095150,949399
reserve,1,inter_process,memfd,64,15,518779565124875,403859,518779565994111,869236
reserve,1,inter_process,memfd,64,16,518779665112530,361845,518779665898732,786202
reserve,1,inter_process,memfd,64,17,518779765123942,395998,518779765979846,855904
reserve,1,inter_process,memfd,64,18,518779865121713,294737,518779865921181,799468
reserve,1,inter_process,memfd,64,19,518779965190210,464756,518779966244347,1054137
reserve,1,inter_process,cpu,16777216,0,518785830980005,3299989,518785844241661,13261656
reserve,1,inter_process,cpu,16777216,1,518785930819750,3340582,518785944304719,13484969
reserve,1,inter_process,cpu,16777216,2,518786031439574,3310004,518786044418970,12979396
reserve,1,inter_process,cpu,16777216,3,518786131100679,3297944,518786144288874,13188195
reserve,1,inter_process,cpu,16777216,4,518786231323989,3324241,518786244614562,13290573
reserve,1,inter_process,cpu,16777216,5,518786331287036,3441231,518786344551560,13264524
reserve,1,inter_process,cpu,16777216,6,518786430997138,3308716,518786444181534,13184396
reserve,1,inter_process,cpu,16777216,7,518786531003860,3310635,518786544186862,13183002
reserve,1,inter_process,cpu,16777216,8,518786630926369,3509741,518786644134293,13207924
reserve,1,inter_process,cpu,16777216,9,518786730799098,3326655,518786744164032,13364934
reserve,1,inter_process,cpu,16777216,10,518786831025740,3316595,518786844206200,13180460
reserve,1,inter_process,cpu,16777216,11,518786931369084,3287599,518786944664181,13295097
reserve,1,inter_process,cpu,16777216,12,518787031684518,3330556,518787044887683,13203165
reserve,1,inter_process,cpu,16777216,13,518787131120940,3305127,518787144260844,13139904
reserve,1,inter_process,cpu,16777216,14,518787230774301,3324887,518787244136409,13362108
reserve,1,inter_process,cpu,16777216,15,518787331286101,3319298,518787344637753,13351652
reserve,1,inter_process,cpu,16777216,16,518787427193816,3585903,518787440153241,12959425
reserve,1,inter_process,cpu,16777216,17,518787531516408,3328594,518787544915380,13398972
reserve,1,inter_process,cpu,16777216,18,518787631289937,3498524,518787644499611,13209674
reserve,1,inter_process,cpu,16777216,19,518787731575507,3319499,518787744880639,13305132
reserve,1,inter_process,cpu,4096,0,518792614952029,371251,518792615655811,703782
reserve,1,inter_process,cpu,4096,1,518792715063333,346434,518792715768631,705298
reserve,1,inter_process,cpu,4096,2,518792814967307,387023,518792815692917,725610
reserve,1,inter_process,cpu,4096,3,518792914958125,388707,518792915701938,743813
reserve,1,inter_process,cpu,4096,4,518793014964333,407301,518793015707784,743451
reserve,1,inter_process,cpu,4096,5,518793114970624,398471,518793115699758,729134
reserve,1,inter_process,cpu,4096,6,518793214990955,358666,518793215677185,686230
reserve,1,inter_process,cpu,4096,7,518793314955638,376193,518793315668460,712822
reserve,1,inter_process,cpu,4096,8,518793414939133,295077,518793415604328,665195
reserve,1,inter_process,cpu,4096,9,518793514934659,283110,518793515584656,649997
reserve,1,inter_process,cpu,4096,10,518793614938218,330921,518793615575337,637119
reserve,1,inter_process,cpu,4096,11,518793714670732,73352,518793714830066,159334
reserve,1,inter_process,cpu,4096,12,518793814945461,410278,518793815711011,765550
reserve,1,inter_process,cpu,4096,13,518793915094916,356031,518793915808171,713255
reserve,1,inter_process,cpu,4096,14,518794014955678,382050,518794015671636,715958
reserve,1,inter_process,cpu,4096,15,518794114943746,337953,518794115623603,679857
reserve,1,inter_process,cpu,4096,16,518794214965820,275168,518794215701300,735480
reserve,1,inter_process,cpu,4096,17,518794314977161,391693,518794315725060,747899
reserve,1,inter_process,cpu,4096,18,518794414955671,364610,518794415649413,693742
reserve,1,inter_process,cpu,4096,19,518794514938241,336501,518794515596522,658281
reserve,1,intra_process_va,cpu,4096,0,518796424900436,16246,518796425052848,152412
reserve,1,intra_process_va,cpu,4096,1,518796524702897,16874,518796524805499,102602
reserve,1,intra_process_va,cpu,4096,2,518796624909957,17934,518796625074099,164142
reserve,1,intra_process_va,cpu,4096,3,518796724890105,16725,518796724993042,102937
reserve,1,intra_process_va,cpu,4096,4,518796824901358,18951,518796825054010,152652
reserve,1,intra_process_va,cpu,4096,5,518796924934209,19650,518796925093135,158926
reserve,1,intra_process_va,cpu,4096,6,518797024904920,17838,518797025052984,148064
reserve,1,intra_process_va,cpu,4096,7,518797124921360,17232,518797125076293,154933
reserve,1,intra_process_va,cpu,4096,8,518797224918834,18758,518797225078061,159227
reserve,1,intra_process_va,cpu,4096,9,518797324906477,18283,518797325123324,216847
reserve,1,intra_process_va,cpu,4096,10,518797424934777,18835,518797425101433,166656
reserve,1,intra_process_va,cpu,4096,11,518797524701425,16750,518797524803187,101762
reserve,1,intra_process_va,cpu,4096,12,518797624938954,17763,518797625101870,162916
reserve,1,intra_process_va,cpu,4096,13,518797724890208,18522,518797725039667,149459
reserve,1,intra_process_va,cpu,4096,14,518797824665220,7234,518797824708813,43593
reserve,1,intra_process_va,cpu,4096,15,518797924713390,15481,518797924802367,88977
reserve,1,intra_process_va,cpu,4096,16,518798024828032,17213,518798024929775,101743
reserve,1,intra_process_va,cpu,4096,17,518798124969729,19520,518798125141294,171565
reserve,1,intra_process_va,cpu,4096,18,518798224941955,16705,518798225085653,143698
reserve,1,intra_process_va,cpu,4096,19,518798324939794,20000,518798325100401,160607
reserve,1,intra_process_va,cpu,4194304,0,518800045624462,21689,518800045730892,106430
reserve,1,intra_process_va,cpu,4194304,1,518800145833637,41656,518800145964991,131354
reserve,1,intra_process_va,cpu,4194304,2,518800245602809,22224,518800245709112,106303
reserve,1,intra_process_va,cpu,4194304,3,518800345830442,24097,518800345943622,113180
reserve,1,intra_process_va,cpu,4194304,4,518800445599937,21890,518800445706044,106107
reserve,1,intra_process_va,cpu,4194304,5,518800545456362,22643,518800545567415,111053
reserve,1,intra_process_va,cpu,4194304,6,518800644439807,9012,518800644485194,45387
reserve,1,intra_process_va,cpu,4194304,7,518800745879773,25585,518800746018704,138931
reserve,1,intra_process_va,cpu,4194304,8,518800845671919,21224,518800845777884,105965
reserve,1,intra_process_va,cpu,4194304,9,518800945710239,22260,518800945814603,104364
reserve,1,intra_process_va,cpu,4194304,10,518801045620848,21041,518801045723519,102671
reserve,1,intra_process_va,cpu,4194304,11,518801145877701,24077,518801145991372,113671
reserve,1,intra_process_va,cpu,4194304,12,518801245581600,21339,518801245686479,104879
reserve,1,intra_process_va,cpu,4194304,13,518801345789420,22858,518801345901560,112140
reserve,1,intra_process_va,cpu,4194304,14,518801445843702,23420,518801445958413,114711
reserve,1,intra_process_va,cpu,4194304,15,518801545669116,21481,518801545774021,104905
reserve,1,intra_process_va,cpu,4194304,16,518801644539895,10569,518801644595417,55522
reserve,1,intra_process_va,cpu,4194304,17,518801745808219,23283,518801745923041,114822
reserve,1,intra_process_va,cpu,4194304,18,518801845662610,21632,518801845769969,107359
reserve,1,intra_process_va,cpu,4194304,19,518801945521218,20975,518801945624836,103618
reserve,1,inter_process,memfd,1024,0,518806963189650,551016,518806964340269,1150619
reserve,1,inter_process,memfd,1024,1,518807063196193,474359,518807064254281,1058088
reserve,1,inter_process,memfd,1024,2,518807163139266,472197,518807164191043,1051777
reserve,1,inter_process,memfd,1024,3,518807263085797,380235,518807263927628,841831
reserve,1,inter_process,memfd,1024,4,518807362937725,307357,518807363622815,685090
reserve,1,inter_process,memfd,1024,5,518807463155710,430828,518807464071684,915974
reserve,1,inter_process,memfd,1024,6,518807563173567,317074,518807564047987,874420
reserve,1,inter_process,memfd,1024,7,518807663107585,440730,518807664058894,951309
reserve,1,inter_process,memfd,1024,8,518807763178305,467501,518807764230490,1052185
reserve,1,inter_process,memfd,1024,9,518807863218224,321105,518807864137868,919644
reserve,1,inter_process,memfd,1024,10,518807963152573,466232,518807964208096,1055523
reserve,1,inter_process,memfd,1024,11,518808063155512,434228,518808064078181,922669
reserve,1,inter_process,memfd,1024,12,518808163176359,474579,518808164203272,1026913
reserve,1,inter_process,memfd,1024,13,518808263120918,449087,518808264124473,1003555
reserve,1,inter_process,memfd,1024,14,518808362780002,100840,518808362999637,219635
reserve,1,inter_process,memfd,1024,15,518808463209082,473413,518808464268827,1059745
reserve,1,inter_process,memfd,1024,16,518808563115288,407241,518808563983934,868646
reserve,1,inter_process,memfd,1024,17,518808663146025,406771,518808664027745,881720
reserve,1,inter_process,memfd,1024,18,518808763144974,443886,518808764158469,1013495
reserve,1,inter_process,memfd,1024,19,518808863109904,292204,518808863900863,790959
reserve,1,intra_process_va,memfd,4194304,0,518811752932271,20260,518811753070118,137847
reserve,1,intra_process_va,memfd,4194304,1,518811853044720,23255,518811853178089,133369
reserve,1,intra_process_va,memfd,4194304,2,518811952975288,21087,518811953116955,141667
reserve,1,intra_process_va,memfd,4194304,3,518812053087444,23729,518812053222753,135309
reserve,1,intra_process_va,memfd,4194304,4,518812153042166,21910,518812153168095,125929
reserve,1,intra_process_va,memfd,4194304,5,518812252887699,21099,518812253023396,135697
reserve,1,intra_process_va,memfd,4194304,6,518812353095640,24412,518812353233789,138149
reserve,1,intra_process_va,memfd,4194304,7,518812452843617,19626,518812452950782,107165
reserve,1,intra_process_va,memfd,4194304,8,518812551887409,8359,518812551922483,35074
reserve,1,intra_process_va,memfd,4194304,9,518812652387886,10442,518812652447266,59380
reserve,1,intra_process_va,memfd,4194304,10,518812752732770,20489,518812752849501,116731
reserve,1,intra_process_va,memfd,4194304,11,518812853130953,24809,518812853284419,153466
reserve,1,intra_process_va,memfd,4194304,12,518812952833320,23211,518812952962094,128774
reserve,1,intra_process_va,memfd,4194304,13,518813053078206,23638,518813053211380,133174
reserve,1,intra_process_va,memfd,4194304,14,518813152922835,20391,518813153058591,135756
reserve,1,intra_process_va,memfd,4194304,15,518813253026198,22297,518813253154830,128632
reserve,1,intra_process_va,memfd,4194304,16,518813353107307,23784,518813353252553,145246
reserve,1,intra_process_va,memfd,4194304,17,518813453090655,23553,518813453220238,129583
reserve,1,intra_process_va,memfd,4194304,18,518813553078545,22259,518813553200317,121772
reserve,1,intra_process_va,memfd,4194304,19,518813652546493,15331,518813652640800,94307
reserve,1,intra_process_va,cpu,1048576,0,518815369416794,23769,518815369542772,125978
reserve,1,intra_process_va,cpu,1048576,1,518815469323256,22408,518815469435128,111872
reserve,1,intra_process_va,cpu,1048576,2,518815569414200,24144,518815569541541,127341
reserve,1,intra_process_va,cpu,1048576,3,518815669364836,21973,518815669481433,116597
reserve,1,intra_process_va,cpu,1048576,4,518815769408398,24483,518815769535222,126824
reserve,1,intra_process_va,cpu,1048576,5,518815869431330,24869,518815869560275,128945
reserve,1,intra_process_va,cpu,1048576,6,518815969390069,22399,518815969509146,119077
reserve,1,intra_process_va,cpu,1048576,7,518816069337399,20843,518816069446480,109081
reserve,1,intra_process_va,cpu,1048576,8,518816169331730,20709,518816169441781,110051
reserve,1,intra_process_va,cpu,1048576,9,518816269480572,24825,518816269606273,125701
reserve,1,intra_process_va,cpu,1048576,10,518816369439177,24225,518816369568879,129702
reserve,1,intra_process_va,cpu,1048576,11,518816469390667,22882,518816469512239,121572
reserve,1,intra_process_va,cpu,1048576,12,518816569362164,23273,518816569480820,118656
reserve,1,intra_process_va,cpu,1048576,13,518816668910399,8630,518816668953995,43596
reserve,1,intra_process_va,cpu,1048576,14,518816769040517,10709,518816769088375,47858
reserve,1,intra_process_va,cpu,1048576,15,518816869339339,22253,518816869457632,118293
reserve,1,intra_process_va,cpu,1048576,16,518816969383906,22815,518816969505104,121198
reserve,1,intra_process_va,cpu,1048576,17,518817069427863,24522,518817069554582,126719
reserve,1,intra_process_va,cpu,1048576,18,518817169318912,20408,518817169430026,111114
reserve,1,intra_process_va,cpu,1048576,19,518817269392375,23874,518817269513148,120773
reserve,1,intra_process_va,memfd,1048576,0,518819000285609,19936,518819000410247,124638
reserve,1,intra_process_va,memfd,1048576,1,518819100203535,17536,518819100315113,111578
reserve,1,intra_process_va,memfd,1048576,2,518819200304996,20009,518819200433442,128446
reserve,1,intra_process_va,memfd,1048576,3,518819300281391,20931,518819300412257,130866
reserve,1,intra_process_va,memfd,1048576,4,518819400208300,18724,518819400342913,134613
reserve,1,intra_process_va,memfd,1048576,5,518819500254611,20104,518819500378763,124152
reserve,1,intra_process_va,memfd,1048576,6,518819600231084,17546,518819600341154,110070
reserve,1,intra_process_va,memfd,1048576,7,518819700265632,20382,518819700389933,124301
reserve,1,intra_process_va,memfd,1048576,8,518819800308427,19135,518819800427446,119019
reserve,1,intra_process_va,memfd,1048576,9,518819900259816,18463,518819900371649,111833
reserve,1,intra_process_va,memfd,1048576,10,518820000302588,20480,518820000431521,128933
reserve,1,intra_process_va,memfd,1048576,11,518820100201622,19792,518820100321813,120191
reserve,1,intra_process_va,memfd,1048576,12,518820200299944,20350,518820200431643,131699
reserve,1,intra_process_va,memfd,1048576,13,518820300223643,19004,518820300343094,119451
reserve,1,intra_process_va,memfd,1048576,14,518820400278660,21039,518820400409342,130682
reserve,1,intra_process_va,memfd,1048576,15,518820500209962,18753,518820500323495,113533
reserve,1,intra_process_va,memfd,1048576,16,518820600263018,19377,518820600381193,118175
reserve,1,intra_process_va,memfd,1048576,17,518820700255520,20951,518820700385369,129849
reserve,1,intra_process_va,memfd,1048576,18,518820800198373,18088,518820800308800,110427
reserve,1,intra_process_va,memfd,1048576,19,518820899663959,4996,518820899690284,26325
reserve,1,intra_process_va,memfd,4096,0,518822617112151,16960,518822617232560,120409
reserve,1,intra_process_va,memfd,4096,1,518822717140056,16238,518822717264151,124095
reserve,1,intra_process_va,memfd,4096,2,518822817161435,17271,518822817287370,125935
reserve,1,intra_process_va,memfd,4096,3,518822917094185,15312,518822917202725,108540
reserve,1,intra_process_va,memfd,4096,4,518823016752015,3555,518823016776533,24518
reserve,1,intra_process_va,memfd,4096,5,518823117093189,16492,518823117213629,120440
reserve,1,intra_process_va,memfd,4096,6,518823217189447,15543,518823217304118,114671
reserve,1,intra_process_va,memfd,4096,7,518823316996898,63992,518823317159932,163034
reserve,1,intra_process_va,memfd,4096,8,518823417164842,14786,518823417272494,107652
reserve,1,intra_process_va,memfd,4096,9,518823516990323,93708,518823517173275,182952
reserve,1,intra_process_va,memfd,4096,10,518823616913560,8516,518823616965907,52347
reserve,1,intra_process_va,memfd,4096,11,518823717111075,17294,518823717247349,136274
reserve,1,intra_process_va,memfd,4096,12,518823817108591,16962,518823817248590,139999
reserve,1,intra_process_va,memfd,4096,13,518823917089376,15087,518823917198394,109018
reserve,1,intra_process_va,memfd,4096,14,518824017150778,17779,518824017276860,126082
reserve,1,intra_process_va,memfd,4096,15,518824117141686,17090,518824117267883,126197
reserve,1,intra_process_va,memfd,4096,16,518824217156481,16536,518824217281646,125165
reserve,1,intra_process_va,memfd,4096,17,518824317094331,14797,518824317202659,108328
reserve,1,intra_process_va,memfd,4096,18,518824417120207,15905,518824417236094,115887
reserve,1,intra_process_va,memfd,4096,19,518824517080895,15216,518824517190653,109758
reserve,1,inter_process,memfd,65536,0,518829209809364,126255,518829210085024,275660
reserve,1,inter_process,memfd,65536,1,518829309874706,147804,518829310176761,302055
reserve,1,inter_process,memfd,65536,2,518829410079665,483659,518829411119893,1040228
reserve,1,inter_process,memfd,65536,3,518829510043070,440564,518829510966532,923462
reserve,1,inter_process,memfd,65536,4,518829609985335,448663,518829610919764,934429
reserve,1,inter_process,memfd,65536,5,518829710073582,414519,518829710969494,895912
reserve,1,inter_process,memfd,65536,6,518829810057548,461136,518829811085580,1028032
reserve,1,inter_process,memfd,65536,7,518829910117332,462464,518829911172649,1055317
reserve,1,inter_process,memfd,65536,8,518830009832923,418436,518830010670491,837568
reserve,1,inter_process,memfd,65536,9,518830110140875,318494,518830111048901,908026
reserve,1,inter_process,memfd,65536,10,518830210131770,445888,518830211141873,1010103
reserve,1,inter_process,memfd,65536,11,518830310043478,446449,518830311025793,982315
reserve,1,inter_process,memfd,65536,12,518830410074477,472895,518830411106594,1032117
reserve,1,inter_process,memfd,65536,13,518830510114974,465673,518830511151398,1036424
reserve,1,inter_process,memfd,65536,14,518830610060830,417373,518830610964412,903582
reserve,1,inter_process,memfd,65536,15,518830709954156,431434,518830710840831,886675
reserve,1,inter_process,memfd,65536,16,518830810056651,322077,518830810932479,875828
reserve,1,inter_process,memfd,65536,17,518830910076553,420421,518830910993617,917064
reserve,1,inter_process,memfd,65536,18,518831010040871,416327,518831010911453,870582
reserve,1,inter_process,memfd,65536,19,518831110060755,450824,518831111046875,986120
reserve,1,inter_process,memfd,16384,0,518836958071532,405669,518836958959873,888341
reserve,1,inter_process,memfd,16384,1,518837058100775,468967,518837059140681,1039906
reserve,1,inter_process,memfd,16384,2,518837158058532,459133,518837159080874,1022342
reserve,1,inter_process,memfd,16384,3,518837258052536,442610,518837259043105,990569
reserve,1,inter_process,memfd,16384,4,518837358079059,469248,518837359122425,1043366
reserve,1,inter_process,memfd,16384,5,518837458062522,310318,518837458899181,836659
reserve,1,inter_process,memfd,16384,6,518837557810614,203641,518837558239366,428752
reserve,1,inter_process,memfd,16384,7,518837657859657,232263,518837658371293,511636
reserve,1,inter_process,memfd,16384,8,518837758080729,466156,518837759118051,1037322
reserve,1,inter_process,memfd,16384,9,518837858103526,284855,518837858892553,789027
reserve,1,inter_process,memfd,16384,10,518837957981130,440582,518837958900036,918906
reserve,1,inter_process,memfd,16384,11,518838058058810,413257,518838058981421,922611
reserve,1,inter_process,memfd,16384,12,518838158066582,462594,518838159102301,1035719
reserve,1,inter_process,memfd,16384,13,518838258076061,444364,518838259067786,991725
reserve,1,inter_process,memfd,16384,14,518838357971678,491796,518838358986709,1015031
reserve,1,inter_process,memfd,16384,15,518838458056951,444211,518838459043380,986429
reserve,1,inter_process,memfd,16384,16,518838558104823,417817,518838559038372,933549
reserve,1,inter_process,memfd,16384,17,518838658056598,378195,518838658881045,824447
reserve,1,inter_process,memfd,16384,18,518838758044841,305947,518838758873304,828463
reserve,1,inter_process,memfd,16384,19,518838858080760,463237,518838859113606,1032846
reserve,1,intra_process_va,cpu,262144,0,518841751670575,5089,518841751696498,25923
reserve,1,intra_process_va,cpu,262144,1,518841851827188,19251,518841851933387,106199
reserve,1,intra_process_va,cpu,262144,2,518841951933947,20130,518841952082856,148909
reserve,1,intra_process_va,cpu,262144,3,518842052135488,19359,518842052247969,112481
reserve,1,intra_process_va,cpu,262144,4,518842151737506,5784,518842151767463,29957
reserve,1,intra_process_va,cpu,262144,5,518842252076757,19895,518842252191963,115206
reserve,1,intra_process_va,cpu,262144,6,518842352120469,20406,518842352235466,114997
reserve,1,intra_process_va,cpu,262144,7,518842451938893,17682,518842452074087,135194
reserve,1,intra_process_va,cpu,262144,8,518842552078973,18648,518842552185494,106521
reserve,1,intra_process_va,cpu,262144,9,518842651915786,5085,518842651945334,29548
reserve,1,intra_process_va,cpu,262144,10,518842751872245,19351,518842751984812,112567
reserve,1,intra_process_va,cpu,262144,11,518842851869987,18737,518842851975600,105613
reserve,1,intra_process_va,cpu,262144,12,518842952134676,20567,518842952259442,124766
reserve,1,intra_process_va,cpu,262144,13,518843052119469,22804,518843052244691,125222
reserve,1,intra_process_va,cpu,262144,14,518843152095435,20839,518843152209262,113827
reserve,1,intra_process_va,cpu,262144,15,518843252059131,19247,518843252165985,106854
reserve,1,intra_process_va,cpu,262144,16,518843351886903,20096,518843352034031,147128
reserve,1,intra_process_va,cpu,262144,17,518843452105291,19575,518843452220309,115018
reserve,1,intra_process_va,cpu,262144,18,518843552055951,17474,518843552156764,100813
reserve,1,intra_process_va,cpu,262144,19,518843651964404,12425,518843652058763,94359
reserve,1,inter_process,memfd,262144,0,518848380192800,303631,518848381066888,874088
reserve,1,inter_process,memfd,262144,1,518848480159642,383288,518848480986448,826806
reserve,1,inter_process,memfd,262144,2,518848580202369,445343,518848581201958,999589
reserve,1,inter_process,memfd,262144,3,518848680214182,465208,518848681250084,1035902
reserve,1,inter_process,memfd,262144,4,518848780154526,396469,518848781037011,882485
reserve,1,inter_process,memfd,262144,5,518848880189864,459845,518848881213801,1023937
reserve,1,inter_process,memfd,262144,6,518848980177977,385885,518848980986718,808741
reserve,1,inter_process,memfd,262144,7,518849080160658,441574,518849081148171,987513
reserve,1,inter_process,memfd,262144,8,518849179997455,478573,518849180955835,958380
reserve,1,inter_process,memfd,262144,9,518849280215149,314021,518849281120653,905504
reserve,1,inter_process,memfd,262144,10,518849380174334,451756,518849381190557,1016223
reserve,1,inter_process,memfd,262144,11,518849480152927,426457,518849481088214,935287
reserve,1,inter_process,memfd,262144,12,518849580208391,441287,518849581135224,926833
reserve,1,inter_process,memfd,262144,13,518849680281068,468131,518849681346418,1065350
reserve,1,inter_process,memfd,262144,14,518849780068865,377191,518849780883417,814552
reserve,1,inter_process,memfd,262144,15,518849879933299,421945,518849880815550,882251
reserve,1,inter_process,memfd,262144,16,518849979999706,373022,518849980905978,906272
reserve,1,inter_process,memfd,262144,17,518850079906452,90557,518850080105706,199254
reserve,1,inter_process,memfd,262144,18,518850179904233,104092,518850180128339,224106
reserve,1,inter_process,memfd,262144,19,518850280150417,419116,518850281092725,942308
reserve,1,intra_process_va,cpu,1024,0,518853168080920,19563,518853168202203,121283
reserve,1,intra_process_va,cpu,1024,1,518853267984365,47938,518853268118516,134151
reserve,1,intra_process_va,cpu,1024,2,518853368046798,16737,518853368152101,105303
reserve,1,intra_process_va,cpu,1024,3,518853468041959,18281,518853468156306,114347
reserve,1,intra_process_va,cpu,1024,4,518853568063273,17445,518853568170849,107576
reserve,1,intra_process_va,cpu,1024,5,518853668045590,18455,518853668158938,113348
reserve,1,intra_process_va,cpu,1024,6,518853768045440,19273,518853768161673,116233
reserve,1,intra_process_va,cpu,1024,7,518853868051159,17430,518853868171296,120137
reserve,1,intra_process_va,cpu,1024,8,518853968064016,18801,518853968178414,114398
reserve,1,intra_process_va,cpu,1024,9,518854068128743,19939,518854068247372,118629
reserve,1,intra_process_va,cpu,1024,10,518854167831564,17070,518854167936262,104698
reserve,1,intra_process_va,cpu,1024,11,518854267898354,13009,518854267976189,77835
reserve,1,intra_process_va,cpu,1024,12,518854367981974,4243,518854368010636,28662
reserve,1,intra_process_va,cpu,1024,13,518854468060740,18551,518854468173120,112380
reserve,1,intra_process_va,cpu,1024,14,518854568054655,17874,518854568167231,112576
reserve,1,intra_process_va,cpu,1024,15,518854668043057,18613,518854668155597,112540
reserve,1,intra_process_va,cpu,1024,16,518854768050722,17412,518854768160580,109858
reserve,1,intra_process_va,cpu,1024,17,518854868069806,20417,518854868193405,123599
reserve,1,intra_process_va,cpu,1024,18,518854968064409,18323,518854968177140,112731
reserve,1,intra_process_va,cpu,1024,19,518855068055787,18530,518855068170850,115063
reserve,1,intra_process_va,memfd,16384,0,518856793102277,18560,518856793228024,125747
reserve,1,intra_process_va,memfd,16384,1,518856893125662,17630,518856893244711,119049
reserve,1,intra_process_va,memfd,16384,2,518856993083757,16757,518856993200180,116423
reserve,1,intra_process_va,memfd,16384,3,518857093080611,17499,518857093205508,124897
reserve,1,intra_process_va,memfd,16384,4,518857193112454,16498,518857193230627,118173
reserve,1,intra_process_va,memfd,16384,5,518857293083220,15728,518857293197420,114200
reserve,1,intra_process_va,memfd,16384,6,518857393110988,17533,518857393235569,124581
reserve,1,intra_process_va,memfd,16384,7,518857493141053,15293,518857493249189,108136
reserve,1,intra_process_va,memfd,16384,8,518857593065068,14561,518857593173312,108244
reserve,1,intra_process_va,memfd,16384,9,518857693155064,16816,518857693266940,111876
reserve,1,intra_process_va,memfd,16384,10,518857793097403,16744,518857793212645,115242
reserve,1,intra_process_va,memfd,16384,11,518857893088636,15385,518857893195500,106864
reserve,1,intra_process_va,memfd,16384,12,518857993061465,16015,518857993171515,110050
reserve,1,intra_process_va,memfd,16384,13,518858093109481,17841,518858093236521,127040
reserve,1,intra_process_va,memfd,16384,14,518858193120853,18038,518858193244624,123771
reserve,1,intra_process_va,memfd,16384,15,518858293122731,16348,518858293237366,114635
reserve,1,intra_process_va,memfd,16384,16,518858393065269,15153,518858393174489,109220
reserve,1,intra_process_va,memfd,16384,17,518858492754215,3738,518858492778237,24022
reserve,1,intra_process_va,memfd,16384,18,518858593076593,15794,518858593190536,113943
reserve,1,intra_process_va,memfd,16384,19,518858693119709,19010,518858693247537,127828
reserve,1,intra_process_va,cpu,64,0,518860423065839,17581,518860423177155,111316
reserve,1,intra_process_va,cpu,64,1,518860523078240,16918,518860523179931,101691
reserve,1,intra_process_va,cpu,64,2,518860622898178,4203,518860622922598,24420
reserve,1,intra_process_va,cpu,64,3,518860722982333,17864,518860723166754,184421
reserve,1,intra_process_va,cpu,64,4,518860823101125,19965,518860823220897,119772
reserve,1,intra_process_va,cpu,64,5,518860923046624,16272,518860923147964,101340
reserve,1,intra_process_va,cpu,64,6,518861022979970,16283,518861023116829,136859
reserve,1,intra_process_va,cpu,64,7,518861123071581,19058,518861123191279,119698
reserve,1,intra_process_va,cpu,64,8,518861223089373,19184,518861223202678,113305
reserve,1,intra_process_va,cpu,64,9,518861322987380,105838,518861323181090,193710
reserve,1,intra_process_va,cpu,64,10,518861422987333,50267,518861423125072,137739
reserve,1,intra_process_va,cpu,64,11,518861523161900,18638,518861523272947,111047
reserve,1,intra_process_va,cpu,64,12,518861622983790,16084,518861623120046,136256
reserve,1,intra_process_va,cpu,64,13,518861723000121,64653,518861723164668,164547
reserve,1,intra_process_va,cpu,64,14,518861823045408,18822,518861823157926,112518
reserve,1,intra_process_va,cpu,64,15,518861923051031,17708,518861923161481,110450
reserve,1,intra_process_va,cpu,64,16,518862022987771,60410,518862023142744,154973
reserve,1,intra_process_va,cpu,64,17,518862123080703,19531,518862123200655,119952
reserve,1,intra_process_va,cpu,64,18,518862223079499,19497,518862223198297,118798
reserve,1,intra_process_va,cpu,64,19,518862323050646,17942,518862323162222,111576
reserve,1,intra_process_va,memfd,1024,0,518864046961973,14519,518864047120944,158971
reserve,1,intra_process_va,memfd,1024,1,518864146981004,15251,518864147129517,148513
reserve,1,intra_process_va,memfd,1024,2,518864247087152,18873,518864247213653,126501
reserve,1,intra_process_va,memfd,1024,3,518864346960354,14783,518864347100403,140049
reserve,1,intra_process_va,memfd,1024,4,518864447053657,17560,518864447177037,123380
reserve,1,intra_process_va,memfd,1024,5,518864546964705,14117,518864547102749,138044
reserve,1,intra_process_va,memfd,1024,6,518864646877753,8897,518864646943653,65900
reserve,1,intra_process_va,memfd,1024,7,518864746603920,3728,518864746627160,23240
reserve,1,intra_process_va,memfd,1024,8,518864846964488,15697,518864847127620,163132
reserve,1,intra_process_va,memfd,1024,9,518864946999199,138806,518864947245043,245844
reserve,1,intra_process_va,memfd,1024,10,518865047104170,19716,518865047229821,125651
reserve,1,intra_process_va,memfd,1024,11,518865146977467,15669,518865147140506,163039
reserve,1,intra_process_va,memfd,1024,12,518865246969214,14915,518865247112066,142852
reserve,1,intra_process_va,memfd,1024,13,518865346984295,15718,518865347138022,153727
reserve,1,intra_process_va,memfd,1024,14,518865446994126,50392,518865447141359,147233
reserve,1,intra_process_va,memfd,1024,15,518865546985074,69669,518865547150552,165478
reserve,1,intra_process_va,memfd,1024,16,518865646808465,8651,518865646869356,60891
reserve,1,intra_process_va,memfd,1024,17,518865746968118,13926,518865747116908,148790
reserve,1,intra_process_va,memfd,1024,18,518865846931609,11964,518865847054482,122873
reserve,1,intra_process_va,memfd,1024,19,518865946974729,14913,518865947114988,140259
reserve,1,intra_process_va,cpu,16777216,0,518867665870520,5837,518867665899563,29043
reserve,1,intra_process_va,cpu,16777216,1,518867766276919,15985,518867766349603,72684
reserve,1,intra_process_va,cpu,16777216,2,518867866450255,5466,518867866478400,28145
reserve,1,intra_process_va,cpu,16777216,3,518867966152777,5506,518867966180996,28219
reserve,1,intra_process_va,cpu,16777216,4,518868066606646,16527,518868066684260,77614
reserve,1,intra_process_va,cpu,16777216,5,518868166593492,5607,518868166622054,28562
reserve,1,intra_process_va,cpu,16777216,6,518868266236761,15529,518868266308851,72090
reserve,1,intra_process_va,cpu,16777216,7,518868366617013,5713,518868366644704,27691
reserve,1,intra_process_va,cpu,16777216,8,518868465978974,6154,518868466010721,31747
reserve,1,intra_process_va,cpu,16777216,9,518868566661091,16153,518868566737363,76272
reserve,1,intra_process_va,cpu,16777216,10,518868666255474,14976,518868666325965,70491
reserve,1,intra_process_va,cpu,16777216,11,518868766660540,17458,518868766739299,78759
reserve,1,intra_process_va,cpu,16777216,12,518868865397680,14415,518868865462845,65165
reserve,1,intra_process_va,cpu,16777216,13,518868962426354,7548,518868962458778,32424
reserve,1,intra_process_va,cpu,16777216,14,518869066346387,5855,518869066375074,28687
reserve,1,intra_process_va,cpu,16777216,15,518869165928320,6281,518869165958367,30047
reserve,1,intra_process_va,cpu,16777216,16,518869266163670,15342,518869266234822,71152
reserve,1,intra_process_va,cpu,16777216,17,518869366473330,6115,518869366503867,30537
reserve,1,intra_process_va,cpu,16777216,18,518869466348840,5368,518869466377772,28932
reserve,1,intra_process_va,cpu,16777216,19,518869566601431,16572,518869566680527,79096
reserve,1,inter_process,memfd,1048576,0,518874256162390,359622,518874256964964,802574
reserve,1,inter_process,memfd,1048576,1,518874356414277,452679,518874357412686,998409
reserve,1,inter_process,memfd,1048576,2,518874456471540,476090,518874457459091,987551
reserve,1,inter_process,memfd,1048576,3,518874556411123,431267,518874557374190,963067
reserve,1,inter_process,memfd,1048576,4,518874656355290,409665,518874657248597,893307
reserve,1,inter_process,memfd,1048576,5,518874756410866,371792,518874757231229,820363
reserve,1,inter_process,memfd,1048576,6,518874856415271,452430,518874857400692,985421
reserve,1,inter_process,memfd,1048576,7,518874956424340,428116,518874957406103,981763
reserve,1,inter_process,memfd,1048576,8,518875056446672,450789,518875057454209,1007537
reserve,1,inter_process,memfd,1048576,9,518875156287104,274869,518875157043005,755901
reserve,1,inter_process,memfd,1048576,10,518875256076584,157810,518875256425584,349000
reserve,1,inter_process,memfd,1048576,11,518875356423671,472788,518875357464503,1040832
reserve,1,inter_process,memfd,1048576,12,518875456404675,473274,518875457424770,1020095
reserve,1,inter_process,memfd,1048576,13,518875556402957,427016,518875557336570,933613
reserve,1,inter_process,memfd,1048576,14,518875656379067,389445,518875657244463,865396
reserve,1,inter_process,memfd,1048576,15,518875756390209,431713,518875757343366,953157
reserve,1,inter_process,memfd,1048576,16,518875856452312,353768,518875857422135,969823
reserve,1,inter_process,memfd,1048576,17,518875956379826,406486,518875957272537,892711
reserve,1,inter_process,memfd,1048576,18,518876056196859,406906,518876057091225,894366
reserve,1,inter_process,memfd,1048576,19,518876156391785,400816,518876157286334,894549
reserve,1,intra_process_va,memfd,65536,0,518879049065065,17403,518879049190167,125102
reserve,1,intra_process_va,memfd,65536,1,518879148982679,15918,518879149130635,147956
reserve,1,intra_process_va,memfd,65536,2,518879249070213,18331,518879249195724,125511
reserve,1,intra_process_va,memfd,65536,3,518879348764052,3512,518879348789352,25300
reserve,1,intra_process_va,memfd,65536,4,518879448830639,8270,518879448881512,50873
reserve,1,intra_process_va,memfd,65536,5,518879548812476,15687,518879548923023,110547
reserve,1,intra_process_va,memfd,65536,6,518879648865239,8101,518879648925300,60061
reserve,1,intra_process_va,memfd,65536,7,518879748902502,15338,518879749049489,146987
reserve,1,intra_process_va,memfd,65536,8,518879848993781,53496,518879849148765,154984
reserve,1,intra_process_va,memfd,65536,9,518879949109492,18749,518879949233844,124352
reserve,1,intra_process_va,memfd,65536,10,518880048999247,49276,518880049134840,135593
reserve,1,intra_process_va,memfd,65536,11,518880148983431,64145,518880149154938,171507
reserve,1,intra_process_va,memfd,65536,12,518880249076745,18366,518880249203489,126744
reserve,1,intra_process_va,memfd,65536,13,518880349101061,18040,518880349226365,125304
reserve,1,intra_process_va,memfd,65536,14,518880449037742,17106,518880449152805,115063
reserve,1,intra_process_va,memfd,65536,15,518880549072726,18748,518880549200521,127795
reserve,1,intra_process_va,memfd,65536,16,518880648933737,9453,518880649000045,66308
reserve,1,intra_process_va,memfd,65536,17,518880748878764,10036,518880748948055,69291
reserve,1,intra_process_va,memfd,65536,18,518880848832799,15851,518880848944865,112066
reserve,1,intra_process_va,memfd,65536,19,518880948996162,53307,518880949148779,152617
reserve,1,inter_process,cpu,1024,0,518885635689353,67208,518885635830007,140654
reserve,1,inter_process,cpu,1024,1,518885735707265,96045,518885735899999,192734
reserve,1,inter_process,cpu,1024,2,518885835946103,402387,518885836673388,727285
reserve,1,inter_process,cpu,1024,3,518885935991052,385710,518885936724323,733271
reserve,1,inter_process,cpu,1024,4,518886035933981,380115,518886036634825,700844
reserve,1,inter_process,cpu,1024,5,518886135985429,381460,518886136722974,737545
reserve,1,inter_process,cpu,1024,6,518886235959486,367691,518886236659613,700127
reserve,1,inter_process,cpu,1024,7,518886335803585,364579,518886336503269,699684
reserve,1,inter_process,cpu,1024,8,518886435790781,330915,518886436398752,607971
reserve,1,inter_process,cpu,1024,9,518886535927161,286641,518886536576406,649245
reserve,1,inter_process,cpu,1024,10,518886635687334,67369,518886635827111,139777
reserve,1,inter_process,cpu,1024,11,518886735935926,378395,518886736671145,735219
reserve,1,inter_process,cpu,1024,12,518886835990878,386196,518886836729743,738865
reserve,1,inter_process,cpu,1024,13,518886935994759,445154,518886936786564,791805
reserve,1,inter_process,cpu,1024,14,518887035991906,340462,518887036628976,637070
reserve,1,inter_process,cpu,1024,15,518887135808336,375885,518887136520246,711910
reserve,1,inter_process,cpu,1024,16,518887235938066,424314,518887236711587,773521
reserve,1,inter_process,cpu,1024,17,518887335973632,388054,518887336715672,742040
reserve,1,inter_process,cpu,1024,18,518887435967289,403027,518887436711639,744350
reserve,1,inter_process,cpu,1024,19,518887535941685,338311,518887536592942,651257
reserve,1,intra_process_va,memfd,64,0,518889440121250,15979,518889440234102,112852
reserve,1,intra_process_va,memfd,64,1,518889540108369,14751,518889540212846,104477
reserve,1,intra_process_va,memfd,64,2,518889639932249,5511,518889639976714,44465
reserve,1,intra_process_va,memfd,64,3,518889740068893,14934,518889740175879,106986
reserve,1,intra_process_va,memfd,64,4,518889839734247,3628,518889839756543,22296
reserve,1,intra_process_va,memfd,64,5,518889940127889,14676,518889940232306,104417
reserve,1,intra_process_va,memfd,64,6,518890040116980,14903,518890040223689,106709
reserve,1,intra_process_va,memfd,64,7,518890140111379,15827,518890140224280,112901
reserve,1,intra_process_va,memfd,64,8,518890240135050,15281,518890240247374,112324
reserve,1,intra_process_va,memfd,64,9,518890340176089,17142,518890340291538,115449
reserve,1,intra_process_va,memfd,64,10,518890440107078,16419,518890440220060,112982
reserve,1,intra_process_va,memfd,64,11,518890540141388,15169,518890540247922,106534
reserve,1,intra_process_va,memfd,64,12,518890639807848,6478,518890639856223,48375
reserve,1,intra_process_va,memfd,64,13,518890740114907,16099,518890740228254,113347
reserve,1,intra_process_va,memfd,64,14,518890840145581,14990,518890840257126,111545
reserve,1,intra_process_va,memfd,64,15,518890940132857,16796,518890940255873,123016
reserve,1,intra_process_va,memfd,64,16,518891040088113,14531,518891040193423,105310
reserve,1,intra_process_va,memfd,64,17,518891140117113,16869,518891140232626,115513
reserve,1,intra_process_va,memfd,64,18,518891240222775,16993,518891240345846,123071
reserve,1,intra_process_va,memfd,64,19,518891340135818,15390,518891340249074,113256
reserve,2,intra_process_va,cpu,262144,0,518893068228412,18606,518893068354998,126586
reserve,2,intra_process_va,cpu,262144,1,518893167999866,64296,518893168163474,163608
reserve,2,intra_process_va,cpu,262144,2,518893268195203,18656,518893268306507,111304
reserve,2,intra_process_va,cpu,262144,3,518893368143094,20286,518893368256940,113846
reserve,2,intra_process_va,cpu,262144,4,518893468108984,18586,518893468214412,105428
reserve,2,intra_process_va,cpu,262144,5,518893568276318,19641,518893568390903,114585
reserve,2,intra_process_va,cpu,262144,6,518893668169512,17404,518893668293562,124050
reserve,2,intra_process_va,cpu,262144,7,518893768161393,19636,518893768273100,111707
reserve,2,intra_process_va,cpu,262144,8,518893868176001,18114,518893868281607,105606
reserve,2,intra_process_va,cpu,262144,9,518893968152606,17649,518893968251464,98858
reserve,2,intra_process_va,cpu,262144,10,518894067893857,4507,518894067921282,27425
reserve,2,intra_process_va,cpu,262144,11,518894167960667,20816,518894168118320,157653
reserve,2,intra_process_va,cpu,262144,12,518894268099428,13009,518894268172678,73250
reserve,2,intra_process_va,cpu,262144,13,518894368167017,18245,518894368295943,128926
reserve,2,intra_process_va,cpu,262144,14,518894468173977,17701,518894468278493,104516
reserve,2,intra_process_va,cpu,262144,15,518894568186836,19411,518894568300696,113860
reserve,2,intra_process_va,cpu,262144,16,518894668216765,19040,518894668328212,111447
reserve,2,intra_process_va,cpu,262144,17,518894768178915,17893,518894768283292,104377
reserve,2,intra_process_va,cpu,262144,18,518894868237373,20530,518894868356912,119539
reserve,2,intra_process_va,cpu,262144,19,518894967989334,50507,518894968129953,140619
reserve,2,inter_process,memfd,64,0,518899663780444,124953,518899664120395,339951
reserve,2,inter_process,memfd,64,1,518899764142798,403670,518899765033505,890707
reserve,2,inter_process,memfd,64,2,518899864217260,423862,518899865150114,932854
reserve,2,inter_process,memfd,64,3,518899964171766,423792,518899965119577,947811
reserve,2,inter_process,memfd,64,4,518900064191991,475322,518900065234211,1042220
reserve,2,inter_process,memfd,64,5,518900164199877,459686,518900165236314,1036437
reserve,2,inter_process,memfd,64,6,518900263843185,214229,518900264291841,448656
reserve,2,inter_process,memfd,64,7,518900363859504,235271,518900364352057,492553
reserve,2,inter_process,memfd,64,8,518900464160726,401535,518900465051199,890473
reserve,2,inter_process,memfd,64,9,518900564144334,318894,518900565067824,923490
reserve,2,inter_process,memfd,64,10,518900664168890,421032,518900665122697,953807
reserve,2,inter_process,memfd,64,11,518900764185839,460667,518900765222308,1036469
reserve,2,inter_process,memfd,64,12,518900864188806,470889,518900865234168,1045362
reserve,2,inter_process,memfd,64,13,518900964133739,418169,518900965078937,945198
reserve,2,inter_process,memfd,64,14,518901064135319,446931,518901065121128,985809
reserve,2,inter_process,memfd,64,15,518901164233494,467739,518901165267463,1033969
reserve,2,inter_process,memfd,64,16,518901264134457,392310,518901264987868,853411
reserve,2,inter_process,memfd,64,17,518901364201351,469171,518901365248447,1047096
reserve,2,inter_process,memfd,64,18,518901463941805,324681,518901464782925,841120
reserve,2,inter_process,memfd,64,19,518901564175421,470216,518901565230547,1055126
reserve,2,intra_process_va,memfd,4194304,0,518904466009334,7361,518904466047164,37830
reserve,2,intra_process_va,memfd,4194304,1,518904566648352,19817,518904566762810,114458
reserve,2,intra_process_va,memfd,4194304,2,518904666902746,21706,518904667045061,142315
reserve,2,intra_process_va,memfd,4194304,3,518904766993230,45057,518904767144642,151412
reserve,2,intra_process_va,memfd,4194304,4,518904866878132,21366,518904866995499,117367
reserve,2,intra_process_va,memfd,4194304,5,518904966220130,8760,518904966273958,53828
reserve,2,intra_process_va,memfd,4194304,6,518905066946055,22533,518905067094599,148544
reserve,2,intra_process_va,memfd,4194304,7,518905167073582,23378,518905167209243,135661
reserve,2,intra_process_va,memfd,4194304,8,518905266907882,22942,518905267057372,149490
reserve,2,intra_process_va,memfd,4194304,9,518905367074895,25665,518905367207893,132998
reserve,2,intra_process_va,memfd,4194304,10,518905466759000,19709,518905466874314,115314
reserve,2,intra_process_va,memfd,4194304,11,518905566841993,20686,518905566959387,117394
reserve,2,intra_process_va,memfd,4194304,12,518905666855355,20093,518905666970949,115594
reserve,2,intra_process_va,memfd,4194304,13,518905766847341,20065,518905766960769,113428
reserve,2,intra_process_va,memfd,4194304,14,518905866921235,21357,518905867064779,143544
reserve,2,intra_process_va,memfd,4194304,15,518905967041067,24294,518905967177930,136863
reserve,2,intra_process_va,memfd,4194304,16,518906066846181,19812,518906066963300,117119
reserve,2,intra_process_va,memfd,4194304,17,518906167030820,24206,518906167166362,135542
reserve,2,intra_process_va,memfd,4194304,18,518906266873296,20892,518906266989602,116306
reserve,2,intra_process_va,memfd,4194304,19,518906366849901,20322,518906366968864,118963
reserve,2,inter_process,cpu,16384,0,518911053886051,372125,518911054584463,698412
reserve,2,inter_process,cpu,16384,1,518911153915064,379341,518911154634086,719022
reserve,2,inter_process,cpu,16384,2,518911253907191,394765,518911254663045,755854
reserve,2,inter_process,cpu,16384,3,518911353936355,401192,518911354695205,758850
reserve,2,inter_process,cpu,16384,4,518911453919811,419594,518911454693661,773850
reserve,2,inter_process,cpu,16384,5,518911553927261,384862,518911554656551,729290
reserve,2,inter_process,cpu,16384,6,518911653857751,295435,518911654423730,565979
reserve,2,inter_process,cpu,16384,7,518911753969846,417529,518911754761548,791702
reserve,2,inter_process,cpu,16384,8,518911854039222,219871,518911854650943,611721
reserve,2,inter_process,cpu,16384,9,518911953889719,268120,518911954581387,691668
reserve,2,inter_process,cpu,16384,10,518912053892436,380487,518912054618078,725642
reserve,2,inter_process,cpu,16384,11,518912153942451,383681,518912154669180,726729
reserve,2,inter_process,cpu,16384,12,518912253820981,333905,518912254478788,657807
reserve,2,inter_process,cpu,16384,13,518912353703202,359822,518912354396775,693573
reserve,2,inter_process,cpu,16384,14,518912453875805,345605,518912454532198,656393
reserve,2,inter_process,cpu,16384,15,518912553952947,353191,518912554639661,686714
reserve,2,inter_process,cpu,16384,16,518912653835062,220265,518912654339021,503959
reserve,2,inter_process,cpu,16384,17,518912753895882,389477,518912754652742,756860
reserve,2,inter_process,cpu,16384,18,518912853589706,66480,518912853728435,138729
reserve,2,inter_process,cpu,16384,19,518912953852612,355546,518912954543196,690584
reserve,2,intra_process_va,cpu,64,0,518914857938213,18915,518914858171342,233129
reserve,2,intra_process_va,cpu,64,1,518914957657595,4773,518914957685801,28206
reserve,2,intra_process_va,cpu,64,2,518915057990398,80329,518915058171375,180977
reserve,2,intra_process_va,cpu,64,3,518915157949286,19785,518915158108480,159194
reserve,2,intra_process_va,cpu,64,4,518915257940952,18810,518915258098061,157109
reserve,2,intra_process_va,cpu,64,5,518915357913052,18079,518915358075378,162326
reserve,2,intra_process_va,cpu,64,6,518915457946523,17297,518915458111112,164589
reserve,2,intra_process_va,cpu,64,7,518915557943026,19244,518915558101598,158572
reserve,2,intra_process_va,cpu,64,8,518915657930447,17250,518915658065400,134953
reserve,2,intra_process_va,cpu,64,9,518915757927293,17413,518915758071936,144643
reserve,2,intra_process_va,cpu,64,10,518915857926992,17386,518915858070794,143802
reserve,2,intra_process_va,cpu,64,11,518915957909852,17844,518915958057323,147471
reserve,2,intra_process_va,cpu,64,12,518916057931291,16045,518916058078488,147197
reserve,2,intra_process_va,cpu,64,13,518916157940941,19487,518916158099062,158121
reserve,2,intra_process_va,cpu,64,14,518916257947713,18776,518916258103986,156273
reserve,2,intra_process_va,cpu,64,15,518916357934725,19086,518916358094632,159907
reserve,2,intra_process_va,cpu,64,16,518916457896945,15765,518916457998636,101691
reserve,2,intra_process_va,cpu,64,17,518916557817870,14875,518916557908205,90335
reserve,2,intra_process_va,cpu,64,18,518916657907278,15870,518916658044353,137075
reserve,2,intra_process_va,cpu,64,19,518916757872462,15040,518916757967561,95099
reserve,2,intra_process_va,memfd,1024,0,518918489139424,15989,518918489256463,117039
reserve,2,intra_process_va,memfd,1024,1,518918589172118,18194,518918589298389,126271
reserve,2,intra_process_va,memfd,1024,2,518918689137963,17391,518918689258058,120095
reserve,2,intra_process_va,memfd,1024,3,518918789167417,18385,518918789293334,125917
reserve,2,intra_process_va,memfd,1024,4,518918889122812,16554,518918889233708,110896
reserve,2,intra_process_va,memfd,1024,5,518918989098433,15798,518918989209333,110900
reserve,2,intra_process_va,memfd,1024,6,518919088750648,3795,518919088775213,24565
reserve,2,intra_process_va,memfd,1024,7,518919189082956,15929,518919189191985,109029
reserve,2,intra_process_va,memfd,1024,8,518919289082433,15221,518919289191770,109337
reserve,2,intra_process_va,memfd,1024,9,518919389062000,3690,518919389087567,25567
reserve,2,intra_process_va,memfd,1024,10,518919489097997,16967,518919489217810,119813
reserve,2,intra_process_va,memfd,1024,11,518919589114944,17261,518919589232142,117198
reserve,2,intra_process_va,memfd,1024,12,518919689226140,17544,518919689352345,126205
reserve,2,intra_process_va,memfd,1024,13,518919789105620,17112,518919789223553,117933
reserve,2,intra_process_va,memfd,1024,14,518919889073030,15049,518919889179394,106364
reserve,2,intra_process_va,memfd,1024,15,518919989220481,15330,518919989335715,115234
reserve,2,intra_process_va,memfd,1024,16,518920089115508,17726,518920089231534,116026
reserve,2,intra_process_va,memfd,1024,17,518920189124736,17910,518920189266304,141568
reserve,2,intra_process_va,memfd,1024,18,518920289146443,17248,518920289270338,123895
reserve,2,intra_process_va,memfd,1024,19,518920389053324,17605,518920389171675,118351
reserve,2,intra_process_va,memfd,262144,0,518922103158489,16647,518922103267334,108845
reserve,2,intra_process_va,memfd,262144,1,518922203181259,19036,518922203307636,126377
reserve,2,intra_process_va,memfd,262144,2,518922303088938,19242,518922303208611,119673
reserve,2,intra_process_va,memfd,262144,3,518922403158682,16659,518922403268152,109470
reserve,2,intra_process_va,memfd,262144,4,518922503152495,16799,518922503262886,110391
reserve,2,intra_process_va,memfd,262144,5,518922603047332,12556,518922603121909,74577
reserve,2,intra_process_va,memfd,262144,6,518922703185966,17382,518922703301947,115981
reserve,2,intra_process_va,memfd,262144,7,518922803152107,17288,518922803261512,109405
reserve,2,intra_process_va,memfd,262144,8,518922903075952,4147,518922903100748,24796
reserve,2,intra_process_va,memfd,262144,9,518923003161671,17612,518923003271427,109756
reserve,2,intra_process_va,memfd,262144,10,518923103172617,18463,518923103292766,120149
reserve,2,intra_process_va,memfd,262144,11,518923203250503,18115,518923203368895,118392
reserve,2,intra_process_va,memfd,262144,12,518923302761204,3725,518923302784376,23172
reserve,2,intra_process_va,memfd,262144,13,518923402942801,6951,518923402988829,46028
reserve,2,intra_process_va,memfd,262144,14,518923503152941,17565,518923503269836,116895
reserve,2,intra_process_va,memfd,262144,15,518923603045809,13980,518923603133972,88163
reserve,2,intra_process_va,memfd,262144,16,518923703201486,17074,518923703317952,116466
reserve,2,intra_process_va,memfd,262144,17,518923803200596,16991,518923803317364,116768
reserve,2,intra_process_va,memfd,262144,18,518923903234349,18816,518923903359692,125343
reserve,2,intra_process_va,memfd,262144,19,518924003042934,12952,518924003124551,81617
reserve,2,inter_process,memfd,16384,0,518928705080885,408568,518928705970189,889304
reserve,2,inter_process,memfd,16384,1,518928805222920,471474,518928806266205,1043285
reserve,2,inter_process,memfd,16384,2,518928905251510,465511,518928906293181,1041671
reserve,2,inter_process,memfd,16384,3,518929005183893,421128,518929006138613,954720
reserve,2,inter_process,memfd,16384,4,518929105134771,465146,518929106145722,1010951
reserve,2,inter_process,memfd,16384,5,518929205133869,337070,518929205869805,735936
reserve,2,inter_process,memfd,16384,6,518929305143311,394643,518929306031547,888236
reserve,2,inter_process,memfd,16384,7,518929405149915,399906,518929406041426,891511
reserve,2,inter_process,memfd,16384,8,518929504945145,444701,518929505871353,926208
reserve,2,inter_process,memfd,16384,9,518929604935694,89248,518929605135836,200142
reserve,2,inter_process,memfd,16384,10,518929705142844,386113,518929706099381,956537
reserve,2,inter_process,memfd,16384,11,518929805238123,397293,518929806157652,919529
reserve,2,inter_process,memfd,16384,12,518929905166895,418464,518929906145457,978562
reserve,2,inter_process,memfd,16384,13,518930004988538,516115,518930006057362,1068824
reserve,2,inter_process,memfd,16384,14,518930105238237,413981,518930106174441,936204
reserve,2,inter_process,memfd,16384,15,518930206053509,96218,518930206275135,221626
reserve,2,inter_process,memfd,16384,16,518930305222014,436127,518930306147412,925398
reserve,2,inter_process,memfd,16384,17,518930405249149,471843,518930406302840,1053691
reserve,2,inter_process,memfd,16384,18,518930505217924,365803,518930506180370,962446
reserve,2,inter_process,memfd,16384,19,518930605091163,363055,518930605875607,784444
reserve,2,inter_process,cpu,1024,0,518936455938719,408152,518936456691367,752648
reserve,2,inter_process,cpu,1024,1,518936555944929,404049,518936556690664,745735
reserve,2,inter_process,cpu,1024,2,518936657384645,165065,518936657711735,327090
reserve,2,inter_process,cpu,1024,3,518936755885747,380256,518936756582626,696879
reserve,2,inter_process,cpu,1024,4,518936855809148,164135,518936856145260,336112
reserve,2,inter_process,cpu,1024,5,518936955736473,200266,518936956141550,405077
reserve,2,inter_process,cpu,1024,6,518937055912653,352194,518937056568988,656335
reserve,2,inter_process,cpu,1024,7,518937155918060,331714,518937156550659,632599
reserve,2,inter_process,cpu,1024,8,518937255976754,353231,518937256595483,618729
reserve,2,inter_process,cpu,1024,9,518937355857910,138318,518937356249684,391774
reserve,2,inter_process,cpu,1024,10,518937455921533,351347,518937456575153,653620
reserve,2,inter_process,cpu,1024,11,518937555922865,308966,518937556510908,588043
reserve,2,inter_process,cpu,1024,12,518937655837411,88289,518937656025220,187809
reserve,2,inter_process,cpu,1024,13,518937755968370,392190,518937756665251,696881
reserve,2,inter_process,cpu,1024,14,518937855879596,335530,518937856514817,635221
reserve,2,inter_process,cpu,1024,15,518937955670876,48548,518937955792161,121285
reserve,2,inter_process,cpu,1024,16,518938055845457,238248,518938056310603,465146
reserve,2,inter_process,cpu,1024,17,518938155796384,188359,518938156178786,382402
reserve,2,inter_process,cpu,1024,18,518938255916203,230727,518938256487015,570812
reserve,2,inter_process,cpu,1024,19,518938355956347,431559,518938356746786,790439
reserve,2,inter_process,memfd,4096,0,518943561958277,408414,518943562809520,851243
reserve,2,inter_process,memfd,4096,1,518943662061355,399168,518943662921168,859813
reserve,2,inter_process,memfd,4096,2,518943761984053,367434,518943762770916,786863
reserve,2,inter_process,memfd,4096,3,518943862129558,465275,518943863137442,1007884
reserve,2,inter_process,memfd,4096,4,518943962043932,391284,518943962892629,848697
reserve,2,inter_process,memfd,4096,5,518944062151727,435208,518944063088643,936916
reserve,2,inter_process,memfd,4096,6,518944162112403,465303,518944163210635,1098232
reserve,2,inter_process,memfd,4096,7,518944261841389,87390,518944262065217,223828
reserve,2,inter_process,memfd,4096,8,518944362102487,469365,518944363151884,1049397
reserve,2,inter_process,memfd,4096,9,518944462123990,287299,518944462901070,777080
reserve,2,inter_process,memfd,4096,10,518944562116189,478427,518944563188823,1072634
reserve,2,inter_process,memfd,4096,11,518944662115337,393572,518944662955436,840099
reserve,2,inter_process,memfd,4096,12,518944761958970,316794,518944762626441,667471
reserve,2,inter_process,memfd,4096,13,518944862079001,421223,518944862995814,916813
reserve,2,inter_process,memfd,4096,14,518944962170870,419647,518944963118199,947329
reserve,2,inter_process,memfd,4096,15,518945062035708,399266,518945062897851,862143
reserve,2,inter_process,memfd,4096,16,518945162141376,464019,518945163181503,1040127
reserve,2,inter_process,memfd,4096,17,518945261990085,441120,518945262895476,905391
reserve,2,inter_process,memfd,4096,18,518945362094214,461848,518945363162666,1068452
reserve,2,inter_process,memfd,4096,19,518945462089694,412638,518945462982475,892781
reserve,2,inter_process,cpu,64,0,518951654032820,198891,518951654441963,409143
reserve,2,inter_process,cpu,64,1,518951754134055,294326,518951754729784,595729
reserve,2,inter_process,cpu,64,2,518951854168060,310402,518951854806199,638139
reserve,2,inter_process,cpu,64,3,518951954167201,347928,518951954874602,707401
reserve,2,inter_process,cpu,64,4,518952054162396,344132,518952054863225,700829
reserve,2,inter_process,cpu,64,5,518952154131036,312763,518952154766022,634986
reserve,2,inter_process,cpu,64,6,518952254056804,356536,518952254750027,693223
reserve,2,inter_process,cpu,64,7,518952354174084,298489,518952354850474,676390
reserve,2,inter_process,cpu,64,8,518952454136762,314423,518952454771745,634983
reserve,2,inter_process,cpu,64,9,518952553965361,168494,518952554405343,439982
reserve,2,inter_process,cpu,64,10,518952653896683,76721,518952654063148,166465
reserve,2,inter_process,cpu,64,11,518952754178522,341790,518952754877927,699405
reserve,2,inter_process,cpu,64,12,518952854167737,306911,518952854795035,627298
reserve,2,inter_process,cpu,64,13,518952954132777,309014,518952954761748,628971
reserve,2,inter_process,cpu,64,14,518953054102550,294424,518953054694360,591810
reserve,2,inter_process,cpu,64,15,518953154168982,206635,518953154763421,594439
reserve,2,inter_process,cpu,64,16,518953254087023,303623,518953254728439,641416
reserve,2,inter_process,cpu,64,17,518953354044651,320957,518953354697931,653280
reserve,2,inter_process,cpu,64,18,518953454164399,345977,518953454865348,700949
reserve,2,inter_process,cpu,64,19,518953554108270,299131,518953554726808,618538
reserve,2,inter_process,cpu,65536,0,518958428919356,431277,518958429587675,668319
reserve,2,inter_process,cpu,65536,1,518958528939173,427853,518958529602102,662929
reserve,2,inter_process,cpu,65536,2,518958628851637,319558,518958629357450,505813
reserve,2,inter_process,cpu,65536,3,518958728944414,292217,518958729609319,664905
reserve,2,inter_process,cpu,65536,4,518958828965599,452780,518958829679259,713660
reserve,2,inter_process,cpu,65536,5,518958928686046,88135,518958928842990,156944
reserve,2,inter_process,cpu,65536,6,518959028916616,409362,518959029563800,647184
reserve,2,inter_process,cpu,65536,7,518959128940141,422279,518959129602139,661998
reserve,2,inter_process,cpu,65536,8,518959228774686,323461,518959229302429,527743
reserve,2,inter_process,cpu,65536,9,518959328910187,311469,518959329531913,621726
reserve,2,inter_process,cpu,65536,10,518959428974882,466535,518959429704239,729357
reserve,2,inter_process,cpu,65536,11,518959528940983,425341,518959529604521,663538
reserve,2,inter_process,cpu,65536,12,518959633117315,180500,518959633547080,429765
reserve,2,inter_process,cpu,65536,13,518959728970530,502400,518959729744689,774159
reserve,2,inter_process,cpu,65536,14,518959828937068,418382,518959829593753,656685
reserve,2,inter_process,cpu,65536,15,518959928969592,452852,518959929674118,704526
reserve,2,inter_process,cpu,65536,16,518960028927201,386167,518960029530548,603347
reserve,2,inter_process,cpu,65536,17,518960128912295,354831,518960129531233,618938
reserve,2,inter_process,cpu,65536,18,518960228920445,499956,518960229686150,765705
reserve,2,inter_process,cpu,65536,19,518960329036413,399121,518960329710168,673755
reserve,2,intra_process_va,memfd,1048576,0,518962254191989,17240,518962254300242,108253
reserve,2,intra_process_va,memfd,1048576,1,518962354043511,17656,518962354132227,88716
reserve,2,intra_process_va,memfd,1048576,2,518962454264140,19101,518962454376680,112540
reserve,2,intra_process_va,memfd,1048576,3,518962554306494,19742,518962554426144,119650
reserve,2,intra_process_va,memfd,1048576,4,518962654113147,11857,518962654187332,74185
reserve,2,intra_process_va,memfd,1048576,5,518962754218061,17393,518962754322174,104113
reserve,2,intra_process_va,memfd,1048576,6,518962854298209,19146,518962854432458,134249
reserve,2,intra_process_va,memfd,1048576,7,518962954216651,18958,518962954331085,114434
reserve,2,intra_process_va,memfd,1048576,8,518963053946076,9190,518963054018121,72045
reserve,2,intra_process_va,memfd,1048576,9,518963154070538,9939,518963154132762,62224
reserve,2,intra_process_va,memfd,1048576,10,518963254255673,18522,518963254368725,113052
reserve,2,intra_process_va,memfd,1048576,11,518963354230657,17572,518963354333742,103085
reserve,2,intra_process_va,memfd,1048576,12,518963454063056,18700,518963454171380,108324
reserve,2,intra_process_va,memfd,1048576,13,518963554267110,18690,518963554380131,113021
reserve,2,intra_process_va,memfd,1048576,14,518963654254071,14531,518963654345023,90952
reserve,2,intra_process_va,memfd,1048576,15,518963754287561,19710,518963754419391,131830
reserve,2,intra_process_va,memfd,1048576,16,518963854242651,18897,518963854355439,112788
reserve,2,intra_process_va,memfd,1048576,17,518963954259176,18724,518963954373392,114216
reserve,2,intra_process_va,memfd,1048576,18,518964054069316,18362,518964054176944,107628
reserve,2,intra_process_va,memfd,1048576,19,518964154291345,21032,518964154435468,144123
reserve,2,intra_process_va,memfd,16384,0,518965880137446,15782,518965880250627,113181
reserve,2,intra_process_va,memfd,16384,1,518965980111885,15237,518965980218800,106915
reserve,2,intra_process_va,memfd,16384,2,518966080125014,16721,518966080240350,115336
reserve,2,intra_process_va,memfd,16384,3,518966180139839,16203,518966180251571,111732
reserve,2,intra_process_va,memfd,16384,4,518966280081769,11449,518966280173571,91802
reserve,2,intra_process_va,memfd,16384,5,518966379873224,10862,518966379954645,81421
reserve,2,intra_process_va,memfd,16384,6,518966480120184,16871,518966480235573,115389
reserve,2,intra_process_va,memfd,16384,7,518966580031073,14950,518966580133678,102605
reserve,2,intra_process_va,memfd,16384,8,518966679886069,13417,518966679984811,98742
reserve,2,intra_process_va,memfd,16384,9,518966780272119,15207,518966780400927,128808
reserve,2,intra_process_va,memfd,16384,10,518966880095052,15511,518966880216713,121661
reserve,2,intra_process_va,memfd,16384,11,518966979970059,8687,518966980052513,82454
reserve,2,intra_process_va,memfd,16384,12,518967079995205,43737,518967080120299,125094
reserve,2,intra_process_va,memfd,16384,13,518967180119945,16596,518967180235448,115503
reserve,2,intra_process_va,memfd,16384,14,518967279718100,3719,518967279740791,22691
reserve,2,intra_process_va,memfd,16384,15,518967380051003,14241,518967380150254,99251
reserve,2,intra_process_va,memfd,16384,16,518967480062455,15979,518967480167749,105294
reserve,2,intra_process_va,memfd,16384,17,518967580073835,14251,518967580175063,101228
reserve,2,intra_process_va,memfd,16384,18,518967680095918,14830,518967680205687,109769
reserve,2,intra_process_va,memfd,16384,19,518967779876834,13452,518967779968247,91413
reserve,2,intra_process_va,cpu,1048576,0,518969493349535,21017,518969493457888,108353
reserve,2,intra_process_va,cpu,1048576,1,518969593360465,22821,518969593470791,110326
reserve,2,intra_process_va,cpu,1048576,2,518969693324412,19497,518969693426118,101706
reserve,2,intra_process_va,cpu,1048576,3,518969793453937,22149,518969793571657,117720
reserve,2,intra_process_va,cpu,1048576,4,518969893316211,18730,518969893410174,93963
reserve,2,intra_process_va,cpu,1048576,5,518969993138024,19756,518969993236233,98209
reserve,2,intra_process_va,cpu,1048576,6,518970093451797,21936,518970093566368,114571
reserve,2,intra_process_va,cpu,1048576,7,518970193344640,20715,518970193452138,107498
reserve,2,intra_process_va,cpu,1048576,8,518970293404476,22961,518970293523309,118833
reserve,2,intra_process_va,cpu,1048576,9,518970393362449,20755,518970393468622,106173
reserve,2,intra_process_va,cpu,1048576,10,518970493239438,16197,518970493321256,81818
reserve,2,intra_process_va,cpu,1048576,11,518970593319483,20017,518970593422644,103161
reserve,2,intra_process_va,cpu,1048576,12,518970693401146,22028,518970693515800,114654
reserve,2,intra_process_va,cpu,1048576,13,518970793387650,22367,518970793502573,114923
reserve,2,intra_process_va,cpu,1048576,14,518970893071440,15917,518970893150897,79457
reserve,2,intra_process_va,cpu,1048576,15,518970993369275,22335,518970993484629,115354
reserve,2,intra_process_va,cpu,1048576,16,518971093378887,21771,518971093485987,107100
reserve,2,intra_process_va,cpu,1048576,17,518971193383502,21464,518971193500022,116520
reserve,2,intra_process_va,cpu,1048576,18,518971293342671,21921,518971293450007,107336
reserve,2,intra_process_va,cpu,1048576,19,518971393391723,20946,518971393506570,114847
reserve,2,intra_process_va,memfd,16777216,0,518973138412163,19908,518973138525344,113181
reserve,2,intra_process_va,memfd,16777216,1,518973238309047,16449,518973238397910,88863
reserve,2,intra_process_va,memfd,16777216,2,518973338016148,15194,518973338100714,84566
reserve,2,intra_process_va,memfd,16777216,3,518973438274573,17912,518973438375232,100659
reserve,2,intra_process_va,memfd,16777216,4,518973535816376,8530,518973535849688,33312
reserve,2,intra_process_va,memfd,16777216,5,518973636155226,4840,518973636180014,24788
reserve,2,intra_process_va,memfd,16777216,6,518973738500460,21786,518973738616671,116211
reserve,2,intra_process_va,memfd,16777216,7,518973838025054,17326,518973838112754,87700
reserve,2,intra_process_va,memfd,16777216,8,518973937720982,15358,518973937806213,85231
reserve,2,intra_process_va,memfd,16777216,9,518974038555152,21093,518974038671877,116725
reserve,2,intra_process_va,memfd,16777216,10,518974138284515,16922,518974138381398,96883
reserve,2,intra_process_va,memfd,16777216,11,518974238222735,16027,518974238310993,88258
reserve,2,intra_process_va,memfd,16777216,12,518974337527119,15665,518974337599804,72685
reserve,2,intra_process_va,memfd,16777216,13,518974438515038,21423,518974438642780,127742
reserve,2,intra_process_va,memfd,16777216,14,518974538501222,21884,518974538617209,115987
reserve,2,intra_process_va,memfd,16777216,15,518974637813173,11056,518974637867517,54344
reserve,2,intra_process_va,memfd,16777216,16,518974738385388,16875,518974738479570,94182
reserve,2,intra_process_va,memfd,16777216,17,518974838487063,19746,518974838597412,110349
reserve,2,intra_process_va,memfd,16777216,18,518974938373738,17038,518974938465890,92152
reserve,2,intra_process_va,memfd,16777216,19,518975038348360,19470,518975038461249,112889
reserve,2,intra_process_va,memfd,65536,0,518976767218059,11454,518976767299898,81839
reserve,2,intra_process_va,memfd,65536,1,518976867065198,3824,518976867090850,25652
reserve,2,intra_process_va,memfd,65536,2,518976967290301,13974,518976967392272,101971
reserve,2,intra_process_va,memfd,65536,3,518977067304173,14225,518977067404507,100334
reserve,2,intra_process_va,memfd,65536,4,518977167327848,15940,518977167437979,110131
reserve,2,intra_process_va,memfd,65536,5,518977267320228,15462,518977267428220,107992
reserve,2,intra_process_va,memfd,65536,6,518977367196004,15342,518977367297591,101587
reserve,2,intra_process_va,memfd,65536,7,518977467322324,15054,518977467432591,110267
reserve,2,intra_process_va,memfd,65536,8,518977567352185,15265,518977567460071,107886
reserve,2,intra_process_va,memfd,65536,9,518977667160588,9145,518977667224414,63826
reserve,2,intra_process_va,memfd,65536,10,518977767160513,3747,518977767184586,24073
reserve,2,intra_process_va,memfd,65536,11,518977867285132,11663,518977867367441,82309
reserve,2,intra_process_va,memfd,65536,12,518977967573371,15458,518977967682154,108783
reserve,2,intra_process_va,memfd,65536,13,518978067327327,15660,518978067437633,110306
reserve,2,intra_process_va,memfd,65536,14,518978167352760,17401,518978167480402,127642
reserve,2,intra_process_va,memfd,65536,15,518978267349958,16356,518978267465007,115049
reserve,2,intra_process_va,memfd,65536,16,518978367404374,17465,518978367525524,121150
reserve,2,intra_process_va,memfd,65536,17,518978467376572,17966,518978467504007,127435
reserve,2,intra_process_va,memfd,65536,18,518978567249471,13275,518978567341321,91850
reserve,2,intra_process_va,memfd,65536,19,518978667297654,14340,518978667398439,100785
reserve,2,inter_process,memfd,4194304,0,518983358780156,331793,518983359466741,686585
reserve,2,inter_process,memfd,4194304,1,518983458950991,433540,518983459858688,907697
reserve,2,inter_process,memfd,4194304,2,518983559023171,309825,518983559849031,825860
reserve,2,inter_process,memfd,4194304,3,518983658913623,382086,518983659697764,784141
reserve,2,inter_process,memfd,4194304,4,518983758990562,438415,518983759871260,880698
reserve,2,inter_process,memfd,4194304,5,518983858975856,425781,518983859864936,889080
reserve,2,inter_process,memfd,4194304,6,518983958180406,135083,518983958469438,289032
reserve,2,inter_process,memfd,4194304,7,518984058939552,452658,518984059855887,916335
reserve,2,inter_process,memfd,4194304,8,518984159125816,457870,518984160103015,977199
reserve,2,inter_process,memfd,4194304,9,518984259199650,337710,518984260082001,882351
reserve,2,inter_process,memfd,4194304,10,518984359257662,73674,518984359483511,225849
reserve,2,inter_process,memfd,4194304,11,518984458959359,431230,518984459854485,895126
reserve,2,inter_process,memfd,4194304,12,518984558949116,435351,518984559851787,902671
reserve,2,inter_process,memfd,4194304,13,518984658905155,370542,518984659674523,769368
reserve,2,inter_process,memfd,4194304,14,518984759137122,455262,518984760122695,985573
reserve,2,inter_process,memfd,4194304,15,518984859072223,431056,518984859975704,903481
reserve,2,inter_process,memfd,4194304,16,518984959065735,454138,518984959964586,898851
reserve,2,inter_process,memfd,4194304,17,518985059065637,452090,518985059957744,892107
reserve,2,inter_process,memfd,4194304,18,518985158979236,428111,518985159874241,895005
reserve,2,inter_process,memfd,4194304,19,518985258970916,431533,518985259819803,848887
reserve,2,inter_process,cpu,1048576,0,518991110388128,1356403,518991123688629,13300501
reserve,2,inter_process,cpu,1048576,1,518991210327580,1479023,518991223450763,13123183
reserve,2,inter_process,cpu,1048576,2,518991310357315,1492585,518991323654750,13297435
reserve,2,inter_process,cpu,1048576,3,518991410318556,1475181,518991423682656,13364100
reserve,2,inter_process,cpu,1048576,4,518991510372764,1510472,518991523738188,13365424
reserve,2,inter_process,cpu,1048576,5,518991610350193,1494373,518991623439810,13089617
reserve,2,inter_process,cpu,1048576,6,518991710327825,1484958,518991723447700,13119875
reserve,2,inter_process,cpu,1048576,7,518991810342963,1463495,518991823824118,13481155
reserve,2,inter_process,cpu,1048576,8,518991910271845,1437845,518991923439790,13167945
reserve,2,inter_process,cpu,1048576,9,518992010420742,1468739,518992023636506,13215764
reserve,2,inter_process,cpu,1048576,10,518992110353528,1478308,518992123663069,13309541
reserve,2,inter_process,cpu,1048576,11,518992210381042,1474299,518992223636150,13255108
reserve,2,inter_process,cpu,1048576,12,518992310312116,1511178,518992322557854,12245738
reserve,2,inter_process,cpu,1048576,13,518992409885968,342892,518992420969336,11083368
reserve,2,inter_process,cpu,1048576,14,518992510386357,1512697,518992523702691,13316334
reserve,2,inter_process,cpu,1048576,15,518992610417947,1656133,518992612754248,2336301
reserve,2,inter_process,cpu,1048576,16,518992710454087,1362727,518992723989989,13535902
reserve,2,inter_process,cpu,1048576,17,518992810431879,1682900,518992812783210,2351331
reserve,2,inter_process,cpu,1048576,18,518992910399339,1641070,518992923538814,13139475
reserve,2,inter_process,cpu,1048576,19,518993010396278,1668731,518993012728355,2332077
reserve,2,intra_process_va,cpu,4194304,0,518994917512933,21504,518994917617709,104776
reserve,2,intra_process_va,cpu,4194304,1,518995017550934,23750,518995017657631,106697
reserve,2,intra_process_va,cpu,4194304,2,518995117596502,21988,518995117701353,104851
reserve,2,intra_process_va,cpu,4194304,3,518995217587702,22551,518995217694051,106349
reserve,2,intra_process_va,cpu,4194304,4,518995317699377,23593,518995317812854,113477
reserve,2,intra_process_va,cpu,4194304,5,518995417577107,22682,518995417684842,107735
reserve,2,intra_process_va,cpu,4194304,6,518995517596628,22572,518995517703912,107284
reserve,2,intra_process_va,cpu,4194304,7,518995616629712,15691,518995616694590,64878
reserve,2,intra_process_va,cpu,4194304,8,518995715988734,6546,518995716020176,31442
reserve,2,intra_process_va,cpu,4194304,9,518995817568980,23480,518995817676275,107295
reserve,2,intra_process_va,cpu,4194304,10,518995916462809,11604,518995916515766,52957
reserve,2,intra_process_va,cpu,4194304,11,518996017446465,22643,518996017549770,103305
reserve,2,intra_process_va,cpu,4194304,12,518996117225031,22233,518996117327957,102926
reserve,2,intra_process_va,cpu,4194304,13,518996217205804,23324,518996217311073,105269
reserve,2,intra_process_va,cpu,4194304,14,518996317078092,18646,518996317166234,88142
reserve,2,intra_process_va,cpu,4194304,15,518996417053537,18241,518996417147014,93477
reserve,2,intra_process_va,cpu,4194304,16,518996517028220,17041,518996517109522,81302
reserve,2,intra_process_va,cpu,4194304,17,518996616134179,7186,518996616165154,30975
reserve,2,intra_process_va,cpu,4194304,18,518996716809776,16032,518996716888639,78863
reserve,2,intra_process_va,cpu,4194304,19,518996816653285,14050,518996816718168,64883
reserve,2,intra_process_va,cpu,4096,0,518998541950743,16594,518998542087242,136499
reserve,2,intra_process_va,cpu,4096,1,518998641685445,6037,518998641718837,33392
reserve,2,intra_process_va,cpu,4096,2,518998741919534,16129,518998742074211,154677
reserve,2,intra_process_va,cpu,4096,3,518998841923538,16448,518998842059394,135856
reserve,2,intra_process_va,cpu,4096,4,518998941902292,16767,518998942041517,139225
reserve,2,intra_process_va,cpu,4096,5,518999041935744,16857,518999042073548,137804
reserve,2,intra_process_va,cpu,4096,6,518999141883556,16223,518999141987542,103986
reserve,2,intra_process_va,cpu,4096,7,518999241984058,15731,518999242117533,133475
reserve,2,intra_process_va,cpu,4096,8,518999341909905,14512,518999342030626,120721
reserve,2,intra_process_va,cpu,4096,9,518999441911421,15821,518999442095367,183946
reserve,2,intra_process_va,cpu,4096,10,518999541888143,12753,518999541968253,80110
reserve,2,intra_process_va,cpu,4096,11,518999641665165,5370,518999641698654,33489
reserve,2,intra_process_va,cpu,4096,12,518999741859134,11060,518999741930370,71236
reserve,2,intra_process_va,cpu,4096,13,518999841885252,11829,518999841964252,79000
reserve,2,intra_process_va,cpu,4096,14,518999941870667,11145,518999941940860,70193
reserve,2,intra_process_va,cpu,4096,15,519000041867766,11239,519000041938454,70688
reserve,2,intra_process_va,cpu,4096,16,519000141959884,16496,519000142110993,151109
reserve,2,intra_process_va,cpu,4096,17,519000241899071,12580,519000241978794,79723
reserve,2,intra_process_va,cpu,4096,18,519000341912485,14844,519000342040695,128210
reserve,2,intra_process_va,cpu,4096,19,519000441909096,14744,519000442030583,121487
reserve,2,inter_process,memfd,262144,0,519005121047295,423149,519005121959710,912415
reserve,2,inter_process,memfd,262144,1,519005221105573,408481,519005221996612,891039
reserve,2,inter_process,memfd,262144,2,519005321087217,401545,519005321949609,862392
reserve,2,inter_process,memfd,262144,3,519005421112126,408742,519005421985510,873384
reserve,2,inter_process,memfd,262144,4,519005521166465,448097,519005522161626,995161
reserve,2,inter_process,memfd,262144,5,519005621120326,405713,519005621981290,860964
reserve,2,inter_process,memfd,262144,6,519005721116412,435277,519005721952194,835782
reserve,2,inter_process,memfd,262144,7,519005821160648,406128,519005822053475,892827
reserve,2,inter_process,memfd,262144,8,519005921105357,405552,519005921972380,867023
reserve,2,inter_process,memfd,262144,9,519006021166696,288405,519006021957937,791241
reserve,2,inter_process,memfd,262144,10,519006121076372,348109,519006121897767,821395
reserve,2,inter_process,memfd,262144,11,519006220984270,337347,519006221714866,730596
reserve,2,inter_process,memfd,262144,12,519006321047305,409071,519006321916062,868757
reserve,2,inter_process,memfd,262144,13,519006421087086,387067,519006421936273,849187
reserve,2,inter_process,memfd,262144,14,519006521073423,411010,519006521946734,873311
reserve,2,inter_process,memfd,262144,15,519006621088126,368016,519006621878945,790819
reserve,2,inter_process,memfd,262144,16,519006720912809,403024,519006721688299,775490
reserve,2,inter_process,memfd,262144,17,519006820881220,304466,519006821630362,749142
reserve,2,inter_process,memfd,262144,18,519006921059921,343108,519006921795722,735801
reserve,2,inter_process,memfd,262144,19,519007020703944,99353,519007020915355,211411
reserve,2,intra_process_va,cpu,16777216,0,519009907917262,15174,519009907985921,68659
reserve,2,intra_process_va,cpu,16777216,1,519010007588995,14937,519010007653682,64687
reserve,2,intra_process_va,cpu,16777216,2,519010107431997,14428,519010107495422,63425
reserve,2,intra_process_va,cpu,16777216,3,519010206331739,13802,519010206393623,61884
reserve,2,intra_process_va,cpu,16777216,4,519010307401428,14488,519010307467116,65688
reserve,2,intra_process_va,cpu,16777216,5,519010406581313,13311,519010406637759,56446
reserve,2,intra_process_va,cpu,16777216,6,519010504402023,7376,519010504431750,29727
reserve,2,intra_process_va,cpu,16777216,7,519010604649071,8480,519010604683039,33968
reserve,2,intra_process_va,cpu,16777216,8,519010707789286,15168,519010707860317,71031
reserve,2,intra_process_va,cpu,16777216,9,519010808247723,15092,519010808316971,69248
reserve,2,intra_process_va,cpu,16777216,10,519010908695166,16544,519010908772475,77309
reserve,2,intra_process_va,cpu,16777216,11,519011008321939,16180,519011008393043,71104
reserve,2,intra_process_va,cpu,16777216,12,519011107774973,14574,519011107846405,71432
reserve,2,intra_process_va,cpu,16777216,13,519011204809315,8816,519011204845139,35824
reserve,2,intra_process_va,cpu,16777216,14,519011307775828,14885,519011307847214,71386
reserve,2,intra_process_va,cpu,16777216,15,519011407805069,15196,519011407875344,70275
reserve,2,intra_process_va,cpu,16777216,16,519011508152805,14639,519011508221315,68510
reserve,2,intra_process_va,cpu,16777216,17,519011606319227,13346,519011606381198,61971
reserve,2,intra_process_va,cpu,16777216,18,519011706407649,13678,519011706469346,61697
reserve,2,intra_process_va,cpu,16777216,19,519011806300387,12977,519011806358002,57615
reserve,2,intra_process_va,cpu,1024,0,519013522941859,16387,519013523080092,138233
reserve,2,intra_process_va,cpu,1024,1,519013622924015,18329,519013623089275,165260
reserve,2,intra_process_va,cpu,1024,2,519013722946479,16650,519013723102032,155553
reserve,2,intra_process_va,cpu,1024,3,519013822999501,78008,519013823170969,171468
reserve,2,intra_process_va,cpu,1024,4,519013922957216,18402,519013923112210,154994
reserve,2,intra_process_va,cpu,1024,5,519014022947277,16777,519014023101960,154683
reserve,2,intra_process_va,cpu,1024,6,519014122942368,16357,519014123078097,135729
reserve,2,intra_process_va,cpu,1024,7,519014222926247,15613,519014223055304,129057
reserve,2,intra_process_va,cpu,1024,8,519014322901056,14923,519014322993573,92517
reserve,2,intra_process_va,cpu,1024,9,519014422891102,14927,519014422984410,93308
reserve,2,intra_process_va,cpu,1024,10,519014522863403,12444,519014522948315,84912
reserve,2,intra_process_va,cpu,1024,11,519014622946725,15511,519014623074199,127474
reserve,2,intra_process_va,cpu,1024,12,519014722894604,12262,519014722973577,78973
reserve,2,intra_process_va,cpu,1024,13,519014822914855,14230,519014823053981,139126
reserve,2,intra_process_va,cpu,1024,14,519014922898979,12727,519014922979264,80285
reserve,2,intra_process_va,cpu,1024,15,519015022863012,15080,519015022958117,95105
reserve,2,intra_process_va,cpu,1024,16,519015123527649,16692,519015123623938,96289
reserve,2,intra_process_va,cpu,1024,17,519015222939543,16858,519015223078075,138532
reserve,2,intra_process_va,cpu,1024,18,519015322955358,18423,519015323118490,163132
reserve,2,intra_process_va,cpu,1024,19,519015422781883,4358,519015422804704,22821
reserve,2,inter_process,memfd,16777216,0,519020111321466,311412,519020111989234,667768
reserve,2,inter_process,memfd,16777216,1,519020211038308,278554,519020211631525,593217
reserve,2,inter_process,memfd,16777216,2,519020310530067,275107,519020311118402,588335
reserve,2,inter_process,memfd,16777216,3,519020410078593,217284,519020410554327,475734
reserve,2,inter_process,memfd,16777216,4,519020511227167,89550,519020511422537,195370
reserve,2,inter_process,memfd,16777216,5,519020612808078,609493,519020613691835,883757
reserve,2,inter_process,memfd,16777216,6,519020711331313,349745,519020712042430,711117
reserve,2,inter_process,memfd,16777216,7,519020811605784,387771,519020812378754,772970
reserve,2,inter_process,memfd,16777216,8,519020911408464,379790,519020912171030,762566
reserve,2,inter_process,memfd,16777216,9,519021011499348,280238,519021012197511,698163
reserve,2,inter_process,memfd,16777216,10,519021111453283,385798,519021112257508,804225
reserve,2,inter_process,memfd,16777216,11,519021211430008,390791,519021212214403,784395
reserve,2,inter_process,memfd,16777216,12,519021311452597,384722,519021312230935,778338
reserve,2,inter_process,memfd,16777216,13,519021411248879,327115,519021411920297,671418
reserve,2,inter_process,memfd,16777216,14,519021511088950,319823,519021511752557,663607
reserve,2,inter_process,memfd,16777216,15,519021609523353,216232,519021609978585,455232
reserve,2,inter_process,memfd,16777216,16,519021708680777,100393,519021708891601,210824
reserve,2,inter_process,memfd,16777216,17,519021811151944,342384,519021811841504,689560
reserve,2,inter_process,memfd,16777216,18,519021910960148,319526,519021911586328,626180
reserve,2,inter_process,memfd,16777216,19,519022010432821,271652,519022011030085,597264
reserve,2,intra_process_va,cpu,16384,0,519024894941063,15040,519024895073470,132407
reserve,2,intra_process_va,cpu,16384,1,519024994793862,15062,519024994885392,91530
reserve,2,intra_process_va,cpu,16384,2,519025094966457,13177,519025095069612,103155
reserve,2,intra_process_va,cpu,16384,3,519025194909594,10090,519025194969522,59928
reserve,2,intra_process_va,cpu,16384,4,519025294855264,14272,519025294938404,83140
reserve,2,intra_process_va,cpu,16384,5,519025395441013,19652,519025395553626,112613
reserve,2,intra_process_va,cpu,16384,6,519025494828854,16200,519025494928475,99621
reserve,2,intra_process_va,cpu,16384,7,519025595078972,17569,519025595184374,105402
reserve,2,intra_process_va,cpu,16384,8,519025694997699,46880,519025695125717,128018
reserve,2,intra_process_va,cpu,16384,9,519025794750764,5151,519025794777735,26971
reserve,2,intra_process_va,cpu,16384,10,519025894827507,4465,519025894850952,23445
reserve,2,intra_process_va,cpu,16384,11,519025994791457,16128,519025994886163,94706
reserve,2,intra_process_va,cpu,16384,12,519026094989993,47994,519026095120401,130408
reserve,2,intra_process_va,cpu,16384,13,519026195040407,15882,519026195138490,98083
reserve,2,intra_process_va,cpu,16384,14,519026294844232,15801,519026294937534,93302
reserve,2,intra_process_va,cpu,16384,15,519026395065780,15250,519026395159899,94119
reserve,2,intra_process_va,cpu,16384,16,519026494920329,14560,519026495037911,117582
reserve,2,intra_process_va,cpu,16384,17,519026594924324,10934,519026594996737,72413
reserve,2,intra_process_va,cpu,16384,18,519026694931235,9626,519026694991995,60760
reserve,2,intra_process_va,cpu,16384,19,519026794806269,12009,519026794877254,70985
reserve,2,inter_process,memfd,65536,0,519031488073582,350061,519031488839526,765944
reserve,2,inter_process,memfd,65536,1,519031588053205,267567,519031588627715,574510
reserve,2,inter_process,memfd,65536,2,519031688058184,295746,519031688698593,640409
reserve,2,inter_process,memfd,65536,3,519031788060524,296253,519031788700719,640195
reserve,2,inter_process,memfd,65536,4,519031887864746,249957,519031888388713,523967
reserve,2,inter_process,memfd,65536,5,519031987845464,286396,519031988438451,592987
reserve,2,inter_process,memfd,65536,6,519032087815588,173561,519032088225366,409778
reserve,2,inter_process,memfd,65536,7,519032187892883,88286,519032188114236,221353
reserve,2,inter_process,memfd,65536,8,519032287886842,358063,519032288641005,754163
reserve,2,inter_process,memfd,65536,9,519032387902522,305847,519032388688564,786042
reserve,2,inter_process,memfd,65536,10,519032488164035,428803,519032489127917,963882
reserve,2,inter_process,memfd,65536,11,519032588131265,394627,519032588995189,863924
reserve,2,inter_process,memfd,65536,12,519032688096884,365409,519032688889459,792575
reserve,2,inter_process,memfd,65536,13,519032788126091,401407,519032788991899,865808
reserve,2,inter_process,memfd,65536,14,519032888127643,401652,519032888988709,861066
reserve,2,inter_process,memfd,65536,15,519032988124794,403303,519032988988179,863385
reserve,2,inter_process,memfd,65536,16,519033088120082,294115,519033088913822,793740
reserve,2,inter_process,memfd,65536,17,519033188136025,401529,519033189024930,888905
reserve,2,inter_process,memfd,65536,18,519033288135730,435224,519033289064323,928593
reserve,2,inter_process,memfd,65536,19,519033388105355,366124,519033388900072,794717
reserve,2,inter_process,memfd,1048576,0,519039239066874,378340,519039239888740,821866
reserve,2,inter_process,memfd,1048576,1,519039339280719,407249,519039340203420,922701
reserve,2,inter_process,memfd,1048576,2,519039439274436,383176,519039440155637,881201
reserve,2,inter_process,memfd,1048576,3,519039539228961,352424,519039539977273,748312
reserve,2,inter_process,memfd,1048576,4,519039638868773,86192,519039639060343,191570
reserve,2,inter_process,memfd,1048576,5,519039739129890,304499,519039739821366,691476
reserve,2,inter_process,memfd,1048576,6,519039839146383,305354,519039839795278,648895
reserve,2,inter_process,memfd,1048576,7,519039939071018,299425,519039939710372,639354
reserve,2,inter_process,memfd,1048576,8,519040039053995,373030,519040039985303,931308
reserve,2,inter_process,memfd,1048576,9,519040139390173,318883,519040140260415,870242
reserve,2,inter_process,memfd,1048576,10,519040239271322,411776,519040240200269,928947
reserve,2,inter_process,memfd,1048576,11,519040339336332,456900,519040340344843,1008511
reserve,2,inter_process,memfd,1048576,12,519040439150541,347227,519040439881650,731109
reserve,2,inter_process,memfd,1048576,13,519040538871341,90078,519040539091653,220312
reserve,2,inter_process,memfd,1048576,14,519040638921639,94000,519040639141210,219571
reserve,2,inter_process,memfd,1048576,15,519040739194761,350444,519040739972870,778109
reserve,2,inter_process,memfd,1048576,16,519040839138556,270527,519040839727009,588453
reserve,2,inter_process,memfd,1048576,17,519040939111062,299666,519040939752634,641572
reserve,2,inter_process,memfd,1048576,18,519041039038056,367472,519041039818400,780344
reserve,2,inter_process,memfd,1048576,19,519041139260524,438499,519041140219683,959159
reserve,2,inter_process,cpu,262144,0,519047038969967,705967,519047039969267,999300
reserve,2,inter_process,cpu,262144,1,519047139094084,579785,519047140075993,981909
reserve,2,inter_process,cpu,262144,2,519047238983997,618369,519047239976323,992326
reserve,2,inter_process,cpu,262144,3,519047339059694,582390,519047340050132,990438
reserve,2,inter_process,cpu,262144,4,519047439088732,510111,519047439931133,842401
reserve,2,inter_process,cpu,262144,5,519047538994742,448307,519047539944178,949436
reserve,2,inter_process,cpu,262144,6,519047638802917,108835,519047638998550,195633
reserve,2,inter_process,cpu,262144,7,519047739069965,553921,519047739984935,914970
reserve,2,inter_process,cpu,262144,8,519047839103602,662336,519047840175191,1071589
reserve,2,inter_process,cpu,262144,9,519047939114803,456863,519047939927828,813025
reserve,2,inter_process,cpu,262144,10,519048038981773,546739,519048039836217,854444
reserve,2,inter_process,cpu,262144,11,519048138879938,549702,519048139765478,885540
reserve,2,inter_process,cpu,262144,12,519048238825119,324600,519048239493270,668151
reserve,2,inter_process,cpu,262144,13,519048338978193,448146,519048339704827,726634
reserve,2,inter_process,cpu,262144,14,519048438983758,503335,519048439829060,845302
reserve,2,inter_process,cpu,262144,15,519048538934615,411376,519048539618537,683922
reserve,2,inter_process,cpu,262144,16,519048638905156,110101,519048639105250,200094
reserve,2,inter_process,cpu,262144,17,519048738920077,401827,519048739554286,634209
reserve,2,inter_process,cpu,262144,18,519048838727184,241512,519048839186320,459136
reserve,2,inter_process,cpu,262144,19,519048938935615,338785,519048939729695,794080
reserve,2,inter_process,cpu,16777216,0,519053829075543,3586467,519053842554133,13478590
reserve,2,inter_process,cpu,16777216,1,519053929251064,3480326,519053942539960,13288896
reserve,2,inter_process,cpu,16777216,2,519054028498262,3560362,519054041832703,13334441
reserve,2,inter_process,cpu,16777216,3,519054129677027,3490812,519054143146843,13469816
reserve,2,inter_process,cpu,16777216,4,519054225148173,3335371,519054238251494,13103321
reserve,2,inter_process,cpu,16777216,5,519054330246745,3548720,519054343515540,13268795
reserve,2,inter_process,cpu,16777216,6,519054425026161,3321941,519054438189656,13163495
reserve,2,inter_process,cpu,16777216,7,519054529253702,3513771,519054542461146,13207444
reserve,2,inter_process,cpu,16777216,8,519054629649903,3591117,519054643023067,13373164
reserve,2,inter_process,cpu,16777216,9,519054729478020,3499167,519054742988595,13510575
reserve,2,inter_process,cpu,16777216,10,519054825429911,3336501,519054838583739,13153828
reserve,2,inter_process,cpu,16777216,11,519054929835114,3628402,519054943162561,13327447
reserve,2,inter_process,cpu,16777216,12,519055025037786,3332932,519055038140926,13103140
reserve,2,inter_process,cpu,16777216,13,519055123620856,3769851,519055138150003,14529147
reserve,2,inter_process,cpu,16777216,14,519055228883515,3531498,519055242173829,13290314
reserve,2,inter_process,cpu,16777216,15,519055325020115,3297072,519055337989767,12969652
reserve,2,inter_process,cpu,16777216,16,519055429027806,3676271,519055442300417,13272611
reserve,2,inter_process,cpu,16777216,17,519055528888226,3563642,519055542027309,13139083
reserve,2,inter_process,cpu,16777216,18,519055624315463,3291050,519055637393878,13078415
reserve,2,inter_process,cpu,16777216,19,519055728893118,3662714,519055742246295,13353177
reserve,2,inter_process,memfd,1024,0,519060959918909,425998,519060960672504,753595
reserve,2,inter_process,memfd,1024,1,519061060041653,366868,519061060839032,797379
reserve,2,inter_process,memfd,1024,2,519061160087115,369789,519061160884366,797251
reserve,2,inter_process,memfd,1024,3,519061260026314,263760,519061260595317,569003
reserve,2,inter_process,memfd,1024,4,519061359804668,178097,519061360195519,390851
reserve,2,inter_process,memfd,1024,5,519061459946009,126942,519061460214228,268219
reserve,2,inter_process,memfd,1024,6,519061560027235,298300,519061560669785,642550
reserve,2,inter_process,memfd,1024,7,519061660068399,316867,519061660728624,660225
reserve,2,inter_process,memfd,1024,8,519061760050842,283057,519061760642864,592022
reserve,2,inter_process,memfd,1024,9,519061859994170,235159,519061860602707,608537
reserve,2,inter_process,memfd,1024,10,519061959893418,354951,519061960601135,707717
reserve,2,inter_process,memfd,1024,11,519062059900089,382987,519062060675681,775592
reserve,2,inter_process,memfd,1024,12,519062159901923,375748,519062160665653,763730
reserve,2,inter_process,memfd,1024,13,519062259889023,425086,519062260768278,879255
reserve,2,inter_process,memfd,1024,14,519062359748331,85119,519062359931756,183425
reserve,2,inter_process,memfd,1024,15,519062460130452,399060,519062460991937,861485
reserve,2,inter_process,memfd,1024,16,519062560083725,292276,519062560870026,786301
reserve,2,inter_process,memfd,1024,17,519062660080181,387497,519062660912733,832552
reserve,2,inter_process,memfd,1024,18,519062759904825,402395,519062760722651,817826
reserve,2,inter_process,memfd,1024,19,519062860105584,395805,519062860933054,827470
reserve,2,inter_process,cpu,4096,0,519068707950127,285285,519068708492472,542345
reserve,2,inter_process,cpu,4096,1,519068807975378,370266,519068808672069,696691
reserve,2,inter_process,cpu,4096,2,519068908033603,303827,519068908643404,609801
reserve,2,inter_process,cpu,4096,3,519069008086359,303767,519069008693911,607552
reserve,2,inter_process,cpu,4096,4,519069107982229,282825,519069108532361,550132
reserve,2,inter_process,cpu,4096,5,519069207999709,377038,519069208717877,718168
reserve,2,inter_process,cpu,4096,6,519069307827245,311096,519069308440913,613668
reserve,2,inter_process,cpu,4096,7,519069408084145,192241,519069408621434,537289
reserve,2,inter_process,cpu,4096,8,519069507987532,304429,519069508573081,585549
reserve,2,inter_process,cpu,4096,9,519069608107667,181301,519069608624039,516372
reserve,2,inter_process,cpu,4096,10,519069707870637,221737,519069708280777,410140
reserve,2,inter_process,cpu,4096,11,519069807862056,66870,519069807998581,136525
reserve,2,inter_process,cpu,4096,12,519069907943573,250139,519069908421570,477997
reserve,2,inter_process,cpu,4096,13,519070007911711,216534,519070008333625,421914
reserve,2,inter_process,cpu,4096,14,519070107934673,199095,519070108320147,385474
reserve,2,inter_process,cpu,4096,15,519070208159287,214405,519070208602864,443577
reserve,2,inter_process,cpu,4096,16,519070307822377,339923,519070308461308,638931
reserve,2,inter_process,cpu,4096,17,519070408868721,215868,519070409431876,563155
reserve,2,inter_process,cpu,4096,18,519070507997027,351920,519070508654954,657927
reserve,2,inter_process,cpu,4096,19,519070607993295,341066,519070608652367,659072
reserve,2,intra_process_va,memfd,64,0,519072577068192,13465,519072577165050,96858
reserve,2,intra_process_va,memfd,64,1,519072677053667,13245,519072677145501,91834
reserve,2,intra_process_va,memfd,64,2,519072776805433,8971,519072776855405,49972
reserve,2,intra_process_va,memfd,64,3,519072877100078,16119,519072877208604,108526
reserve,2,intra_process_va,memfd,64,4,519072976959546,8639,519072977053725,94179
reserve,2,intra_process_va,memfd,64,5,519073077103493,16305,519073077211398,107905
reserve,2,intra_process_va,memfd,64,6,519073177090363,15718,519073177198226,107863
reserve,2,intra_process_va,memfd,64,7,519073277078697,15380,519073277184300,105603
reserve,2,intra_process_va,memfd,64,8,519073377130757,16246,519073377245231,114474
reserve,2,intra_process_va,memfd,64,9,519073477110634,16224,519073477215887,105253
reserve,2,intra_process_va,memfd,64,10,519073577081211,15376,519073577188588,107377
reserve,2,intra_process_va,memfd,64,11,519073677083276,15833,519073677191929,108653
reserve,2,intra_process_va,memfd,64,12,519073777085264,15434,519073777192883,107619
reserve,2,intra_process_va,memfd,64,13,519073877087200,16705,519073877196900,109700
reserve,2,intra_process_va,memfd,64,14,519073976750503,4059,519073976773438,22935
reserve,2,intra_process_va,memfd,64,15,519074077047793,13317,519074077142661,94868
reserve,2,intra_process_va,memfd,64,16,519074177097460,15069,519074177201791,104331
reserve,2,intra_process_va,memfd,64,17,519074277090787,14400,519074277184783,93996
reserve,2,intra_process_va,memfd,64,18,519074376956031,9055,519074377043463,87432
reserve,2,intra_process_va,memfd,64,19,519074476947982,11129,519074477049464,101482
reserve,2,inter_process,cpu,4194304,0,519079180964970,1629789,519079194828244,13863274
reserve,2,inter_process,cpu,4194304,1,519079282911114,2726403,519079296891429,13980315
reserve,2,inter_process,cpu,4194304,2,519079382226140,850989,519079395908794,13682654
reserve,2,inter_process,cpu,4194304,3,519079480223775,1897707,519079493802104,13578329
reserve,2,inter_process,cpu,4194304,4,519079581618764,2468702,519079595474300,13855536
reserve,2,inter_process,cpu,4194304,5,519079680750388,2436685,519079694561145,13810757
reserve,2,inter_process,cpu,4194304,6,519079780996838,1718529,519079782954659,1957821
reserve,2,inter_process,cpu,4194304,7,519079882066414,1081424,519079895645611,13579197
reserve,2,inter_process,cpu,4194304,8,519079982552639,1265825,519079995658000,13105361
reserve,2,inter_process,cpu,4194304,9,519080082999185,855482,519080096780245,13781060
reserve,2,inter_process,cpu,4194304,10,519080179858356,2504613,519080192193765,12335409
reserve,2,inter_process,cpu,4194304,11,519080282895159,2759154,519080296416694,13521535
reserve,2,inter_process,cpu,4194304,12,519080381349978,1429909,519080395639728,14289750
reserve,2,inter_process,cpu,4194304,13,519080482432761,2701991,519080496110915,13678154
reserve,2,inter_process,cpu,4194304,14,519080583002497,820132,519080596932253,13929756
reserve,2,inter_process,cpu,4194304,15,519080682486562,2681003,519080696828923,14342361
reserve,2,inter_process,cpu,4194304,16,519080782311914,832856,519080795837258,13525344
reserve,2,inter_process,cpu,4194304,17,519080880377899,2519141,519080892822182,12444283
reserve,2,inter_process,cpu,4194304,18,519080982820990,871654,519080996433790,13612800
reserve,2,inter_process,cpu,4194304,19,519081079242473,1936235,519081091582146,12339673
reserve,2,intra_process_va,cpu,65536,0,519082999823888,14754,519082999910902,87014
reserve,2,intra_process_va,cpu,65536,1,519083099706202,17273,519083099808961,102759
reserve,2,intra_process_va,cpu,65536,2,519083199888487,15960,519083199985735,97248
reserve,2,intra_process_va,cpu,65536,3,519083299944901,21278,519083300133291,188390
reserve,2,intra_process_va,cpu,65536,4,519083399844144,16188,519083399941540,97396
reserve,2,intra_process_va,cpu,65536,5,519083499984957,82673,519083500159208,174251
reserve,2,intra_process_va,cpu,65536,6,519083599930382,20227,519083600090639,160257
reserve,2,intra_process_va,cpu,65536,7,519083699920713,18639,519083700067369,146656
reserve,2,intra_process_va,cpu,65536,8,519083799749854,19607,519083799859891,110037
reserve,2,intra_process_va,cpu,65536,9,519083899895154,37261,519083900128218,233064
reserve,2,intra_process_va,cpu,65536,10,519083999991672,52489,519084000130921,139249
reserve,2,intra_process_va,cpu,65536,11,519084099703573,17246,519084099796762,93189
reserve,2,intra_process_va,cpu,65536,12,519084199891319,17726,519084199996049,104730
reserve,2,intra_process_va,cpu,65536,13,519084299873532,15276,519084299965639,92107
reserve,2,intra_process_va,cpu,65536,14,519084400559562,8575,519084400603899,44337
reserve,2,intra_process_va,cpu,65536,15,519084499933635,17046,519084500090848,157213
reserve,2,intra_process_va,cpu,65536,16,519084599890406,17864,519084599995709,105303
reserve,2,intra_process_va,cpu,65536,17,519084699847883,10677,519084699909878,61995
reserve,2,intra_process_va,cpu,65536,18,519084799750712,17958,519084799863545,112833
reserve,2,intra_process_va,cpu,65536,19,519084899879970,17457,519084899986188,106218
reserve,2,intra_process_va,memfd,4096,0,519086650886462,10986,519086650966824,80362
reserve,2,intra_process_va,memfd,4096,1,519086750936339,15006,519086751078941,142602
reserve,2,intra_process_va,memfd,4096,2,519086851104437,17694,519086851229044,124607
reserve,2,intra_process_va,memfd,4096,3,519086950951378,14934,519086951092175,140797
reserve,2,intra_process_va,memfd,4096,4,519087051059773,18117,519087051185912,126139
reserve,2,intra_process_va,memfd,4096,5,519087150805865,13059,519087150908360,102495
reserve,2,intra_process_va,memfd,4096,6,519087251124568,17204,519087251241144,116576
reserve,2,intra_process_va,memfd,4096,7,519087350957318,14372,519087351099903,142585
reserve,2,intra_process_va,memfd,4096,8,519087450977614,15490,519087451121027,143413
reserve,2,intra_process_va,memfd,4096,9,519087550999908,63036,519087551159941,160033
reserve,2,intra_process_va,memfd,4096,10,519087650871863,9175,519087650938098,66235
reserve,2,intra_process_va,memfd,4096,11,519087750970200,14201,519087751108328,138128
reserve,2,intra_process_va,memfd,4096,12,519087850948814,14851,519087851122368,173554
reserve,2,intra_process_va,memfd,4096,13,519087950942373,14749,519087951081204,138831
reserve,2,intra_process_va,memfd,4096,14,519088051062214,16188,519088051174910,112696
reserve,2,intra_process_va,memfd,4096,15,519088151069825,17229,519088151187258,117433
reserve,2,intra_process_va,memfd,4096,16,519088250960872,16019,519088251114097,153225
reserve,2,intra_process_va,memfd,4096,17,519088351063197,19499,519088351190218,127021
reserve,2,intra_process_va,memfd,4096,18,519088450981495,15459,519088451129581,148086
reserve,2,intra_process_va,memfd,4096,19,519088550979631,15141,519088551128321,148690
reserve,3,inter_process,cpu,1048576,0,519093246343962,1487858,519093259615544,13271582
reserve,3,inter_process,cpu,1048576,1,519093346371815,1661943,519093348709193,2337378
reserve,3,inter_process,cpu,1048576,2,519093446445198,1486803,519093459859476,13414278
reserve,3,inter_process,cpu,1048576,3,519093546302966,1520453,519093559654436,13351470
reserve,3,inter_process,cpu,1048576,4,519093646061338,739890,519093658751233,12689895
reserve,3,inter_process,cpu,1048576,5,519093746394853,1679974,519093759936759,13541906
reserve,3,inter_process,cpu,1048576,6,519093846398000,1756056,519093848807688,2409688
reserve,3,inter_process,cpu,1048576,7,519093946202953,1442137,519093959539884,13336931
reserve,3,inter_process,cpu,1048576,8,519094046313209,1453429,519094059704762,13391553
reserve,3,inter_process,cpu,1048576,9,519094146533347,1666405,519094148833517,2300170
reserve,3,inter_process,cpu,1048576,10,519094246448251,1652685,519094248758175,2309924
reserve,3,inter_process,cpu,1048576,11,519094346295657,1349479,519094359764266,13468609
reserve,3,inter_process,cpu,1048576,12,519094446452993,1661773,519094448770905,2317912
reserve,3,inter_process,cpu,1048576,13,519094546360182,1328394,519094559678429,13318247
reserve,3,inter_process,cpu,1048576,14,519094646029829,662353,519094658302010,12272181
reserve,3,inter_process,cpu,1048576,15,519094746082502,903324,519094758886633,12804131
reserve,3,inter_process,cpu,1048576,16,519094846376924,1677104,519094859584517,13207593
reserve,3,inter_process,cpu,1048576,17,519094945760002,339763,519094956590288,10830286
reserve,3,inter_process,cpu,1048576,18,519095046302976,1467266,519095059779763,13476787
reserve,3,inter_process,cpu,1048576,19,519095146502683,1488941,519095148610360,2107677
reserve,3,inter_process,cpu,4194304,0,519100023893386,928964,519100037814173,13920787
reserve,3,inter_process,cpu,4194304,1,519100123172579,836430,519100137107914,13935335
reserve,3,inter_process,cpu,4194304,2,519100223751965,830455,519100237643420,13891455
reserve,3,inter_process,cpu,4194304,3,519100323133961,827475,519100336936118,13802157
reserve,3,inter_process,cpu,4194304,4,519100423811300,843518,519100437509672,13698372
reserve,3,inter_process,cpu,4194304,5,519100524029146,827610,519100537937787,13908641
reserve,3,inter_process,cpu,4194304,6,519100623291361,842362,519100635153334,11861973
reserve,3,inter_process,cpu,4194304,7,519100723804499,887229,519100737687190,13882691
reserve,3,inter_process,cpu,4194304,8,519100823691858,840779,519100837079954,13388096
reserve,3,inter_process,cpu,4194304,9,519100923510396,845082,519100937119697,13609301
reserve,3,inter_process,cpu,4194304,10,519101023145001,871970,519101036743168,13598167
reserve,3,inter_process,cpu,4194304,11,519101123977234,949277,519101137854510,13877276
reserve,3,inter_process,cpu,4194304,12,519101218974591,1013338,519101230509225,11534634
reserve,3,inter_process,cpu,4194304,13,519101323193300,858775,519101337012164,13818864
reserve,3,inter_process,cpu,4194304,14,519101423293777,842775,519101436949199,13655422
reserve,3,inter_process,cpu,4194304,15,519101523811202,938480,519101537803183,13991981
reserve,3,inter_process,cpu,4194304,16,519101623086782,835974,519101635432803,12346021
reserve,3,inter_process,cpu,4194304,17,519101724022681,838764,519101737469055,13446374
reserve,3,inter_process,cpu,4194304,18,519101823158109,831784,519101836907506,13749397
reserve,3,inter_process,cpu,4194304,19,519101923292302,841179,519101937075322,13783020
reserve,3,inter_process,memfd,16384,0,519106814103061,386105,519106814929010,825949
reserve,3,inter_process,memfd,16384,1,519106914188545,469064,519106915242501,1053956
reserve,3,inter_process,memfd,16384,2,519107014179250,462095,519107015212652,1033402
reserve,3,inter_process,memfd,16384,3,519107114173956,423012,519107115108396,934440
reserve,3,inter_process,memfd,16384,4,519107214161829,418699,519107215087235,925406
reserve,3,inter_process,memfd,16384,5,519107314124386,421876,519107315053854,929468
reserve,3,inter_process,memfd,16384,6,519107414174113,312175,519107415037394,863281
reserve,3,inter_process,memfd,16384,7,519107513779361,94487,519107513987902,208541
reserve,3,inter_process,memfd,16384,8,519107614095211,412835,519107614967515,872304
reserve,3,inter_process,memfd,16384,9,519107714173594,307358,519107715042007,868413
reserve,3,inter_process,memfd,16384,10,519107814107988,427352,519107815062477,954489
reserve,3,inter_process,memfd,16384,11,519107914103632,460410,519107915137334,1033702
reserve,3,inter_process,memfd,16384,12,519108014210423,469743,519108015259619,1049196
reserve,3,inter_process,memfd,16384,13,519108114203984,465240,519108115247379,1043395
reserve,3,inter_process,memfd,16384,14,519108214176516,470346,519108215219219,1042703
reserve,3,inter_process,memfd,16384,15,519108314132802,420573,519108315070326,937524
reserve,3,inter_process,memfd,16384,16,519108414049081,380335,519108414850671,801590
reserve,3,inter_process,memfd,16384,17,519108514127451,391567,519108514988979,861528
reserve,3,inter_process,memfd,16384,18,519108614136467,415577,519108615066160,929693
reserve,3,inter_process,memfd,16384,19,519108714124880,421058,519108715062667,937787
reserve,3,inter_process,memfd,4096,0,519114570992078,480077,519114571978030,985952
reserve,3,inter_process,memfd,4096,1,519114670990117,437064,519114671887848,897731
reserve,3,inter_process,memfd,4096,2,519114771042088,400210,519114771900742,858654
reserve,3,inter_process,memfd,4096,3,519114871055911,404080,519114871923362,867451
reserve,3,inter_process,memfd,4096,4,519114970755481,198105,519114971221282,465801
reserve,3,inter_process,memfd,4096,5,519115070966315,398745,519115071785866,819551
reserve,3,inter_process,memfd,4096,6,519115171087800,450161,519115172082542,994742
reserve,3,inter_process,memfd,4096,7,519115271047766,464451,519115272080348,1032582
reserve,3,inter_process,memfd,4096,8,519115371082659,479046,519115372112716,1030057
reserve,3,inter_process,memfd,4096,9,519115471153120,305318,519115471978435,825315
reserve,3,inter_process,memfd,4096,10,519115570926962,457401,519115571874659,947697
reserve,3,inter_process,memfd,4096,11,519115670826357,320412,519115671361242,534885
reserve,3,inter_process,memfd,4096,12,519115770972535,467458,519115771928147,955612
reserve,3,inter_process,memfd,4096,13,519115870806958,172185,519115871184626,377668
reserve,3,inter_process,memfd,4096,14,519115970962240,403391,519115971792830,830590
reserve,3,inter_process,memfd,4096,15,519116070971973,450483,519116071884711,912738
reserve,3,inter_process,memfd,4096,16,519116171095796,467201,519116172136920,1041124
reserve,3,inter_process,memfd,4096,17,519116270990497,344911,519116271839025,848528
reserve,3,inter_process,memfd,4096,18,519116371049310,414020,519116371948588,899278
reserve,3,inter_process,memfd,4096,19,519116471049848,425631,519116471960066,910218
reserve,3,intra_process_va,memfd,16777216,0,519119442718941,22106,519119442901116,182175
reserve,3,intra_process_va,memfd,16777216,1,519119542783516,20327,519119542901855,118339
reserve,3,intra_process_va,memfd,16777216,2,519119640040288,7235,519119640080841,40553
reserve,3,intra_process_va,memfd,16777216,3,519119741371881,13213,519119741452017,80136
reserve,3,intra_process_va,memfd,16777216,4,519119842436849,20266,519119842554408,117559
reserve,3,intra_process_va,memfd,16777216,5,519119942548640,20488,519119942675255,126615
reserve,3,intra_process_va,memfd,16777216,6,519120040161937,5295,519120040188818,26881
reserve,3,intra_process_va,memfd,16777216,7,519120140552639,12066,519120140617876,65237
reserve,3,intra_process_va,memfd,16777216,8,519120242565225,21370,519120242685404,120179
reserve,3,intra_process_va,memfd,16777216,9,519120342765114,21118,519120342883533,118419
reserve,3,intra_process_va,memfd,16777216,10,519120442814500,22079,519120442936678,122178
reserve,3,intra_process_va,memfd,16777216,11,519120542726950,22384,519120542849057,122107
reserve,3,intra_process_va,memfd,16777216,12,519120640072847,7608,519120640113491,40644
reserve,3,intra_process_va,memfd,16777216,13,519120741714290,15480,519120741797159,82869
reserve,3,intra_process_va,memfd,16777216,14,519120842324801,20328,519120842442360,117559
reserve,3,intra_process_va,memfd,16777216,15,519120942433910,21891,519120942553049,119139
reserve,3,intra_process_va,memfd,16777216,16,519121042500771,20773,519121042618775,118004
reserve,3,intra_process_va,memfd,16777216,17,519121142534590,20598,519121142653085,118495
reserve,3,intra_process_va,memfd,16777216,18,519121242348120,17939,519121242448432,100312
reserve,3,intra_process_va,memfd,16777216,19,519121342788737,20492,519121342904214,115477
reserve,3,intra_process_va,memfd,65536,0,519123100149363,18966,519123100274675,125312
reserve,3,intra_process_va,memfd,65536,1,519123199892453,16133,519123200025452,132999
reserve,3,intra_process_va,memfd,65536,2,519123300128738,17265,519123300244976,116238
reserve,3,intra_process_va,memfd,65536,3,519123400087018,14620,519123400187024,100006
reserve,3,intra_process_va,memfd,65536,4,519123500121322,16373,519123500235681,114359
reserve,3,intra_process_va,memfd,65536,5,519123600176774,18576,519123600297249,120475
reserve,3,intra_process_va,memfd,65536,6,519123700129711,16204,519123700245079,115368
reserve,3,intra_process_va,memfd,65536,7,519123799950311,17653,519123800104925,154614
reserve,3,intra_process_va,memfd,65536,8,519123900160938,18976,519123900287386,126448
reserve,3,intra_process_va,memfd,65536,9,519124000286863,18383,519124000410563,123700
reserve,3,intra_process_va,memfd,65536,10,519124100107892,15651,519124100215294,107402
reserve,3,intra_process_va,memfd,65536,11,519124200093252,15494,519124200199165,105913
reserve,3,intra_process_va,memfd,65536,12,519124299832278,4708,519124299861980,29702
reserve,3,intra_process_va,memfd,65536,13,519124400183884,16970,519124400300603,116719
reserve,3,intra_process_va,memfd,65536,14,519124500122006,18203,519124500241142,119136
reserve,3,intra_process_va,memfd,65536,15,519124600126542,18494,519124600248597,122055
reserve,3,intra_process_va,memfd,65536,16,519124700122841,16817,519124700237256,114415
reserve,3,intra_process_va,memfd,65536,17,519124800176496,17851,519124800294689,118193
reserve,3,intra_process_va,memfd,65536,18,519124899851284,9442,519124899907548,56264
reserve,3,intra_process_va,memfd,65536,19,519125000115808,17723,519125000243045,127237
reserve,3,inter_process,memfd,16777216,0,519129700738169,437902,519129701595570,857401
reserve,3,inter_process,memfd,16777216,1,519129800412727,352942,519129801138294,725567
reserve,3,inter_process,memfd,16777216,2,519129900654419,428722,519129901441606,787187
reserve,3,inter_process,memfd,16777216,3,519130000734123,367731,519130001505350,771227
reserve,3,inter_process,memfd,16777216,4,519130100749235,388481,519130101543910,794675
reserve,3,inter_process,memfd,16777216,5,519130200796936,368070,519130201565184,768248
reserve,3,inter_process,memfd,16777216,6,519130300701817,359152,519130301415636,713819
reserve,3,inter_process,memfd,16777216,7,519130400627991,394776,519130401422804,794813
reserve,3,inter_process,memfd,16777216,8,519130498555863,184329,519130498937710,381847
reserve,3,inter_process,memfd,16777216,9,519130597639820,78328,519130597834381,194561
reserve,3,inter_process,memfd,16777216,10,519130700690919,394718,519130701500330,809411
reserve,3,inter_process,memfd,16777216,11,519130800457555,349406,519130801172564,715009
reserve,3,inter_process,memfd,16777216,12,519130900715839,382897,519130901500056,784217
reserve,3,inter_process,memfd,16777216,13,519131000633828,394612,519131001434149,800321
reserve,3,inter_process,memfd,16777216,14,519131100437679,350337,519131101151358,713679
reserve,3,inter_process,memfd,16777216,15,519131200650074,391245,519131201447528,797454
reserve,3,inter_process,memfd,16777216,16,519131300413226,325148,519131301071744,658518
reserve,3,inter_process,memfd,16777216,17,519131400631367,404705,519131401441135,809768
reserve,3,inter_process,memfd,16777216,18,519131500650608,377336,519131501396986,746378
reserve,3,inter_process,memfd,16777216,19,519131600790928,392484,519131601580982,790054
reserve,3,inter_process,memfd,1048576,0,519137452312255,488734,519137453385042,1072787
reserve,3,inter_process,memfd,1048576,1,519137552287711,426045,519137553223579,935868
reserve,3,inter_process,memfd,1048576,2,519137652128461,304413,519137652742668,614207
reserve,3,inter_process,memfd,1048576,3,519137752134799,290044,519137752732005,597206
reserve,3,inter_process,memfd,1048576,4,519137852306065,468786,519137853363008,1056943
reserve,3,inter_process,memfd,1048576,5,519137952345921,496327,519137953441013,1095092
reserve,3,inter_process,memfd,1048576,6,519138052301922,427089,519138053290525,988603
reserve,3,inter_process,memfd,1048576,7,519138152306648,452814,519138153300584,993936
reserve,3,inter_process,memfd,1048576,8,519138252225212,304196,519138253053719,828507
reserve,3,inter_process,memfd,1048576,9,519138352335484,327143,519138353243865,908381
reserve,3,inter_process,memfd,1048576,10,519138452295400,413342,519138453219077,923677
reserve,3,inter_process,memfd,1048576,11,519138552284386,421983,519138553220895,936509
reserve,3,inter_process,memfd,1048576,12,519138652171763,321013,519138652899179,727416
reserve,3,inter_process,memfd,1048576,13,519138752079367,264091,519138752683022,603655
reserve,3,inter_process,memfd,1048576,14,519138852320862,476413,519138853361776,1040914
reserve,3,inter_process,memfd,1048576,15,519138951718244,103365,519138951950374,232130
reserve,3,inter_process,memfd,1048576,16,519139052281635,425431,519139053271325,989690
reserve,3,inter_process,memfd,1048576,17,519139152246429,410104,519139153156922,910493
reserve,3,inter_process,memfd,1048576,18,519139252235314,300501,519139253062965,827651
reserve,3,inter_process,memfd,1048576,19,519139352277889,459631,519139353286122,1008233
reserve,3,intra_process_va,memfd,4096,0,519142236087447,16587,519142236203466,116019
reserve,3,intra_process_va,memfd,4096,1,519142336082082,16830,519142336196771,114689
reserve,3,intra_process_va,memfd,4096,2,519142436050277,15526,519142436158308,108031
reserve,3,intra_process_va,memfd,4096,3,519142536129409,16389,519142536245639,116230
reserve,3,intra_process_va,memfd,4096,4,519142637052943,3846,519142637078916,25973
reserve,3,intra_process_va,memfd,4096,5,519142736099835,16588,519142736213221,113386
reserve,3,intra_process_va,memfd,4096,6,519142836082355,15978,519142836197990,115635
reserve,3,intra_process_va,memfd,4096,7,519142935901236,16725,519142936058272,157036
reserve,3,intra_process_va,memfd,4096,8,519143036090112,18058,519143036216735,126623
reserve,3,intra_process_va,memfd,4096,9,519143135718548,4137,519143135744826,26278
reserve,3,intra_process_va,memfd,4096,10,519143236086054,16481,519143236201400,115346
reserve,3,intra_process_va,memfd,4096,11,519143336140069,18576,519143336264797,124728
reserve,3,intra_process_va,memfd,4096,12,519143436073338,15818,519143436187258,113920
reserve,3,intra_process_va,memfd,4096,13,519143536060353,16276,519143536170061,109708
reserve,3,intra_process_va,memfd,4096,14,519143635840026,8750,519143635901232,61206
reserve,3,intra_process_va,memfd,4096,15,519143736082689,16744,519143736196472,113783
reserve,3,intra_process_va,memfd,4096,16,519143836104054,17325,519143836228740,124686
reserve,3,intra_process_va,memfd,4096,17,519143936108314,18066,519143936234477,126163
reserve,3,intra_process_va,memfd,4096,18,519144036110556,18348,519144036236230,125674
reserve,3,intra_process_va,memfd,4096,19,519144136123901,18171,519144136248612,124711
reserve,3,intra_process_va,cpu,4194304,0,519145856847387,22311,519145856961766,114379
reserve,3,intra_process_va,cpu,4194304,1,519145956622771,23654,519145956736371,113600
reserve,3,intra_process_va,cpu,4194304,2,519146056679594,21909,519146056787242,107648
reserve,3,intra_process_va,cpu,4194304,3,519146156648427,22476,519146156755007,106580
reserve,3,intra_process_va,cpu,4194304,4,519146256563760,21377,519146256669677,105917
reserve,3,intra_process_va,cpu,4194304,5,519146356594236,21889,519146356701722,107486
reserve,3,intra_process_va,cpu,4194304,6,519146456758362,23385,519146456873004,114642
reserve,3,intra_process_va,cpu,4194304,7,519146556833114,22314,519146556947809,114695
reserve,3,intra_process_va,cpu,4194304,8,519146656521439,21600,519146656627166,105727
reserve,3,intra_process_va,cpu,4194304,9,519146756490221,20532,519146756590886,100665
reserve,3,intra_process_va,cpu,4194304,10,519146856623559,21525,519146856729770,106211
reserve,3,intra_process_va,cpu,4194304,11,519146956641203,23317,519146956752363,111160
reserve,3,intra_process_va,cpu,4194304,12,519147056622146,22387,519147056729375,107229
reserve,3,intra_process_va,cpu,4194304,13,519147156675858,21428,519147156781785,105927
reserve,3,intra_process_va,cpu,4194304,14,519147256747889,23023,519147256858599,110710
reserve,3,intra_process_va,cpu,4194304,15,519147355061922,6460,519147355090203,28281
reserve,3,intra_process_va,cpu,4194304,16,519147456781398,23498,519147456895831,114433
reserve,3,intra_process_va,cpu,4194304,17,519147556827881,23652,519147556941795,113914
reserve,3,intra_process_va,cpu,4194304,18,519147656460204,21163,519147656562604,102400
reserve,3,intra_process_va,cpu,4194304,19,519147756358702,21681,519147756447328,88626
reserve,3,inter_process,cpu,16384,0,519152445053985,386410,519152445826721,772736
reserve,3,inter_process,cpu,16384,1,519152545035787,307604,519152545652753,616966
reserve,3,inter_process,cpu,16384,2,519152644942506,137111,519152645218617,276111
reserve,3,inter_process,cpu,16384,3,519152745048537,336766,519152745696515,647978
reserve,3,inter_process,cpu,16384,4,519152845077218,369598,519152845818781,741563
reserve,3,inter_process,cpu,16384,5,519152945080838,354229,519152945790326,709488
reserve,3,inter_process,cpu,16384,6,519153045038980,366584,519153045770814,731834
reserve,3,inter_process,cpu,16384,7,519153145078944,362976,519153145809689,730745
reserve,3,inter_process,cpu,16384,8,519153245050347,297699,519153245623361,573014
reserve,3,inter_process,cpu,16384,9,519153345110730,221938,519153345747766,637036
reserve,3,inter_process,cpu,16384,10,519153445125199,372667,519153445870046,744847
reserve,3,inter_process,cpu,16384,11,519153545107290,324502,519153545763344,656054
reserve,3,inter_process,cpu,16384,12,519153648067427,75812,519153648226668,159241
reserve,3,inter_process,cpu,16384,13,519153744806817,221164,519153745245333,438516
reserve,3,inter_process,cpu,16384,14,519153844994482,429133,519153845812498,818016
reserve,3,inter_process,cpu,16384,15,519153945127927,387760,519153945879386,751459
reserve,3,inter_process,cpu,16384,16,519154044993372,397352,519154045720726,727354
reserve,3,inter_process,cpu,16384,17,519154145000198,269051,519154145651079,650881
reserve,3,inter_process,cpu,16384,18,519154245062341,371026,519154245750168,687827
reserve,3,inter_process,cpu,16384,19,519154345079841,360765,519154345820327,740486
reserve,3,intra_process_va,memfd,1048576,0,519156250351563,20017,519156250475004,123441
reserve,3,intra_process_va,memfd,1048576,1,519156350374031,21380,519156350505520,131489
reserve,3,intra_process_va,memfd,1048576,2,519156450384353,20952,519156450514524,130171
reserve,3,intra_process_va,memfd,1048576,3,519156550334568,18023,519156550455323,120755
reserve,3,intra_process_va,memfd,1048576,4,519156650147778,11965,519156650224105,76327
reserve,3,intra_process_va,memfd,1048576,5,519156750313430,19185,519156750434163,120733
reserve,3,intra_process_va,memfd,1048576,6,519156850371548,19108,519156850500628,129080
reserve,3,intra_process_va,memfd,1048576,7,519156950344253,20485,519156950469548,125295
reserve,3,intra_process_va,memfd,1048576,8,519157050328708,18793,519157050450337,121629
reserve,3,intra_process_va,memfd,1048576,9,519157150435629,19950,519157150563595,127966
reserve,3,intra_process_va,memfd,1048576,10,519157250291205,17525,519157250404223,113018
reserve,3,intra_process_va,memfd,1048576,11,519157350367213,19071,519157350510431,143218
reserve,3,intra_process_va,memfd,1048576,12,519157450342423,39504,519157450492308,149885
reserve,3,intra_process_va,memfd,1048576,13,519157550317250,18176,519157550437061,119811
reserve,3,intra_process_va,memfd,1048576,14,519157650187233,12831,519157650271672,84439
reserve,3,intra_process_va,memfd,1048576,15,519157750306381,17216,519157750417843,111462
reserve,3,intra_process_va,memfd,1048576,16,519157850404527,7037,519157850440007,35480
reserve,3,intra_process_va,memfd,1048576,17,519157950285512,16882,519157950396273,110761
reserve,3,intra_process_va,memfd,1048576,18,519158050341456,19053,519158050461964,120508
reserve,3,intra_process_va,memfd,1048576,19,519158150331240,20208,519158150455170,123930
reserve,3,intra_process_va,cpu,4096,0,519159866101331,14842,519159866197802,96471
reserve,3,intra_process_va,cpu,4096,1,519159965899249,5090,519159965926252,27003
reserve,3,intra_process_va,cpu,4096,2,519160066126305,17288,519160066238148,111843
reserve,3,intra_process_va,cpu,4096,3,519160166147788,17951,519160166256854,109066
reserve,3,intra_process_va,cpu,4096,4,519160266160397,18130,519160266269274,108877
reserve,3,intra_process_va,cpu,4096,5,519160366081158,16835,519160366182640,101482
reserve,3,intra_process_va,cpu,4096,6,519160466161310,20256,519160466279951,118641
reserve,3,intra_process_va,cpu,4096,7,519160566169891,19233,519160566300792,130901
reserve,3,intra_process_va,cpu,4096,8,519160666123123,17445,519160666227415,104292
reserve,3,intra_process_va,cpu,4096,9,519160765989333,70882,519160766158866,169533
reserve,3,intra_process_va,cpu,4096,10,519160866111298,17327,519160866213910,102612
reserve,3,intra_process_va,cpu,4096,11,519160966155906,18326,519160966266002,110096
reserve,3,intra_process_va,cpu,4096,12,519161066136724,18016,519161066245119,108395
reserve,3,intra_process_va,cpu,4096,13,519161166156800,17551,519161166264766,107966
reserve,3,intra_process_va,cpu,4096,14,519161266131014,17009,519161266233471,102457
reserve,3,intra_process_va,cpu,4096,15,519161366156628,18834,519161366272042,115414
reserve,3,intra_process_va,cpu,4096,16,519161466162014,19165,519161466281372,119358
reserve,3,intra_process_va,cpu,4096,17,519161566143648,18177,519161566252274,108626
reserve,3,intra_process_va,cpu,4096,18,519161666159561,19354,519161666277793,118232
reserve,3,intra_process_va,cpu,4096,19,519161766157172,17669,519161766266893,109721
reserve,3,intra_process_va,memfd,16384,0,519163506171398,17133,519163506287157,115759
reserve,3,intra_process_va,memfd,16384,1,519163606197378,16795,519163606316351,118973
reserve,3,intra_process_va,memfd,16384,2,519163706158257,17890,519163706283176,124919
reserve,3,intra_process_va,memfd,16384,3,519163806050449,14257,519163806147817,97368
reserve,3,intra_process_va,memfd,16384,4,519163906165101,18559,519163906292474,127373
reserve,3,intra_process_va,memfd,16384,5,519164005928224,14853,519164006042576,114352
reserve,3,intra_process_va,memfd,16384,6,519164105860710,6433,519164105906077,45367
reserve,3,intra_process_va,memfd,16384,7,519164205976134,8574,519164206057882,81748
reserve,3,intra_process_va,memfd,16384,8,519164306084867,14955,519164306192859,107992
reserve,3,intra_process_va,memfd,16384,9,519164406200240,16155,519164406312421,112181
reserve,3,intra_process_va,memfd,16384,10,519164506178265,17604,519164506300697,122432
reserve,3,intra_process_va,memfd,16384,11,519164606144887,17474,519164606267645,122758
reserve,3,intra_process_va,memfd,16384,12,519164706144234,16897,519164706259401,115167
reserve,3,intra_process_va,memfd,16384,13,519164806123894,16448,519164806238630,114736
reserve,3,intra_process_va,memfd,16384,14,519164906115400,15733,519164906223825,108425
reserve,3,intra_process_va,memfd,16384,15,519165006132110,16166,519165006248820,116710
reserve,3,intra_process_va,memfd,16384,16,519165106115548,16405,519165106241697,126149
reserve,3,intra_process_va,memfd,16384,17,519165206157635,15812,519165206262786,105151
reserve,3,intra_process_va,memfd,16384,18,519165306112733,16197,519165306229035,116302
reserve,3,intra_process_va,memfd,16384,19,519165406162994,15976,519165406276897,113903
reserve,3,intra_process_va,cpu,65536,0,519167130902702,17836,519167131057559,154857
reserve,3,intra_process_va,cpu,65536,1,519167231094367,18436,519167231204563,110196
reserve,3,intra_process_va,cpu,65536,2,519167331044156,19228,519167331156737,112581
reserve,3,intra_process_va,cpu,65536,3,519167431060141,18827,519167431167057,106916
reserve,3,intra_process_va,cpu,65536,4,519167531089979,17878,519167531197467,107488
reserve,3,intra_process_va,cpu,65536,5,519167630946426,16825,519167631078827,132401
reserve,3,intra_process_va,cpu,65536,6,519167730962658,19229,519167731116719,154061
reserve,3,intra_process_va,cpu,65536,7,519167830988004,67464,519167831152883,164879
reserve,3,intra_process_va,cpu,65536,8,519167931069239,20677,519167931191722,122483
reserve,3,intra_process_va,cpu,65536,9,519168031104405,20201,519168031228658,124253
reserve,3,intra_process_va,cpu,65536,10,519168130950429,16990,519168131106546,156117
reserve,3,intra_process_va,cpu,65536,11,519168231056089,18568,519168231164368,108279
reserve,3,intra_process_va,cpu,65536,12,519168330714610,5900,519168330750552,35942
reserve,3,intra_process_va,cpu,65536,13,519168430897773,10826,519168430962175,64402
reserve,3,intra_process_va,cpu,65536,14,519168531050372,18414,519168531154615,104243
reserve,3,intra_process_va,cpu,65536,15,519168630952095,18307,519168631083654,131559
reserve,3,intra_process_va,cpu,65536,16,519168731060746,20755,519168731179006,118260
reserve,3,intra_process_va,cpu,65536,17,519168831070715,19159,519168831185445,114730
reserve,3,intra_process_va,cpu,65536,18,519168931096920,20790,519168931221160,124240
reserve,3,intra_process_va,cpu,65536,19,519169031100621,19160,519169031215716,115095
reserve,3,inter_process,cpu,262144,0,519173721226107,668039,519173722351708,1125601
reserve,3,inter_process,cpu,262144,1,519173821066060,663553,519173822135265,1069205
reserve,3,inter_process,cpu,262144,2,519173921132043,580776,519173922129060,997017
reserve,3,inter_process,cpu,262144,3,519174021131187,576347,519174022109565,978378
reserve,3,inter_process,cpu,262144,4,519174121115887,694641,519174122246977,1131090
reserve,3,inter_process,cpu,262144,5,519174221113932,508791,519174222253760,1139828
reserve,3,inter_process,cpu,262144,6,519174321137370,661392,519174322187465,1050095
reserve,3,inter_process,cpu,262144,7,519174421087336,591777,519174422083008,995672
reserve,3,inter_process,cpu,262144,8,519174521049831,669902,519174522135336,1085505
reserve,3,inter_process,cpu,262144,9,519174620734269,106848,519174620962778,228509
reserve,3,inter_process,cpu,262144,10,519174721083974,525287,519174721983671,899697
reserve,3,inter_process,cpu,262144,11,519174821110388,592588,519174822178689,1068301
reserve,3,inter_process,cpu,262144,12,519174921122073,669870,519174922244095,1122022
reserve,3,inter_process,cpu,262144,13,519175021114010,664196,519175022216803,1102793
reserve,3,inter_process,cpu,262144,14,519175121078321,599752,519175122101990,1023669
reserve,3,inter_process,cpu,262144,15,519175221118841,591153,519175222114376,995535
reserve,3,inter_process,cpu,262144,16,519175321130872,465207,519175322231039,1100167
reserve,3,inter_process,cpu,262144,17,519175421147668,656535,519175422264914,1117246
reserve,3,inter_process,cpu,262144,18,519175520997770,735887,519175522161116,1163346
reserve,3,inter_process,cpu,262144,19,519175621081513,559331,519175622028745,947232
reserve,3,intra_process_va,cpu,1024,0,519177529946352,17119,519177530088661,142309
reserve,3,intra_process_va,cpu,1024,1,519177631128736,15410,519177631222732,93996
reserve,3,intra_process_va,cpu,1024,2,519177729897043,16269,519177730074001,176958
reserve,3,intra_process_va,cpu,1024,3,519177829893115,16559,519177829999064,105949
reserve,3,intra_process_va,cpu,1024,4,519177929922794,16142,519177930062582,139788
reserve,3,intra_process_va,cpu,1024,5,519178029899312,15602,519178030038798,139486
reserve,3,intra_process_va,cpu,1024,6,519178129945489,18650,519178130101616,156127
reserve,3,intra_process_va,cpu,1024,7,519178229923871,16891,519178230068463,144592
reserve,3,intra_process_va,cpu,1024,8,519178329948967,19305,519178330115474,166507
reserve,3,intra_process_va,cpu,1024,9,519178429972223,18247,519178430132584,160361
reserve,3,intra_process_va,cpu,1024,10,519178529901001,16421,519178530035903,134902
reserve,3,intra_process_va,cpu,1024,11,519178634143736,17631,519178634251654,107918
reserve,3,intra_process_va,cpu,1024,12,519178729970693,18952,519178730129165,158472
reserve,3,intra_process_va,cpu,1024,13,519178829691454,4178,519178829715818,24364
reserve,3,intra_process_va,cpu,1024,14,519178929902359,18319,519178930070031,167672
reserve,3,intra_process_va,cpu,1024,15,519179029959885,18958,519179030114922,155037
reserve,3,intra_process_va,cpu,1024,16,519179129946693,17777,519179130091820,145127
reserve,3,intra_process_va,cpu,1024,17,519179229963808,18814,519179230119190,155382
reserve,3,intra_process_va,cpu,1024,18,519179329967155,16692,519179330101107,133952
reserve,3,intra_process_va,cpu,1024,19,519179429933381,17031,519179430080487,147106
reserve,3,intra_process_va,memfd,1024,0,519181149134095,17864,519181149258337,124242
reserve,3,intra_process_va,memfd,1024,1,519181249063101,16813,519181249179658,116557
reserve,3,intra_process_va,memfd,1024,2,519181349128827,17711,519181349244356,115529
reserve,3,intra_process_va,memfd,1024,3,519181449158709,16992,519181449280240,121531
reserve,3,intra_process_va,memfd,1024,4,519181549101229,15567,519181549208838,107609
reserve,3,intra_process_va,memfd,1024,5,519181648993288,27622,519181649078213,84925
reserve,3,intra_process_va,memfd,1024,6,519181749045336,15719,519181749152573,107237
reserve,3,intra_process_va,memfd,1024,7,519181849095196,15625,519181849203657,108461
reserve,3,intra_process_va,memfd,1024,8,519181949073703,13637,519181949174806,101103
reserve,3,intra_process_va,memfd,1024,9,519182049186364,16710,519182049301405,115041
reserve,3,intra_process_va,memfd,1024,10,519182149128538,16744,519182149243175,114637
reserve,3,intra_process_va,memfd,1024,11,519182249086206,15210,519182249196952,110746
reserve,3,intra_process_va,memfd,1024,12,519182349149786,14447,519182349256958,107172
reserve,3,intra_process_va,memfd,1024,13,519182449158035,17526,519182449281693,123658
reserve,3,intra_process_va,memfd,1024,14,519182549117931,16106,519182549232365,114434
reserve,3,intra_process_va,memfd,1024,15,519182649027413,11194,519182649102318,74905
reserve,3,intra_process_va,memfd,1024,16,519182749098807,16643,519182749215966,117159
reserve,3,intra_process_va,memfd,1024,17,519182849166556,18523,519182849289412,122856
reserve,3,intra_process_va,memfd,1024,18,519182948897014,8580,519182948956043,59029
reserve,3,intra_process_va,memfd,1024,19,519183048978630,8732,519183049062680,84050
reserve,3,inter_process,cpu,64,0,519187744967492,348097,519187745618376,650884
reserve,3,inter_process,cpu,64,1,519187845095467,342993,519187845799390,703923
reserve,3,inter_process,cpu,64,2,519187944870749,207913,519187945275657,404908
reserve,3,inter_process,cpu,64,3,519188044974365,239622,519188045557706,583341
reserve,3,inter_process,cpu,64,4,519188145055318,346002,519188145756978,701660
reserve,3,inter_process,cpu,64,5,519188245080629,344592,519188245778515,697886
reserve,3,inter_process,cpu,64,6,519188344997553,378282,519188345772408,774855
reserve,3,inter_process,cpu,64,7,519188444995631,321728,519188445621792,626161
reserve,3,inter_process,cpu,64,8,519188544983367,337793,519188545643705,660338
reserve,3,inter_process,cpu,64,9,519188644935496,168501,519188645277858,342362
reserve,3,inter_process,cpu,64,10,519188744967841,226158,519188745575754,607913
reserve,3,inter_process,cpu,64,11,519188845095038,341286,519188845789450,694412
reserve,3,inter_process,cpu,64,12,519188945061852,323656,519188945724685,662833
reserve,3,inter_process,cpu,64,13,519189045101440,341677,519189045796980,695540
reserve,3,inter_process,cpu,64,14,519189145041073,325606,519189145667066,625993
reserve,3,inter_process,cpu,64,15,519189244882976,228837,519189245340276,457300
reserve,3,inter_process,cpu,64,16,519189344842806,69915,519189344981325,138519
reserve,3,inter_process,cpu,64,17,519189444976808,354383,519189445677884,701076
reserve,3,inter_process,cpu,64,18,519189545094439,355989,519189545799131,704692
reserve,3,inter_process,cpu,64,19,519189644878688,160383,519189645197153,318465
reserve,3,inter_process,cpu,16777216,0,519194529430773,3261251,519194542715254,13284481
reserve,3,inter_process,cpu,16777216,1,519194629310044,3399076,519194642570323,13260279
reserve,3,inter_process,cpu,16777216,2,519194729437197,3252057,519194742777315,13340118
reserve,3,inter_process,cpu,16777216,3,519194829077136,3262354,519194842316189,13239053
reserve,3,inter_process,cpu,16777216,4,519194929364339,3242587,519194942640354,13276015
reserve,3,inter_process,cpu,16777216,5,519195029342802,3262410,519195042632012,13289210
reserve,3,inter_process,cpu,16777216,6,519195129106067,3283565,519195142402890,13296823
reserve,3,inter_process,cpu,16777216,7,519195229353915,3245422,519195242316966,12963051
reserve,3,inter_process,cpu,16777216,8,519195329473117,3453819,519195342399688,12926571
reserve,3,inter_process,cpu,16777216,9,519195429163128,3255360,519195442296388,13133260
reserve,3,inter_process,cpu,16777216,10,519195528981367,3535890,519195542166613,13185246
reserve,3,inter_process,cpu,16777216,11,519195632848880,3603995,519195646052262,13203382
reserve,3,inter_process,cpu,16777216,12,519195729054391,3268292,519195742216264,13161873
reserve,3,inter_process,cpu,16777216,13,519195829383352,3261851,519195842560016,13176664
reserve,3,inter_process,cpu,16777216,14,519195929333911,3287831,519195942557345,13223434
reserve,3,inter_process,cpu,16777216,15,519196029046768,3249046,519196042439436,13392668
reserve,3,inter_process,cpu,16777216,16,519196129140518,3244208,519196142396438,13255920
reserve,3,inter_process,cpu,16777216,17,519196228797602,3285721,519196242299870,13502268
reserve,3,inter_process,cpu,16777216,18,519196328799169,3262864,519196342260745,13461576
reserve,3,inter_process,cpu,16777216,19,519196429303326,3273568,519196442374817,13071491
reserve,3,inter_process,memfd,1024,0,519201315066765,408358,519201315962757,895992
reserve,3,inter_process,memfd,1024,1,519201415097719,477841,519201416155053,1057334
reserve,3,inter_process,memfd,1024,2,519201515153740,466234,519201516198083,1044343
reserve,3,inter_process,memfd,1024,3,519201615147342,472043,519201616197983,1050641
reserve,3,inter_process,memfd,1024,4,519201715133225,459672,519201716162388,1029163
reserve,3,inter_process,memfd,1024,5,519201814822495,159267,519201815180688,358193
reserve,3,inter_process,memfd,1024,6,519201914951370,261749,519201915490062,538692
reserve,3,inter_process,memfd,1024,7,519202015090753,399190,519202015946571,855818
reserve,3,inter_process,memfd,1024,8,519202114862965,468661,519202115836068,973103
reserve,3,inter_process,memfd,1024,9,519202215148672,304905,519202215981387,832715
reserve,3,inter_process,memfd,1024,10,519202315139719,469427,519202316210349,1070630
reserve,3,inter_process,memfd,1024,11,519202415113484,447256,519202416103706,990222
reserve,3,inter_process,memfd,1024,12,519202515133463,457738,519202516171323,1037860
reserve,3,inter_process,memfd,1024,13,519202615092368,395497,519202615949130,856762
reserve,3,inter_process,memfd,1024,14,519202714830515,72153,519202715016650,186135
reserve,3,inter_process,memfd,1024,15,519202815047718,386985,519202815881988,834270
reserve,3,inter_process,memfd,1024,16,519202914999500,516572,519202916086599,1087099
reserve,3,inter_process,memfd,1024,17,519203015097737,437656,519203016088171,990434
reserve,3,inter_process,memfd,1024,18,519203115100837,440350,519203116074665,973828
reserve,3,inter_process,memfd,1024,19,519203215122092,338173,519203216085494,963402
reserve,3,intra_process_va,cpu,64,0,519206099043100,5068,519206099069492,26392
reserve,3,intra_process_va,cpu,64,1,519206198954289,19789,519206199113427,159138
reserve,3,intra_process_va,cpu,64,2,519206298926138,18007,519206299100555,174417
reserve,3,intra_process_va,cpu,64,3,519206398955879,17358,519206399114399,158520
reserve,3,intra_process_va,cpu,64,4,519206499092681,19746,519206499231775,139094
reserve,3,intra_process_va,cpu,64,5,519206598908690,14177,519206599032870,124180
reserve,3,intra_process_va,cpu,64,6,519206698968559,15716,519206699105161,136602
reserve,3,intra_process_va,cpu,64,7,519206798941897,16725,519206799091497,149600
reserve,3,intra_process_va,cpu,64,8,519206898933494,16397,519206899069785,136291
reserve,3,intra_process_va,cpu,64,9,519206998950482,18551,519206999141786,191304
reserve,3,intra_process_va,cpu,64,10,519207098989522,61613,519207099151629,162107
reserve,3,intra_process_va,cpu,64,11,519207198948028,16467,519207199089268,141240
reserve,3,intra_process_va,cpu,64,12,519207298934715,17396,519207299101144,166429
reserve,3,intra_process_va,cpu,64,13,519207398969804,17959,519207399150578,180774
reserve,3,intra_process_va,cpu,64,14,519207498974477,17544,519207499122861,148384
reserve,3,intra_process_va,cpu,64,15,519207598976946,16758,519207599138545,161599
reserve,3,intra_process_va,cpu,64,16,519207698991483,56941,519207699148944,157461
reserve,3,intra_process_va,cpu,64,17,519207798978400,17246,519207799123849,145449
reserve,3,intra_process_va,cpu,64,18,519207898949836,17969,519207899097388,147552
reserve,3,intra_process_va,cpu,64,19,519207998993926,82270,519207999177976,184050
reserve,3,inter_process,cpu,4096,0,519213043038057,316965,519213043676377,638320
reserve,3,inter_process,cpu,4096,1,519213142994575,465735,519213143817219,822644
reserve,3,inter_process,cpu,4096,2,519213242965149,397783,519213243716534,751385
reserve,3,inter_process,cpu,4096,3,519213342949565,262441,519213343589594,640029
reserve,3,inter_process,cpu,4096,4,519213442928345,368598,519213443619293,690948
reserve,3,inter_process,cpu,4096,5,519213542958872,353990,519213543631605,672733
reserve,3,inter_process,cpu,4096,6,519213642851069,131514,519213643135592,284523
reserve,3,inter_process,cpu,4096,7,519213742918469,415173,519213743661126,742657
reserve,3,inter_process,cpu,4096,8,519213842932574,349741,519213843576998,644424
reserve,3,inter_process,cpu,4096,9,519213942957892,258262,519213943592037,634145
reserve,3,inter_process,cpu,4096,10,519214042945483,356252,519214043603632,658149
reserve,3,inter_process,cpu,4096,11,519214142964982,354089,519214143642481,677499
reserve,3,inter_process,cpu,4096,12,519214242957367,355113,519214243622311,664944
reserve,3,inter_process,cpu,4096,13,519214342955598,346844,519214343613301,657703
reserve,3,inter_process,cpu,4096,14,519214442792219,68989,519214442934758,142539
reserve,3,inter_process,cpu,4096,15,519214542891261,303639,519214543477646,586385
reserve,3,inter_process,cpu,4096,16,519214642723063,151536,519214643023085,300022
reserve,3,inter_process,cpu,4096,17,519214742967076,429172,519214743723840,756764
reserve,3,inter_process,cpu,4096,18,519214842914346,261172,519214843509509,595163
reserve,3,inter_process,cpu,4096,19,519214942978938,414059,519214943775072,796134
reserve,3,inter_process,cpu,1024,0,519219813987206,246652,519219814458340,471134
reserve,3,inter_process,cpu,1024,1,519219914110311,350069,519219914817137,706826
reserve,3,inter_process,cpu,1024,2,519220014171019,378456,519220014900127,729108
reserve,3,inter_process,cpu,1024,3,519220114082951,346040,519220114790383,707432
reserve,3,inter_process,cpu,1024,4,519220214130946,354312,519220214833584,702638
reserve,3,inter_process,cpu,1024,5,519220314180108,344899,519220314875625,695517
reserve,3,inter_process,cpu,1024,6,519220414111283,347467,519220414802414,691131
reserve,3,inter_process,cpu,1024,7,519220514087343,207140,519220514668614,581271
reserve,3,inter_process,cpu,1024,8,519220614068586,326063,519220614891011,822425
reserve,3,inter_process,cpu,1024,9,519220713891885,50258,519220714026766,134881
reserve,3,inter_process,cpu,1024,10,519220813966726,294528,519220814540493,573767
reserve,3,inter_process,cpu,1024,11,519220914137620,355234,519220914845417,707797
reserve,3,inter_process,cpu,1024,12,519221014063784,301914,519221014664336,600552
reserve,3,inter_process,cpu,1024,13,519221114127256,348574,519221114840492,713236
reserve,3,inter_process,cpu,1024,14,519221214143693,348187,519221214840065,696372
reserve,3,inter_process,cpu,1024,15,519221314082039,299128,519221314688227,606188
reserve,3,inter_process,cpu,1024,16,519221414088618,211853,519221414718584,629966
reserve,3,inter_process,cpu,1024,17,519221514097125,330529,519221514768186,671061
reserve,3,inter_process,cpu,1024,18,519221614115949,346619,519221614811098,695149
reserve,3,inter_process,cpu,1024,19,519221714113999,341277,519221714809493,695494
reserve,3,inter_process,memfd,4194304,0,519226590089053,463527,519226591060503,971450
reserve,3,inter_process,memfd,4194304,1,519226689961368,435808,519226690844914,883546
reserve,3,inter_process,memfd,4194304,2,519226789996917,456484,519226790895040,898123
reserve,3,inter_process,memfd,4194304,3,519226890036484,447087,519226890911981,875497
reserve,3,inter_process,memfd,4194304,4,519226989076451,102609,519226989293986,217535
reserve,3,inter_process,memfd,4194304,5,519227089986074,458749,519227090896398,910324
reserve,3,inter_process,memfd,4194304,6,519227190094022,461700,519227191044191,950169
reserve,3,inter_process,memfd,4194304,7,519227289893659,389135,519227290689730,796071
reserve,3,inter_process,memfd,4194304,8,519227390153905,325471,519227390975172,821267
reserve,3,inter_process,memfd,4194304,9,519227490282472,363159,519227491186303,903831
reserve,3,inter_process,memfd,4194304,10,519227590119224,452230,519227591083812,964588
reserve,3,inter_process,memfd,4194304,11,519227690042781,444896,519227690915474,872693
reserve,3,inter_process,memfd,4194304,12,519227790089999,447876,519227790995296,905297
reserve,3,inter_process,memfd,4194304,13,519227890151993,470139,519227891109127,957134
reserve,3,inter_process,memfd,4194304,14,519227990162659,478204,519227991133450,970791
reserve,3,inter_process,memfd,4194304,15,519228090156027,479175,519228091125825,969798
reserve,3,inter_process,memfd,4194304,16,519228190087842,336031,519228190930139,842297
reserve,3,inter_process,memfd,4194304,17,519228290143619,494499,519228291133140,989521
reserve,3,inter_process,memfd,4194304,18,519228390101256,457823,519228391090873,989617
reserve,3,inter_process,memfd,4194304,19,519228490197549,459552,519228491147910,950361
reserve,3,intra_process_va,memfd,4194304,0,519231393116712,22522,519231393240346,123634
reserve,3,intra_process_va,memfd,4194304,1,519231493170373,24358,519231493304600,134227
reserve,3,intra_process_va,memfd,4194304,2,519231593103952,22040,519231593226150,122198
reserve,3,intra_process_va,memfd,4194304,3,519231693051265,20049,519231693165183,113918
reserve,3,intra_process_va,memfd,4194304,4,519231793150534,21955,519231793274606,124072
reserve,3,intra_process_va,memfd,4194304,5,519231893081013,23757,519231893293784,212771
reserve,3,intra_process_va,memfd,4194304,6,519231993083439,22665,519231993211651,128212
reserve,3,intra_process_va,memfd,4194304,7,519232092943958,20172,519232093085382,141424
reserve,3,intra_process_va,memfd,4194304,8,519232192996876,43818,519232193143649,146773
reserve,3,intra_process_va,memfd,4194304,9,519232293140787,21621,519232293264289,123502
reserve,3,intra_process_va,memfd,4194304,10,519232393062187,23587,519232393192777,130590
reserve,3,intra_process_va,memfd,4194304,11,519232493023882,21491,519232493159902,136020
reserve,3,intra_process_va,memfd,4194304,12,519232593076966,23852,519232593213838,136872
reserve,3,intra_process_va,memfd,4194304,13,519232692891349,18910,519232693019422,128073
reserve,3,intra_process_va,memfd,4194304,14,519232792880283,22443,519232793027041,146758
reserve,3,intra_process_va,memfd,4194304,15,519232893146094,23935,519232893282908,136814
reserve,3,intra_process_va,memfd,4194304,16,519232992948557,21376,519232993087596,139039
reserve,3,intra_process_va,memfd,4194304,17,519233092891768,20685,519233093027538,135770
reserve,3,intra_process_va,memfd,4194304,18,519233192574992,13104,519233192649193,74201
reserve,3,intra_process_va,memfd,4194304,19,519233292269853,12416,519233292330376,60523
reserve,3,inter_process,cpu,65536,0,519237986989092,414639,519237987636295,647203
reserve,3,inter_process,cpu,65536,1,519238086994918,402506,519238087637713,642795
reserve,3,inter_process,cpu,65536,2,519238187064168,435687,519238187774551,710383
reserve,3,inter_process,cpu,65536,3,519238287063913,454496,519238287804299,740386
reserve,3,inter_process,cpu,65536,4,519238387085340,439225,519238387801069,715729
reserve,3,inter_process,cpu,65536,5,519238486990040,514261,519238487698780,708740
reserve,3,inter_process,cpu,65536,6,519238587119118,392663,519238587764247,645129
reserve,3,inter_process,cpu,65536,7,519238686988700,423162,519238687648495,659795
reserve,3,inter_process,cpu,65536,8,519238787108258,434177,519238787772349,664091
reserve,3,inter_process,cpu,65536,9,519238887160338,328091,519238887955609,795271
reserve,3,inter_process,cpu,65536,10,519238987071524,433751,519238987770850,699326
reserve,3,inter_process,cpu,65536,11,519239087068412,430197,519239087775568,707156
reserve,3,inter_process,cpu,65536,12,519239187074156,429404,519239187787728,713572
reserve,3,inter_process,cpu,65536,13,519239287048868,402830,519239287702664,653796
reserve,3,inter_process,cpu,65536,14,519239387048320,385255,519239387670882,622562
reserve,3,inter_process,cpu,65536,15,519239486754756,157440,519239487022562,267806
reserve,3,inter_process,cpu,65536,16,519239586838737,61133,519239586977212,138475
reserve,3,inter_process,cpu,65536,17,519239687119053,460128,519239687838136,719083
reserve,3,inter_process,cpu,65536,18,519239787062445,440042,519239787778965,716520
reserve,3,inter_process,cpu,65536,19,519239887047959,400198,519239887743978,696019
reserve,3,inter_process,memfd,262144,0,519244759956094,486670,519244760967002,1010908
reserve,3,inter_process,memfd,262144,1,519244860155556,418858,519244861093992,938436
reserve,3,inter_process,memfd,262144,2,519244960220061,501049,519244961277662,1057601
reserve,3,inter_process,memfd,262144,3,519245060191568,470108,519245061233811,1042243
reserve,3,inter_process,memfd,262144,4,519245160121079,398228,519245160975951,854872
reserve,3,inter_process,memfd,262144,5,519245260094834,390403,519245260941389,846555
reserve,3,inter_process,memfd,262144,6,519245360121766,401135,519245360985123,863357
reserve,3,inter_process,memfd,262144,7,519245460240484,467074,519245461251734,1011250
reserve,3,inter_process,memfd,262144,8,519245560125222,441484,519245561132468,1007246
reserve,3,inter_process,memfd,262144,9,519245660183762,288093,519245660945178,761416
reserve,3,inter_process,memfd,262144,10,519245759846305,148926,519245760196971,350666
reserve,3,inter_process,memfd,262144,11,519245859858564,270466,519245860427863,569299
reserve,3,inter_process,memfd,262144,12,519245960145817,418863,519245961077733,931916
reserve,3,inter_process,memfd,262144,13,519246060152816,446029,519246061132883,980067
reserve,3,inter_process,memfd,262144,14,519246160167029,464894,519246161190452,1023423
reserve,3,inter_process,memfd,262144,15,519246260233870,462323,519246261264447,1030577
reserve,3,inter_process,memfd,262144,16,519246360145160,396137,519246360995818,850658
reserve,3,inter_process,memfd,262144,17,519246460155794,397168,519246461037019,881225
reserve,3,inter_process,memfd,262144,18,519246560151797,446683,519246561172637,1020840
reserve,3,inter_process,memfd,262144,19,519246660168293,420390,519246661113565,945272
reserve,3,intra_process_va,cpu,16384,0,519249544895459,17236,519249545058854,163395
reserve,3,intra_process_va,cpu,16384,1,519249644762304,8718,519249644813082,50778
reserve,3,intra_process_va,cpu,16384,2,519249744926124,17117,519249745060992,134868
reserve,3,intra_process_va,cpu,16384,3,519249844845321,17323,519249844949824,104503
reserve,3,intra_process_va,cpu,16384,4,519249944623812,5118,519249944653180,29368
reserve,3,intra_process_va,cpu,16384,5,519250044905131,17972,519250045073663,168532
reserve,3,intra_process_va,cpu,16384,6,519250144946718,17174,519250145102000,155282
reserve,3,intra_process_va,cpu,16384,7,519250244852378,18363,519250244963675,111297
reserve,3,intra_process_va,cpu,16384,8,519250344866463,17804,519250344979012,112549
reserve,3,intra_process_va,cpu,16384,9,519250444907377,17959,519250445112353,204976
reserve,3,intra_process_va,cpu,16384,10,519250544759004,18695,519250544871762,112758
reserve,3,intra_process_va,cpu,16384,11,519250644799758,8366,519250644848740,48982
reserve,3,intra_process_va,cpu,16384,12,519250744929381,19873,519250745104421,175040
reserve,3,intra_process_va,cpu,16384,13,519250844848159,15601,519250844971530,123371
reserve,3,intra_process_va,cpu,16384,14,519250944929363,36997,519250945092875,163512
reserve,3,intra_process_va,cpu,16384,15,519251044935966,17745,519251045083851,147885
reserve,3,intra_process_va,cpu,16384,16,519251144959623,19517,519251145118190,158567
reserve,3,intra_process_va,cpu,16384,17,519251244964368,19276,519251245123771,159403
reserve,3,intra_process_va,cpu,16384,18,519251344925037,18033,519251345097189,172152
reserve,3,intra_process_va,cpu,16384,19,519251444942387,17233,519251445084965,142578
reserve,3,inter_process,memfd,65536,0,519256129058185,356970,519256130065922,1007737
reserve,3,inter_process,memfd,65536,1,519256228666413,91316,519256228870718,204305
reserve,3,inter_process,memfd,65536,2,519256328946135,440961,519256329846266,900131
reserve,3,inter_process,memfd,65536,3,519256428851827,338689,519256429525610,673783
reserve,3,inter_process,memfd,65536,4,519256528916918,398820,519256529754671,837753
reserve,3,inter_process,memfd,65536,5,519256628993012,503753,519256630064487,1071475
reserve,3,inter_process,memfd,65536,6,519256728977934,454470,519256729914164,936230
reserve,3,inter_process,memfd,65536,7,519256828962923,508368,519256830038682,1075759
reserve,3,inter_process,memfd,65536,8,519256928953162,432352,519256929845355,892193
reserve,3,inter_process,memfd,65536,9,519257029050344,343042,519257029967558,917214
reserve,3,inter_process,memfd,65536,10,519257129078029,474501,519257130144004,1065975
reserve,3,inter_process,memfd,65536,11,519257229065063,398435,519257229928681,863618
reserve,3,inter_process,memfd,65536,12,519257328982565,485213,519257329981762,999197
reserve,3,inter_process,memfd,65536,13,519257429115137,472267,519257430149996,1034859
reserve,3,inter_process,memfd,65536,14,519257529088030,402034,519257529953082,865052
reserve,3,inter_process,memfd,65536,15,519257628945723,478770,519257629932524,986801
reserve,3,inter_process,memfd,65536,16,519257729084583,458968,519257730112095,1027512
reserve,3,inter_process,memfd,65536,17,519257828967807,460472,519257829935878,968071
reserve,3,inter_process,memfd,65536,18,519257928817511,439816,519257929748957,931446
reserve,3,inter_process,memfd,65536,19,519258028965919,442449,519258029866699,900780
reserve,3,intra_process_va,cpu,1048576,0,519260926386537,24103,519260926514962,128425
reserve,3,intra_process_va,cpu,1048576,1,519261026114927,25870,519261026236802,121875
reserve,3,intra_process_va,cpu,1048576,2,519261126352112,24938,519261126481351,129239
reserve,3,intra_process_va,cpu,1048576,3,519261226364861,26223,519261226494042,129181
reserve,3,intra_process_va,cpu,1048576,4,519261326270820,21571,519261326381295,110475
reserve,3,intra_process_va,cpu,1048576,5,519261426303864,23431,519261426423127,119263
reserve,3,intra_process_va,cpu,1048576,6,519261526359540,23625,519261526486178,126638
reserve,3,intra_process_va,cpu,1048576,7,519261626384201,24883,519261626511125,126924
reserve,3,intra_process_va,cpu,1048576,8,519261726265588,19574,519261726367820,102232
reserve,3,intra_process_va,cpu,1048576,9,519261826360625,21953,519261826471338,110713
reserve,3,intra_process_va,cpu,1048576,10,519261926309709,22630,519261926427930,118221
reserve,3,intra_process_va,cpu,1048576,11,519262026081013,21536,519262026192255,111242
reserve,3,intra_process_va,cpu,1048576,12,519262126300424,22304,519262126419700,119276
reserve,3,intra_process_va,cpu,1048576,13,519262226314203,21874,519262226433229,119026
reserve,3,intra_process_va,cpu,1048576,14,519262326263517,20651,519262326372486,108969
reserve,3,intra_process_va,cpu,1048576,15,519262425900743,10435,519262425952672,51929
reserve,3,intra_process_va,cpu,1048576,16,519262526243030,19652,519262526346679,103649
reserve,3,intra_process_va,cpu,1048576,17,519262626366481,23228,519262626485996,119515
reserve,3,intra_process_va,cpu,1048576,18,519262726331873,23082,519262726451451,119578
reserve,3,intra_process_va,cpu,1048576,19,519262826320667,22394,519262826433027,112360
reserve,3,intra_process_va,memfd,64,0,519264544781653,3822,519264544805754,24101
reserve,3,intra_process_va,memfd,64,1,519264644872894,7959,519264644932492,59598
reserve,3,intra_process_va,memfd,64,2,519264745044699,14988,519264745151050,106351
reserve,3,intra_process_va,memfd,64,3,519264845063341,16699,519264845179683,116342
reserve,3,intra_process_va,memfd,64,4,519264945083239,16197,519264945198406,115167
reserve,3,intra_process_va,memfd,64,5,519265045050487,16081,519265045165107,114620
reserve,3,intra_process_va,memfd,64,6,519265145064919,16409,519265145181108,116189
reserve,3,intra_process_va,memfd,64,7,519265245065907,17135,519265245185861,119954
reserve,3,intra_process_va,memfd,64,8,519265345067304,17308,519265345187142,119838
reserve,3,intra_process_va,memfd,64,9,519265445097718,14862,519265445213210,115492
reserve,3,intra_process_va,memfd,64,10,519265545068397,15996,519265545176240,107843
reserve,3,intra_process_va,memfd,64,11,519265644700164,3862,519265644724397,24233
reserve,3,intra_process_va,memfd,64,12,519265744998316,52892,519265745145487,147171
reserve,3,intra_process_va,memfd,64,13,519265844999873,64720,519265845158505,158632
reserve,3,intra_process_va,memfd,64,14,519265945078444,14877,519265945184822,106378
reserve,3,intra_process_va,memfd,64,15,519266045076982,17122,519266045193473,116491
reserve,3,intra_process_va,memfd,64,16,519266145061978,15676,519266145169111,107133
reserve,3,intra_process_va,memfd,64,17,519266244991738,50994,519266245141411,149673
reserve,3,intra_process_va,memfd,64,18,519266345085426,14945,519266345194443,109017
reserve,3,intra_process_va,memfd,64,19,519266445036557,15344,519266445145467,108910
reserve,3,intra_process_va,memfd,262144,0,519268194161887,16090,519268194270582,108695
reserve,3,intra_process_va,memfd,262144,1,519268294205547,16465,519268294320092,114545
reserve,3,intra_process_va,memfd,262144,2,519268394140046,16045,519268394251146,111100
reserve,3,intra_process_va,memfd,262144,3,519268494251507,16080,519268494364893,113386
reserve,3,intra_process_va,memfd,262144,4,519268594161245,16057,519268594267786,106541
reserve,3,intra_process_va,memfd,262144,5,519268693779767,4059,519268693804716,24949
reserve,3,intra_process_va,memfd,262144,6,519268794204700,15937,519268794318499,113799
reserve,3,intra_process_va,memfd,262144,7,519268894196201,16302,519268894310252,114051
reserve,3,intra_process_va,memfd,262144,8,519268994225040,16043,519268994333015,107975
reserve,3,intra_process_va,memfd,262144,9,519269094270751,18284,519269094395071,124320
reserve,3,intra_process_va,memfd,262144,10,519269194141959,17421,519269194261342,119383
reserve,3,intra_process_va,memfd,262144,11,519269294171897,17841,519269294295023,123126
reserve,3,intra_process_va,memfd,262144,12,519269394173466,18182,519269394291380,117914
reserve,3,intra_process_va,memfd,262144,13,519269494193326,17561,519269494309460,116134
reserve,3,intra_process_va,memfd,262144,14,519269594206174,18786,519269594331919,125745
reserve,3,intra_process_va,memfd,262144,15,519269694147082,15728,519269694256750,109668
reserve,3,intra_process_va,memfd,262144,16,519269794226547,17831,519269794351673,125126
reserve,3,intra_process_va,memfd,262144,17,519269894203501,16823,519269894320777,117276
reserve,3,intra_process_va,memfd,262144,18,519269994190636,17682,519269994305641,115005
reserve,3,intra_process_va,memfd,262144,19,519270094230564,16699,519270094345884,115320
reserve,3,inter_process,memfd,64,0,519275119060752,431433,519275120037320,976568
reserve,3,inter_process,memfd,64,1,519275219127139,470068,519275220195000,1067861
reserve,3,inter_process,memfd,64,2,519275319134468,459868,519275320176644,1042176
reserve,3,inter_process,memfd,64,3,519275419120249,464451,519275420157128,1036879
reserve,3,inter_process,memfd,64,4,519275519106902,289739,519275519879061,772159
reserve,3,inter_process,memfd,64,5,519275619062346,424410,519275619966258,903912
reserve,3,inter_process,memfd,64,6,519275719173829,412478,519275720080697,906868
reserve,3,inter_process,memfd,64,7,519275818975189,427106,519275819872086,896897
reserve,3,inter_process,memfd,64,8,519275919089154,414462,519275919995460,906306
reserve,3,inter_process,memfd,64,9,519276019113973,308249,519276019949154,835181
reserve,3,inter_process,memfd,64,10,519276119113855,480499,519276120168578,1054723
reserve,3,inter_process,memfd,64,11,519276219100418,415849,519276220031615,931197
reserve,3,inter_process,memfd,64,12,519276319068157,400780,519276319988392,920235
reserve,3,inter_process,memfd,64,13,519276419101828,470373,519276420151259,1049431
reserve,3,inter_process,memfd,64,14,519276519077849,418897,519276519988142,910293
reserve,3,inter_process,memfd,64,15,519276619091521,419860,519276619993731,902210
reserve,3,inter_process,memfd,64,16,519276719111257,462556,519276720193447,1082190
reserve,3,inter_process,memfd,64,17,519276819063932,395804,519276819923102,859170
reserve,3,inter_process,memfd,64,18,519276919074889,311347,519276919908543,833654
reserve,3,inter_process,memfd,64,19,519277019076459,415014,519277019983939,907480
reserve,3,intra_process_va,cpu,16777216,0,519279923352976,15426,519279923427818,74842
reserve,3,intra_process_va,cpu,16777216,1,519280023060533,5193,519280023088243,27710
reserve,3,intra_process_va,cpu,16777216,2,519280123326032,15406,519280123400091,74059
reserve,3,intra_process_va,cpu,16777216,3,519280223371471,16049,519280223441384,69913
reserve,3,intra_process_va,cpu,16777216,4,519280323325871,13784,519280323394821,68950
reserve,3,intra_process_va,cpu,16777216,5,519280423355358,15648,519280423431364,76006
reserve,3,intra_process_va,cpu,16777216,6,519280523126236,5305,519280523155003,28767
reserve,3,intra_process_va,cpu,16777216,7,519280623641822,4887,519280623668663,26841
reserve,3,intra_process_va,cpu,16777216,8,519280723385502,14555,519280723454823,69321
reserve,3,intra_process_va,cpu,16777216,9,519280822977427,5742,519280823020048,42621
reserve,3,intra_process_va,cpu,16777216,10,519280923366081,13476,519280923435641,69560
reserve,3,intra_process_va,cpu,16777216,11,519281023421741,14080,519281023490382,68641
reserve,3,intra_process_va,cpu,16777216,12,519281123273415,14610,519281123344507,71092
reserve,3,intra_process_va,cpu,16777216,13,519281223229060,15772,519281223305343,76283
reserve,3,intra_process_va,cpu,16777216,14,519281320275818,7766,519281320306320,30502
reserve,3,intra_process_va,cpu,16777216,15,519281423100285,5292,519281423128579,28294
reserve,3,intra_process_va,cpu,16777216,16,519281523396897,14629,519281523467005,70108
reserve,3,intra_process_va,cpu,16777216,17,519281623653529,15981,519281623730497,76968
reserve,3,intra_process_va,cpu,16777216,18,519281723331243,16453,519281723407146,75903
reserve,3,intra_process_va,cpu,16777216,19,519281823286191,15601,519281823361464,75273
reserve,3,intra_process_va,cpu,262144,0,519283548995579,86029,519283549185004,189425
reserve,3,intra_process_va,cpu,262144,1,519283648890308,11952,519283648957577,67269
reserve,3,intra_process_va,cpu,262144,2,519283749066404,21493,519283749186202,119798
reserve,3,intra_process_va,cpu,262144,3,519283848986038,55487,519283849130318,144280
reserve,3,intra_process_va,cpu,262144,4,519283948995457,59866,519283949150072,154615
reserve,3,intra_process_va,cpu,262144,5,519284048989054,67064,519284049142496,153442
reserve,3,intra_process_va,cpu,262144,6,519284149084719,22500,519284149209326,124607
reserve,3,intra_process_va,cpu,262144,7,519284249068293,22567,519284249211363,143070
reserve,3,intra_process_va,cpu,262144,8,519284349052296,20925,519284349172629,120333
reserve,3,intra_process_va,cpu,262144,9,519284449093771,22364,519284449220158,126387
reserve,3,intra_process_va,cpu,262144,10,519284548979885,19487,519284549121111,141226
reserve,3,intra_process_va,cpu,262144,11,519284648873176,10453,519284648934693,61517
reserve,3,intra_process_va,cpu,262144,12,519284749075582,22059,519284749198374,122792
reserve,3,intra_process_va,cpu,262144,13,519284848974389,19860,519284849136967,162578
reserve,3,intra_process_va,cpu,262144,14,519284949067912,20969,519284949182402,114490
reserve,3,intra_process_va,cpu,262144,15,519285048994058,56389,519285049161304,167246
reserve,3,intra_process_va,cpu,262144,16,519285149073602,21734,519285149198660,125058
reserve,3,intra_process_va,cpu,262144,17,519285248920023,18950,519285249063028,143005
reserve,3,intra_process_va,cpu,262144,18,519285348997279,59863,519285349152944,155665
reserve,3,intra_process_va,cpu,262144,19,519285448866214,16725,519285448962286,96072
reserve,4,intra_process_va,memfd,64,0,519287173176308,18601,519287173300314,124006
reserve,4,intra_process_va,memfd,64,1,519287273052489,15026,519287273159973,107484
reserve,4,intra_process_va,memfd,64,2,519287373079534,15999,519287373185703,106169
reserve,4,intra_process_va,memfd,64,3,519287473174812,16928,519287473292569,117757
reserve,4,intra_process_va,memfd,64,4,519287572720299,3633,519287572745501,25202
reserve,4,intra_process_va,memfd,64,5,519287672700632,3693,519287672726860,26228
reserve,4,intra_process_va,memfd,64,6,519287773226292,17350,519287773350048,123756
reserve,4,intra_process_va,memfd,64,7,519287873133477,17404,519287873248563,115086
reserve,4,intra_process_va,memfd,64,8,519287973160432,17213,519287973284459,124027
reserve,4,intra_process_va,memfd,64,9,519288073144360,17909,519288073268701,124341
reserve,4,intra_process_va,memfd,64,10,519288172898865,15087,519288173036386,137521
reserve,4,intra_process_va,memfd,64,11,519288272884561,17642,519288273043346,158785
reserve,4,intra_process_va,memfd,64,12,519288373146966,17534,519288373272970,126004
reserve,4,intra_process_va,memfd,64,13,519288473164704,17384,519288473283451,118747
reserve,4,intra_process_va,memfd,64,14,519288573151409,17610,519288573274124,122715
reserve,4,intra_process_va,memfd,64,15,519288673138099,16875,519288673253036,114937
reserve,4,intra_process_va,memfd,64,16,519288773175902,17857,519288773301950,126048
reserve,4,intra_process_va,memfd,64,17,519288873150965,18157,519288873274426,123461
reserve,4,intra_process_va,memfd,64,18,519288973136749,16129,519288973251333,114584
reserve,4,intra_process_va,memfd,64,19,519289073165970,17144,519289073289621,123651
reserve,4,intra_process_va,memfd,65536,0,519290792170889,19601,519290792297802,126913
reserve,4,intra_process_va,memfd,65536,1,519290892127103,14301,519290892229436,102333
reserve,4,intra_process_va,memfd,65536,2,519290992189433,18625,519290992315304,125871
reserve,4,intra_process_va,memfd,65536,3,519291092201991,17515,519291092327603,125612
reserve,4,intra_process_va,memfd,65536,4,519291192240906,17256,519291192358967,118061
reserve,4,intra_process_va,memfd,65536,5,519291292173807,18897,519291292298405,124598
reserve,4,intra_process_va,memfd,65536,6,519291392089950,17508,519291392204218,114268
reserve,4,intra_process_va,memfd,65536,7,519291492193453,18888,519291492318789,125336
reserve,4,intra_process_va,memfd,65536,8,519291592188146,34199,519291592322793,134647
reserve,4,intra_process_va,memfd,65536,9,519291692224189,16562,519291692338285,114096
reserve,4,intra_process_va,memfd,65536,10,519291791749455,4534,519291791776794,27339
reserve,4,intra_process_va,memfd,65536,11,519291892105181,16127,519291892213649,108468
reserve,4,intra_process_va,memfd,65536,12,519291991944060,15313,519291992097794,153734
reserve,4,intra_process_va,memfd,65536,13,519292092179642,18852,519292092305317,125675
reserve,4,intra_process_va,memfd,65536,14,519292192160271,16907,519292192276298,116027
reserve,4,intra_process_va,memfd,65536,15,519292292212808,16449,519292292328896,116088
reserve,4,intra_process_va,memfd,65536,16,519292392098543,15894,519292392205321,106778
reserve,4,intra_process_va,memfd,65536,17,519292492136821,16623,519292492247083,110262
reserve,4,intra_process_va,memfd,65536,18,519292592154680,18039,519292592281284,126604
reserve,4,intra_process_va,memfd,65536,19,519292692206634,16079,519292692315793,109159
reserve,4,inter_process,cpu,16384,0,519297391977148,360576,519297392642732,665584
reserve,4,inter_process,cpu,16384,1,519297492064039,365018,519297492797452,733413
reserve,4,inter_process,cpu,16384,2,519297591983719,413714,519297592755094,771375
reserve,4,inter_process,cpu,16384,3,519297692071437,347831,519297692729469,658032
reserve,4,inter_process,cpu,16384,4,519297792052844,369017,519297792787235,734391
reserve,4,inter_process,cpu,16384,5,519297891918669,160469,519297892347688,429019
reserve,4,inter_process,cpu,16384,6,519297991961337,371017,519297992659856,698519
reserve,4,inter_process,cpu,16384,7,519298091796961,94921,519298091989910,192949
reserve,4,inter_process,cpu,16384,8,519298191933594,354556,519298192598957,665363
reserve,4,inter_process,cpu,16384,9,519298291956584,306557,519298292635529,678945
reserve,4,inter_process,cpu,16384,10,519298391992471,369465,519298392692290,699819
reserve,4,inter_process,cpu,16384,11,519298491981272,396852,519298492723938,742666
reserve,4,inter_process,cpu,16384,12,519298591981620,376467,519298592706676,725056
reserve,4,inter_process,cpu,16384,13,519298691990486,443818,519298692800928,810442
reserve,4,inter_process,cpu,16384,14,519298791970759,381733,519298792679214,708455
reserve,4,inter_process,cpu,16384,15,519298891925231,223057,519298892360638,435407
reserve,4,inter_process,cpu,16384,16,519298992080597,400506,519298992853992,773395
reserve,4,inter_process,cpu,16384,17,519299092062082,358413,519299092780173,718091
reserve,4,inter_process,cpu,16384,18,519299191989203,445027,519299192793943,804740
reserve,4,inter_process,cpu,16384,19,519299292038381,388091,519299292786869,748488
reserve,4,intra_process_va,memfd,16777216,0,519301201486468,21172,519301201603646,117178
reserve,4,intra_process_va,memfd,16777216,1,519301301483639,18356,519301301585477,101838
reserve,4,intra_process_va,memfd,16777216,2,519301401707228,23816,519301401835813,128585
reserve,4,intra_process_va,memfd,16777216,3,519301501506106,20485,519301501619285,113179
reserve,4,intra_process_va,memfd,16777216,4,519301601469789,20712,519301601587615,117826
reserve,4,intra_process_va,memfd,16777216,5,519301701471843,20162,519301701582072,110229
reserve,4,intra_process_va,memfd,16777216,6,519301801504667,21239,519301801621949,117282
reserve,4,intra_process_va,memfd,16777216,7,519301901287830,21080,519301901406388,118558
reserve,4,intra_process_va,memfd,16777216,8,519302001477889,20596,519302001592781,114892
reserve,4,intra_process_va,memfd,16777216,9,519302101811835,22571,519302101938603,126768
reserve,4,intra_process_va,memfd,16777216,10,519302201737342,22589,519302201865189,127847
reserve,4,intra_process_va,memfd,16777216,11,519302298602111,7533,519302298637786,35675
reserve,4,intra_process_va,memfd,16777216,12,519302401344459,21582,519302401462887,118428
reserve,4,intra_process_va,memfd,16777216,13,519302501561182,20073,519302501677279,116097
reserve,4,intra_process_va,memfd,16777216,14,519302601719005,22045,519302601847194,128189
reserve,4,intra_process_va,memfd,16777216,15,519302701631786,22225,519302701758262,126476
reserve,4,intra_process_va,memfd,16777216,16,519302801381531,20735,519302801499669,118138
reserve,4,intra_process_va,memfd,16777216,17,519302900960355,15222,519302901081025,120670
reserve,4,intra_process_va,memfd,16777216,18,519303001471657,20070,519303001581561,109904
reserve,4,intra_process_va,memfd,16777216,19,519303101418932,18554,519303101520963,102031
reserve,4,inter_process,memfd,4194304,0,519307796120380,496488,519307797159152,1038772
reserve,4,inter_process,memfd,4194304,1,519307895864034,346731,519307896583389,719355
reserve,4,inter_process,memfd,4194304,2,519307996043427,463844,519307996999121,955694
reserve,4,inter_process,memfd,4194304,3,519308096110366,503228,519308097122301,1011935
reserve,4,inter_process,memfd,4194304,4,519308195987749,454253,519308196922379,934630
reserve,4,inter_process,memfd,4194304,5,519308296110441,480174,519308297132104,1021663
reserve,4,inter_process,memfd,4194304,6,519308396129765,496847,519308397193584,1063819
reserve,4,inter_process,memfd,4194304,7,519308495790725,368072,519308496552363,761638
reserve,4,inter_process,memfd,4194304,8,519308595049676,94430,519308595242404,192728
reserve,4,inter_process,memfd,4194304,9,519308696150839,355233,519308697091004,940165
reserve,4,inter_process,memfd,4194304,10,519308796118989,504626,519308797140940,1021951
reserve,4,inter_process,memfd,4194304,11,519308895632518,328896,519308896321340,688822
reserve,4,inter_process,memfd,4194304,12,519308995836643,429864,519308996726292,889649
reserve,4,inter_process,memfd,4194304,13,519309096024789,440502,519309096926229,901440
reserve,4,inter_process,memfd,4194304,14,519309195993365,436019,519309196879439,886074
reserve,4,inter_process,memfd,4194304,15,519309295853760,450833,519309296774075,920315
reserve,4,inter_process,memfd,4194304,16,519309396127969,517619,519309397090441,962472
reserve,4,inter_process,memfd,4194304,17,519309495931323,436615,519309496831259,899936
reserve,4,inter_process,memfd,4194304,18,519309596120266,338108,519309596976966,856700
reserve,4,inter_process,memfd,4194304,19,519309696233518,457274,519309697223284,989766
reserve,4,intra_process_va,cpu,4096,0,519312578952932,17653,519312579116166,163234
reserve,4,intra_process_va,cpu,4096,1,519312678959993,18887,519312679123062,163069
reserve,4,intra_process_va,cpu,4096,2,519312778744599,4516,519312778767488,22889
reserve,4,intra_process_va,cpu,4096,3,519312878913852,17353,519312879059546,145694
reserve,4,intra_process_va,cpu,4096,4,519312978934907,17838,519312979090060,155153
reserve,4,intra_process_va,cpu,4096,5,519313078901928,17203,519313079046711,144783
reserve,4,intra_process_va,cpu,4096,6,519313178911816,16680,519313179049434,137618
reserve,4,intra_process_va,cpu,4096,7,519313278914063,16735,519313279049393,135330
reserve,4,intra_process_va,cpu,4096,8,519313378919613,18439,519313379077049,157436
reserve,4,intra_process_va,cpu,4096,9,519313478944865,17887,519313479145248,200383
reserve,4,intra_process_va,cpu,4096,10,519313578907335,16888,519313579060525,153190
reserve,4,intra_process_va,cpu,4096,11,519313679039086,18072,519313679149578,110492
reserve,4,intra_process_va,cpu,4096,12,519313778950305,18386,519313779108238,157933
reserve,4,intra_process_va,cpu,4096,13,519313878957990,19346,519313879140521,182531
reserve,4,intra_process_va,cpu,4096,14,519313978933235,17897,519313979080035,146800
reserve,4,intra_process_va,cpu,4096,15,519314078915527,16598,519314079062029,146502
reserve,4,intra_process_va,cpu,4096,16,519314178956396,19333,519314179127476,171080
reserve,4,intra_process_va,cpu,4096,17,519314278915217,16849,519314279055259,140042
reserve,4,intra_process_va,cpu,4096,18,519314378907356,17196,519314379056676,149320
reserve,4,intra_process_va,cpu,4096,19,519314478933285,17145,519314479082924,149639
reserve,4,intra_process_va,memfd,1024,0,519316219112072,16485,519316219226227,114155
reserve,4,intra_process_va,memfd,1024,1,519316319155506,18506,519316319279852,124346
reserve,4,intra_process_va,memfd,1024,2,519316419136100,15731,519316419266279,130179
reserve,4,intra_process_va,memfd,1024,3,519316519135578,15262,519316519242609,107031
reserve,4,intra_process_va,memfd,1024,4,519316618861053,15250,519316618964309,103256
reserve,4,intra_process_va,memfd,1024,5,519316718843328,11860,519316718921797,78469
reserve,4,intra_process_va,memfd,1024,6,519316819051469,16057,519316819161968,110499
reserve,4,intra_process_va,memfd,1024,7,519316918700210,3641,519316918722440,22230
reserve,4,intra_process_va,memfd,1024,8,519317018905437,8564,519317018957511,52074
reserve,4,intra_process_va,memfd,1024,9,519317119074610,5250,519317119108499,33889
reserve,4,intra_process_va,memfd,1024,10,519317218977733,13339,519317219108008,130275
reserve,4,intra_process_va,memfd,1024,11,519317319101332,15973,519317319208108,106776
reserve,4,intra_process_va,memfd,1024,12,519317419093813,16449,519317419201988,108175
reserve,4,intra_process_va,memfd,1024,13,519317519083872,14975,519317519215458,131586
reserve,4,intra_process_va,memfd,1024,14,519317619079209,16057,519317619188975,109766
reserve,4,intra_process_va,memfd,1024,15,519317719198480,16719,519317719329090,130610
reserve,4,intra_process_va,memfd,1024,16,519317819144156,18030,519317819266532,122376
reserve,4,intra_process_va,memfd,1024,17,519317919075642,14883,519317919175533,99891
reserve,4,intra_process_va,memfd,1024,18,519318018863594,14190,519318018966733,103139
reserve,4,intra_process_va,memfd,1024,19,519318119107501,16393,519318119223301,115800
reserve,4,inter_process,cpu,64,0,519322813078215,326703,519322813745343,667128
reserve,4,inter_process,cpu,64,1,519322913082019,144296,519322913385560,303541
reserve,4,inter_process,cpu,64,2,519323013085669,356537,519323013777912,692243
reserve,4,inter_process,cpu,64,3,519323113143809,364289,519323113846664,702855
reserve,4,inter_process,cpu,64,4,519323212932835,235445,519323213395682,462847
reserve,4,inter_process,cpu,64,5,519323312871270,69570,519323313077938,206668
reserve,4,inter_process,cpu,64,6,519323412948048,382994,519323413662668,714620
reserve,4,inter_process,cpu,64,7,519323513114091,314828,519323513751890,637799
reserve,4,inter_process,cpu,64,8,519323612905567,266121,519323613521430,615863
reserve,4,inter_process,cpu,64,9,519323713182619,222608,519323713800957,618338
reserve,4,inter_process,cpu,64,10,519323813073525,322597,519323813746228,672703
reserve,4,inter_process,cpu,64,11,519323913111914,351676,519323913817861,705947
reserve,4,inter_process,cpu,64,12,519324013089971,319469,519324013750892,660921
reserve,4,inter_process,cpu,64,13,519324113094803,328448,519324113760735,665932
reserve,4,inter_process,cpu,64,14,519324213073436,323972,519324213734073,660637
reserve,4,inter_process,cpu,64,15,519324313142078,321347,519324313800182,658104
reserve,4,inter_process,cpu,64,16,519324413074770,311348,519324413711378,636608
reserve,4,inter_process,cpu,64,17,519324513069392,299221,519324513672841,603449
reserve,4,inter_process,cpu,64,18,519324613147451,336925,519324613790359,642908
reserve,4,inter_process,cpu,64,19,519324713060430,193569,519324713598605,538175
reserve,4,intra_process_va,memfd,4096,0,519326624153048,15455,519326624265522,112474
reserve,4,intra_process_va,memfd,4096,1,519326724095769,16146,519326724204760,108991
reserve,4,intra_process_va,memfd,4096,2,519326824142905,17494,519326824267245,124340
reserve,4,intra_process_va,memfd,4096,3,519326924030427,13366,519326924114755,84328
reserve,4,intra_process_va,memfd,4096,4,519327024087381,15570,519327024194505,107124
reserve,4,intra_process_va,memfd,4096,5,519327124185896,18212,519327124308925,123029
reserve,4,intra_process_va,memfd,4096,6,519327224168351,18174,519327224291473,123122
reserve,4,intra_process_va,memfd,4096,7,519327324150265,17890,519327324273124,122859
reserve,4,intra_process_va,memfd,4096,8,519327423725465,4889,519327423752923,27458
reserve,4,intra_process_va,memfd,4096,9,519327523907097,6093,519327523948018,40921
reserve,4,intra_process_va,memfd,4096,10,519327624185954,17801,519327624309351,123397
reserve,4,intra_process_va,memfd,4096,11,519327724136915,16738,519327724253286,116371
reserve,4,intra_process_va,memfd,4096,12,519327824169608,18637,519327824294516,124908
reserve,4,intra_process_va,memfd,4096,13,519327923997119,47211,519327924150905,153786
reserve,4,intra_process_va,memfd,4096,14,519328023928604,17542,519328024082300,153696
reserve,4,intra_process_va,memfd,4096,15,519328124162928,18364,519328124285755,122827
reserve,4,intra_process_va,memfd,4096,16,519328224145121,16045,519328224258619,113498
reserve,4,intra_process_va,memfd,4096,17,519328324119838,16276,519328324234159,114321
reserve,4,intra_process_va,memfd,4096,18,519328424104339,15430,519328424212888,108549
reserve,4,intra_process_va,memfd,4096,19,519328524122966,16370,519328524235920,112954
reserve,4,intra_process_va,memfd,4194304,0,519330248106928,21831,519330248255658,148730
reserve,4,intra_process_va,memfd,4194304,1,519330347755650,19348,519330347873502,117852
reserve,4,intra_process_va,memfd,4194304,2,519330448178209,21296,519330448302501,124292
reserve,4,intra_process_va,memfd,4194304,3,519330548040149,20840,519330548164547,124398
reserve,4,intra_process_va,memfd,4194304,4,519330647463132,11152,519330647529821,66689
reserve,4,intra_process_va,memfd,4194304,5,519330748146015,23295,519330748301880,155865
reserve,4,intra_process_va,memfd,4194304,6,519330848123706,22218,519330848253073,129367
reserve,4,intra_process_va,memfd,4194304,7,519330947962677,19400,519330948100702,138025
reserve,4,intra_process_va,memfd,4194304,8,519331047953884,19546,519331048092546,138662
reserve,4,intra_process_va,memfd,4194304,9,519331148227636,21493,519331148355055,127419
reserve,4,intra_process_va,memfd,4194304,10,519331247933552,20260,519331248090846,157294
reserve,4,intra_process_va,memfd,4194304,11,519331347895247,20593,519331348031407,136160
reserve,4,intra_process_va,memfd,4194304,12,519331447952767,19213,519331448086300,133533
reserve,4,intra_process_va,memfd,4194304,13,519331548077584,21127,519331548202155,124571
reserve,4,intra_process_va,memfd,4194304,14,519331646925734,6213,519331646954573,28839
reserve,4,intra_process_va,memfd,4194304,15,519331747944114,20573,519331748081533,137419
reserve,4,intra_process_va,memfd,4194304,16,519331847943918,19551,519331848082747,138829
reserve,4,intra_process_va,memfd,4194304,17,519331947842666,19792,519331947959454,116788
reserve,4,intra_process_va,memfd,4194304,18,519332048087262,22840,519332048215609,128347
reserve,4,intra_process_va,memfd,4194304,19,519332148186727,21576,519332148307754,121027
reserve,4,inter_process,memfd,4096,0,519337187046434,482057,519337188092437,1046003
reserve,4,inter_process,memfd,4096,1,519337286996802,432808,519337287907543,910741
reserve,4,inter_process,memfd,4096,2,519337387032435,389397,519337387874652,842217
reserve,4,inter_process,memfd,4096,3,519337486991048,463888,519337487908931,917883
reserve,4,inter_process,memfd,4096,4,519337587072777,420355,519337587984771,911994
reserve,4,inter_process,memfd,4096,5,519337687065143,423428,519337687968075,902932
reserve,4,inter_process,memfd,4096,6,519337786946226,442312,519337787833554,887328
reserve,4,inter_process,memfd,4096,7,519337887090809,467099,519337888117075,1026266
reserve,4,inter_process,memfd,4096,8,519337986725389,94096,519337986928139,202750
reserve,4,inter_process,memfd,4096,9,519338087107702,308056,519338087938618,830916
reserve,4,inter_process,memfd,4096,10,519338187080002,446671,519338188096002,1016000
reserve,4,inter_process,memfd,4096,11,519338287049998,402570,519338287910467,860469
reserve,4,inter_process,memfd,4096,12,519338387065520,416036,519338387964341,898821
reserve,4,inter_process,memfd,4096,13,519338487058671,417278,519338487963046,904375
reserve,4,inter_process,memfd,4096,14,519338587066424,413377,519338587961619,895195
reserve,4,inter_process,memfd,4096,15,519338687091941,471300,519338688129979,1038038
reserve,4,inter_process,memfd,4096,16,519338786861108,467955,519338787818413,957305
reserve,4,inter_process,memfd,4096,17,519338887074676,421264,519338887984314,909638
reserve,4,inter_process,memfd,4096,18,519338987097294,307532,519338987935159,837865
reserve,4,inter_process,memfd,4096,19,519339087075233,462785,519339088111395,1036162
reserve,4,inter_process,memfd,1024,0,519345275062296,473097,519345276082126,1019830
reserve,4,inter_process,memfd,1024,1,519345375069390,502434,519345376067196,997806
reserve,4,inter_process,memfd,1024,2,519345475129631,466520,519345476171685,1042054
reserve,4,inter_process,memfd,1024,3,519345575095638,415571,519345576045041,949403
reserve,4,inter_process,memfd,1024,4,519345675115265,461143,519345676162344,1047079
reserve,4,inter_process,memfd,1024,5,519345775063432,398883,519345775921353,857921
reserve,4,inter_process,memfd,1024,6,519345875079750,311987,519345875912909,833159
reserve,4,inter_process,memfd,1024,7,519345975085270,421541,519345975983445,898175
reserve,4,inter_process,memfd,1024,8,519346075065916,393247,519346075920380,854464
reserve,4,inter_process,memfd,1024,9,519346175101486,338265,519346176061008,959522
reserve,4,inter_process,memfd,1024,10,519346274878484,252517,519346275287993,409509
reserve,4,inter_process,memfd,1024,11,519346374761609,142176,519346375075672,314063
reserve,4,inter_process,memfd,1024,12,519346475100941,444134,519346476090815,989874
reserve,4,inter_process,memfd,1024,13,519346574973606,470360,519346575907966,934360
reserve,4,inter_process,memfd,1024,14,519346675145569,462940,519346676181476,1035907
reserve,4,inter_process,memfd,1024,15,519346774714727,151499,519346775034103,319376
reserve,4,inter_process,memfd,1024,16,519346875037695,401317,519346875903703,866008
reserve,4,inter_process,memfd,1024,17,519346975088424,453469,519346976069324,980900
reserve,4,inter_process,memfd,1024,18,519347075100664,396557,519347075959838,859174
reserve,4,inter_process,memfd,1024,19,519347175119646,420199,519347176054071,934425
reserve,4,inter_process,cpu,65536,0,519353030102315,503702,519353030831742,729427
reserve,4,inter_process,cpu,65536,1,519353130052825,453696,519353130789536,736711
reserve,4,inter_process,cpu,65536,2,519353229991096,411420,519353230650795,659699
reserve,4,inter_process,cpu,65536,3,519353329995814,456561,519353330715179,719365
reserve,4,inter_process,cpu,65536,4,519353429989824,433924,519353430662066,672242
reserve,4,inter_process,cpu,65536,5,519353529964336,405355,519353530613543,649207
reserve,4,inter_process,cpu,65536,6,519353629820424,438958,519353630541041,720617
reserve,4,inter_process,cpu,65536,7,519353730042938,320443,519353730778182,735244
reserve,4,inter_process,cpu,65536,8,519353829844288,410105,519353830481696,637408
reserve,4,inter_process,cpu,65536,9,519353930092603,320430,519353930877986,785383
reserve,4,inter_process,cpu,65536,10,519354029985195,444016,519354030679939,694744
reserve,4,inter_process,cpu,65536,11,519354130059976,444449,519354130769804,709828
reserve,4,inter_process,cpu,65536,12,519354230038597,404691,519354230697017,658420
reserve,4,inter_process,cpu,65536,13,519354330041113,467096,519354330774257,733144
reserve,4,inter_process,cpu,65536,14,519354429978393,440169,519354430678915,700522
reserve,4,inter_process,cpu,65536,15,519354529988921,289078,519354530657539,668618
reserve,4,inter_process,cpu,65536,16,519354629917814,358716,519354630500513,582699
reserve,4,inter_process,cpu,65536,17,519354729777970,106175,519354729959078,181108
reserve,4,inter_process,cpu,65536,18,519354829945599,391378,519354830560641,615042
reserve,4,inter_process,cpu,65536,19,519354930110927,416648,519354930816018,705091
reserve,4,inter_process,memfd,16384,0,519359801091238,472900,519359802177475,1086237
reserve,4,inter_process,memfd,16384,1,519359901090735,417309,519359901971289,880554
reserve,4,inter_process,memfd,16384,2,519360001119526,461682,519360002151749,1032223
reserve,4,inter_process,memfd,16384,3,519360101072646,397553,519360101932532,859886
reserve,4,inter_process,memfd,16384,4,519360200859928,407067,519360201745787,885859
reserve,4,inter_process,memfd,16384,5,519360301084374,414675,519360301983567,899193
reserve,4,inter_process,memfd,16384,6,519360401170922,484306,519360402184175,1013253
reserve,4,inter_process,memfd,16384,7,519360501113272,414475,519360502037911,924639
reserve,4,inter_process,memfd,16384,8,519360600902021,475380,519360601822766,920745
reserve,4,inter_process,memfd,16384,9,519360701198983,332378,519360702152067,953084
reserve,4,inter_process,memfd,16384,10,519360801050530,364390,519360801857847,807317
reserve,4,inter_process,memfd,16384,11,519360901139186,461947,519360902195200,1056014
reserve,4,inter_process,memfd,16384,12,519361000747468,94898,519361000948625,201157
reserve,4,inter_process,memfd,16384,13,519361100996388,442839,519361101902101,905713
reserve,4,inter_process,memfd,16384,14,519361201091702,444215,519361202076975,985273
reserve,4,inter_process,memfd,16384,15,519361301218772,432785,519361302199436,980664
reserve,4,inter_process,memfd,16384,16,519361401096914,452838,519361402043153,946239
reserve,4,inter_process,memfd,16384,17,519361501081930,441183,519361502074715,992785
reserve,4,inter_process,memfd,16384,18,519361601073626,393187,519361601922164,848538
reserve,4,inter_process,memfd,16384,19,519361701126035,463832,519361702170983,1044948
reserve,4,inter_process,memfd,1048576,0,519367556386601,478139,519367557445893,1059292
reserve,4,inter_process,memfd,1048576,1,519367656280839,374844,519367657100256,819417
reserve,4,inter_process,memfd,1048576,2,519367756398344,475397,519367757444476,1046132
reserve,4,inter_process,memfd,1048576,3,519367856368771,456052,519367857369543,1000772
reserve,4,inter_process,memfd,1048576,4,519367956366654,448589,519367957355738,989084
reserve,4,inter_process,memfd,1048576,5,519368056421112,450081,519368057409120,988008
reserve,4,inter_process,memfd,1048576,6,519368156394709,456006,519368157406434,1011725
reserve,4,inter_process,memfd,1048576,7,519368256373928,421654,519368257316020,942092
reserve,4,inter_process,memfd,1048576,8,519368356303352,405225,519368357196163,892811
reserve,4,inter_process,memfd,1048576,9,519368456353758,296874,519368457183099,829341
reserve,4,inter_process,memfd,1048576,10,519368556407708,479741,519368557489733,1082025
reserve,4,inter_process,memfd,1048576,11,519368656277633,377700,519368657106505,828872
reserve,4,inter_process,memfd,1048576,12,519368756372533,426413,519368757310133,937600
reserve,4,inter_process,memfd,1048576,13,519368856289900,400525,519368857183249,893349
reserve,4,inter_process,memfd,1048576,14,519368956368326,471879,519368957409058,1040732
reserve,4,inter_process,memfd,1048576,15,519369056360216,456381,519369057385717,1025501
reserve,4,inter_process,memfd,1048576,16,519369156344821,344478,519369157345971,1001150
reserve,4,inter_process,memfd,1048576,17,519369256354780,447363,519369257345586,990806
reserve,4,inter_process,memfd,1048576,18,519369355789987,90892,519369355983543,193556
reserve,4,inter_process,memfd,1048576,19,519369456296531,456335,519369457300571,1004040
reserve,4,inter_process,cpu,1024,0,519375313059494,314095,519375313683947,624453
reserve,4,inter_process,cpu,1024,1,519375413127228,348794,519375413822514,695286
reserve,4,inter_process,cpu,1024,2,519375513133361,339781,519375513821578,688217
reserve,4,inter_process,cpu,1024,3,519375612784287,125933,519375613049095,264808
reserve,4,inter_process,cpu,1024,4,519375712904766,66056,519375713068600,163834
reserve,4,inter_process,cpu,1024,5,519375813085243,334295,519375813721198,635955
reserve,4,inter_process,cpu,1024,6,519375913112658,347466,519375913776152,663494
reserve,4,inter_process,cpu,1024,7,519376013106369,213250,519376013676505,570136
reserve,4,inter_process,cpu,1024,8,519376113061121,294514,519376113647397,586276
reserve,4,inter_process,cpu,1024,9,519376213216834,227242,519376213862478,645644
reserve,4,inter_process,cpu,1024,10,519376313184722,330387,519376313832455,647733
reserve,4,inter_process,cpu,1024,11,519376413087905,331451,519376413750128,662223
reserve,4,inter_process,cpu,1024,12,519376512876490,332424,519376513537818,661328
reserve,4,inter_process,cpu,1024,13,519376613060903,292074,519376613656442,595539
reserve,4,inter_process,cpu,1024,14,519376713069018,297588,519376713675366,606348
reserve,4,inter_process,cpu,1024,15,519376813072607,320077,519376813712175,639568
reserve,4,inter_process,cpu,1024,16,519376913150806,355130,519376913851535,700729
reserve,4,inter_process,cpu,1024,17,519377013106811,210571,519377013684457,577646
reserve,4,inter_process,cpu,1024,18,519377113089691,347883,519377113772261,682570
reserve,4,inter_process,cpu,1024,19,519377213145193,353308,519377213870596,725403
reserve,4,inter_process,cpu,1048576,0,519382087286753,3049324,519382102092381,14805628
reserve,4,inter_process,cpu,1048576,1,519382187372054,1623570,519382200799986,13427932
reserve,4,inter_process,cpu,1048576,2,519382287339527,1423086,519382300704546,13365019
reserve,4,inter_process,cpu,1048576,3,519382387376012,1731301,519382401094549,13718537
reserve,4,inter_process,cpu,1048576,4,519382487407700,1706213,519382489866180,2458480
reserve,4,inter_process,cpu,1048576,5,519382587389889,1795143,519382589867303,2477414
reserve,4,inter_process,cpu,1048576,6,519382687365208,1509300,519382689545970,2180762
reserve,4,inter_process,cpu,1048576,7,519382787436787,1834314,519382789953725,2516938
reserve,4,inter_process,cpu,1048576,8,519382887184075,1209225,519382899835305,12651230
reserve,4,inter_process,cpu,1048576,9,519382986909718,782530,519382999315972,12406254
reserve,4,inter_process,cpu,1048576,10,519383087385271,1766701,519383101133594,13748323
reserve,4,inter_process,cpu,1048576,11,519383187329515,1441432,519383200576922,13247407
reserve,4,inter_process,cpu,1048576,12,519383287368276,1412888,519383300509103,13140827
reserve,4,inter_process,cpu,1048576,13,519383387397423,1634785,519383389675241,2277818
reserve,4,inter_process,cpu,1048576,14,519383487405718,1631716,519383489803646,2397928
reserve,4,inter_process,cpu,1048576,15,519383587406078,1589846,519383589655062,2248984
reserve,4,inter_process,cpu,1048576,16,519383687346475,1497261,519383700865030,13518555
reserve,4,inter_process,cpu,1048576,17,519383787413923,1769779,519383789861265,2447342
reserve,4,inter_process,cpu,1048576,18,519383887345434,1350588,519383900753589,13408155
reserve,4,inter_process,cpu,1048576,19,519383987212910,1190903,519384000338630,13125720
reserve,4,intra_process_va,cpu,16384,0,519385913817448,10653,519385913886861,69413
reserve,4,intra_process_va,cpu,16384,1,519386013906141,20049,519386014068534,162393
reserve,4,intra_process_va,cpu,16384,2,519386113642435,7109,519386113684512,42077
reserve,4,intra_process_va,cpu,16384,3,519386213865255,17140,519386213970310,105055
reserve,4,intra_process_va,cpu,16384,4,519386313866164,18628,519386313978551,112387
reserve,4,intra_process_va,cpu,16384,5,519386413920838,19989,519386414100921,180083
reserve,4,intra_process_va,cpu,16384,6,519386513903142,17517,519386514052133,148991
reserve,4,intra_process_va,cpu,16384,7,519386613855587,20619,519386613979899,124312
reserve,4,intra_process_va,cpu,16384,8,519386713938407,19606,519386714097321,158914
reserve,4,intra_process_va,cpu,16384,9,519386813932124,20312,519386814153037,220913
reserve,4,intra_process_va,cpu,16384,10,519386913832758,7199,519386913876286,43528
reserve,4,intra_process_va,cpu,16384,11,519387013942079,18474,519387014111883,169804
reserve,4,intra_process_va,cpu,16384,12,519387113895458,18932,519387114063551,168093
reserve,4,intra_process_va,cpu,16384,13,519387213681478,14046,519387213765627,84149
reserve,4,intra_process_va,cpu,16384,14,519387313896069,18099,519387314055705,159636
reserve,4,intra_process_va,cpu,16384,15,519387413916711,20174,519387414098039,181328
reserve,4,intra_process_va,cpu,16384,16,519387513870022,15182,519387513967812,97790
reserve,4,intra_process_va,cpu,16384,17,519387613945865,19369,519387614106324,160459
reserve,4,intra_process_va,cpu,16384,18,519387713917083,19907,519387714090589,173506
reserve,4,intra_process_va,cpu,16384,19,519387813933250,20196,519387814106212,172962
reserve,4,intra_process_va,cpu,4194304,0,519389539819528,25408,519389539937825,118297
reserve,4,intra_process_va,cpu,4194304,1,519389638410537,12740,519389638470014,59477
reserve,4,intra_process_va,cpu,4194304,2,519389739814842,26608,519389739948286,133444
reserve,4,intra_process_va,cpu,4194304,3,519389839502839,23386,519389839617647,114808
reserve,4,intra_process_va,cpu,4194304,4,519389939503008,24000,519389939625860,122852
reserve,4,intra_process_va,cpu,4194304,5,519390039642931,23460,519390039781284,138353
reserve,4,intra_process_va,cpu,4194304,6,519390139614713,24251,519390139736290,121577
reserve,4,intra_process_va,cpu,4194304,7,519390239651756,22753,519390239765924,114168
reserve,4,intra_process_va,cpu,4194304,8,519390337968423,6947,519390337999398,30975
reserve,4,intra_process_va,cpu,4194304,9,519390439499350,23428,519390439613441,114091
reserve,4,intra_process_va,cpu,4194304,10,519390539516015,23479,519390539632396,116381
reserve,4,intra_process_va,cpu,4194304,11,519390638034633,4614,519390638070230,35597
reserve,4,intra_process_va,cpu,4194304,12,519390739745344,25312,519390739870851,125507
reserve,4,intra_process_va,cpu,4194304,13,519390839513454,22265,519390839628029,114575
reserve,4,intra_process_va,cpu,4194304,14,519390939033897,15836,519390939117932,84035
reserve,4,intra_process_va,cpu,4194304,15,519391039545265,23007,519391039660875,115610
reserve,4,intra_process_va,cpu,4194304,16,519391139596850,22658,519391139711882,115032
reserve,4,intra_process_va,cpu,4194304,17,519391239813263,26867,519391239941369,128106
reserve,4,intra_process_va,cpu,4194304,18,519391339582203,23766,519391339704882,122679
reserve,4,intra_process_va,cpu,4194304,19,519391439893647,24958,519391440049865,156218
reserve,4,inter_process,memfd,262144,0,519396139056846,425970,519396139994190,937344
reserve,4,inter_process,memfd,262144,1,519396239236482,345108,519396240179086,942604
reserve,4,inter_process,memfd,262144,2,519396339249772,467194,519396340297208,1047436
reserve,4,inter_process,memfd,262144,3,519396439171638,410737,519396440076452,904814
reserve,4,inter_process,memfd,262144,4,519396539183924,399673,519396540073062,889138
reserve,4,inter_process,memfd,262144,5,519396638825983,92331,519396639032171,206188
reserve,4,inter_process,memfd,262144,6,519396739052811,438497,519396739960630,907819
reserve,4,inter_process,memfd,262144,7,519396839320498,471329,519396840349242,1028744
reserve,4,inter_process,memfd,262144,8,519396939036570,94934,519396939238089,201519
reserve,4,inter_process,memfd,262144,9,519397039126324,276560,519397039890098,763774
reserve,4,inter_process,memfd,262144,10,519397138939728,328781,519397139620142,680414
reserve,4,inter_process,memfd,262144,11,519397239910961,358992,519397240668466,757505
reserve,4,inter_process,memfd,262144,12,519397339203490,453124,519397340202790,999300
reserve,4,inter_process,memfd,262144,13,519397439251837,406633,519397440150082,898245
reserve,4,inter_process,memfd,262144,14,519397539185727,401808,519397540080442,894715
reserve,4,inter_process,memfd,262144,15,519397638988196,144553,519397639295022,306826
reserve,4,inter_process,memfd,262144,16,519397738996471,496480,519397739962901,966430
reserve,4,inter_process,memfd,262144,17,519397839282045,343048,519397840236526,954481
reserve,4,inter_process,memfd,262144,18,519397939224427,402839,519397940114365,889938
reserve,4,inter_process,memfd,262144,19,519398039193278,428077,519398040134598,941320
reserve,4,inter_process,memfd,16777216,0,519403893719378,417768,519403894548550,829172
reserve,4,inter_process,memfd,16777216,1,519403993622977,344412,519403994332257,709280
reserve,4,inter_process,memfd,16777216,2,519404093406793,374424,519404094147248,740455
reserve,4,inter_process,memfd,16777216,3,519404193327821,379914,519404194073420,745599
reserve,4,inter_process,memfd,16777216,4,519404293451043,365754,519404294180115,729072
reserve,4,inter_process,memfd,16777216,5,519404391167744,158576,519404391504026,336282
reserve,4,inter_process,memfd,16777216,6,519404493770561,358166,519404494492108,721547
reserve,4,inter_process,memfd,16777216,7,519404593415066,358803,519404594139413,724347
reserve,4,inter_process,memfd,16777216,8,519404693300741,356327,519404693971695,670954
reserve,4,inter_process,memfd,16777216,9,519404793450285,270243,519404794113958,663673
reserve,4,inter_process,memfd,16777216,10,519404893658073,402928,519404894464367,806294
reserve,4,inter_process,memfd,16777216,11,519404990572544,99328,519404990788161,215617
reserve,4,inter_process,memfd,16777216,12,519405093131253,324263,519405093791147,659894
reserve,4,inter_process,memfd,16777216,13,519405193618760,378858,519405194422355,803595
reserve,4,inter_process,memfd,16777216,14,519405293215827,371444,519405293931538,715711
reserve,4,inter_process,memfd,16777216,15,519405393736039,386521,519405394516605,780566
reserve,4,inter_process,memfd,16777216,16,519405493793961,363031,519405494534897,740936
reserve,4,inter_process,memfd,16777216,17,519405593739631,307703,519405594462061,722430
reserve,4,inter_process,memfd,16777216,18,519405693479220,324948,519405694146071,666851
reserve,4,inter_process,memfd,16777216,19,519405793678645,368485,519405794445620,766975
reserve,4,intra_process_va,memfd,1048576,0,519408722372902,19217,519408722506947,134045
reserve,4,intra_process_va,memfd,1048576,1,519408822398020,21100,519408822528169,130149
reserve,4,intra_process_va,memfd,1048576,2,519408922346066,20034,519408922471648,125582
reserve,4,intra_process_va,memfd,1048576,3,519409022285280,17442,519409022417557,132277
reserve,4,intra_process_va,memfd,1048576,4,519409121968050,8910,519409122033959,65909
reserve,4,intra_process_va,memfd,1048576,5,519409221859833,6125,519409221891916,32083
reserve,4,intra_process_va,memfd,1048576,6,519409322337492,19841,519409322459996,122504
reserve,4,intra_process_va,memfd,1048576,7,519409422333654,19296,519409422452627,118973
reserve,4,intra_process_va,memfd,1048576,8,519409522286612,21419,519409522410034,123422
reserve,4,intra_process_va,memfd,1048576,9,519409622298401,20703,519409622417589,119188
reserve,4,intra_process_va,memfd,1048576,10,519409722282378,19149,519409722396568,114190
reserve,4,intra_process_va,memfd,1048576,11,519409822401059,20130,519409822524869,123810
reserve,4,intra_process_va,memfd,1048576,12,519409922361627,19922,519409922482060,120433
reserve,4,intra_process_va,memfd,1048576,13,519410022285367,17755,519410022422813,137446
reserve,4,intra_process_va,memfd,1048576,14,519410122122045,17011,519410122225414,103369
reserve,4,intra_process_va,memfd,1048576,15,519410222294221,18681,519410222431188,136967
reserve,4,intra_process_va,memfd,1048576,16,519410322315174,17257,519410322420614,105440
reserve,4,intra_process_va,memfd,1048576,17,519410422283150,18274,519410422395218,112068
reserve,4,intra_process_va,memfd,1048576,18,519410522115012,18420,519410522224326,109314
reserve,4,intra_process_va,memfd,1048576,19,519410622388840,21629,519410622519529,130689
reserve,4,intra_process_va,cpu,65536,0,519412352126600,17311,519412352233854,107254
reserve,4,intra_process_va,cpu,65536,1,519412452110446,19963,519412452225613,115167
reserve,4,intra_process_va,cpu,65536,2,519412552103737,18260,519412552209834,106097
reserve,4,intra_process_va,cpu,65536,3,519412652041324,12113,519412652111842,70518
reserve,4,intra_process_va,cpu,65536,4,519412752141403,20621,519412752263185,121782
reserve,4,intra_process_va,cpu,65536,5,519412852138318,21628,519412852260607,122289
reserve,4,intra_process_va,cpu,65536,6,519412952173838,20219,519412952293914,120076
reserve,4,intra_process_va,cpu,65536,7,519413052076341,17785,519413052183360,107019
reserve,4,intra_process_va,cpu,65536,8,519413152090405,17879,519413152198235,107830
reserve,4,intra_process_va,cpu,65536,9,519413252177442,21036,519413252296381,118939
reserve,4,intra_process_va,cpu,65536,10,519413351892774,6339,519413351924784,32010
reserve,4,intra_process_va,cpu,65536,11,519413451944694,9458,519413452022006,77312
reserve,4,intra_process_va,cpu,65536,12,519413552092298,18270,519413552199567,107269
reserve,4,intra_process_va,cpu,65536,13,519413652057097,12787,519413652135105,78008
reserve,4,intra_process_va,cpu,65536,14,519413752130803,20745,519413752251859,121056
reserve,4,intra_process_va,cpu,65536,15,519413852128779,21249,519413852249740,120961
reserve,4,intra_process_va,cpu,65536,16,519413952113760,19251,519413952228210,114450
reserve,4,intra_process_va,cpu,65536,17,519414052117255,18766,519414052230612,113357
reserve,4,intra_process_va,cpu,65536,18,519414152102772,18193,519414152207786,105014
reserve,4,intra_process_va,cpu,65536,19,519414252115173,19688,519414252228351,113178
reserve,4,inter_process,cpu,4096,0,519418946116163,390016,519418946847481,731318
reserve,4,inter_process,cpu,4096,1,519419046097177,379497,519419046750887,653710
reserve,4,inter_process,cpu,4096,2,519419146080962,194920,519419146651567,570605
reserve,4,inter_process,cpu,4096,3,519419246110932,344324,519419246822383,711451
reserve,4,inter_process,cpu,4096,4,519419346118453,352719,519419346822519,704066
reserve,4,inter_process,cpu,4096,5,519419446107931,317567,519419446747822,639891
reserve,4,inter_process,cpu,4096,6,519419545963123,331776,519419546578709,615586
reserve,4,inter_process,cpu,4096,7,519419645856965,69486,519419646003757,146792
reserve,4,inter_process,cpu,4096,8,519419745981859,333306,519419746615490,633631
reserve,4,inter_process,cpu,4096,9,519419846099104,214334,519419846696643,597539
reserve,4,inter_process,cpu,4096,10,519419945991094,356483,519419946666268,675174
reserve,4,inter_process,cpu,4096,11,519420046136133,308430,519420046757889,621756
reserve,4,inter_process,cpu,4096,12,519420146080215,321345,519420146742453,662238
reserve,4,inter_process,cpu,4096,13,519420246063602,335318,519420246717979,654377
reserve,4,inter_process,cpu,4096,14,519420346089804,313924,519420346727767,637963
reserve,4,inter_process,cpu,4096,15,519420446127230,315370,519420446772163,644933
reserve,4,inter_process,cpu,4096,16,519420545882952,208537,519420546394539,511587
reserve,4,inter_process,cpu,4096,17,519420645909655,183336,519420646274126,364471
reserve,4,inter_process,cpu,4096,18,519420746088329,346321,519420746791498,703169
reserve,4,inter_process,cpu,4096,19,519420846118126,361619,519420846863390,745264
reserve,4,inter_process,cpu,262144,0,519425722221214,653866,519425723343600,1122386
reserve,4,inter_process,cpu,262144,1,519425822217284,670040,519425823326890,1109606
reserve,4,inter_process,cpu,262144,2,519425921832239,160079,519425922126984,294745
reserve,4,inter_process,cpu,262144,3,519426022027762,409940,519426022712488,684726
reserve,4,inter_process,cpu,262144,4,519426122181280,582448,519426123173609,992329
reserve,4,inter_process,cpu,262144,5,519426222245401,574230,519426223202722,957321
reserve,4,inter_process,cpu,262144,6,519426322112262,653501,519426323159505,1047243
reserve,4,inter_process,cpu,262144,7,519426422149660,664493,519426423247711,1098051
reserve,4,inter_process,cpu,262144,8,519426521962457,683038,519426523058753,1096296
reserve,4,inter_process,cpu,262144,9,519426622260867,482079,519426623381181,1120314
reserve,4,inter_process,cpu,262144,10,519426722250066,665173,519426723362273,1112207
reserve,4,inter_process,cpu,262144,11,519426822228987,671539,519426823326213,1097226
reserve,4,inter_process,cpu,262144,12,519426922173538,576218,519426923137029,963491
reserve,4,inter_process,cpu,262144,13,519427022091822,530639,519427022963029,871207
reserve,4,inter_process,cpu,262144,14,519427122191911,470664,519427123272032,1080121
reserve,4,inter_process,cpu,262144,15,519427222221560,579779,519427223231954,1010394
reserve,4,inter_process,cpu,262144,16,519427321972914,627114,519427322928003,955089
reserve,4,inter_process,cpu,262144,17,519427422188294,643068,519427423260261,1071967
reserve,4,inter_process,cpu,262144,18,519427522148832,655767,519427523216603,1067771
reserve,4,inter_process,cpu,262144,19,519427622219705,585134,519427623214145,994440
reserve,4,intra_process_va,cpu,1048576,0,519429546371245,24577,519429546500384,129139
reserve,4,intra_process_va,cpu,1048576,1,519429645923577,10097,519429645975994,52417
reserve,4,intra_process_va,cpu,1048576,2,519429746314224,21458,519429746431692,117468
reserve,4,intra_process_va,cpu,1048576,3,519429846330059,21096,519429846440890,110831
reserve,4,intra_process_va,cpu,1048576,4,519429946287110,20061,519429946397062,109952
reserve,4,intra_process_va,cpu,1048576,5,519430046374705,22210,519430046488085,113380
reserve,4,intra_process_va,cpu,1048576,6,519430145746094,6016,519430145772317,26223
reserve,4,intra_process_va,cpu,1048576,7,519430246393366,25216,519430246520955,127589
reserve,4,intra_process_va,cpu,1048576,8,519430346141222,22819,519430346261347,120125
reserve,4,intra_process_va,cpu,1048576,9,519430446437346,24447,519430446565541,128195
reserve,4,intra_process_va,cpu,1048576,10,519430546296207,20695,519430546407135,110928
reserve,4,intra_process_va,cpu,1048576,11,519430645990823,34241,519430646070886,80063
reserve,4,intra_process_va,cpu,1048576,12,519430746383802,25252,519430746512419,128617
reserve,4,intra_process_va,cpu,1048576,13,519430846330481,22397,519430846451339,120858
reserve,4,intra_process_va,cpu,1048576,14,519430946424859,24418,519430946551488,126629
reserve,4,intra_process_va,cpu,1048576,15,519431046291120,20885,519431046402975,111855
reserve,4,intra_process_va,cpu,1048576,16,519431146337400,21675,519431146463785,126385
reserve,4,intra_process_va,cpu,1048576,17,519431246477610,24207,519431246607396,129786
reserve,4,intra_process_va,cpu,1048576,18,519431346347251,23776,519431346468074,120823
reserve,4,intra_process_va,cpu,1048576,19,519431446286044,21249,519431446397692,111648
reserve,4,intra_process_va,memfd,262144,0,519433171227784,19149,519433171353664,125880
reserve,4,intra_process_va,memfd,262144,1,519433270922779,15963,519433271042623,119844
reserve,4,intra_process_va,memfd,262144,2,519433371193435,18488,519433371318136,124701
reserve,4,intra_process_va,memfd,262144,3,519433471213327,17144,519433471325677,112350
reserve,4,intra_process_va,memfd,262144,4,519433571207236,19403,519433571334259,127023
reserve,4,intra_process_va,memfd,262144,5,519433671210404,16602,519433671323670,113266
reserve,4,intra_process_va,memfd,262144,6,519433771213119,19074,519433771339257,126138
reserve,4,intra_process_va,memfd,262144,7,519433871195740,18307,519433871312033,116293
reserve,4,intra_process_va,memfd,262144,8,519433971246382,19568,519433971371362,124980
reserve,4,intra_process_va,memfd,262144,9,519434071341666,17275,519434071453480,111814
reserve,4,intra_process_va,memfd,262144,10,519434171212125,16935,519434171327993,115868
reserve,4,intra_process_va,memfd,262144,11,519434270813007,8192,519434270866548,53541
reserve,4,intra_process_va,memfd,262144,12,519434370971313,6961,519434371038696,67383
reserve,4,intra_process_va,memfd,262144,13,519434471169300,16327,519434471278526,109226
reserve,4,intra_process_va,memfd,262144,14,519434571161688,18567,519434571280087,118399
reserve,4,intra_process_va,memfd,262144,15,519434671189132,17603,519434671304233,115101
reserve,4,intra_process_va,memfd,262144,16,519434771147373,16953,519434771257955,110582
reserve,4,intra_process_va,memfd,262144,17,519434871177236,15117,519434871285231,107995
reserve,4,intra_process_va,memfd,262144,18,519434971179014,16920,519434971287970,108956
reserve,4,intra_process_va,memfd,262144,19,519435071175387,17391,519435071290618,115231
reserve,4,intra_process_va,cpu,262144,0,519436801182582,19667,519436801296747,114165
reserve,4,intra_process_va,cpu,262144,1,519436901075531,23229,519436901201309,125778
reserve,4,intra_process_va,cpu,262144,2,519437001192877,20737,519437001314776,121899
reserve,4,intra_process_va,cpu,262144,3,519437101151485,20063,519437101263941,112456
reserve,4,intra_process_va,cpu,262144,4,519437201158158,19543,519437201273000,114842
reserve,4,intra_process_va,cpu,262144,5,519437301096131,19525,519437301204631,108500
reserve,4,intra_process_va,cpu,262144,6,519437401122612,21910,519437401240351,117739
reserve,4,intra_process_va,cpu,262144,7,519437501113618,21341,519437501232217,118599
reserve,4,intra_process_va,cpu,262144,8,519437601164808,20266,519437601280133,115325
reserve,4,intra_process_va,cpu,262144,9,519437701201832,19742,519437701311755,109923
reserve,4,intra_process_va,cpu,262144,10,519437801119737,20748,519437801235110,115373
reserve,4,intra_process_va,cpu,262144,11,519437900916063,21093,519437901079523,163460
reserve,4,intra_process_va,cpu,262144,12,519438001175912,20269,519438001297820,121908
reserve,4,intra_process_va,cpu,262144,13,519438101137947,18877,519438101251895,113948
reserve,4,intra_process_va,cpu,262144,14,519438201097396,19185,519438201204064,106668
reserve,4,intra_process_va,cpu,262144,15,519438301124276,23413,519438301244238,119962
reserve,4,intra_process_va,cpu,262144,16,519438401109189,19153,519438401217455,108266
reserve,4,intra_process_va,cpu,262144,17,519438500711876,4810,519438500737289,25413
reserve,4,intra_process_va,cpu,262144,18,519438601103421,20237,519438601218010,114589
reserve,4,intra_process_va,cpu,262144,19,519438701157667,20085,519438701272649,114982
reserve,4,intra_process_va,memfd,16384,0,519440421999012,56260,519440422155729,156717
reserve,4,intra_process_va,memfd,16384,1,519440521986882,56072,519440522141255,154373
reserve,4,intra_process_va,memfd,16384,2,519440621671513,3251,519440621694009,22496
reserve,4,intra_process_va,memfd,16384,3,519440722092782,18864,519440722218997,126215
reserve,4,intra_process_va,memfd,16384,4,519440821988963,53091,519440822142085,153122
reserve,4,intra_process_va,memfd,16384,5,519440921819736,16224,519440921937911,118175
reserve,4,intra_process_va,memfd,16384,6,519441022054628,16972,519441022169045,114417
reserve,4,intra_process_va,memfd,16384,7,519441122083754,19029,519441122209968,126214
reserve,4,intra_process_va,memfd,16384,8,519441222060461,17802,519441222197355,136894
reserve,4,intra_process_va,memfd,16384,9,519441322161078,18097,519441322277290,116212
reserve,4,intra_process_va,memfd,16384,10,519441422088157,18678,519441422212825,124668
reserve,4,intra_process_va,memfd,16384,11,519441521931276,14577,519441522085164,153888
reserve,4,intra_process_va,memfd,16384,12,519441622077701,18575,519441622203090,125389
reserve,4,intra_process_va,memfd,16384,13,519441721973542,14703,519441722123134,149592
reserve,4,intra_process_va,memfd,16384,14,519441821991794,52347,519441822142881,151087
reserve,4,intra_process_va,memfd,16384,15,519441921955680,16327,519441922134021,178341
reserve,4,intra_process_va,memfd,16384,16,519442022059467,16112,519442022169679,110212
reserve,4,intra_process_va,memfd,16384,17,519442122053398,16523,519442122167992,114594
reserve,4,intra_process_va,memfd,16384,18,519442222102449,15696,519442222209048,106599
reserve,4,intra_process_va,memfd,16384,19,519442322119091,17624,519442322243244,124153
reserve,4,inter_process,memfd,64,0,519447013069981,465128,519447013969052,899071
reserve,4,inter_process,memfd,64,1,519447113121917,455692,519447114136539,1014622
reserve,4,inter_process,memfd,64,2,519447213102781,445235,519447214114260,1011479
reserve,4,inter_process,memfd,64,3,519447313113255,448456,519447314110301,997046
reserve,4,inter_process,memfd,64,4,519447413088946,397214,519447413946667,857721
reserve,4,inter_process,memfd,64,5,519447513127924,471396,519447514166985,1039061
reserve,4,inter_process,memfd,64,6,519447613150842,450152,519447614125065,974223
reserve,4,inter_process,memfd,64,7,519447713136353,462380,519447714184631,1048278
reserve,4,inter_process,memfd,64,8,519447813144145,319446,519447814234509,1090364
reserve,4,inter_process,memfd,64,9,519447913089304,343056,519447914031589,942285
reserve,4,inter_process,memfd,64,10,519448013097541,494401,519448014184924,1087383
reserve,4,inter_process,memfd,64,11,519448112909135,441303,519448113814887,905752
reserve,4,inter_process,memfd,64,12,519448213145715,406375,519448214028837,883122
reserve,4,inter_process,memfd,64,13,519448313147686,465016,519448314120465,972779
reserve,4,inter_process,memfd,64,14,519448413123121,504895,519448414152710,1029589
reserve,4,inter_process,memfd,64,15,519448513133607,400558,519448514121229,987622
reserve,4,inter_process,memfd,64,16,519448612892177,332392,519448613703141,810964
reserve,4,inter_process,memfd,64,17,519448713084402,418363,519448713988235,903833
reserve,4,inter_process,memfd,64,18,519448813063113,437896,519448814047533,984420
reserve,4,inter_process,memfd,64,19,519448913075155,394903,519448913942925,867770
reserve,4,inter_process,cpu,16777216,0,519454771159012,3207480,519454784314304,13155292
reserve,4,inter_process,cpu,16777216,1,519454870908628,3283492,519454884427342,13518714
reserve,4,inter_process,cpu,16777216,2,519454971394980,3192188,519454984603960,13208980
reserve,4,inter_process,cpu,16777216,3,519455071446503,3229705,519455084639975,13193472
reserve,4,inter_process,cpu,16777216,4,519455170726520,3208896,519455184083218,13356698
reserve,4,inter_process,cpu,16777216,5,519455267164655,3595777,519455280043665,12879010
reserve,4,inter_process,cpu,16777216,6,519455370736187,3195435,519455384210366,13474179
reserve,4,inter_process,cpu,16777216,7,519455471182639,3232905,519455484403171,13220532
reserve,4,inter_process,cpu,16777216,8,519455570674053,3849359,519455575186864,4512811
reserve,4,inter_process,cpu,16777216,9,519455670715687,3214441,519455684251263,13535576
reserve,4,inter_process,cpu,16777216,10,519455771353726,3185336,519455784655649,13301923
reserve,4,inter_process,cpu,16777216,11,519455871315604,3211540,519455884646954,13331350
reserve,4,inter_process,cpu,16777216,12,519455971643848,3195657,519455985116455,13472607
reserve,4,inter_process,cpu,16777216,13,519456071203520,3216152,519456084374354,13170834
reserve,4,inter_process,cpu,16777216,14,519456171259651,3197748,519456184711472,13451821
reserve,4,inter_process,cpu,16777216,15,519456270885650,3219828,519456284360980,13475330
reserve,4,inter_process,cpu,16777216,16,519456371212809,3197205,519456384648345,13435536
reserve,4,inter_process,cpu,16777216,17,519456471383966,3214159,519456484622249,13238283
reserve,4,inter_process,cpu,16777216,18,519456570661056,3193541,519456583943313,13282257
reserve,4,inter_process,cpu,16777216,19,519456670832998,3230767,519456684215881,13382883
reserve,4,inter_process,memfd,65536,0,519461557807547,91139,519461558015192,207645
reserve,4,inter_process,memfd,65536,1,519461658074144,299847,519461658705187,631043
reserve,4,inter_process,memfd,65536,2,519461758169744,421532,519461759100888,931144
reserve,4,inter_process,memfd,65536,3,519461858134401,399865,519461859028760,894359
reserve,4,inter_process,memfd,65536,4,519461958225516,462888,519461959270276,1044760
reserve,4,inter_process,memfd,65536,5,519462058089482,342773,519462058857116,767634
reserve,4,inter_process,memfd,65536,6,519462157952758,420081,519462158839931,887173
reserve,4,inter_process,memfd,65536,7,519462258163247,307435,519462258999315,836068
reserve,4,inter_process,memfd,65536,8,519462358159530,453484,519462359178449,1018919
reserve,4,inter_process,memfd,65536,9,519462458244012,323026,519462459170190,926178
reserve,4,inter_process,memfd,65536,10,519462558142265,429740,519462559102169,959904
reserve,4,inter_process,memfd,65536,11,519462658165035,386056,519462659030579,865544
reserve,4,inter_process,memfd,65536,12,519462758179503,424235,519462759115482,935979
reserve,4,inter_process,memfd,65536,13,519462858155811,471491,519462859208872,1053061
reserve,4,inter_process,memfd,65536,14,519462958200229,507957,519462959298253,1098024
reserve,4,inter_process,memfd,65536,15,519463058124087,348146,519463058901176,777089
reserve,4,inter_process,memfd,65536,16,519463157982221,383724,519463158899009,916788
reserve,4,inter_process,memfd,65536,17,519463258184213,458611,519463259214260,1030047
reserve,4,inter_process,memfd,65536,18,519463358166263,496211,519463359192269,1026006
reserve,4,inter_process,memfd,65536,19,519463458209844,411280,519463459166372,956528
reserve,4,inter_process,cpu,4194304,0,519469322562427,830028,519469336049274,13486847
reserve,4,inter_process,cpu,4194304,1,519469422052596,825410,519469435957065,13904469
reserve,4,inter_process,cpu,4194304,2,519469522152319,828971,519469535960761,13808442
reserve,4,inter_process,cpu,4194304,3,519469622712047,822541,519469634996514,12284467
reserve,4,inter_process,cpu,4194304,4,519469722906578,823400,519469736779899,13873321
reserve,4,inter_process,cpu,4194304,5,519469822558366,820373,519469836124252,13565886
reserve,4,inter_process,cpu,4194304,6,519469918388919,1109961,519469930072354,11683435
reserve,4,inter_process,cpu,4194304,7,519470021958358,1338132,519470035789565,13831207
reserve,4,inter_process,cpu,4194304,8,519470122139171,824821,519470135523285,13384114
reserve,4,inter_process,cpu,4194304,9,519470222533405,845456,519470236179513,13646108
reserve,4,inter_process,cpu,4194304,10,519470322052748,834232,519470335813414,13760666
reserve,4,inter_process,cpu,4194304,11,519470422545463,830705,519470436029644,13484181
reserve,4,inter_process,cpu,4194304,12,519470522777558,831196,519470536589016,13811458
reserve,4,inter_process,cpu,4194304,13,519470622669192,832279,519470635220154,12550962
reserve,4,inter_process,cpu,4194304,14,519470722875023,825385,519470736738472,13863449
reserve,4,inter_process,cpu,4194304,15,519470822556367,826870,519470836136945,13580578
reserve,4,inter_process,cpu,4194304,16,519470922866021,826030,519470936652488,13786467
reserve,4,inter_process,cpu,4194304,17,519471022035223,831972,519471035796763,13761540
reserve,4,inter_process,cpu,4194304,18,519471122881505,833339,519471136609738,13728233
reserve,4,inter_process,cpu,4194304,19,519471222589830,832492,519471236155673,13565843
reserve,4,intra_process_va,cpu,16777216,0,519473153848437,5654,519473153878036,29599
reserve,4,intra_process_va,cpu,16777216,1,519473254292072,15768,519473254362564,70492
reserve,4,intra_process_va,cpu,16777216,2,519473354658307,5356,519473354686469,28162
reserve,4,intra_process_va,cpu,16777216,3,519473454640691,17092,519473454717981,77290
reserve,4,intra_process_va,cpu,16777216,4,519473554675215,16305,519473554747891,72676
reserve,4,intra_process_va,cpu,16777216,5,519473652089939,11293,519473652140973,51034
reserve,4,intra_process_va,cpu,16777216,6,519473754232716,15462,519473754303682,70966
reserve,4,intra_process_va,cpu,16777216,7,519473854689989,5927,519473854719150,29161
reserve,4,intra_process_va,cpu,16777216,8,519473953431840,7122,519473953461604,29764
reserve,4,intra_process_va,cpu,16777216,9,519474054284053,15193,519474054342269,58216
reserve,4,intra_process_va,cpu,16777216,10,519474150397852,7342,519474150427805,29953
reserve,4,intra_process_va,cpu,16777216,11,519474254271007,15941,519474254341794,70787
reserve,4,intra_process_va,cpu,16777216,12,519474354333099,5856,519474354361107,28008
reserve,4,intra_process_va,cpu,16777216,13,519474454498193,5633,519474454526736,28543
reserve,4,intra_process_va,cpu,16777216,14,519474554174064,6230,519474554203740,29676
reserve,4,intra_process_va,cpu,16777216,15,519474653432393,17967,519474653514965,82572
reserve,4,intra_process_va,cpu,16777216,16,519474753997906,19301,519474754037210,39304
reserve,4,intra_process_va,cpu,16777216,17,519474853795330,15322,519474853866334,71004
reserve,4,intra_process_va,cpu,16777216,18,519474954183507,6384,519474954213508,30001
reserve,4,intra_process_va,cpu,16777216,19,519475054602703,17257,519475054681628,78925
reserve,4,intra_process_va,cpu,64,0,519476784960260,17032,519476785094251,133991
reserve,4,intra_process_va,cpu,64,1,519476884732646,18021,519476884842957,110311
reserve,4,intra_process_va,cpu,64,2,519476984956637,17473,519476985100836,144199
reserve,4,intra_process_va,cpu,64,3,519477084926476,17850,519477085071240,144764
reserve,4,intra_process_va,cpu,64,4,519477184952752,17505,519477185096047,143295
reserve,4,intra_process_va,cpu,64,5,519477284926858,16519,519477285063935,137077
reserve,4,intra_process_va,cpu,64,6,519477384913642,18523,519477385068308,154666
reserve,4,intra_process_va,cpu,64,7,519477484973647,18835,519477485130420,156773
reserve,4,intra_process_va,cpu,64,8,519477584969805,19956,519477585127188,157383
reserve,4,intra_process_va,cpu,64,9,519477684951662,14708,519477685136145,184483
reserve,4,intra_process_va,cpu,64,10,519477784950805,17548,519477785108673,157868
reserve,4,intra_process_va,cpu,64,11,519477884745854,19426,519477884863054,117200
reserve,4,intra_process_va,cpu,64,12,519477984990075,57370,519477985145410,155335
reserve,4,intra_process_va,cpu,64,13,519478084918576,16604,519478085054630,136054
reserve,4,intra_process_va,cpu,64,14,519478184975442,16827,519478185130347,154905
reserve,4,intra_process_va,cpu,64,15,519478284681924,6138,519478284716747,34823
reserve,4,intra_process_va,cpu,64,16,519478384925348,18027,519478385068722,143374
reserve,4,intra_process_va,cpu,64,17,519478484960974,17914,519478485118515,157541
reserve,4,intra_process_va,cpu,64,18,519478584923310,16180,519478585060669,137359
reserve,4,intra_process_va,cpu,64,19,519478684935547,17415,519478685079945,144398
reserve,4,intra_process_va,cpu,1024,0,519480408670672,3828,519480408696562,25890
reserve,4,intra_process_va,cpu,1024,1,519480508901432,16956,519480509056321,154889
reserve,4,intra_process_va,cpu,1024,2,519480608933435,18047,519480609087618,154183
reserve,4,intra_process_va,cpu,1024,3,519480708982807,77523,519480709160764,177957
reserve,4,intra_process_va,cpu,1024,4,519480808958019,17681,519480809101593,143574
reserve,4,intra_process_va,cpu,1024,5,519480908925880,16683,519480909063152,137272
reserve,4,intra_process_va,cpu,1024,6,519481008953073,17859,519481009099939,146866
reserve,4,intra_process_va,cpu,1024,7,519481108903316,14974,519481108999147,95831
reserve,4,intra_process_va,cpu,1024,8,519481208910443,17191,519481209048777,138334
reserve,4,intra_process_va,cpu,1024,9,519481308907163,16389,519481309044466,137303
reserve,4,intra_process_va,cpu,1024,10,519481409069183,18138,519481409189639,120456
reserve,4,intra_process_va,cpu,1024,11,519481508924280,18437,519481509074698,150418
reserve,4,intra_process_va,cpu,1024,12,519481608911243,16223,519481609052385,141142
reserve,4,intra_process_va,cpu,1024,13,519481708915998,16367,519481709054413,138415
reserve,4,intra_process_va,cpu,1024,14,519481808977005,19157,519481809136349,159344
reserve,4,intra_process_va,cpu,1024,15,519481908964863,17769,519481909124480,159617
reserve,4,intra_process_va,cpu,1024,16,519482008879824,17155,519482008988915,109091
reserve,4,intra_process_va,cpu,1024,17,519482108945968,17700,519482109102645,156677
reserve,4,intra_process_va,cpu,1024,18,519482208886502,14108,519482208973430,86928
reserve,4,intra_process_va,cpu,1024,19,519482309055620,19039,519482309167188,111568
reserve,5,inter_process,cpu,4096,0,519487033074811,311608,519487033705233,630422
reserve,5,inter_process,cpu,4096,1,519487133076664,328413,519487133706784,630120
reserve,5,inter_process,cpu,4096,2,519487233113070,221961,519487233728727,615657
reserve,5,inter_process,cpu,4096,3,519487332960097,287286,519487333511986,551889
reserve,5,inter_process,cpu,4096,4,519487433066548,330452,519487433716403,649855
reserve,5,inter_process,cpu,4096,5,519487533112941,292357,519487533702963,590022
reserve,5,inter_process,cpu,4096,6,519487632928131,232772,519487633412725,484594
reserve,5,inter_process,cpu,4096,7,519487733119288,331104,519487733808471,689183
reserve,5,inter_process,cpu,4096,8,519487833110702,297520,519487833711463,600761
reserve,5,inter_process,cpu,4096,9,519487933089470,231109,519487933742965,653495
reserve,5,inter_process,cpu,4096,10,519488033096899,300522,519488033701728,604829
reserve,5,inter_process,cpu,4096,11,519488133113682,345325,519488133805353,691671
reserve,5,inter_process,cpu,4096,12,519488233104002,344095,519488233800497,696495
reserve,5,inter_process,cpu,4096,13,519488332970946,378238,519488333683039,712093
reserve,5,inter_process,cpu,4096,14,519488432974657,290005,519488433543637,568980
reserve,5,inter_process,cpu,4096,15,519488532871244,314455,519488533490363,619119
reserve,5,inter_process,cpu,4096,16,519488632934864,289747,519488633469750,534886
reserve,5,inter_process,cpu,4096,17,519488734143976,70569,519488734290054,146078
reserve,5,inter_process,cpu,4096,18,519488832825549,246624,519488833283262,457713
reserve,5,inter_process,cpu,4096,19,519488933098781,369257,519488933839923,741142
reserve,5,intra_process_va,memfd,16777216,0,519490840705818,6600,519490840735172,29354
reserve,5,intra_process_va,memfd,16777216,1,519490943535280,18690,519490943636902,101622
reserve,5,intra_process_va,memfd,16777216,2,519491043532226,18710,519491043634973,102747
reserve,5,intra_process_va,memfd,16777216,3,519491143266965,17262,519491143422139,155174
reserve,5,intra_process_va,memfd,16777216,4,519491243448807,20728,519491243638290,189483
reserve,5,intra_process_va,memfd,16777216,5,519491343558790,20156,519491343725583,166793
reserve,5,intra_process_va,memfd,16777216,6,519491443552052,20280,519491443679440,127388
reserve,5,intra_process_va,memfd,16777216,7,519491543503885,21015,519491543612341,108456
reserve,5,intra_process_va,memfd,16777216,8,519491641139901,8024,519491641183527,43626
reserve,5,intra_process_va,memfd,16777216,9,519491743494485,21337,519491743610768,116283
reserve,5,intra_process_va,memfd,16777216,10,519491843525165,20452,519491843645771,120606
reserve,5,intra_process_va,memfd,16777216,11,519491943453223,21142,519491943570365,117142
reserve,5,intra_process_va,memfd,16777216,12,519492043541035,20354,519492043655751,114716
reserve,5,intra_process_va,memfd,16777216,13,519492143825691,19919,519492143939563,113872
reserve,5,intra_process_va,memfd,16777216,14,519492243285443,19862,519492243401080,115637
reserve,5,intra_process_va,memfd,16777216,15,519492342820151,15879,519492342904987,84836
reserve,5,intra_process_va,memfd,16777216,16,519492443324427,20784,519492443440193,115766
reserve,5,intra_process_va,memfd,16777216,17,519492543572212,20473,519492543682636,110424
reserve,5,intra_process_va,memfd,16777216,18,519492641079356,8128,519492641123524,44168
reserve,5,intra_process_va,memfd,16777216,19,519492743430962,20010,519492743545406,114444
reserve,5,intra_process_va,memfd,64,0,519494495109018,16414,519494495226237,117219
reserve,5,intra_process_va,memfd,64,1,519494595086630,18536,519494595229882,143252
reserve,5,intra_process_va,memfd,64,2,519494695070291,16347,519494695182563,112272
reserve,5,intra_process_va,memfd,64,3,519494795059878,15598,519494795174415,114537
reserve,5,intra_process_va,memfd,64,4,519494894996507,51613,519494895146591,150084
reserve,5,intra_process_va,memfd,64,5,519494994797797,6597,519494994841850,44053
reserve,5,intra_process_va,memfd,64,6,519495094831390,6691,519495094879096,47706
reserve,5,intra_process_va,memfd,64,7,519495194955140,15963,519495195112895,157755
reserve,5,intra_process_va,memfd,64,8,519495295049300,18750,519495295174599,125299
reserve,5,intra_process_va,memfd,64,9,519495395146436,18602,519495395270062,123626
reserve,5,intra_process_va,memfd,64,10,519495494986408,60803,519495495153661,167253
reserve,5,intra_process_va,memfd,64,11,519495595078361,17725,519495595220276,141915
reserve,5,intra_process_va,memfd,64,12,519495695090805,18338,519495695217959,127154
reserve,5,intra_process_va,memfd,64,13,519495795047768,14925,519495795161232,113464
reserve,5,intra_process_va,memfd,64,14,519495895137213,19557,519495895263630,126417
reserve,5,intra_process_va,memfd,64,15,519495994993941,114138,519495995205450,211509
reserve,5,intra_process_va,memfd,64,16,519496094988023,54582,519496095143116,155093
reserve,5,intra_process_va,memfd,64,17,519496194997160,48056,519496195136740,139580
reserve,5,intra_process_va,memfd,64,18,519496295060439,17330,519496295181057,120618
reserve,5,intra_process_va,memfd,64,19,519496394779712,11551,519496394861587,81875
reserve,5,intra_process_va,cpu,4096,0,519498122985698,64511,519498123135936,150238
reserve,5,intra_process_va,cpu,4096,1,519498223080445,20957,519498223204356,123911
reserve,5,intra_process_va,cpu,4096,2,519498323089480,20318,519498323213650,124170
reserve,5,intra_process_va,cpu,4096,3,519498423045119,20422,519498423178485,133366
reserve,5,intra_process_va,cpu,4096,4,519498523042278,18928,519498523153801,111523
reserve,5,intra_process_va,cpu,4096,5,519498623067027,20893,519498623190713,123686
reserve,5,intra_process_va,cpu,4096,6,519498723058515,18082,519498723171195,112680
reserve,5,intra_process_va,cpu,4096,7,519498823078958,20150,519498823202263,123305
reserve,5,intra_process_va,cpu,4096,8,519498922982554,16301,519498923117622,135068
reserve,5,intra_process_va,cpu,4096,9,519499022985220,135902,519499023213464,228244
reserve,5,intra_process_va,cpu,4096,10,519499122985798,55054,519499123128333,142535
reserve,5,intra_process_va,cpu,4096,11,519499222743475,4878,519499222769207,25732
reserve,5,intra_process_va,cpu,4096,12,519499322994770,51327,519499323124116,129346
reserve,5,intra_process_va,cpu,4096,13,519499422981016,16380,519499423116654,135638
reserve,5,intra_process_va,cpu,4096,14,519499522950001,15871,519499523070433,120432
reserve,5,intra_process_va,cpu,4096,15,519499622918139,16387,519499623050961,132822
reserve,5,intra_process_va,cpu,4096,16,519499723107543,19539,519499723228674,121131
reserve,5,intra_process_va,cpu,4096,17,519499823099681,18835,519499823214758,115077
reserve,5,intra_process_va,cpu,4096,18,519499922988294,63349,519499923139766,151472
reserve,5,intra_process_va,cpu,4096,19,519500023074753,20586,519500023214134,139381
reserve,5,intra_process_va,cpu,16384,0,519501752989922,74663,519501753168202,178280
reserve,5,intra_process_va,cpu,16384,1,519501852968990,18430,519501853119875,150885
reserve,5,intra_process_va,cpu,16384,2,519501952974922,17962,519501953131637,156715
reserve,5,intra_process_va,cpu,16384,3,519502052950431,17552,519502053093006,142575
reserve,5,intra_process_va,cpu,16384,4,519502152949472,18258,519502153102099,152627
reserve,5,intra_process_va,cpu,16384,5,519502252950257,17558,519502253093848,143591
reserve,5,intra_process_va,cpu,16384,6,519502352887228,16775,519502352990941,103713
reserve,5,intra_process_va,cpu,16384,7,519502452988526,58073,519502453149270,160744
reserve,5,intra_process_va,cpu,16384,8,519502552989230,57097,519502553147725,158495
reserve,5,intra_process_va,cpu,16384,9,519502652927858,14360,519502653096458,168600
reserve,5,intra_process_va,cpu,16384,10,519502753038763,20436,519502753163416,124653
reserve,5,intra_process_va,cpu,16384,11,519502852996153,58810,519502853156943,160790
reserve,5,intra_process_va,cpu,16384,12,519502953062394,20215,519502953188317,125923
reserve,5,intra_process_va,cpu,16384,13,519503053063594,20820,519503053187152,123558
reserve,5,intra_process_va,cpu,16384,14,519503152981942,57580,519503153136496,154554
reserve,5,intra_process_va,cpu,16384,15,519503253071228,20009,519503253194209,122981
reserve,5,intra_process_va,cpu,16384,16,519503352980959,17036,519503353116130,135171
reserve,5,intra_process_va,cpu,16384,17,519503452689750,4249,519503452713096,23346
reserve,5,intra_process_va,cpu,16384,18,519503552937411,17275,519503553082020,144609
reserve,5,intra_process_va,cpu,16384,19,519503652989718,41391,519503653104736,115018
reserve,5,intra_process_va,memfd,4194304,0,519505374130659,24656,519505374266037,135378
reserve,5,intra_process_va,memfd,4194304,1,519505474140377,23861,519505474287624,147247
reserve,5,intra_process_va,memfd,4194304,2,519505573031120,5695,519505573061294,30174
reserve,5,intra_process_va,memfd,4194304,3,519505674071651,20777,519505674197534,125883
reserve,5,intra_process_va,memfd,4194304,4,519505774155828,22266,519505774283007,127179
reserve,5,intra_process_va,memfd,4194304,5,519505874163563,23845,519505874299055,135492
reserve,5,intra_process_va,memfd,4194304,6,519505973953550,20321,519505974091212,137662
reserve,5,intra_process_va,memfd,4194304,7,519506073978343,41050,519506074121969,143626
reserve,5,intra_process_va,memfd,4194304,8,519506173997026,44676,519506174147388,150362
reserve,5,intra_process_va,memfd,4194304,9,519506274058058,19605,519506274172837,114779
reserve,5,intra_process_va,memfd,4194304,10,519506373985063,40923,519506374128515,143452
reserve,5,intra_process_va,memfd,4194304,11,519506473795981,20711,519506474074372,278391
reserve,5,intra_process_va,memfd,4194304,12,519506574208249,23307,519506574337474,129225
reserve,5,intra_process_va,memfd,4194304,13,519506674038843,22366,519506674162402,123559
reserve,5,intra_process_va,memfd,4194304,14,519506773953198,19599,519506774089093,135895
reserve,5,intra_process_va,memfd,4194304,15,519506874137189,23455,519506874272603,135414
reserve,5,intra_process_va,memfd,4194304,16,519506973981202,40690,519506974117990,136788
reserve,5,intra_process_va,memfd,4194304,17,519507073946970,21603,519507074083987,137017
reserve,5,intra_process_va,memfd,4194304,18,519507174197335,22393,519507174324352,127017
reserve,5,intra_process_va,memfd,4194304,19,519507273926625,20770,519507274111839,185214
reserve,5,inter_process,cpu,65536,0,519511968853545,465557,519511969519497,665952
reserve,5,inter_process,cpu,65536,1,519512069098814,390070,519512069749694,650880
reserve,5,inter_process,cpu,65536,2,519512169084601,258642,519512169699150,614549
reserve,5,inter_process,cpu,65536,3,519512269102446,375513,519512269712135,609689
reserve,5,inter_process,cpu,65536,4,519512369108642,408371,519512369752011,643369
reserve,5,inter_process,cpu,65536,5,519512469157275,440863,519512469855514,698239
reserve,5,inter_process,cpu,65536,6,519512569158199,401620,519512569780492,622293
reserve,5,inter_process,cpu,65536,7,519512669102991,265645,519512669723960,620969
reserve,5,inter_process,cpu,65536,8,519512769154774,434148,519512769869703,714929
reserve,5,inter_process,cpu,65536,9,519512869154801,321243,519512869934219,779418
reserve,5,inter_process,cpu,65536,10,519512968998210,411085,519512969658245,660035
reserve,5,inter_process,cpu,65536,11,519513069153500,431473,519513069860727,707227
reserve,5,inter_process,cpu,65536,12,519513169137856,395114,519513169789309,651453
reserve,5,inter_process,cpu,65536,13,519513269078025,396658,519513269707929,629904
reserve,5,inter_process,cpu,65536,14,519513369101708,452280,519513369804464,702756
reserve,5,inter_process,cpu,65536,15,519513469204783,450414,519513469913063,708280
reserve,5,inter_process,cpu,65536,16,519513568963519,413968,519513569583232,619713
reserve,5,inter_process,cpu,65536,17,519513669102662,401840,519513669742709,640047
reserve,5,inter_process,cpu,65536,18,519513769123618,331475,519513769848122,724504
reserve,5,inter_process,cpu,65536,19,519513868780628,162798,519513869074836,294208
reserve,5,intra_process_va,cpu,65536,0,519515772948712,17311,519515773087697,138985
reserve,5,intra_process_va,cpu,65536,1,519515873052505,18619,519515873161321,108816
reserve,5,intra_process_va,cpu,65536,2,519515972972691,17884,519515973112213,139522
reserve,5,intra_process_va,cpu,65536,3,519516072690079,4364,519516072713821,23742
reserve,5,intra_process_va,cpu,65536,4,519516172944872,17222,519516173099601,154729
reserve,5,intra_process_va,cpu,65536,5,519516272877615,17558,519516272969600,91985
reserve,5,intra_process_va,cpu,65536,6,519516372976158,18763,519516373127671,151513
reserve,5,intra_process_va,cpu,65536,7,519516472770593,15227,519516472853876,83283
reserve,5,intra_process_va,cpu,65536,8,519516572955476,16979,519516573107292,151816
reserve,5,intra_process_va,cpu,65536,9,519516672949585,15639,519516673128814,179229
reserve,5,intra_process_va,cpu,65536,10,519516773059525,20641,519516773181631,122106
reserve,5,intra_process_va,cpu,65536,11,519516872992354,46426,519516873133995,141641
reserve,5,intra_process_va,cpu,65536,12,519516972993587,62605,519516973154017,160430
reserve,5,intra_process_va,cpu,65536,13,519517072979726,19714,519517073130322,150596
reserve,5,intra_process_va,cpu,65536,14,519517172990048,59608,519517173167029,176981
reserve,5,intra_process_va,cpu,65536,15,519517272962667,17799,519517273100086,137419
reserve,5,intra_process_va,cpu,65536,16,519517372881581,16815,519517372983306,101725
reserve,5,intra_process_va,cpu,65536,17,519517473059755,21242,519517473182192,122437
reserve,5,intra_process_va,cpu,65536,18,519517572965641,16672,519517573101190,135549
reserve,5,intra_process_va,cpu,65536,19,519517672942396,15384,519517673090694,148298
reserve,5,inter_process,cpu,262144,0,519522354847821,402431,519522355487039,639218
reserve,5,inter_process,cpu,262144,1,519522454962060,653032,519522455988988,1026928
reserve,5,inter_process,cpu,262144,2,519522555086499,684378,519522556205737,1119238
reserve,5,inter_process,cpu,262144,3,519522654947775,508655,519522655887816,940041
reserve,5,inter_process,cpu,262144,4,519522754974994,741856,519522756158200,1183206
reserve,5,inter_process,cpu,262144,5,519522854978311,751777,519522856167791,1189480
reserve,5,inter_process,cpu,262144,6,519522954972171,741295,519522956072863,1100692
reserve,5,inter_process,cpu,262144,7,519523055059837,685219,519523056154494,1094657
reserve,5,inter_process,cpu,262144,8,519523155040978,451319,519523156224920,1183942
reserve,5,inter_process,cpu,262144,9,519523254984909,783401,519523256247425,1262516
reserve,5,inter_process,cpu,262144,10,519523354966587,611900,519523355939795,973208
reserve,5,inter_process,cpu,262144,11,519523454953198,642098,519523455956877,1003679
reserve,5,inter_process,cpu,262144,12,519523554955199,610107,519523555930481,975282
reserve,5,inter_process,cpu,262144,13,519523654975278,530489,519523655870852,895574
reserve,5,inter_process,cpu,262144,14,519523755067723,682753,519523756179444,1111721
reserve,5,inter_process,cpu,262144,15,519523854996665,721318,519523856166465,1169800
reserve,5,inter_process,cpu,262144,16,519523954976216,712057,519523956063975,1087759
reserve,5,inter_process,cpu,262144,17,519524055229934,664193,519524056313493,1083559
reserve,5,inter_process,cpu,262144,18,519524155063529,590557,519524156062511,998982
reserve,5,inter_process,cpu,262144,19,519524254933926,567847,519524256097879,1163953
reserve,5,inter_process,cpu,4194304,0,519529134415064,945492,519529147963860,13548796
reserve,5,inter_process,cpu,4194304,1,519529234594043,874206,519529248117780,13523737
reserve,5,inter_process,cpu,4194304,2,519529334723770,824738,519529348545692,13821922
reserve,5,inter_process,cpu,4194304,3,519529434708506,824111,519529448409497,13700991
reserve,5,inter_process,cpu,4194304,4,519529534293687,846278,519529547799338,13505651
reserve,5,inter_process,cpu,4194304,5,519529635054707,853110,519529647648243,12593536
reserve,5,inter_process,cpu,4194304,6,519529734796081,838160,519529748636306,13840225
reserve,5,inter_process,cpu,4194304,7,519529834690536,828190,519529848611640,13921104
reserve,5,inter_process,cpu,4194304,8,519529934477790,834821,519529947853679,13375889
reserve,5,inter_process,cpu,4194304,9,519530034647815,878211,519530048255743,13607928
reserve,5,inter_process,cpu,4194304,10,519530134312084,1018661,519530148037028,13724944
reserve,5,inter_process,cpu,4194304,11,519530234539292,834031,519530248090615,13551323
reserve,5,inter_process,cpu,4194304,12,519530335158679,956366,519530348695283,13536604
reserve,5,inter_process,cpu,4194304,13,519530434440089,839932,519530448155683,13715594
reserve,5,inter_process,cpu,4194304,14,519530534171699,856967,519530548082890,13911191
reserve,5,inter_process,cpu,4194304,15,519530629999380,1051535,519530644548010,14548630
reserve,5,inter_process,cpu,4194304,16,519530730393381,1389724,519530742725387,12332006
reserve,5,inter_process,cpu,4194304,17,519530834263833,815883,519530847864601,13600768
reserve,5,inter_process,cpu,4194304,18,519530934430309,839408,519530948020415,13590106
reserve,5,inter_process,cpu,4194304,19,519531034415346,886995,519531048051687,13636341
reserve,5,intra_process_va,cpu,1024,0,519532953926491,18179,519532954107583,181092
reserve,5,intra_process_va,cpu,1024,1,519533053883455,17201,519533053987533,104078
reserve,5,intra_process_va,cpu,1024,2,519533153887578,15648,519533154052496,164918
reserve,5,intra_process_va,cpu,1024,3,519533253867087,16435,519533253970242,103155
reserve,5,intra_process_va,cpu,1024,4,519533353919906,17265,519533354075097,155191
reserve,5,intra_process_va,cpu,1024,5,519533453878090,16640,519533453980682,102592
reserve,5,intra_process_va,cpu,1024,6,519533553964766,17269,519533554117776,153010
reserve,5,intra_process_va,cpu,1024,7,519533653847464,11912,519533653926932,79468
reserve,5,intra_process_va,cpu,1024,8,519533753898313,17563,519533754044454,146141
reserve,5,intra_process_va,cpu,1024,9,519533853912429,17812,519533854119346,206917
reserve,5,intra_process_va,cpu,1024,10,519533953926853,18926,519533954097982,171129
reserve,5,intra_process_va,cpu,1024,11,519534053880687,15654,519534053984031,103344
reserve,5,intra_process_va,cpu,1024,12,519534153894676,16032,519534153997969,103293
reserve,5,intra_process_va,cpu,1024,13,519534253890525,18342,519534254042286,151761
reserve,5,intra_process_va,cpu,1024,14,519534353983196,54867,519534354133583,150387
reserve,5,intra_process_va,cpu,1024,15,519534453920595,19910,519534454090513,169918
reserve,5,intra_process_va,cpu,1024,16,519534553885491,17360,519534554059645,174154
reserve,5,intra_process_va,cpu,1024,17,519534653883993,14831,519534653980749,96756
reserve,5,intra_process_va,cpu,1024,18,519534753842982,18666,519534753953120,110138
reserve,5,intra_process_va,cpu,1024,19,519534853596967,4826,519534853623121,26154
reserve,5,intra_process_va,memfd,65536,0,519536573952330,15206,519536574108991,156661
reserve,5,intra_process_va,memfd,65536,1,519536674162796,15130,519536674273144,110348
reserve,5,intra_process_va,memfd,65536,2,519536774127414,17031,519536774236517,109103
reserve,5,intra_process_va,memfd,65536,3,519536874141526,18130,519536874263986,122460
reserve,5,intra_process_va,memfd,65536,4,519536973736499,3892,519536973761229,24730
reserve,5,intra_process_va,memfd,65536,5,519537074117055,16493,519537074228276,111221
reserve,5,intra_process_va,memfd,65536,6,519537174145676,16695,519537174264437,118761
reserve,5,intra_process_va,memfd,65536,7,519537274111487,16279,519537274224524,113037
reserve,5,intra_process_va,memfd,65536,8,519537374102633,13912,519537374199437,96804
reserve,5,intra_process_va,memfd,65536,9,519537474159565,17369,519537474280767,121202
reserve,5,intra_process_va,memfd,65536,10,519537574142762,16887,519537574259615,116853
reserve,5,intra_process_va,memfd,65536,11,519537674123557,15607,519537674233598,110041
reserve,5,intra_process_va,memfd,65536,12,519537774185199,17772,519537774311040,125841
reserve,5,intra_process_va,memfd,65536,13,519537874185294,18350,519537874313370,128076
reserve,5,intra_process_va,memfd,65536,14,519537974165868,17680,519537974293626,127758
reserve,5,intra_process_va,memfd,65536,15,519538074172854,17529,519538074292915,120061
reserve,5,intra_process_va,memfd,65536,16,519538174177005,16344,519538174293503,116498
reserve,5,intra_process_va,memfd,65536,17,519538274154980,17367,519538274275487,120507
reserve,5,intra_process_va,memfd,65536,18,519538374174683,18183,519538374301425,126742
reserve,5,intra_process_va,memfd,65536,19,519538474193168,18405,519538474318367,125199
reserve,5,inter_process,cpu,1048576,0,519543494442270,1508754,519543507828479,13386209
reserve,5,inter_process,cpu,1048576,1,519543594349061,1484979,519543607821519,13472458
reserve,5,inter_process,cpu,1048576,2,519543694461958,1474026,519543707853236,13391278
reserve,5,inter_process,cpu,1048576,3,519543794444270,1662433,519543796778373,2334103
reserve,5,inter_process,cpu,1048576,4,519543894475590,1668729,519543908048191,13572601
reserve,5,inter_process,cpu,1048576,5,519543994375427,1507074,519544007807561,13432134
reserve,5,inter_process,cpu,1048576,6,519544094449348,1666282,519544096787589,2338241
reserve,5,inter_process,cpu,1048576,7,519544194373627,1478107,519544196499188,2125561
reserve,5,inter_process,cpu,1048576,8,519544294378539,1337502,519544307964187,13585648
reserve,5,inter_process,cpu,1048576,9,519544394475905,1449730,519544396565256,2089351
reserve,5,inter_process,cpu,1048576,10,519544494538436,1647919,519544508215989,13677553
reserve,5,inter_process,cpu,1048576,11,519544594383614,1462604,519544607630595,13246981
reserve,5,inter_process,cpu,1048576,12,519544694478318,1481420,519544707691482,13213164
reserve,5,inter_process,cpu,1048576,13,519544794489734,1669246,519544796806957,2317223
reserve,5,inter_process,cpu,1048576,14,519544894432831,1351697,519544907623735,13190904
reserve,5,inter_process,cpu,1048576,15,519544994431801,1667327,519544996760766,2328965
reserve,5,inter_process,cpu,1048576,16,519545094466477,1711024,519545096833175,2366698
reserve,5,inter_process,cpu,1048576,17,519545194427087,1334875,519545207843354,13416267
reserve,5,inter_process,cpu,1048576,18,519545293794792,273289,519545304838939,11044147
reserve,5,inter_process,cpu,1048576,19,519545394418303,1545326,519545396592950,2174647
reserve,5,inter_process,memfd,64,0,519550269095154,478981,519550270176328,1081174
reserve,5,inter_process,memfd,64,1,519550369109230,449166,519550370101619,992389
reserve,5,inter_process,memfd,64,2,519550469125090,460224,519550470156197,1031107
reserve,5,inter_process,memfd,64,3,519550569078843,466462,519550570116633,1037790
reserve,5,inter_process,memfd,64,4,519550669074655,444103,519550670070885,996230
reserve,5,inter_process,memfd,64,5,519550769060677,418767,519550769967916,907239
reserve,5,inter_process,memfd,64,6,519550869102714,350453,519550870073265,970551
reserve,5,inter_process,memfd,64,7,519550969101416,438778,519550970092812,991396
reserve,5,inter_process,memfd,64,8,519551068972749,439967,519551069993536,1020787
reserve,5,inter_process,memfd,64,9,519551169137445,342134,519551170097256,959811
reserve,5,inter_process,memfd,64,10,519551269074576,428916,519551270040615,966039
reserve,5,inter_process,memfd,64,11,519551369079339,470591,519551370129969,1050630
reserve,5,inter_process,memfd,64,12,519551469068651,448870,519551470053134,984483
reserve,5,inter_process,memfd,64,13,519551568799695,113814,519551569054374,254679
reserve,5,inter_process,memfd,64,14,519551668956283,405063,519551669820949,864666
reserve,5,inter_process,memfd,64,15,519551769077505,471447,519551770132053,1054548
reserve,5,inter_process,memfd,64,16,519551869116165,464050,519551870176003,1059838
reserve,5,inter_process,memfd,64,17,519551969042207,450958,519551970037321,995114
reserve,5,inter_process,memfd,64,18,519552069055593,442011,519552070094453,1038860
reserve,5,inter_process,memfd,64,19,519552169166206,468438,519552170226694,1060488
reserve,5,inter_process,cpu,16777216,0,519558027272936,3223056,519558040703010,13430074
reserve,5,inter_process,cpu,16777216,1,519558127646604,3243144,519558141116188,13469584
reserve,5,inter_process,cpu,16777216,2,519558226967547,3211116,519558240435776,13468229
reserve,5,inter_process,cpu,16777216,3,519558332334859,3481432,519558345755347,13420488
reserve,5,inter_process,cpu,16777216,4,519558427315060,3213358,519558440671691,13356631
reserve,5,inter_process,cpu,16777216,5,519558526926545,3245128,519558540426338,13499793
reserve,5,inter_process,cpu,16777216,6,519558627366429,3959206,519558631969912,4603483
reserve,5,inter_process,cpu,16777216,7,519558726826750,3242987,519558740261870,13435120
reserve,5,inter_process,cpu,16777216,8,519558827234576,3244136,519558840605287,13370711
reserve,5,inter_process,cpu,16777216,9,519558926747131,3220235,519558940125054,13377923
reserve,5,inter_process,cpu,16777216,10,519559027142002,3213629,519559040280068,13138066
reserve,5,inter_process,cpu,16777216,11,519559127398244,3307291,519559140647899,13249655
reserve,5,inter_process,cpu,16777216,12,519559227281738,3208262,519559240630526,13348788
reserve,5,inter_process,cpu,16777216,13,519559327313974,3226316,519559340348096,13034122
reserve,5,inter_process,cpu,16777216,14,519559427026138,3225276,519559440473456,13447318
reserve,5,inter_process,cpu,16777216,15,519559527386321,3234755,519559540539164,13152843
reserve,5,inter_process,cpu,16777216,16,519559631674059,3628063,519559645177194,13503135
reserve,5,inter_process,cpu,16777216,17,519559726906107,3208596,519559740276509,13370402
reserve,5,inter_process,cpu,16777216,18,519559826574656,3216935,519559840027573,13452917
reserve,5,inter_process,cpu,16777216,19,519559927133506,3334282,519559940158791,13025285
reserve,5,intra_process_va,memfd,1048576,0,519561848156208,20945,519561848286760,130552
reserve,5,intra_process_va,memfd,1048576,1,519561948277055,21059,519561948423848,146793
reserve,5,intra_process_va,memfd,1048576,2,519562047719451,5779,519562047750881,31430
reserve,5,intra_process_va,memfd,1048576,3,519562148219631,17006,519562148324678,105047
reserve,5,intra_process_va,memfd,1048576,4,519562248338163,21880,519562248468877,130714
reserve,5,intra_process_va,memfd,1048576,5,519562348213119,18237,519562348316713,103594
reserve,5,intra_process_va,memfd,1048576,6,519562448321922,21216,519562448452343,130421
reserve,5,intra_process_va,memfd,1048576,7,519562548330849,21076,519562548462105,131256
reserve,5,intra_process_va,memfd,1048576,8,519562648035697,10170,519562648099953,64256
reserve,5,intra_process_va,memfd,1048576,9,519562748371063,20809,519562748493751,122688
reserve,5,intra_process_va,memfd,1048576,10,519562848311974,20525,519562848436409,124435
reserve,5,intra_process_va,memfd,1048576,11,519562948314841,20606,519562948460541,145700
reserve,5,intra_process_va,memfd,1048576,12,519563048235706,21591,519563048362544,126838
reserve,5,intra_process_va,memfd,1048576,13,519563148237219,18981,519563148348503,111284
reserve,5,intra_process_va,memfd,1048576,14,519563248091477,19687,519563248203383,111906
reserve,5,intra_process_va,memfd,1048576,15,519563348219858,16806,519563348322854,102996
reserve,5,intra_process_va,memfd,1048576,16,519563448189055,18354,519563448300917,111862
reserve,5,intra_process_va,memfd,1048576,17,519563548298958,21276,519563548422278,123320
reserve,5,intra_process_va,memfd,1048576,18,519563648092920,9829,519563648153900,60980
reserve,5,intra_process_va,memfd,1048576,19,519563748259939,20752,519563748382538,122599
reserve,5,intra_process_va,memfd,1024,0,519565487120691,17836,519565487238352,117661
reserve,5,intra_process_va,memfd,1024,1,519565586857465,14304,519565586963401,105936
reserve,5,intra_process_va,memfd,1024,2,519565687162284,17155,519565687285367,123083
reserve,5,intra_process_va,memfd,1024,3,519565787118477,15046,519565787224345,105868
reserve,5,intra_process_va,memfd,1024,4,519565887127821,15752,519565887241383,113562
reserve,5,intra_process_va,memfd,1024,5,519565987170049,17962,519565987294389,124340
reserve,5,intra_process_va,memfd,1024,6,519566087122144,16533,519566087236956,114812
reserve,5,intra_process_va,memfd,1024,7,519566187128974,19141,519566187253043,124069
reserve,5,intra_process_va,memfd,1024,8,519566286822916,3782,519566286848363,25447
reserve,5,intra_process_va,memfd,1024,9,519566387161230,16712,519566387273705,112475
reserve,5,intra_process_va,memfd,1024,10,519566487036649,14126,519566487133566,96917
reserve,5,intra_process_va,memfd,1024,11,519566587081457,16432,519566587196829,115372
reserve,5,intra_process_va,memfd,1024,12,519566687051990,13285,519566687154794,102804
reserve,5,intra_process_va,memfd,1024,13,519566787118954,18197,519566787245125,126171
reserve,5,intra_process_va,memfd,1024,14,519566887196360,16919,519566887316775,120415
reserve,5,intra_process_va,memfd,1024,15,519566987150926,18893,519566987276886,125960
reserve,5,intra_process_va,memfd,1024,16,519567087186926,16953,519567087308877,121951
reserve,5,intra_process_va,memfd,1024,17,519567187077723,15706,519567187185325,107602
reserve,5,intra_process_va,memfd,1024,18,519567287119661,17736,519567287239530,119869
reserve,5,intra_process_va,memfd,1024,19,519567387108200,16709,519567387218162,109962
reserve,5,intra_process_va,cpu,64,0,519569107987144,60638,519569108126704,139560
reserve,5,intra_process_va,cpu,64,1,519569207818378,18734,519569207934462,116084
reserve,5,intra_process_va,cpu,64,2,519569308033925,17249,519569308137329,103404
reserve,5,intra_process_va,cpu,64,3,519569408055297,18152,519569408169395,114098
reserve,5,intra_process_va,cpu,64,4,519569508069578,18819,519569508189992,120414
reserve,5,intra_process_va,cpu,64,5,519569608037741,16133,519569608140427,102686
reserve,5,intra_process_va,cpu,64,6,519569708088121,18618,519569708208612,120491
reserve,5,intra_process_va,cpu,64,7,519569808050569,18712,519569808163333,112764
reserve,5,intra_process_va,cpu,64,8,519569908096995,18783,519569908217262,120267
reserve,5,intra_process_va,cpu,64,9,519570007937963,17914,519570008143780,205817
reserve,5,intra_process_va,cpu,64,10,519570108042988,16052,519570108144480,101492
reserve,5,intra_process_va,cpu,64,11,519570207823966,19533,519570207944712,120746
reserve,5,intra_process_va,cpu,64,12,519570308086738,18597,519570308198627,111889
reserve,5,intra_process_va,cpu,64,13,519570411104136,9803,519570411165445,61309
reserve,5,intra_process_va,cpu,64,14,519570507826478,18977,519570507863362,36884
reserve,5,intra_process_va,cpu,64,15,519570607989648,66383,519570608149413,159765
reserve,5,intra_process_va,cpu,64,16,519570708056700,17882,519570708192634,135934
reserve,5,intra_process_va,cpu,64,17,519570808085042,17760,519570808196797,111755
reserve,5,intra_process_va,cpu,64,18,519570908033765,16899,519570908137023,103258
reserve,5,intra_process_va,cpu,64,19,519571008070641,18176,519571008183164,112523
reserve,5,inter_process,memfd,1024,0,519575696120997,478023,519575697208863,1087866
reserve,5,inter_process,memfd,1024,1,519575796077013,464507,519575797115961,1038948
reserve,5,inter_process,memfd,1024,2,519575896113574,461202,519575897146676,1033102
reserve,5,inter_process,memfd,1024,3,519575996109495,504700,519575997190901,1081406
reserve,5,inter_process,memfd,1024,4,519576096038650,398142,519576096894985,856335
reserve,5,inter_process,memfd,1024,5,519576195999756,485484,519576196965369,965613
reserve,5,inter_process,memfd,1024,6,519576295993761,322649,519576296819784,826023
reserve,5,inter_process,memfd,1024,7,519576396080886,464437,519576397114656,1033770
reserve,5,inter_process,memfd,1024,8,519576495976767,456418,519576496909067,932300
reserve,5,inter_process,memfd,1024,9,519576596121401,306229,519576596940023,818622
reserve,5,inter_process,memfd,1024,10,519576695797406,161928,519576696159941,362535
reserve,5,inter_process,memfd,1024,11,519576795678609,90547,519576795876496,197887
reserve,5,inter_process,memfd,1024,12,519576895997503,458131,519576896949278,951775
reserve,5,inter_process,memfd,1024,13,519576996074375,486040,519576997100760,1026385
reserve,5,inter_process,memfd,1024,14,519577096112578,467111,519577097148320,1035742
reserve,5,inter_process,memfd,1024,15,519577196044142,402979,519577196908272,864130
reserve,5,inter_process,memfd,1024,16,519577295992240,420413,519577296872487,880247
reserve,5,inter_process,memfd,1024,17,519577395977576,428877,519577396869122,891546
reserve,5,inter_process,memfd,1024,18,519577495957180,451413,519577496864412,907232
reserve,5,inter_process,memfd,1024,19,519577596088732,468072,519577597133570,1044838
reserve,5,inter_process,memfd,1048576,0,519583505345785,440841,519583506339107,993322
reserve,5,inter_process,memfd,1048576,1,519583605363557,427768,519583606320746,957189
reserve,5,inter_process,memfd,1048576,2,519583705418729,443823,519583706382409,963680
reserve,5,inter_process,memfd,1048576,3,519583805361053,409184,519583806264445,903392
reserve,5,inter_process,memfd,1048576,4,519583905406323,474018,519583906443185,1036862
reserve,5,inter_process,memfd,1048576,5,519584005369591,425417,519584006313590,943999
reserve,5,inter_process,memfd,1048576,6,519584105392799,410260,519584106266693,873894
reserve,5,inter_process,memfd,1048576,7,519584205417701,457039,519584206423943,1006242
reserve,5,inter_process,memfd,1048576,8,519584305335493,406586,519584306231287,895794
reserve,5,inter_process,memfd,1048576,9,519584405360654,298166,519584406189661,829007
reserve,5,inter_process,memfd,1048576,10,519584505480422,461058,519584506476233,995811
reserve,5,inter_process,memfd,1048576,11,519584605336618,403670,519584606237074,900456
reserve,5,inter_process,memfd,1048576,12,519584705412752,454833,519584706412067,999315
reserve,5,inter_process,memfd,1048576,13,519584805449619,476155,519584806493321,1043702
reserve,5,inter_process,memfd,1048576,14,519584905412481,455030,519584906404941,992460
reserve,5,inter_process,memfd,1048576,15,519585005355006,413215,519585006260510,905504
reserve,5,inter_process,memfd,1048576,16,519585105051004,202682,519585105475930,424926
reserve,5,inter_process,memfd,1048576,17,519585205125561,205385,519585205543476,417915
reserve,5,inter_process,memfd,1048576,18,519585305335209,408507,519585306236464,901255
reserve,5,inter_process,memfd,1048576,19,519585405469777,477081,519585406531463,1061686
reserve,5,inter_process,memfd,16384,0,519591591196226,543356,519591592345601,1149375
reserve,5,inter_process,memfd,16384,1,519591691170770,469423,519591692175451,1004681
reserve,5,inter_process,memfd,16384,2,519591791073305,357839,519591791862364,789059
reserve,5,inter_process,memfd,16384,3,519591891221792,462914,519591892276299,1054507
reserve,5,inter_process,memfd,16384,4,519591991240396,394799,519591992171929,931533
reserve,5,inter_process,memfd,16384,5,519592091133150,418651,519592092147411,1014261
reserve,5,inter_process,memfd,16384,6,519592191134410,437516,519592192057749,923339
reserve,5,inter_process,memfd,16384,7,519592291130387,416638,519592292063566,933179
reserve,5,inter_process,memfd,16384,8,519592391127126,392869,519592391985430,858304
reserve,5,inter_process,memfd,16384,9,519592491195414,340551,519592492179967,984553
reserve,5,inter_process,memfd,16384,10,519592591168571,415531,519592592124383,955812
reserve,5,inter_process,memfd,16384,11,519592691156333,412077,519592692097223,940890
reserve,5,inter_process,memfd,16384,12,519592791208079,510209,519592792299556,1091477
reserve,5,inter_process,memfd,16384,13,519592891188748,459599,519592892232995,1044247
reserve,5,inter_process,memfd,16384,14,519592991129503,443491,519592992145104,1015601
reserve,5,inter_process,memfd,16384,15,519593091194889,465047,519593092246671,1051782
reserve,5,inter_process,memfd,16384,16,519593191149188,308181,519593191991651,842463
reserve,5,inter_process,memfd,16384,17,519593291160194,434978,519593292115791,955597
reserve,5,inter_process,memfd,16384,18,519593391233568,465528,519593392273252,1039684
reserve,5,inter_process,memfd,16384,19,519593490759199,123731,519593494161728,3402529
reserve,5,inter_process,memfd,4096,0,519599365126017,300271,519599365955762,829745
reserve,5,inter_process,memfd,4096,1,519599465157080,449026,519599466163854,1006774
reserve,5,inter_process,memfd,4096,2,519599565140947,392257,519599566044558,903611
reserve,5,inter_process,memfd,4096,3,519599665128480,394593,519599665982439,853959
reserve,5,inter_process,memfd,4096,4,519599764898260,158887,519599765228480,330220
reserve,5,inter_process,memfd,4096,5,519599864966409,94485,519599865164954,198545
reserve,5,inter_process,memfd,4096,6,519599965092112,400433,519599965953883,861771
reserve,5,inter_process,memfd,4096,7,519600064895728,158628,519600065228755,333027
reserve,5,inter_process,memfd,4096,8,519600164872516,371271,519600165629849,757333
reserve,5,inter_process,memfd,4096,9,519600265087446,214374,519600265725656,638210
reserve,5,inter_process,memfd,4096,10,519600365125923,401537,519600366034392,908469
reserve,5,inter_process,memfd,4096,11,519600465144417,452249,519600466149050,1004633
reserve,5,inter_process,memfd,4096,12,519600565154677,464186,519600566193536,1038859
reserve,5,inter_process,memfd,4096,13,519600665141036,435238,519600666126256,985220
reserve,5,inter_process,memfd,4096,14,519600765213915,315887,519600766119665,905750
reserve,5,inter_process,memfd,4096,15,519600864855228,191564,519600865254934,399706
reserve,5,inter_process,memfd,4096,16,519600965185372,437699,519600966164511,979139
reserve,5,inter_process,memfd,4096,17,519601065147760,441439,519601066130431,982671
reserve,5,inter_process,memfd,4096,18,519601164900862,410804,519601165740126,839264
reserve,5,inter_process,memfd,4096,19,519601265121464,393403,519601265974727,853263
reserve,5,intra_process_va,memfd,16384,0,519604155893041,11845,519604155980935,87894
reserve,5,intra_process_va,memfd,16384,1,519604255945579,16527,519604256102259,156680
reserve,5,intra_process_va,memfd,16384,2,519604355998840,69234,519604356173476,174636
reserve,5,intra_process_va,memfd,16384,3,519604456078294,17847,519604456197484,119190
reserve,5,intra_process_va,memfd,16384,4,519604555989406,58168,519604556155816,166410
reserve,5,intra_process_va,memfd,16384,5,519604655841363,10411,519604655917355,75992
reserve,5,intra_process_va,memfd,16384,6,519604755770045,15935,519604755878800,108755
reserve,5,intra_process_va,memfd,16384,7,519604855816699,16050,519604855932316,115617
reserve,5,intra_process_va,memfd,16384,8,519604955962889,15346,519604956114351,151462
reserve,5,intra_process_va,memfd,16384,9,519605055969194,16834,519605056147991,178797
reserve,5,intra_process_va,memfd,16384,10,519605155857686,11455,519605155938254,80568
reserve,5,intra_process_va,memfd,16384,11,519605255962765,14827,519605256102277,139512
reserve,5,intra_process_va,memfd,16384,12,519605355961237,16354,519605356115701,154464
reserve,5,intra_process_va,memfd,16384,13,519605455995828,70266,519605456174406,178578
reserve,5,intra_process_va,memfd,16384,14,519605555990037,58297,519605556155317,165280
reserve,5,intra_process_va,memfd,16384,15,519605655968473,15171,519605656109069,140596
reserve,5,intra_process_va,memfd,16384,16,519605755979091,15390,519605756120716,141625
reserve,5,intra_process_va,memfd,16384,17,519605855978418,16491,519605856141230,162812
reserve,5,intra_process_va,memfd,16384,18,519605955968175,17158,519605956119148,150973
reserve,5,intra_process_va,memfd,16384,19,519606058108010,7486,519606058155662,47652
reserve,5,intra_process_va,cpu,16777216,0,519607786957697,5553,519607786985676,27979
reserve,5,intra_process_va,cpu,16777216,1,519607887310516,5698,519607887339156,28640
reserve,5,intra_process_va,cpu,16777216,2,519607986963451,5693,519607986993606,30155
reserve,5,intra_process_va,cpu,16777216,3,519608087189470,14338,519608087259369,69899
reserve,5,intra_process_va,cpu,16777216,4,519608184130283,10683,519608184171980,41697
reserve,5,intra_process_va,cpu,16777216,5,519608286759456,14977,519608286831604,72148
reserve,5,intra_process_va,cpu,16777216,6,519608386739485,16917,519608386815604,76119
reserve,5,intra_process_va,cpu,16777216,7,519608486728969,14475,519608486801408,72439
reserve,5,intra_process_va,cpu,16777216,8,519608587136401,16823,519608587215696,79295
reserve,5,intra_process_va,cpu,16777216,9,519608686799635,15562,519608686872218,72583
reserve,5,intra_process_va,cpu,16777216,10,519608787180572,14609,519608787252310,71738
reserve,5,intra_process_va,cpu,16777216,11,519608887203272,14406,519608887273896,70624
reserve,5,intra_process_va,cpu,16777216,12,519608987208890,14464,519608987279265,70375
reserve,5,intra_process_va,cpu,16777216,13,519609086718990,14937,519609086791478,72488
reserve,5,intra_process_va,cpu,16777216,14,519609187462868,16620,519609187542299,79431
reserve,5,intra_process_va,cpu,16777216,15,519609286745642,14234,519609286817182,71540
reserve,5,intra_process_va,cpu,16777216,16,519609386759638,14813,519609386832841,73203
reserve,5,intra_process_va,cpu,16777216,17,519609486217769,5627,519609486246467,28698
reserve,5,intra_process_va,cpu,16777216,18,519609586764605,14524,519609586837818,73213
reserve,5,intra_process_va,cpu,16777216,19,519609686753193,14548,519609686823228,70035
reserve,5,intra_process_va,cpu,262144,0,519611408157871,20755,519611408273685,115814
reserve,5,intra_process_va,cpu,262144,1,519611508219914,20749,519611508338436,118522
reserve,5,intra_process_va,cpu,262144,2,519611608205963,21066,519611608330536,124573
reserve,5,intra_process_va,cpu,262144,3,519611708167747,19661,519611708283320,115573
reserve,5,intra_process_va,cpu,262144,4,519611808201185,21902,519611808326619,125434
reserve,5,intra_process_va,cpu,262144,5,519611908203040,19914,519611908326458,123418
reserve,5,intra_process_va,cpu,262144,6,519612008191691,19170,519612008304771,113080
reserve,5,intra_process_va,cpu,262144,7,519612108189746,21178,519612108315479,125733
reserve,5,intra_process_va,cpu,262144,8,519612208195405,19508,519612208311326,115921
reserve,5,intra_process_va,cpu,262144,9,519612308188785,19199,519612308295378,106593
reserve,5,intra_process_va,cpu,262144,10,519612407745934,4546,519612407769907,23973
reserve,5,intra_process_va,cpu,262144,11,519612507899877,16441,519612507998011,98134
reserve,5,intra_process_va,cpu,262144,12,519612608163551,21556,519612608288108,124557
reserve,5,intra_process_va,cpu,262144,13,519612708054799,4267,519612708081428,26629
reserve,5,intra_process_va,cpu,262144,14,519612808095287,18048,519612808198055,102768
reserve,5,intra_process_va,cpu,262144,15,519612908181693,20810,519612908296866,115173
reserve,5,intra_process_va,cpu,262144,16,519613008207679,21580,519613008334265,126586
reserve,5,intra_process_va,cpu,262144,17,519613107932963,18558,519613108059819,126856
reserve,5,intra_process_va,cpu,262144,18,519613208126612,20060,519613208236045,109433
reserve,5,intra_process_va,cpu,262144,19,519613308092563,15730,519613308163822,71259
reserve,5,inter_process,cpu,1024,0,519618004094920,386139,519618004827221,732301
reserve,5,inter_process,cpu,1024,1,519618104095594,315276,519618104729085,633491
reserve,5,inter_process,cpu,1024,2,519618204082665,313161,519618204711932,629267
reserve,5,inter_process,cpu,1024,3,519618304103425,296904,519618304695140,591715
reserve,5,inter_process,cpu,1024,4,519618404092043,313623,519618404717622,625579
reserve,5,inter_process,cpu,1024,5,519618503981967,390683,519618504712095,730128
reserve,5,inter_process,cpu,1024,6,519618603906919,193719,519618604285451,378532
reserve,5,inter_process,cpu,1024,7,519618703946148,130710,519618704168911,222763
reserve,5,inter_process,cpu,1024,8,519618804083024,373630,519618804826105,743081
reserve,5,inter_process,cpu,1024,9,519618903868495,289695,519618904410101,541606
reserve,5,inter_process,cpu,1024,10,519619004050032,307217,519619004676600,626568
reserve,5,inter_process,cpu,1024,11,519619104052198,193121,519619104587049,534851
reserve,5,inter_process,cpu,1024,12,519619204064115,355088,519619204757074,692959
reserve,5,inter_process,cpu,1024,13,519619304152900,334016,519619304820716,667816
reserve,5,inter_process,cpu,1024,14,519619404101020,345988,519619404797150,696130
reserve,5,inter_process,cpu,1024,15,519619503913062,244311,519619504386023,472961
reserve,5,inter_process,cpu,1024,16,519619604043590,303896,519619604649719,606129
reserve,5,inter_process,cpu,1024,17,519619704085390,368106,519619704786848,701458
reserve,5,inter_process,cpu,1024,18,519619804082591,210646,519619804689400,606809
reserve,5,inter_process,cpu,1024,19,519619904140621,313186,519619904771743,631122
reserve,5,inter_process,cpu,16384,0,519624778050866,427418,519624778858027,807161
reserve,5,inter_process,cpu,16384,1,519624877736516,118790,519624877975365,238849
reserve,5,inter_process,cpu,16384,2,519624977919733,153734,519624978218712,298979
reserve,5,inter_process,cpu,16384,3,519625077942564,343358,519625078639173,696609
reserve,5,inter_process,cpu,16384,4,519625177985615,427362,519625178772376,786761
reserve,5,inter_process,cpu,16384,5,519625277976954,346529,519625278630477,653523
reserve,5,inter_process,cpu,16384,6,519625377975834,378874,519625378731685,755851
reserve,5,inter_process,cpu,16384,7,519625477982709,312962,519625478695557,712848
reserve,5,inter_process,cpu,16384,8,519625577986733,418655,519625578945116,958383
reserve,5,inter_process,cpu,16384,9,519625677971940,259325,519625678619627,647687
reserve,5,inter_process,cpu,16384,10,519625777989544,390310,519625778706279,716735
reserve,5,inter_process,cpu,16384,11,519625878072174,350863,519625878796871,724697
reserve,5,inter_process,cpu,16384,12,519625978080446,348521,519625978755574,675128
reserve,5,inter_process,cpu,16384,13,519626077936523,318645,519626078539086,602563
reserve,5,inter_process,cpu,16384,14,519626177979003,385624,519626178698075,719072
reserve,5,inter_process,cpu,16384,15,519626278040441,355825,519626278758661,718220
reserve,5,inter_process,cpu,16384,16,519626377935828,214217,519626378478190,542362
reserve,5,inter_process,cpu,16384,17,519626477974802,377453,519626478701505,726703
reserve,5,inter_process,cpu,16384,18,519626577984935,367612,519626578684923,699988
reserve,5,inter_process,cpu,16384,19,519626677975059,387917,519626678713323,738264
reserve,5,intra_process_va,cpu,1048576,0,519628633171686,16308,519628633254577,82891
reserve,5,intra_process_va,cpu,1048576,1,519628733368763,22493,519628733481575,112812
reserve,5,intra_process_va,cpu,1048576,2,519628833413931,22654,519628833535190,121259
reserve,5,intra_process_va,cpu,1048576,3,519628933434712,20325,519628933545169,110457
reserve,5,intra_process_va,cpu,1048576,4,519629033063301,12755,519629033128223,64922
reserve,5,intra_process_va,cpu,1048576,5,519629132983021,8198,519629133031621,48600
reserve,5,intra_process_va,cpu,1048576,6,519629233345838,20872,519629233458016,112178
reserve,5,intra_process_va,cpu,1048576,7,519629333292759,21975,519629333404046,111287
reserve,5,intra_process_va,cpu,1048576,8,519629433411995,22760,519629433532522,120527
reserve,5,intra_process_va,cpu,1048576,9,519629533464739,22937,519629533582335,117596
reserve,5,intra_process_va,cpu,1048576,10,519629633170679,16335,519629633254952,84273
reserve,5,intra_process_va,cpu,1048576,11,519629733458936,23279,519629733581564,122628
reserve,5,intra_process_va,cpu,1048576,12,519629833421784,23157,519629833543802,122018
reserve,5,intra_process_va,cpu,1048576,13,519629933459084,23697,519629933584315,125231
reserve,5,intra_process_va,cpu,1048576,14,519630033401884,21892,519630033521821,119937
reserve,5,intra_process_va,cpu,1048576,15,519630133306561,20966,519630133417465,110904
reserve,5,intra_process_va,cpu,1048576,16,519630233118803,12489,519630233185242,66439
reserve,5,intra_process_va,cpu,1048576,17,519630333337120,20397,519630333446988,109868
reserve,5,intra_process_va,cpu,1048576,18,519630433410135,21156,519630433521670,111535
reserve,5,intra_process_va,cpu,1048576,19,519630533447196,24602,519630533575519,128323
reserve,5,inter_process,memfd,16777216,0,519635560735230,368155,519635561519474,784244
reserve,5,inter_process,memfd,16777216,1,519635660529329,299293,519635661198060,668731
reserve,5,inter_process,memfd,16777216,2,519635760426945,375486,519635761173371,746426
reserve,5,inter_process,memfd,16777216,3,519635860473573,367543,519635861209021,735448
reserve,5,inter_process,memfd,16777216,4,519635960196513,358484,519635960916819,720306
reserve,5,inter_process,memfd,16777216,5,519636060428786,364849,519636061160091,731305
reserve,5,inter_process,memfd,16777216,6,519636160487384,301861,519636161137024,649640
reserve,5,inter_process,memfd,16777216,7,519636260478938,269765,519636261139427,660489
reserve,5,inter_process,memfd,16777216,8,519636360383901,357102,519636361109357,725456
reserve,5,inter_process,memfd,16777216,9,519636460381076,275552,519636461052194,671118
reserve,5,inter_process,memfd,16777216,10,519636560395049,350214,519636561124648,729599
reserve,5,inter_process,memfd,16777216,11,519636660271223,363308,519636660977713,706490
reserve,5,inter_process,memfd,16777216,12,519636760480674,332746,519636761166245,685571
reserve,5,inter_process,memfd,16777216,13,519636860454793,331428,519636861149848,695055
reserve,5,inter_process,memfd,16777216,14,519636959855725,313158,519636960478015,622290
reserve,5,inter_process,memfd,16777216,15,519637060510703,328890,519637061207747,697044
reserve,5,inter_process,memfd,16777216,16,519637160422256,327360,519637161078898,656642
reserve,5,inter_process,memfd,16777216,17,519637260380256,264710,519637261040534,660278
reserve,5,inter_process,memfd,16777216,18,519637359980493,327799,519637360652700,672207
reserve,5,inter_process,memfd,16777216,19,519637458199135,169940,519637458570552,371417
reserve,5,intra_process_va,memfd,4096,0,519640338201558,17124,519640338317855,116297
reserve,5,intra_process_va,memfd,4096,1,519640437906453,16712,519640438053083,146630
reserve,5,intra_process_va,memfd,4096,2,519640538155734,16458,519640538270348,114614
reserve,5,intra_process_va,memfd,4096,3,519640637833900,3235,519640637859106,25206
reserve,5,intra_process_va,memfd,4096,4,519640738110412,16493,519640738224584,114172
reserve,5,intra_process_va,memfd,4096,5,519640838127195,16257,519640838240662,113467
reserve,5,intra_process_va,memfd,4096,6,519640938103434,15680,519640938212427,108993
reserve,5,intra_process_va,memfd,4096,7,519641038176504,18515,519641038300216,123712
reserve,5,intra_process_va,memfd,4096,8,519641138148142,18255,519641138274308,126166
reserve,5,intra_process_va,memfd,4096,9,519641238195515,16197,519641238306232,110717
reserve,5,intra_process_va,memfd,4096,10,519641338172821,18081,519641338288217,115396
reserve,5,intra_process_va,memfd,4096,11,519641438064895,16380,519641438177775,112880
reserve,5,intra_process_va,memfd,4096,12,519641542086614,6028,519641542127785,41171
reserve,5,intra_process_va,memfd,4096,13,519641639065385,4439,519641639095168,29783
reserve,5,intra_process_va,memfd,4096,14,519641738096150,15853,519641738205412,109262
reserve,5,intra_process_va,memfd,4096,15,519641838172778,18074,519641838295165,122387
reserve,5,intra_process_va,memfd,4096,16,519641938172739,18272,519641938295348,122609
reserve,5,intra_process_va,memfd,4096,17,519642038106055,15437,519642038225531,119476
reserve,5,intra_process_va,memfd,4096,18,519642138132141,17271,519642138247398,115257
reserve,5,intra_process_va,memfd,4096,19,519642238136983,16281,519642238251426,114443
reserve,5,intra_process_va,memfd,262144,0,519643966230158,17974,519643966349502,119344
reserve,5,intra_process_va,memfd,262144,1,519644065938093,17771,519644066083096,145003
reserve,5,intra_process_va,memfd,262144,2,519644166222172,18322,519644166346727,124555
reserve,5,intra_process_va,memfd,262144,3,519644266179418,16549,519644266294520,115102
reserve,5,intra_process_va,memfd,262144,4,519644366202072,17350,519644366318007,115935
reserve,5,intra_process_va,memfd,262144,5,519644466209026,19133,519644466337576,128550
reserve,5,intra_process_va,memfd,262144,6,519644566178135,17891,519644566296986,118851
reserve,5,intra_process_va,memfd,262144,7,519644666188784,16901,519644666304962,116178
reserve,5,intra_process_va,memfd,262144,8,519644766173840,17768,519644766293977,120137
reserve,5,intra_process_va,memfd,262144,9,519644865925222,14305,519644866076810,151588
reserve,5,intra_process_va,memfd,262144,10,519644966212431,18188,519644966337471,125040
reserve,5,intra_process_va,memfd,262144,11,519645065940279,17200,519645066170519,230240
reserve,5,intra_process_va,memfd,262144,12,519645166197910,18437,519645166322640,124730
reserve,5,intra_process_va,memfd,262144,13,519645266178145,15560,519645266285623,107478
reserve,5,intra_process_va,memfd,262144,14,519645366277536,17983,519645366404122,126586
reserve,5,intra_process_va,memfd,262144,15,519645466177047,17031,519645466292592,115545
reserve,5,intra_process_va,memfd,262144,16,519645566180556,17494,519645566297553,116997
reserve,5,intra_process_va,memfd,262144,17,519645666155244,17476,519645666269945,114701
reserve,5,intra_process_va,memfd,262144,18,519645765723959,4085,519645765747493,23534
reserve,5,intra_process_va,memfd,262144,19,519645866140332,16149,519645866243959,103627
reserve,5,inter_process,cpu,64,0,519650555799162,335038,519650556429945,630783
reserve,5,inter_process,cpu,64,1,519650655949901,277764,519650656487792,537891
reserve,5,inter_process,cpu,64,2,519650755960685,335469,519650756595271,634586
reserve,5,inter_process,cpu,64,3,519650855966120,354698,519650856622178,656058
reserve,5,inter_process,cpu,64,4,519650956045056,295394,519650956644991,599935
reserve,5,inter_process,cpu,64,5,519651055915236,345682,519651056562508,647272
reserve,5,inter_process,cpu,64,6,519651156055604,187771,519651156557673,502069
reserve,5,inter_process,cpu,64,7,519651255967049,326887,519651256599065,632016
reserve,5,inter_process,cpu,64,8,519651355970454,324837,519651356598344,627890
reserve,5,inter_process,cpu,64,9,519651455942240,334592,519651456633816,691576
reserve,5,inter_process,cpu,64,10,519651555976035,347164,519651556627065,651030
reserve,5,inter_process,cpu,64,11,519651655969632,291044,519651656509351,539719
reserve,5,inter_process,cpu,64,12,519651755967475,321882,519651756594078,626603
reserve,5,inter_process,cpu,64,13,519651855807907,284053,519651856355562,547655
reserve,5,inter_process,cpu,64,14,519651955979912,359911,519651956677309,697397
reserve,5,inter_process,cpu,64,15,519652056794381,139165,519652057094607,300226
reserve,5,inter_process,cpu,64,16,519652155964247,208742,519652156490036,525789
reserve,5,inter_process,cpu,64,17,519652255965465,345503,519652256600805,635340
reserve,5,inter_process,cpu,64,18,519652355779241,252890,519652356288362,509121
reserve,5,inter_process,cpu,64,19,519652455966670,334557,519652456627303,660633
reserve,5,inter_process,memfd,65536,0,519657342904901,480682,519657343919077,1014176
reserve,5,inter_process,memfd,65536,1,519657443139295,427197,519657444075652,936357
reserve,5,inter_process,memfd,65536,2,519657543165643,466578,519657544180880,1015237
reserve,5,inter_process,memfd,65536,3,519657642926270,199613,519657643341606,415336
reserve,5,inter_process,memfd,65536,4,519657743188594,466481,519657744232914,1044320
reserve,5,inter_process,memfd,65536,5,519657843148936,476205,519657844198073,1049137
reserve,5,inter_process,memfd,65536,6,519657943209071,472430,519657944243572,1034501
reserve,5,inter_process,memfd,65536,7,519658043171465,420938,519658044106190,934725
reserve,5,inter_process,memfd,65536,8,519658142962720,412292,519658143840781,878061
reserve,5,inter_process,memfd,65536,9,519658243150325,286910,519658243944038,793713
reserve,5,inter_process,memfd,65536,10,519658342841369,94344,519658343069858,228489
reserve,5,inter_process,memfd,65536,11,519658443036759,370903,519658443828321,791562
reserve,5,inter_process,memfd,65536,12,519658543076299,297605,519658543719166,642867
reserve,5,inter_process,memfd,65536,13,519658642889428,151165,519658643212887,323459
reserve,5,inter_process,memfd,65536,14,519658743078322,363837,519658743866849,788527
reserve,5,inter_process,memfd,65536,15,519658843150620,425032,519658844085689,935069
reserve,5,inter_process,memfd,65536,16,519658943117739,399411,519658943975879,858140
reserve,5,inter_process,memfd,65536,17,519659043110226,397783,519659043972134,861908
reserve,5,inter_process,memfd,65536,18,519659143130688,290316,519659143917975,787287
reserve,5,inter_process,memfd,65536,19,519659243142237,419695,519659244092433,950196
reserve,5,intra_process_va,cpu,4194304,0,519662143656542,25304,519662143775542,119000
reserve,5,intra_process_va,cpu,4194304,1,519662243537458,23860,519662243641860,104402
reserve,5,intra_process_va,cpu,4194304,2,519662343344246,20250,519662343442529,98283
reserve,5,intra_process_va,cpu,4194304,3,519662442687458,13671,519662442752173,64715
reserve,5,intra_process_va,cpu,4194304,4,519662541991261,6981,519662542022371,31110
reserve,5,intra_process_va,cpu,4194304,5,519662642410920,9816,519662642460376,49456
reserve,5,intra_process_va,cpu,4194304,6,519662743488279,24057,519662743619625,131346
reserve,5,intra_process_va,cpu,4194304,7,519662843533225,22877,519662843643975,110750
reserve,5,intra_process_va,cpu,4194304,8,519662943080654,18108,519662943165358,84704
reserve,5,intra_process_va,cpu,4194304,9,519663043160423,21162,519663043259428,99005
reserve,5,intra_process_va,cpu,4194304,10,519663143425270,23880,519663143537820,112550
reserve,5,intra_process_va,cpu,4194304,11,519663243402343,22187,519663243508168,105825
reserve,5,intra_process_va,cpu,4194304,12,519663343623529,24192,519663343737111,113582
reserve,5,intra_process_va,cpu,4194304,13,519663443518654,25293,519663443633304,114650
reserve,5,intra_process_va,cpu,4194304,14,519663543465038,23421,519663543573082,108044
reserve,5,intra_process_va,cpu,4194304,15,519663642278817,8131,519663642318324,39507
reserve,5,intra_process_va,cpu,4194304,16,519663743506221,24022,519663743618276,112055
reserve,5,intra_process_va,cpu,4194304,17,519663843375469,21937,519663843480159,104690
reserve,5,intra_process_va,cpu,4194304,18,519663943579333,23856,519663943692559,113226
reserve,5,intra_process_va,cpu,4194304,19,519664043571881,24406,519664043684430,112549
reserve,5,inter_process,memfd,262144,0,519668741804342,92137,519668742009510,205168
reserve,5,inter_process,memfd,262144,1,519668841992671,372304,519668842754600,761929
reserve,5,inter_process,memfd,262144,2,519668942125489,404623,519668942988908,863419
reserve,5,inter_process,memfd,262144,3,519669042133270,404666,519669043000048,866778
reserve,5,inter_process,memfd,262144,4,519669142132745,403235,519669142995371,862626
reserve,5,inter_process,memfd,262144,5,519669242106803,338074,519669242822260,715457
reserve,5,inter_process,memfd,262144,6,519669342126766,294337,519669342918763,791997
reserve,5,inter_process,memfd,262144,7,519669442132327,405708,519669443054314,921987
reserve,5,inter_process,memfd,262144,8,519669542137661,393871,519669542921052,783391
reserve,5,inter_process,memfd,262144,9,519669641910706,174280,519669642302440,391734
reserve,5,inter_process,memfd,262144,10,519669742114101,410407,519669743028038,913937
reserve,5,inter_process,memfd,262144,11,519669841913488,359095,519669842662831,749343
reserve,5,inter_process,memfd,262144,12,519669941915629,409470,519669942781851,866222
reserve,5,inter_process,memfd,262144,13,519670042027909,221849,519670042608904,580995
reserve,5,inter_process,memfd,262144,14,519670142144577,395763,519670142999984,855407
reserve,5,inter_process,memfd,262144,15,519670242131299,359919,519670242917964,786665
reserve,5,inter_process,memfd,262144,16,519670342112290,363446,519670342919372,807082
reserve,5,inter_process,memfd,262144,17,519670442158723,399688,519670443029459,870736
reserve,5,inter_process,memfd,262144,18,519670542094924,368695,519670542868616,773692
reserve,5,inter_process,memfd,262144,19,519670641889704,156781,519670642218603,328899
reserve,5,inter_process,memfd,4194304,0,519676495980168,499169,519676496936606,956438
reserve,5,inter_process,memfd,4194304,1,519676596025514,416631,519676596886780,861266
reserve,5,inter_process,memfd,4194304,2,519676695918216,434981,519676696802316,884100
reserve,5,inter_process,memfd,4194304,3,519676796048231,415433,519676796911898,863667
reserve,5,inter_process,memfd,4194304,4,519676895988607,437204,519676896850810,862203
reserve,5,inter_process,memfd,4194304,5,519676995939385,431858,519676996814036,874651
reserve,5,inter_process,memfd,4194304,6,519677095283585,142438,519677095650608,367023
reserve,5,inter_process,memfd,4194304,7,519677195248911,217221,519677195704922,456011
reserve,5,inter_process,memfd,4194304,8,519677295943222,435469,519677296821484,878262
reserve,5,inter_process,memfd,4194304,9,519677396209386,363546,519677397108745,899359
reserve,5,inter_process,memfd,4194304,10,519677496063326,438814,519677496968923,905597
reserve,5,inter_process,memfd,4194304,11,519677596085636,461032,519677597060546,974910
reserve,5,inter_process,memfd,4194304,12,519677696084094,433870,519677696982116,898022
reserve,5,inter_process,memfd,4194304,13,519677795983836,468490,519677796882772,898936
reserve,5,inter_process,memfd,4194304,14,519677895921171,409750,519677896766061,844890
reserve,5,inter_process,memfd,4194304,15,519677996050243,430840,519677996939184,888941
reserve,5,inter_process,memfd,4194304,16,519678095872211,397569,519678096696753,824542
reserve,5,inter_process,memfd,4194304,17,519678196157384,466497,519678197126534,969150
reserve,5,inter_process,memfd,4194304,18,519678295945864,431036,519678296808689,862825
reserve,5,inter_process,memfd,4194304,19,519678396228955,438284,519678397174481,945526
