variant,repeat,communication,backend,size_bytes,sample_index,publish_timestamp_ns,publish_duration_ns,receive_timestamp_ns,e2e_latency_ns
unique_ptr,1,inter_process,cpu,64,0,516696092074237,351580,516696092782463,708226
unique_ptr,1,inter_process,cpu,64,1,516696192099066,346227,516696192810729,711663
unique_ptr,1,inter_process,cpu,64,2,516696292057564,294358,516696292651981,594417
unique_ptr,1,inter_process,cpu,64,3,516696391996428,377818,516696392721512,725084
unique_ptr,1,inter_process,cpu,64,4,516696492053976,307435,516696492683939,629963
unique_ptr,1,inter_process,cpu,64,5,516696592101980,347927,516696592804121,702141
unique_ptr,1,inter_process,cpu,64,6,516696691729626,66687,516696691875373,145747
unique_ptr,1,inter_process,cpu,64,7,516696791846537,270907,516696792464769,618232
unique_ptr,1,inter_process,cpu,64,8,516696892093416,349421,516696892793611,700195
unique_ptr,1,inter_process,cpu,64,9,516696992091462,211161,516696992703397,611935
unique_ptr,1,inter_process,cpu,64,10,516697092068009,334563,516697092764143,696134
unique_ptr,1,inter_process,cpu,64,11,516697192096546,350151,516697192806366,709820
unique_ptr,1,inter_process,cpu,64,12,516697292078127,293406,516697292662154,584027
unique_ptr,1,inter_process,cpu,64,13,516697392145300,350736,516697392849572,704272
unique_ptr,1,inter_process,cpu,64,14,516697492049797,296781,516697492685796,635999
unique_ptr,1,inter_process,cpu,64,15,516697592059940,340105,516697592770406,710466
unique_ptr,1,inter_process,cpu,64,16,516697692069170,313529,516697692707235,638065
unique_ptr,1,inter_process,cpu,64,17,516697792066600,313458,516697792710067,643467
unique_ptr,1,inter_process,cpu,64,18,516697892100596,291167,516697892692985,592389
unique_ptr,1,inter_process,cpu,64,19,516697992088452,302234,516697992720208,631756
unique_ptr,1,inter_process,cpu,262144,0,516702860200190,696959,516702861328120,1127930
unique_ptr,1,inter_process,cpu,262144,1,516702961056626,126805,516702961279267,222641
unique_ptr,1,inter_process,cpu,262144,2,516703060106924,573464,516703061087540,980616
unique_ptr,1,inter_process,cpu,262144,3,516703160201896,689343,516703161274369,1072473
unique_ptr,1,inter_process,cpu,262144,4,516703260184079,589495,516703261239761,1055682
unique_ptr,1,inter_process,cpu,262144,5,516703360176931,692706,516703361282311,1105380
unique_ptr,1,inter_process,cpu,262144,6,516703460194647,436207,516703461196294,1001647
unique_ptr,1,inter_process,cpu,262144,7,516703560164277,673200,516703561307852,1143575
unique_ptr,1,inter_process,cpu,262144,8,516703660162197,609270,516703661104421,942224
unique_ptr,1,inter_process,cpu,262144,9,516703760224383,440914,516703761244809,1020426
unique_ptr,1,inter_process,cpu,262144,10,516703860169333,679014,516703861264133,1094800
unique_ptr,1,inter_process,cpu,262144,11,516703959958492,614712,516703960904823,946331
unique_ptr,1,inter_process,cpu,262144,12,516704060193878,661994,516704061302022,1108144
unique_ptr,1,inter_process,cpu,262144,13,516704160205455,680379,516704161303059,1097604
unique_ptr,1,inter_process,cpu,262144,14,516704260165378,661123,516704261263256,1097878
unique_ptr,1,inter_process,cpu,262144,15,516704360177564,518461,516704361284889,1107325
unique_ptr,1,inter_process,cpu,262144,16,516704460189883,591735,516704461203033,1013150
unique_ptr,1,inter_process,cpu,262144,17,516704560268224,655080,516704561383140,1114916
unique_ptr,1,inter_process,cpu,262144,18,516704660258264,603891,516704661203743,945479
unique_ptr,1,inter_process,cpu,262144,19,516704760189517,554141,516704761167228,977711
unique_ptr,1,intra_process_va,memfd,262144,0,516706718147455,16522,516706718257579,110124
unique_ptr,1,intra_process_va,memfd,262144,1,516706817953187,19115,516706818122724,169537
unique_ptr,1,intra_process_va,memfd,262144,2,516706918146470,16745,516706918255566,109096
unique_ptr,1,intra_process_va,memfd,262144,3,516707018157135,17386,516707018293637,136502
unique_ptr,1,intra_process_va,memfd,262144,4,516707117803375,7443,516707117857550,54175
unique_ptr,1,intra_process_va,memfd,262144,5,516707217760445,4057,516707217786193,25748
unique_ptr,1,intra_process_va,memfd,262144,6,516707318131345,16696,516707318241268,109923
unique_ptr,1,intra_process_va,memfd,262144,7,516707418174802,16959,516707418292404,117602
unique_ptr,1,intra_process_va,memfd,262144,8,516707518208325,18074,516707518334680,126355
unique_ptr,1,intra_process_va,memfd,262144,9,516707618286629,19010,516707618411671,125042
unique_ptr,1,intra_process_va,memfd,262144,10,516707718199197,17428,516707718316181,116984
unique_ptr,1,intra_process_va,memfd,262144,11,516707818166633,16440,516707818277965,111332
unique_ptr,1,intra_process_va,memfd,262144,12,516707918183655,17149,516707918298563,114908
unique_ptr,1,intra_process_va,memfd,262144,13,516708018201578,19728,516708018328934,127356
unique_ptr,1,intra_process_va,memfd,262144,14,516708118141432,17563,516708118259658,118226
unique_ptr,1,intra_process_va,memfd,262144,15,516708218192879,16471,516708218302001,109122
unique_ptr,1,intra_process_va,memfd,262144,16,516708318207551,18843,516708318333380,125829
unique_ptr,1,intra_process_va,memfd,262144,17,516708418225657,19223,516708418354722,129065
unique_ptr,1,intra_process_va,memfd,262144,18,516708518155405,16861,516708518263356,107951
unique_ptr,1,intra_process_va,memfd,262144,19,516708618125344,18457,516708618241110,115766
unique_ptr,1,inter_process,cpu,65536,0,516713648995074,275075,516713649430289,435215
unique_ptr,1,inter_process,cpu,65536,1,516713749131677,433020,516713749842315,710638
unique_ptr,1,inter_process,cpu,65536,2,516713849140468,434437,516713849851669,711201
unique_ptr,1,inter_process,cpu,65536,3,516713949104508,447182,516713949833821,729313
unique_ptr,1,inter_process,cpu,65536,4,516714049138435,441616,516714049857061,718626
unique_ptr,1,inter_process,cpu,65536,5,516714149104618,411988,516714149765958,661340
unique_ptr,1,inter_process,cpu,65536,6,516714249092169,463918,516714249815762,723593
unique_ptr,1,inter_process,cpu,65536,7,516714349103602,416103,516714349797821,694219
unique_ptr,1,inter_process,cpu,65536,8,516714449166736,406024,516714449840484,673748
unique_ptr,1,inter_process,cpu,65536,9,516714549110633,249687,516714549730026,619393
unique_ptr,1,inter_process,cpu,65536,10,516714648969910,275072,516714649416521,446611
unique_ptr,1,inter_process,cpu,65536,11,516714749148624,391822,516714749812815,664191
unique_ptr,1,inter_process,cpu,65536,12,516714849137738,386036,516714849787226,649488
unique_ptr,1,inter_process,cpu,65536,13,516714949118946,440262,516714949846015,727069
unique_ptr,1,inter_process,cpu,65536,14,516715049141580,420514,516715049802603,661023
unique_ptr,1,inter_process,cpu,65536,15,516715149115336,423567,516715149809966,694630
unique_ptr,1,inter_process,cpu,65536,16,516715249077328,433065,516715249765977,688649
unique_ptr,1,inter_process,cpu,65536,17,516715349108198,412251,516715349823576,715378
unique_ptr,1,inter_process,cpu,65536,18,516715449123922,298341,516715449835225,711303
unique_ptr,1,inter_process,cpu,65536,19,516715548802478,82115,516715548956880,154402
unique_ptr,1,inter_process,memfd,4096,0,516720412155763,429204,516720413138161,982398
unique_ptr,1,inter_process,memfd,4096,1,516720512163597,442123,516720513169482,1005885
unique_ptr,1,inter_process,memfd,4096,2,516720612176439,464660,516720613225611,1049172
unique_ptr,1,inter_process,memfd,4096,3,516720712175757,467497,516720713217085,1041328
unique_ptr,1,inter_process,memfd,4096,4,516720812123674,398206,516720812980127,856453
unique_ptr,1,inter_process,memfd,4096,5,516720912181163,465200,516720913216831,1035668
unique_ptr,1,inter_process,memfd,4096,6,516721012149616,428388,516721013063965,914349
unique_ptr,1,inter_process,memfd,4096,7,516721112146783,406894,516721113043288,896505
unique_ptr,1,inter_process,memfd,4096,8,516721212129894,412427,516721213038621,908727
unique_ptr,1,inter_process,memfd,4096,9,516721312172623,287967,516721312963364,790741
unique_ptr,1,inter_process,memfd,4096,10,516721412045139,399785,516721412923597,878458
unique_ptr,1,inter_process,memfd,4096,11,516721512182342,449113,516721513174730,992388
unique_ptr,1,inter_process,memfd,4096,12,516721612133294,401573,516721612996323,863029
unique_ptr,1,inter_process,memfd,4096,13,516721712202335,467321,516721713249577,1047242
unique_ptr,1,inter_process,memfd,4096,14,516721812165876,436554,516721813125619,959743
unique_ptr,1,inter_process,memfd,4096,15,516721911886611,71843,516721912102979,216368
unique_ptr,1,inter_process,memfd,4096,16,516722011954901,480707,516722012946112,991211
unique_ptr,1,inter_process,memfd,4096,17,516722112184181,470593,516722113239042,1054861
unique_ptr,1,inter_process,memfd,4096,18,516722212195807,463168,516722213298212,1102405
unique_ptr,1,inter_process,memfd,4096,19,516722312149448,421759,516722313091206,941758
unique_ptr,1,inter_process,memfd,16777216,0,516728153596850,106396,516728153823004,226154
unique_ptr,1,inter_process,memfd,16777216,1,516728256208852,300585,516728256840979,632127
unique_ptr,1,inter_process,memfd,16777216,2,516728356794234,366108,516728357553658,759424
unique_ptr,1,inter_process,memfd,16777216,3,516728456677416,359335,516728457430178,752762
unique_ptr,1,inter_process,memfd,16777216,4,516728556091955,306767,516728556708578,616623
unique_ptr,1,inter_process,memfd,16777216,5,516728655878489,266529,516728656513639,635150
unique_ptr,1,inter_process,memfd,16777216,6,516728756655780,458742,516728757467223,811443
unique_ptr,1,inter_process,memfd,16777216,7,516728856785583,408493,516728857550143,764560
unique_ptr,1,inter_process,memfd,16777216,8,516728956644606,374398,516728957429742,785136
unique_ptr,1,inter_process,memfd,16777216,9,516729056423630,274982,516729057092168,668538
unique_ptr,1,inter_process,memfd,16777216,10,516729156313656,331537,516729157074663,761007
unique_ptr,1,inter_process,memfd,16777216,11,516729256589736,381759,516729257388794,799058
unique_ptr,1,inter_process,memfd,16777216,12,516729356557848,377910,516729357353492,795644
unique_ptr,1,inter_process,memfd,16777216,13,516729456661073,394042,516729457454679,793606
unique_ptr,1,inter_process,memfd,16777216,14,516729556496128,388513,516729557285019,788891
unique_ptr,1,inter_process,memfd,16777216,15,516729656070121,386619,516729656808048,737927
unique_ptr,1,inter_process,memfd,16777216,16,516729756563695,303363,516729757270066,706371
unique_ptr,1,inter_process,memfd,16777216,17,516729856593667,377224,516729857383813,790146
unique_ptr,1,inter_process,memfd,16777216,18,516729956368015,320922,516729957048934,680919
unique_ptr,1,inter_process,memfd,16777216,19,516730056382735,318334,516730057062274,679539
unique_ptr,1,intra_process_va,memfd,16777216,0,516732937287297,17241,516732937389565,102268
unique_ptr,1,intra_process_va,memfd,16777216,1,516733037447630,15679,516733037538513,90883
unique_ptr,1,intra_process_va,memfd,16777216,2,516733137233502,19563,516733137348457,114955
unique_ptr,1,intra_process_va,memfd,16777216,3,516733237615094,19368,516733237728907,113813
unique_ptr,1,intra_process_va,memfd,16777216,4,516733337556870,19117,516733337673268,116398
unique_ptr,1,intra_process_va,memfd,16777216,5,516733437319089,19494,516733437428764,109675
unique_ptr,1,intra_process_va,memfd,16777216,6,516733537366361,16952,516733537468369,102008
unique_ptr,1,intra_process_va,memfd,16777216,7,516733635273237,4156,516733635300043,26806
unique_ptr,1,intra_process_va,memfd,16777216,8,516733737370958,16346,516733737470439,99481
unique_ptr,1,intra_process_va,memfd,16777216,9,516733837358915,16548,516733837458919,100004
unique_ptr,1,intra_process_va,memfd,16777216,10,516733937509401,19586,516733937625362,115961
unique_ptr,1,intra_process_va,memfd,16777216,11,516734037187394,16695,516734037278428,91034
unique_ptr,1,intra_process_va,memfd,16777216,12,516734137361318,16871,516734137460772,99454
unique_ptr,1,intra_process_va,memfd,16777216,13,516734237331939,21053,516734237436130,104191
unique_ptr,1,intra_process_va,memfd,16777216,14,516734337306509,16635,516734337405518,99009
unique_ptr,1,intra_process_va,memfd,16777216,15,516734435933265,7016,516734435965047,31782
unique_ptr,1,intra_process_va,memfd,16777216,16,516734537538358,19656,516734537656193,117835
unique_ptr,1,intra_process_va,memfd,16777216,17,516734635470764,9672,516734635530485,59721
unique_ptr,1,intra_process_va,memfd,16777216,18,516734737368293,16904,516734737468895,100602
unique_ptr,1,intra_process_va,memfd,16777216,19,516734837370390,15645,516734837460345,89955
unique_ptr,1,intra_process_va,cpu,65536,0,516736550780042,10447,516736550845559,65517
unique_ptr,1,intra_process_va,cpu,65536,1,516736650953896,12231,516736651049974,96078
unique_ptr,1,intra_process_va,cpu,65536,2,516736751052932,18134,516736751160144,107212
unique_ptr,1,intra_process_va,cpu,65536,3,516736851074270,18539,516736851186020,111750
unique_ptr,1,intra_process_va,cpu,65536,4,516736951087910,20653,516736951211858,123948
unique_ptr,1,intra_process_va,cpu,65536,5,516737051056257,18002,516737051161367,105110
unique_ptr,1,intra_process_va,cpu,65536,6,516737151055758,20080,516737151172261,116503
unique_ptr,1,intra_process_va,cpu,65536,7,516737250951669,17295,516737251088966,137297
unique_ptr,1,intra_process_va,cpu,65536,8,516737351079234,22830,516737351203182,123948
unique_ptr,1,intra_process_va,cpu,65536,9,516737451154300,22448,516737451276396,122096
unique_ptr,1,intra_process_va,cpu,65536,10,516737551054414,18827,516737551166573,112159
unique_ptr,1,intra_process_va,cpu,65536,11,516737650977339,14625,516737651103617,126278
unique_ptr,1,intra_process_va,cpu,65536,12,516737750988414,100441,516737751186594,198180
unique_ptr,1,intra_process_va,cpu,65536,13,516737851095521,21237,516737851220715,125194
unique_ptr,1,intra_process_va,cpu,65536,14,516737951062060,19154,516737951176160,114100
unique_ptr,1,intra_process_va,cpu,65536,15,516738051094563,20017,516738051211870,117307
unique_ptr,1,intra_process_va,cpu,65536,16,516738151105491,20841,516738151228610,123119
unique_ptr,1,intra_process_va,cpu,65536,17,516738251085501,17950,516738251206359,120858
unique_ptr,1,intra_process_va,cpu,65536,18,516738351090556,20833,516738351216945,126389
unique_ptr,1,intra_process_va,cpu,65536,19,516738451058342,19257,516738451172823,114481
unique_ptr,1,inter_process,cpu,1048576,0,516743157392564,1448506,516743170807977,13415413
unique_ptr,1,inter_process,cpu,1048576,1,516743257429997,1686082,516743259761016,2331019
unique_ptr,1,inter_process,cpu,1048576,2,516743357430385,1497868,516743359733890,2303505
unique_ptr,1,inter_process,cpu,1048576,3,516743457415190,1459826,516743470701871,13286681
unique_ptr,1,inter_process,cpu,1048576,4,516743557399010,1437732,516743570418182,13019172
unique_ptr,1,inter_process,cpu,1048576,5,516743657317694,1298466,516743670593672,13275978
unique_ptr,1,inter_process,cpu,1048576,6,516743757324360,1444966,516743770674272,13349912
unique_ptr,1,inter_process,cpu,1048576,7,516743857400626,1637145,516743859673528,2272902
unique_ptr,1,inter_process,cpu,1048576,8,516743957457552,1869756,516743970980634,13523082
unique_ptr,1,inter_process,cpu,1048576,9,516744057393107,1422693,516744070742256,13349149
unique_ptr,1,inter_process,cpu,1048576,10,516744157401660,1620453,516744159657474,2255814
unique_ptr,1,inter_process,cpu,1048576,11,516744257473590,1614779,516744259906015,2432425
unique_ptr,1,inter_process,cpu,1048576,12,516744357357550,1528646,516744370817962,13460412
unique_ptr,1,inter_process,cpu,1048576,13,516744457386752,1463745,516744470612756,13226004
unique_ptr,1,inter_process,cpu,1048576,14,516744557391169,1452608,516744570529892,13138723
unique_ptr,1,inter_process,cpu,1048576,15,516744657357064,969328,516744670175397,12818333
unique_ptr,1,inter_process,cpu,1048576,16,516744757300945,1496381,516744770648366,13347421
unique_ptr,1,inter_process,cpu,1048576,17,516744857030903,647032,516744868500139,11469236
unique_ptr,1,inter_process,cpu,1048576,18,516744956887910,286102,516744967870790,10982880
unique_ptr,1,inter_process,cpu,1048576,19,516745057421253,1628614,516745059683320,2262067
unique_ptr,1,intra_process_va,cpu,16384,0,516746953797507,12558,516746953873636,76129
unique_ptr,1,intra_process_va,cpu,16384,1,516747053700860,4180,516747053723800,22940
unique_ptr,1,intra_process_va,cpu,16384,2,516747153926932,17135,516747154091961,165029
unique_ptr,1,intra_process_va,cpu,16384,3,516747253987807,73004,516747254122665,134858
unique_ptr,1,intra_process_va,cpu,16384,4,516747353911878,17977,516747354088915,177037
unique_ptr,1,intra_process_va,cpu,16384,5,516747453951152,20182,516747454126737,175585
unique_ptr,1,intra_process_va,cpu,16384,6,516747553929410,18483,516747554104192,174782
unique_ptr,1,intra_process_va,cpu,16384,7,516747653912656,13776,516747654033295,120639
unique_ptr,1,intra_process_va,cpu,16384,8,516747753956385,19263,516747754114716,158331
unique_ptr,1,intra_process_va,cpu,16384,9,516747853932413,19637,516747854163453,231040
unique_ptr,1,intra_process_va,cpu,16384,10,516747953965370,19320,516747954134847,169477
unique_ptr,1,intra_process_va,cpu,16384,11,516748053962363,20382,516748054131458,169095
unique_ptr,1,intra_process_va,cpu,16384,12,516748153947024,18242,516748154106213,159189
unique_ptr,1,intra_process_va,cpu,16384,13,516748253925532,17412,516748254072440,146908
unique_ptr,1,intra_process_va,cpu,16384,14,516748353926260,19734,516748354084601,158341
unique_ptr,1,intra_process_va,cpu,16384,15,516748453944925,17450,516748454103356,158431
unique_ptr,1,intra_process_va,cpu,16384,16,516748553857383,17136,516748553969380,111997
unique_ptr,1,intra_process_va,cpu,16384,17,516748653888416,14956,516748654039093,150677
unique_ptr,1,intra_process_va,cpu,16384,18,516748753933130,17599,516748754078697,145567
unique_ptr,1,intra_process_va,cpu,16384,19,516748853938760,19871,516748854092685,153925
unique_ptr,1,inter_process,cpu,4194304,0,516753541623584,828742,516753555173442,13549858
unique_ptr,1,inter_process,cpu,4194304,1,516753637029169,876772,516753649801123,12771954
unique_ptr,1,inter_process,cpu,4194304,2,516753741577253,830488,516753755037468,13460215
unique_ptr,1,inter_process,cpu,4194304,3,516753841720665,835734,516753855131520,13410855
unique_ptr,1,inter_process,cpu,4194304,4,516753941669788,841637,516753955233768,13563980
unique_ptr,1,inter_process,cpu,4194304,5,516754041665299,840012,516754055217506,13552207
unique_ptr,1,inter_process,cpu,4194304,6,516754141428408,860696,516754154954079,13525671
unique_ptr,1,inter_process,cpu,4194304,7,516754241495193,1027779,516754255494764,13999571
unique_ptr,1,inter_process,cpu,4194304,8,516754341431953,868772,516754354756283,13324330
unique_ptr,1,inter_process,cpu,4194304,9,516754441946729,1037349,516754456144565,14197836
unique_ptr,1,inter_process,cpu,4194304,10,516754541456920,864703,516754555077718,13620798
unique_ptr,1,inter_process,cpu,4194304,11,516754637466381,874531,516754649767644,12301263
unique_ptr,1,inter_process,cpu,4194304,12,516754741784881,1071238,516754755779065,13994184
unique_ptr,1,inter_process,cpu,4194304,13,516754841405404,842247,516754855063024,13657620
unique_ptr,1,inter_process,cpu,4194304,14,516754941320207,851237,516754955040068,13719861
unique_ptr,1,inter_process,cpu,4194304,15,516755041505995,837670,516755055172569,13666574
unique_ptr,1,inter_process,cpu,4194304,16,516755142208150,846741,516755156107595,13899445
unique_ptr,1,inter_process,cpu,4194304,17,516755242300625,841279,516755255906138,13605513
unique_ptr,1,inter_process,cpu,4194304,18,516755336990184,1066367,516755348392654,11402470
unique_ptr,1,inter_process,cpu,4194304,19,516755441841748,888353,516755455795379,13953631
unique_ptr,1,inter_process,memfd,4194304,0,516760660949132,437865,516760661860964,911832
unique_ptr,1,inter_process,memfd,4194304,1,516760761048762,413041,516760761915025,866263
unique_ptr,1,inter_process,memfd,4194304,2,516760860980987,423785,516760861860415,879428
unique_ptr,1,inter_process,memfd,4194304,3,516760960908667,436617,516760961801288,892621
unique_ptr,1,inter_process,memfd,4194304,4,516761061063837,408366,516761061892204,828367
unique_ptr,1,inter_process,memfd,4194304,5,516761161181477,460260,516761162126122,944645
unique_ptr,1,inter_process,memfd,4194304,6,516761261217017,336595,516761262084947,867930
unique_ptr,1,inter_process,memfd,4194304,7,516761361271821,487138,516761362236399,964578
unique_ptr,1,inter_process,memfd,4194304,8,516761461257713,454280,516761462185018,927305
unique_ptr,1,inter_process,memfd,4194304,9,516761560729288,216649,516761561328549,599261
unique_ptr,1,inter_process,memfd,4194304,10,516761660139826,121813,516761660403497,263671
unique_ptr,1,inter_process,memfd,4194304,11,516761761101328,409229,516761761998913,897585
unique_ptr,1,inter_process,memfd,4194304,12,516761861178076,462813,516761862193232,1015156
unique_ptr,1,inter_process,memfd,4194304,13,516761960972158,417311,516761961851944,879786
unique_ptr,1,inter_process,memfd,4194304,14,516762060937965,388595,516762061753390,815425
unique_ptr,1,inter_process,memfd,4194304,15,516762161213135,502594,516762162214457,1001322
unique_ptr,1,inter_process,memfd,4194304,16,516762261029464,410693,516762261900279,870815
unique_ptr,1,inter_process,memfd,4194304,17,516762361105141,427753,516762362030632,925491
unique_ptr,1,inter_process,memfd,4194304,18,516762461203737,361692,516762462151481,947744
unique_ptr,1,inter_process,memfd,4194304,19,516762561133927,396987,516762561990715,856788
unique_ptr,1,inter_process,cpu,16384,0,516768401978285,431402,516768402758258,779973
unique_ptr,1,inter_process,cpu,16384,1,516768501991601,371667,516768502691944,700343
unique_ptr,1,inter_process,cpu,16384,2,516768601954653,346388,516768602619271,664618
unique_ptr,1,inter_process,cpu,16384,3,516768701918764,373147,516768702658839,740075
unique_ptr,1,inter_process,cpu,16384,4,516768802049548,366628,516768802774231,724683
unique_ptr,1,inter_process,cpu,16384,5,516768901978420,381093,516768902719553,741133
unique_ptr,1,inter_process,cpu,16384,6,516769001966111,256949,516769002587523,621412
unique_ptr,1,inter_process,cpu,16384,7,516769101953517,383025,516769102725674,772157
unique_ptr,1,inter_process,cpu,16384,8,516769201936289,338041,516769202579963,643674
unique_ptr,1,inter_process,cpu,16384,9,516769301931708,303223,516769302607641,675933
unique_ptr,1,inter_process,cpu,16384,10,516769401795666,310647,516769402393618,597952
unique_ptr,1,inter_process,cpu,16384,11,516769502088202,349510,516769502812603,724401
unique_ptr,1,inter_process,cpu,16384,12,516769601952606,342794,516769602614541,661935
unique_ptr,1,inter_process,cpu,16384,13,516769701896743,341194,516769702549317,652574
unique_ptr,1,inter_process,cpu,16384,14,516769801942910,358647,516769802609400,666490
unique_ptr,1,inter_process,cpu,16384,15,516769901884803,363686,516769902591378,706575
unique_ptr,1,inter_process,cpu,16384,16,516770003063641,68914,516770003210653,147012
unique_ptr,1,inter_process,cpu,16384,17,516770101947147,398917,516770102702943,755796
unique_ptr,1,inter_process,cpu,16384,18,516770201954419,247480,516770202551041,596622
unique_ptr,1,inter_process,cpu,16384,19,516770301980837,439724,516770302803138,822301
unique_ptr,1,inter_process,memfd,64,0,516775508193510,447911,516775509170462,976952
unique_ptr,1,inter_process,memfd,64,1,516775608097679,417753,516775608943257,845578
unique_ptr,1,inter_process,memfd,64,2,516775708147823,438283,516775709065115,917292
unique_ptr,1,inter_process,memfd,64,3,516775808116047,420866,516775809120520,1004473
unique_ptr,1,inter_process,memfd,64,4,516775908093498,407126,516775908979973,886475
unique_ptr,1,inter_process,memfd,64,5,516776008134967,471144,516776009183170,1048203
unique_ptr,1,inter_process,memfd,64,6,516776108160036,296433,516776108993813,833777
unique_ptr,1,inter_process,memfd,64,7,516776208083070,417886,516776208989525,906455
unique_ptr,1,inter_process,memfd,64,8,516776310053668,87381,516776310253555,199887
unique_ptr,1,inter_process,memfd,64,9,516776408215727,461195,516776409269178,1053451
unique_ptr,1,inter_process,memfd,64,10,516776508163344,469178,516776509175019,1011675
unique_ptr,1,inter_process,memfd,64,11,516776608056761,338582,516776608801929,745168
unique_ptr,1,inter_process,memfd,64,12,516776708117193,415530,516776709054046,936853
unique_ptr,1,inter_process,memfd,64,13,516776808071686,413620,516776808971074,899388
unique_ptr,1,inter_process,memfd,64,14,516776908170800,439335,516776909159753,988953
unique_ptr,1,inter_process,memfd,64,15,516777008113034,424761,516777009096913,983879
unique_ptr,1,inter_process,memfd,64,16,516777108111509,399957,516777108926077,814568
unique_ptr,1,inter_process,memfd,64,17,516777208151572,464428,516777209195663,1044091
unique_ptr,1,inter_process,memfd,64,18,516777308139638,293640,516777308973764,834126
unique_ptr,1,inter_process,memfd,64,19,516777408129207,449601,516777409089242,960035
unique_ptr,1,inter_process,cpu,16777216,0,516783598575397,3441661,516783611832038,13256641
unique_ptr,1,inter_process,cpu,16777216,1,516783699026206,3304386,516783712093964,13067758
unique_ptr,1,inter_process,cpu,16777216,2,516783799339636,3315514,516783812567945,13228309
unique_ptr,1,inter_process,cpu,16777216,3,516783899144504,3464755,516783912475302,13330798
unique_ptr,1,inter_process,cpu,16777216,4,516783998532844,3312162,516784011921131,13388287
unique_ptr,1,inter_process,cpu,16777216,5,516784099136743,3337606,516784112284565,13147822
unique_ptr,1,inter_process,cpu,16777216,6,516784199446958,3306178,516784212542005,13095047
unique_ptr,1,inter_process,cpu,16777216,7,516784299444787,3311117,516784312546444,13101657
unique_ptr,1,inter_process,cpu,16777216,8,516784399435136,3363498,516784412394450,12959314
unique_ptr,1,inter_process,cpu,16777216,9,516784499171375,3313803,516784512509189,13337814
unique_ptr,1,inter_process,cpu,16777216,10,516784598759002,3569126,516784611890022,13131020
unique_ptr,1,inter_process,cpu,16777216,11,516784695169331,3493009,516784708116754,12947423
unique_ptr,1,inter_process,cpu,16777216,12,516784799085836,3422868,516784812454974,13369138
unique_ptr,1,inter_process,cpu,16777216,13,516784899011538,3317354,516784912104808,13093270
unique_ptr,1,inter_process,cpu,16777216,14,516784998747461,3327738,516785012094699,13347238
unique_ptr,1,inter_process,cpu,16777216,15,516785099438436,3312853,516785112606123,13167687
unique_ptr,1,inter_process,cpu,16777216,16,516785199473900,3315623,516785212682236,13208336
unique_ptr,1,inter_process,cpu,16777216,17,516785299275824,3321387,516785312664070,13388246
unique_ptr,1,inter_process,cpu,16777216,18,516785399174537,3319720,516785412558138,13383601
unique_ptr,1,inter_process,cpu,16777216,19,516785499342553,3306737,516785512677574,13335021
unique_ptr,1,inter_process,cpu,4096,0,516790713064312,312390,516790713706495,642183
unique_ptr,1,inter_process,cpu,4096,1,516790812972080,343255,516790813618869,646789
unique_ptr,1,inter_process,cpu,4096,2,516790912786827,86435,516790912965996,179169
unique_ptr,1,inter_process,cpu,4096,3,516791012983238,353597,516791013642771,659533
unique_ptr,1,inter_process,cpu,4096,4,516791113100193,325630,516791113748949,648756
unique_ptr,1,inter_process,cpu,4096,5,516791213081150,323455,516791213729479,648329
unique_ptr,1,inter_process,cpu,4096,6,516791313055523,303939,516791313719962,664439
unique_ptr,1,inter_process,cpu,4096,7,516791413113067,351218,516791413825830,712763
unique_ptr,1,inter_process,cpu,4096,8,516791513075855,227959,516791513705864,630009
unique_ptr,1,inter_process,cpu,4096,9,516791612842329,208034,516791613400659,558330
unique_ptr,1,inter_process,cpu,4096,10,516791713064946,350466,516791713786872,721926
unique_ptr,1,inter_process,cpu,4096,11,516791813080219,314516,516791813718520,638301
unique_ptr,1,inter_process,cpu,4096,12,516791913067314,318139,516791913705896,638582
unique_ptr,1,inter_process,cpu,4096,13,516792013107693,385813,516792013834326,726633
unique_ptr,1,inter_process,cpu,4096,14,516792113059275,314717,516792113693789,634514
unique_ptr,1,inter_process,cpu,4096,15,516792213072424,212187,516792213685960,613536
unique_ptr,1,inter_process,cpu,4096,16,516792313078216,355598,516792313790059,711843
unique_ptr,1,inter_process,cpu,4096,17,516792413074096,337486,516792413753005,678909
unique_ptr,1,inter_process,cpu,4096,18,516792513110347,327280,516792513778506,668159
unique_ptr,1,inter_process,cpu,4096,19,516792612976379,391464,516792613717876,741497
unique_ptr,1,intra_process_va,cpu,4096,0,516794508894074,17128,516794508998102,104028
unique_ptr,1,intra_process_va,cpu,4096,1,516794608912195,18236,516794609062618,150423
unique_ptr,1,intra_process_va,cpu,4096,2,516794708938438,19025,516794709106899,168461
unique_ptr,1,intra_process_va,cpu,4096,3,516794808889915,16945,516794809066109,176194
unique_ptr,1,intra_process_va,cpu,4096,4,516794908913149,17668,516794909068533,155384
unique_ptr,1,intra_process_va,cpu,4096,5,516795008857949,17197,516795008962595,104646
unique_ptr,1,intra_process_va,cpu,4096,6,516795108707511,4238,516795108730300,22789
unique_ptr,1,intra_process_va,cpu,4096,7,516795208902397,16647,516795209042340,139943
unique_ptr,1,intra_process_va,cpu,4096,8,516795308925720,17656,516795309072050,146330
unique_ptr,1,intra_process_va,cpu,4096,9,516795408933331,20061,516795409156283,222952
unique_ptr,1,intra_process_va,cpu,4096,10,516795508946595,18526,516795509102139,155544
unique_ptr,1,intra_process_va,cpu,4096,11,516795608911181,18047,516795609062991,151810
unique_ptr,1,intra_process_va,cpu,4096,12,516795708941506,19459,516795709100547,159041
unique_ptr,1,intra_process_va,cpu,4096,13,516795808949834,19375,516795809107980,158146
unique_ptr,1,intra_process_va,cpu,4096,14,516795908910670,17728,516795909095094,184424
unique_ptr,1,intra_process_va,cpu,4096,15,516796008923565,16951,516796009060947,137382
unique_ptr,1,intra_process_va,cpu,4096,16,516796108918523,17884,516796109063222,144699
unique_ptr,1,intra_process_va,cpu,4096,17,516796208801551,10510,516796208855911,54360
unique_ptr,1,intra_process_va,cpu,4096,18,516796308923928,18142,516796309074056,150128
unique_ptr,1,intra_process_va,cpu,4096,19,516796408976806,18463,516796409128325,151519
unique_ptr,1,intra_process_va,cpu,4194304,0,516798132394039,20005,516798132490693,96654
unique_ptr,1,intra_process_va,cpu,4194304,1,516798232662564,22298,516798232766731,104167
unique_ptr,1,intra_process_va,cpu,4194304,2,516798332625051,22002,516798332732055,107004
unique_ptr,1,intra_process_va,cpu,4194304,3,516798432784953,23210,516798432898098,113145
unique_ptr,1,intra_process_va,cpu,4194304,4,516798532620349,24103,516798532734975,114626
unique_ptr,1,intra_process_va,cpu,4194304,5,516798632124992,15709,516798632200478,75486
unique_ptr,1,intra_process_va,cpu,4194304,6,516798732815542,22689,516798732927715,112173
unique_ptr,1,intra_process_va,cpu,4194304,7,516798832581556,22815,516798832688580,107024
unique_ptr,1,intra_process_va,cpu,4194304,8,516798932745001,24146,516798932860490,115489
unique_ptr,1,intra_process_va,cpu,4194304,9,516799032686405,22780,516799032800413,114008
unique_ptr,1,intra_process_va,cpu,4194304,10,516799132620364,23034,516799132727856,107492
unique_ptr,1,intra_process_va,cpu,4194304,11,516799231937931,15010,516799232020521,82590
unique_ptr,1,intra_process_va,cpu,4194304,12,516799331053380,7096,516799331084101,30721
unique_ptr,1,intra_process_va,cpu,4194304,13,516799432433510,20395,516799432534255,100745
unique_ptr,1,intra_process_va,cpu,4194304,14,516799532534337,23007,516799532640688,106351
unique_ptr,1,intra_process_va,cpu,4194304,15,516799632161398,20290,516799632257273,95875
unique_ptr,1,intra_process_va,cpu,4194304,16,516799732787256,23646,516799732901805,114549
unique_ptr,1,intra_process_va,cpu,4194304,17,516799832677495,25355,516799832797663,120168
unique_ptr,1,intra_process_va,cpu,4194304,18,516799932614513,22045,516799932727252,112739
unique_ptr,1,intra_process_va,cpu,4194304,19,516800032848825,23932,516800032962016,113191
unique_ptr,1,inter_process,memfd,1024,0,516805048113026,461095,516805049094092,981066
unique_ptr,1,inter_process,memfd,1024,1,516805148157820,511059,516805149214114,1056294
unique_ptr,1,inter_process,memfd,1024,2,516805248178261,523564,516805249226914,1048653
unique_ptr,1,inter_process,memfd,1024,3,516805348160871,446448,516805349155592,994721
unique_ptr,1,inter_process,memfd,1024,4,516805448151381,417397,516805449104227,952846
unique_ptr,1,inter_process,memfd,1024,5,516805547866658,100028,516805548130931,264273
unique_ptr,1,inter_process,memfd,1024,6,516805647823380,140382,516805648133400,310020
unique_ptr,1,inter_process,memfd,1024,7,516805748099666,394342,516805748949753,850087
unique_ptr,1,inter_process,memfd,1024,8,516805848133752,420100,516805849063521,929769
unique_ptr,1,inter_process,memfd,1024,9,516805948228165,341929,516805949202844,974679
unique_ptr,1,inter_process,memfd,1024,10,516806048077604,381086,516806048921786,844182
unique_ptr,1,inter_process,memfd,1024,11,516806148151254,419686,516806149094218,942964
unique_ptr,1,inter_process,memfd,1024,12,516806248187463,456144,516806249219177,1031714
unique_ptr,1,inter_process,memfd,1024,13,516806348144129,483365,516806349197407,1053278
unique_ptr,1,inter_process,memfd,1024,14,516806448128448,418422,516806449071425,942977
unique_ptr,1,inter_process,memfd,1024,15,516806548139865,417818,516806549070668,930803
unique_ptr,1,inter_process,memfd,1024,16,516806648023015,202267,516806648477735,454720
unique_ptr,1,inter_process,memfd,1024,17,516806748140488,463565,516806749173024,1032536
unique_ptr,1,inter_process,memfd,1024,18,516806848169673,336665,516806849114467,944794
unique_ptr,1,inter_process,memfd,1024,19,516806948104337,398316,516806948972481,868144
unique_ptr,1,intra_process_va,memfd,4194304,0,516809824337625,12388,516809824396496,58871
unique_ptr,1,intra_process_va,memfd,4194304,1,516809924583903,17650,516809924690574,106671
unique_ptr,1,intra_process_va,memfd,4194304,2,516810024871519,19894,516810024990589,119070
unique_ptr,1,intra_process_va,memfd,4194304,3,516810124828578,18767,516810124940251,111673
unique_ptr,1,intra_process_va,memfd,4194304,4,516810224719799,20219,516810224836108,116309
unique_ptr,1,intra_process_va,memfd,4194304,5,516810324912990,21885,516810325057768,144778
unique_ptr,1,intra_process_va,memfd,4194304,6,516810424872933,21156,516810424990734,117801
unique_ptr,1,intra_process_va,memfd,4194304,7,516810524865101,20051,516810524977911,112810
unique_ptr,1,intra_process_va,memfd,4194304,8,516810624913368,21084,516810625061041,147673
unique_ptr,1,intra_process_va,memfd,4194304,9,516810724907295,23524,516810725054534,147239
unique_ptr,1,intra_process_va,memfd,4194304,10,516810824935465,21204,516810825085023,149558
unique_ptr,1,intra_process_va,memfd,4194304,11,516810924951980,21546,516810925096226,144246
unique_ptr,1,intra_process_va,memfd,4194304,12,516811024900803,20824,516811025045046,144243
unique_ptr,1,intra_process_va,memfd,4194304,13,516811124875749,20245,516811124993319,117570
unique_ptr,1,intra_process_va,memfd,4194304,14,516811224870789,19921,516811224986316,115527
unique_ptr,1,intra_process_va,memfd,4194304,15,516811324885849,20959,516811325019469,133620
unique_ptr,1,intra_process_va,memfd,4194304,16,516811424994590,42296,516811425145108,150518
unique_ptr,1,intra_process_va,memfd,4194304,17,516811524934402,20276,516811525072805,138403
unique_ptr,1,intra_process_va,memfd,4194304,18,516811624912803,20074,516811625047988,135185
unique_ptr,1,intra_process_va,memfd,4194304,19,516811724788536,22360,516811724912014,123478
unique_ptr,1,intra_process_va,cpu,1048576,0,516813447466848,23506,516813447595052,128204
unique_ptr,1,intra_process_va,cpu,1048576,1,516813547395616,23069,516813547514061,118445
unique_ptr,1,intra_process_va,cpu,1048576,2,516813647109086,10374,516813647165100,56014
unique_ptr,1,intra_process_va,cpu,1048576,3,516813747378079,23289,516813747495600,117521
unique_ptr,1,intra_process_va,cpu,1048576,4,516813847430295,23319,516813847550397,120102
unique_ptr,1,intra_process_va,cpu,1048576,5,516813948232041,9305,516813948282249,50208
unique_ptr,1,intra_process_va,cpu,1048576,6,516814047120814,13153,516814047190526,69712
unique_ptr,1,intra_process_va,cpu,1048576,7,516814147450894,23240,516814147573591,122697
unique_ptr,1,intra_process_va,cpu,1048576,8,516814247388058,22313,516814247505016,116958
unique_ptr,1,intra_process_va,cpu,1048576,9,516814347513438,23237,516814347640329,126891
unique_ptr,1,intra_process_va,cpu,1048576,10,516814447339745,19819,516814447445214,105469
unique_ptr,1,intra_process_va,cpu,1048576,11,516814547362156,21462,516814547475921,113765
unique_ptr,1,intra_process_va,cpu,1048576,12,516814647107518,12296,516814647175636,68118
unique_ptr,1,intra_process_va,cpu,1048576,13,516814747385489,21471,516814747503534,118045
unique_ptr,1,intra_process_va,cpu,1048576,14,516814847438089,23842,516814847566572,128483
unique_ptr,1,intra_process_va,cpu,1048576,15,516814947346431,20443,516814955682254,8335823
unique_ptr,1,intra_process_va,cpu,1048576,16,516815047453135,24157,516815047582610,129475
unique_ptr,1,intra_process_va,cpu,1048576,17,516815147376825,20576,516815147488819,111994
unique_ptr,1,intra_process_va,cpu,1048576,18,516815247386389,20687,516815247496378,109989
unique_ptr,1,intra_process_va,cpu,1048576,19,516815347383061,20257,516815347494326,111265
unique_ptr,1,intra_process_va,memfd,1048576,0,516817065341745,21403,516817065470029,128284
unique_ptr,1,intra_process_va,memfd,1048576,1,516817165279463,18731,516817165396965,117502
unique_ptr,1,intra_process_va,memfd,1048576,2,516817265312380,18937,516817265428289,115909
unique_ptr,1,intra_process_va,memfd,1048576,3,516817365388230,21249,516817365515493,127263
unique_ptr,1,intra_process_va,memfd,1048576,4,516817465378161,21959,516817465514799,136638
unique_ptr,1,intra_process_va,memfd,1048576,5,516817565366949,22358,516817565501477,134528
unique_ptr,1,intra_process_va,memfd,1048576,6,516817665403883,21355,516817665538685,134802
unique_ptr,1,intra_process_va,memfd,1048576,7,516817765320088,19270,516817765443080,122992
unique_ptr,1,intra_process_va,memfd,1048576,8,516817865379403,21538,516817865515818,136415
unique_ptr,1,intra_process_va,memfd,1048576,9,516817965379767,20455,516817965503430,123663
unique_ptr,1,intra_process_va,memfd,1048576,10,516818065367595,20208,516818065492667,125072
unique_ptr,1,intra_process_va,memfd,1048576,11,516818164757222,5186,516818164783209,25987
unique_ptr,1,intra_process_va,memfd,1048576,12,516818265334730,20687,516818265459875,125145
unique_ptr,1,intra_process_va,memfd,1048576,13,516818365383199,22525,516818365518428,135229
unique_ptr,1,intra_process_va,memfd,1048576,14,516818465357153,20179,516818465480839,123686
unique_ptr,1,intra_process_va,memfd,1048576,15,516818565294534,19434,516818565417957,123423
unique_ptr,1,intra_process_va,memfd,1048576,16,516818665396942,20722,516818665524244,127302
unique_ptr,1,intra_process_va,memfd,1048576,17,516818765407317,21603,516818765541651,134334
unique_ptr,1,intra_process_va,memfd,1048576,18,516818865302152,19028,516818865441186,139034
unique_ptr,1,intra_process_va,memfd,1048576,19,516818965335275,20420,516818965459685,124410
unique_ptr,1,intra_process_va,memfd,4096,0,516820679127165,17836,516820679253543,126378
unique_ptr,1,intra_process_va,memfd,4096,1,516820779099154,14895,516820779206870,107716
unique_ptr,1,intra_process_va,memfd,4096,2,516820879156610,17736,516820879279859,123249
unique_ptr,1,intra_process_va,memfd,4096,3,516820979103752,16187,516820979218170,114418
unique_ptr,1,intra_process_va,memfd,4096,4,516821079116580,16585,516821079231015,114435
unique_ptr,1,intra_process_va,memfd,4096,5,516821179120413,18492,516821179245253,124840
unique_ptr,1,intra_process_va,memfd,4096,6,516821279108410,15085,516821279212607,104197
unique_ptr,1,intra_process_va,memfd,4096,7,516821379142289,18560,516821379267480,125191
unique_ptr,1,intra_process_va,memfd,4096,8,516821479117891,16796,516821479233040,115149
unique_ptr,1,intra_process_va,memfd,4096,9,516821579191375,19017,516821579313710,122335
unique_ptr,1,intra_process_va,memfd,4096,10,516821679150801,17743,516821679273648,122847
unique_ptr,1,intra_process_va,memfd,4096,11,516821779103466,17585,516821779222136,118670
unique_ptr,1,intra_process_va,memfd,4096,12,516821879107908,16860,516821879225014,117106
unique_ptr,1,intra_process_va,memfd,4096,13,516821978937086,10403,516821979039389,102303
unique_ptr,1,intra_process_va,memfd,4096,14,516822079105093,15738,516822079215494,110401
unique_ptr,1,intra_process_va,memfd,4096,15,516822179153737,15963,516822179259656,105919
unique_ptr,1,intra_process_va,memfd,4096,16,516822279094532,15825,516822279201537,107005
unique_ptr,1,intra_process_va,memfd,4096,17,516822378742829,4006,516822378767243,24414
unique_ptr,1,intra_process_va,memfd,4096,18,516822479076813,16302,516822479193488,116675
unique_ptr,1,intra_process_va,memfd,4096,19,516822579163254,17466,516822579286083,122829
unique_ptr,1,inter_process,memfd,65536,0,516827600236639,408496,516827601176469,939830
unique_ptr,1,inter_process,memfd,65536,1,516827700259045,425206,516827701216498,957453
unique_ptr,1,inter_process,memfd,65536,2,516827800211049,468184,516827801220252,1009203
unique_ptr,1,inter_process,memfd,65536,3,516827900222085,412677,516827901155121,933036
unique_ptr,1,inter_process,memfd,65536,4,516828000214464,395174,516828001104855,890391
unique_ptr,1,inter_process,memfd,65536,5,516828100245770,470356,516828101286631,1040861
unique_ptr,1,inter_process,memfd,65536,6,516828200170534,287233,516828200949302,778768
unique_ptr,1,inter_process,memfd,65536,7,516828300202208,396045,516828301086046,883838
unique_ptr,1,inter_process,memfd,65536,8,516828400199502,425500,516828401137241,937739
unique_ptr,1,inter_process,memfd,65536,9,516828500225576,287130,516828500987142,761566
unique_ptr,1,inter_process,memfd,65536,10,516828599941450,107220,516828600180535,239085
unique_ptr,1,inter_process,memfd,65536,11,516828700233114,391055,516828701102728,869614
unique_ptr,1,inter_process,memfd,65536,12,516828800259520,467952,516828801308032,1048512
unique_ptr,1,inter_process,memfd,65536,13,516828900250407,407362,516828901159449,909042
unique_ptr,1,inter_process,memfd,65536,14,516829000223635,445973,516829001217295,993660
unique_ptr,1,inter_process,memfd,65536,15,516829100241403,426341,516829101180042,938639
unique_ptr,1,inter_process,memfd,65536,16,516829200199917,456544,516829201164941,965024
unique_ptr,1,inter_process,memfd,65536,17,516829300225898,424624,516829301170829,944931
unique_ptr,1,inter_process,memfd,65536,18,516829400216052,463169,516829401236051,1019999
unique_ptr,1,inter_process,memfd,65536,19,516829500246032,313146,516829501109090,863058
unique_ptr,1,inter_process,memfd,16384,0,516835682164217,293071,516835682974928,810711
unique_ptr,1,inter_process,memfd,16384,1,516835782153858,398117,516835783054193,900335
unique_ptr,1,inter_process,memfd,16384,2,516835882174256,387158,516835883062512,888256
unique_ptr,1,inter_process,memfd,16384,3,516835982208448,460773,516835983251612,1043164
unique_ptr,1,inter_process,memfd,16384,4,516836082181824,412415,516836083081334,899510
unique_ptr,1,inter_process,memfd,16384,5,516836182158009,404160,516836183072729,914720
unique_ptr,1,inter_process,memfd,16384,6,516836282147811,420630,516836283119847,972036
unique_ptr,1,inter_process,memfd,16384,7,516836382265946,471077,516836383307410,1041464
unique_ptr,1,inter_process,memfd,16384,8,516836482208491,456483,516836483237873,1029382
unique_ptr,1,inter_process,memfd,16384,9,516836582263445,328369,516836583214391,950946
unique_ptr,1,inter_process,memfd,16384,10,516836682134640,394316,516836683043657,909017
unique_ptr,1,inter_process,memfd,16384,11,516836782193682,419839,516836783124332,930650
unique_ptr,1,inter_process,memfd,16384,12,516836882158569,368569,516836882993589,835020
unique_ptr,1,inter_process,memfd,16384,13,516836981911039,173440,516836982271851,360812
unique_ptr,1,inter_process,memfd,16384,14,516837082081918,363867,516837082867115,785197
unique_ptr,1,inter_process,memfd,16384,15,516837182198860,447603,516837183211995,1013135
unique_ptr,1,inter_process,memfd,16384,16,516837282169790,389699,516837283078481,908691
unique_ptr,1,inter_process,memfd,16384,17,516837382211727,471168,516837383260408,1048681
unique_ptr,1,inter_process,memfd,16384,18,516837482127763,459470,516837483148910,1021147
unique_ptr,1,inter_process,memfd,16384,19,516837582153108,420030,516837583094388,941280
unique_ptr,1,intra_process_va,cpu,262144,0,516840460123404,20097,516840460237254,113850
unique_ptr,1,intra_process_va,cpu,262144,1,516840559921665,20584,516840560070762,149097
unique_ptr,1,intra_process_va,cpu,262144,2,516840659986929,11737,516840660078776,91847
unique_ptr,1,intra_process_va,cpu,262144,3,516840760128232,20296,516840760242648,114416
unique_ptr,1,intra_process_va,cpu,262144,4,516840860151162,21316,516840860272904,121742
unique_ptr,1,intra_process_va,cpu,262144,5,516840960107905,19557,516840960222310,114405
unique_ptr,1,intra_process_va,cpu,262144,6,516841060118716,20602,516841060232276,113560
unique_ptr,1,intra_process_va,cpu,262144,7,516841159763272,5788,516841159793082,29810
unique_ptr,1,intra_process_va,cpu,262144,8,516841260089047,18658,516841260188966,99919
unique_ptr,1,intra_process_va,cpu,262144,9,516841360211979,21720,516841360331257,119278
unique_ptr,1,intra_process_va,cpu,262144,10,516841460124070,19995,516841460236312,112242
unique_ptr,1,intra_process_va,cpu,262144,11,516841559893868,21490,516841560036902,143034
unique_ptr,1,intra_process_va,cpu,262144,12,516841659853163,13278,516841659926098,72935
unique_ptr,1,intra_process_va,cpu,262144,13,516841760120361,19644,516841760231830,111469
unique_ptr,1,intra_process_va,cpu,262144,14,516841860120488,20140,516841860234005,113517
unique_ptr,1,intra_process_va,cpu,262144,15,516841960153922,20531,516841960265535,111613
unique_ptr,1,intra_process_va,cpu,262144,16,516842060119281,19758,516842060230636,111355
unique_ptr,1,intra_process_va,cpu,262144,17,516842160131053,18650,516842160235942,104889
unique_ptr,1,intra_process_va,cpu,262144,18,516842260086189,18510,516842260193541,107352
unique_ptr,1,intra_process_va,cpu,262144,19,516842360184096,19182,516842360294484,110388
unique_ptr,1,inter_process,memfd,262144,0,516847371277454,475058,516847372334298,1056844
unique_ptr,1,inter_process,memfd,262144,1,516847470895886,103164,516847471122407,226521
unique_ptr,1,inter_process,memfd,262144,2,516847571178471,397283,516847572070890,892419
unique_ptr,1,inter_process,memfd,262144,3,516847671113972,295575,516847671756484,642512
unique_ptr,1,inter_process,memfd,262144,4,516847771183596,416352,516847772087398,903802
unique_ptr,1,inter_process,memfd,262144,5,516847871238370,474176,516847872285138,1046768
unique_ptr,1,inter_process,memfd,262144,6,516847971097976,482145,516847972086243,988267
unique_ptr,1,inter_process,memfd,262144,7,516848071174052,418977,516848072104472,930420
unique_ptr,1,inter_process,memfd,262144,8,516848171255785,418499,516848172193501,937716
unique_ptr,1,inter_process,memfd,262144,9,516848271275804,303632,516848272129458,853654
unique_ptr,1,inter_process,memfd,262144,10,516848371196276,408388,516848372111005,914729
unique_ptr,1,inter_process,memfd,262144,11,516848471209532,443015,516848472191165,981633
unique_ptr,1,inter_process,memfd,262144,12,516848571185179,410272,516848572106865,921686
unique_ptr,1,inter_process,memfd,262144,13,516848671120680,277743,516848671705553,584873
unique_ptr,1,inter_process,memfd,262144,14,516848771206377,459011,516848772223962,1017585
unique_ptr,1,inter_process,memfd,262144,15,516848871262060,461499,516848872286659,1024599
unique_ptr,1,inter_process,memfd,262144,16,516848971196044,338832,516848972207017,1010973
unique_ptr,1,inter_process,memfd,262144,17,516849071196108,472717,516849072236584,1040476
unique_ptr,1,inter_process,memfd,262144,18,516849171179462,390696,516849172063830,884368
unique_ptr,1,inter_process,memfd,262144,19,516849271145788,422273,516849272092041,946253
unique_ptr,1,intra_process_va,cpu,1024,0,516852145941874,17515,516852146207280,265406
unique_ptr,1,intra_process_va,cpu,1024,1,516852245890805,13830,516852245981751,90946
unique_ptr,1,intra_process_va,cpu,1024,2,516852345917038,18617,516852346077534,160496
unique_ptr,1,intra_process_va,cpu,1024,3,516852445955736,20066,516852446123897,168161
unique_ptr,1,intra_process_va,cpu,1024,4,516852545954869,16267,516852546100191,145322
unique_ptr,1,intra_process_va,cpu,1024,5,516852645829837,7967,516852645878822,48985
unique_ptr,1,intra_process_va,cpu,1024,6,516852745889348,17290,516852745993896,104548
unique_ptr,1,intra_process_va,cpu,1024,7,516852845952571,19754,516852846109821,157250
unique_ptr,1,intra_process_va,cpu,1024,8,516852945959468,19812,516852946123879,164411
unique_ptr,1,intra_process_va,cpu,1024,9,516853045955046,19575,516853046112730,157684
unique_ptr,1,intra_process_va,cpu,1024,10,516853145849736,16615,516853145952826,103090
unique_ptr,1,intra_process_va,cpu,1024,11,516853245907374,17206,516853246044890,137516
unique_ptr,1,intra_process_va,cpu,1024,12,516853345921053,18659,516853346069384,148331
unique_ptr,1,intra_process_va,cpu,1024,13,516853445965861,19594,516853446131838,165977
unique_ptr,1,intra_process_va,cpu,1024,14,516853545938400,18063,516853546099452,161052
unique_ptr,1,intra_process_va,cpu,1024,15,516853645750668,7819,516853645798129,47461
unique_ptr,1,intra_process_va,cpu,1024,16,516853745828753,9386,516853745887376,58623
unique_ptr,1,intra_process_va,cpu,1024,17,516853845927980,18121,516853846073481,145501
unique_ptr,1,intra_process_va,cpu,1024,18,516853945930851,18861,516853946084358,153507
unique_ptr,1,intra_process_va,cpu,1024,19,516854045990278,52603,516854046135728,145450
unique_ptr,1,intra_process_va,memfd,16384,0,516855758763099,7663,516855758812581,49482
unique_ptr,1,intra_process_va,memfd,16384,1,516855858787901,7822,516855858815355,27454
unique_ptr,1,intra_process_va,memfd,16384,2,516855959075417,17516,516855959195465,120048
unique_ptr,1,intra_process_va,memfd,16384,3,516856059053561,16258,516856059160563,107002
unique_ptr,1,intra_process_va,memfd,16384,4,516856159099133,19402,516856159227283,128150
unique_ptr,1,intra_process_va,memfd,16384,5,516856259107029,17839,516856259231648,124619
unique_ptr,1,intra_process_va,memfd,16384,6,516856359116611,17798,516856359242523,125912
unique_ptr,1,intra_process_va,memfd,16384,7,516856458982870,15378,516856459126766,143896
unique_ptr,1,intra_process_va,memfd,16384,8,516856558948034,14437,516856559123074,175040
unique_ptr,1,intra_process_va,memfd,16384,9,516856658872962,5803,516856658914616,41654
unique_ptr,1,intra_process_va,memfd,16384,10,516856759101548,17983,516856759226994,125446
unique_ptr,1,intra_process_va,memfd,16384,11,516856859052773,15990,516856859159039,106266
unique_ptr,1,intra_process_va,memfd,16384,12,516856959118234,19054,516856959245594,127360
unique_ptr,1,intra_process_va,memfd,16384,13,516857059109793,18594,516857059236406,126613
unique_ptr,1,intra_process_va,memfd,16384,14,516857159086649,16435,516857159204098,117449
unique_ptr,1,intra_process_va,memfd,16384,15,516857258939753,11104,516857259048400,108647
unique_ptr,1,intra_process_va,memfd,16384,16,516857359069496,16701,516857359188608,119112
unique_ptr,1,intra_process_va,memfd,16384,17,516857459104933,17685,516857459231616,126683
unique_ptr,1,intra_process_va,memfd,16384,18,516857559128571,19602,516857559257738,129167
unique_ptr,1,intra_process_va,memfd,16384,19,516857659064546,16122,516857659180690,116144
unique_ptr,1,intra_process_va,cpu,64,0,516859375990044,56804,516859376140603,150559
unique_ptr,1,intra_process_va,cpu,64,1,516859475997395,52489,516859476142812,145417
unique_ptr,1,intra_process_va,cpu,64,2,516859575920904,9713,516859575983914,63010
unique_ptr,1,intra_process_va,cpu,64,3,516859676209123,16839,516859676312423,103300
unique_ptr,1,intra_process_va,cpu,64,4,516859775982340,16865,516859776132657,150317
unique_ptr,1,intra_process_va,cpu,64,5,516859876089629,16406,516859876193405,103776
unique_ptr,1,intra_process_va,cpu,64,6,516859975684735,4066,516859975706808,22073
unique_ptr,1,intra_process_va,cpu,64,7,516860075963665,16468,516860076122391,158726
unique_ptr,1,intra_process_va,cpu,64,8,516860175974875,16162,516860176120315,145440
unique_ptr,1,intra_process_va,cpu,64,9,516860275988523,74058,516860276154908,166385
unique_ptr,1,intra_process_va,cpu,64,10,516860376052788,18954,516860376170950,118162
unique_ptr,1,intra_process_va,cpu,64,11,516860476100093,19841,516860476218875,118782
unique_ptr,1,intra_process_va,cpu,64,12,516860576039412,18594,516860576151579,112167
unique_ptr,1,intra_process_va,cpu,64,13,516860676035840,16915,516860676143866,108026
unique_ptr,1,intra_process_va,cpu,64,14,516860775989046,76578,516860776167257,178211
unique_ptr,1,intra_process_va,cpu,64,15,516860875987354,59345,516860876132895,145541
unique_ptr,1,intra_process_va,cpu,64,16,516860976049711,19748,516860976172978,123267
unique_ptr,1,intra_process_va,cpu,64,17,516861076040139,18027,516861076152966,112827
unique_ptr,1,intra_process_va,cpu,64,18,516861175958237,18065,516861176096687,138450
unique_ptr,1,intra_process_va,cpu,64,19,516861275985434,54138,516861276134858,149424
unique_ptr,1,intra_process_va,memfd,1024,0,516862990938082,14317,516862991107565,169483
unique_ptr,1,intra_process_va,memfd,1024,1,516863090966767,16462,516863091121192,154425
unique_ptr,1,intra_process_va,memfd,1024,2,516863190912800,14436,516863191087757,174957
unique_ptr,1,intra_process_va,memfd,1024,3,516863290958461,15244,516863291098293,139832
unique_ptr,1,intra_process_va,memfd,1024,4,516863390958649,14876,516863391104912,146263
unique_ptr,1,intra_process_va,memfd,1024,5,516863490951384,15127,516863491093332,141948
unique_ptr,1,intra_process_va,memfd,1024,6,516863591042766,17487,516863591167275,124509
unique_ptr,1,intra_process_va,memfd,1024,7,516863690979778,15086,516863691119873,140095
unique_ptr,1,intra_process_va,memfd,1024,8,516863790819365,15732,516863790927929,108564
unique_ptr,1,intra_process_va,memfd,1024,9,516863890960526,15139,516863891149842,189316
unique_ptr,1,intra_process_va,memfd,1024,10,516863991098166,19758,516863991225063,126897
unique_ptr,1,intra_process_va,memfd,1024,11,516864090760633,12478,516864090847849,87216
unique_ptr,1,intra_process_va,memfd,1024,12,516864190721092,4322,516864190746784,25692
unique_ptr,1,intra_process_va,memfd,1024,13,516864290990022,61766,516864291145474,155452
unique_ptr,1,intra_process_va,memfd,1024,14,516864390986826,53915,516864391138541,151715
unique_ptr,1,intra_process_va,memfd,1024,15,516864491081036,18679,516864491207037,126001
unique_ptr,1,intra_process_va,memfd,1024,16,516864591081716,19211,516864591210804,129088
unique_ptr,1,intra_process_va,memfd,1024,17,516864690946776,13471,516864691093135,146359
unique_ptr,1,intra_process_va,memfd,1024,18,516864790987305,86364,516864791173353,186048
unique_ptr,1,intra_process_va,memfd,1024,19,516864890936797,14314,516864891073131,136334
unique_ptr,1,intra_process_va,cpu,16777216,0,516866609209005,5936,516866609238038,29033
unique_ptr,1,intra_process_va,cpu,16777216,1,516866709240806,15043,516866709310826,70020
unique_ptr,1,intra_process_va,cpu,16777216,2,516866810039016,17874,516866810110433,71417
unique_ptr,1,intra_process_va,cpu,16777216,3,516866908605512,6286,516866908633799,28287
unique_ptr,1,intra_process_va,cpu,16777216,4,516867009549994,16556,516867009617303,67309
unique_ptr,1,intra_process_va,cpu,16777216,5,516867109516201,5658,516867109544721,28520
unique_ptr,1,intra_process_va,cpu,16777216,6,516867209583333,5980,516867209611469,28136
unique_ptr,1,intra_process_va,cpu,16777216,7,516867309100908,5882,516867309130048,29140
unique_ptr,1,intra_process_va,cpu,16777216,8,516867409457293,5981,516867409486256,28963
unique_ptr,1,intra_process_va,cpu,16777216,9,516867509528481,17403,516867509569519,41038
unique_ptr,1,intra_process_va,cpu,16777216,10,516867609478611,5945,516867609507797,29186
unique_ptr,1,intra_process_va,cpu,16777216,11,516867709149214,15019,516867709219362,70148
unique_ptr,1,intra_process_va,cpu,16777216,12,516867809171870,5852,516867809201200,29330
unique_ptr,1,intra_process_va,cpu,16777216,13,516867909165624,5440,516867909193758,28134
unique_ptr,1,intra_process_va,cpu,16777216,14,516868009130826,5910,516868009159595,28769
unique_ptr,1,intra_process_va,cpu,16777216,15,516868109431205,16868,516868109509398,78193
unique_ptr,1,intra_process_va,cpu,16777216,16,516868209152161,5978,516868209180884,28723
unique_ptr,1,intra_process_va,cpu,16777216,17,516868306114576,11220,516868306162230,47654
unique_ptr,1,intra_process_va,cpu,16777216,18,516868409107282,5765,516868409135888,28606
unique_ptr,1,intra_process_va,cpu,16777216,19,516868509105245,15498,516868509174688,69443
unique_ptr,1,inter_process,memfd,1048576,0,516873522454189,516265,516873523520060,1065871
unique_ptr,1,inter_process,memfd,1048576,1,516873622397165,429975,516873623404743,1007578
unique_ptr,1,inter_process,memfd,1048576,2,516873722339691,399306,516873723263071,923380
unique_ptr,1,inter_process,memfd,1048576,3,516873822415327,476441,516873823539126,1123799
unique_ptr,1,inter_process,memfd,1048576,4,516873922343088,388783,516873923211963,868875
unique_ptr,1,inter_process,memfd,1048576,5,516874022337384,409804,516874023242794,905410
unique_ptr,1,inter_process,memfd,1048576,6,516874122378643,440897,516874123308817,930174
unique_ptr,1,inter_process,memfd,1048576,7,516874222427187,477112,516874223479384,1052197
unique_ptr,1,inter_process,memfd,1048576,8,516874322377352,417111,516874323312738,935386
unique_ptr,1,inter_process,memfd,1048576,9,516874422485690,321159,516874423359338,873648
unique_ptr,1,inter_process,memfd,1048576,10,516874522249709,464915,516874523303093,1053384
unique_ptr,1,inter_process,memfd,1048576,11,516874621947031,142227,516874622199643,252612
unique_ptr,1,inter_process,memfd,1048576,12,516874722091572,212799,516874722547829,456257
unique_ptr,1,inter_process,memfd,1048576,13,516874822174696,411929,516874823080561,905865
unique_ptr,1,inter_process,memfd,1048576,14,516874922391637,422333,516874923334842,943205
unique_ptr,1,inter_process,memfd,1048576,15,516875022375604,428732,516875023380355,1004751
unique_ptr,1,inter_process,memfd,1048576,16,516875122369176,423742,516875123309192,940016
unique_ptr,1,inter_process,memfd,1048576,17,516875222393835,321062,516875223299652,905817
unique_ptr,1,inter_process,memfd,1048576,18,516875322336218,409566,516875323293508,957290
unique_ptr,1,inter_process,memfd,1048576,19,516875422430785,477386,516875423482737,1051952
unique_ptr,1,intra_process_va,memfd,65536,0,516878350997732,52662,516878351149440,151708
unique_ptr,1,intra_process_va,memfd,65536,1,516878451048095,16123,516878451163852,115757
unique_ptr,1,intra_process_va,memfd,65536,2,516878550959799,16110,516878551150762,190963
unique_ptr,1,intra_process_va,memfd,65536,3,516878650944120,11101,516878651050024,105904
unique_ptr,1,intra_process_va,memfd,65536,4,516878751078857,17500,516878751206511,127654
unique_ptr,1,intra_process_va,memfd,65536,5,516878850638985,4532,516878850662880,23895
unique_ptr,1,intra_process_va,memfd,65536,6,516878951146454,18168,516878951267035,120581
unique_ptr,1,intra_process_va,memfd,65536,7,516879050987495,54866,516879051135646,148151
unique_ptr,1,intra_process_va,memfd,65536,8,516879151066368,15971,516879151182584,116216
unique_ptr,1,intra_process_va,memfd,65536,9,516879250978703,15477,516879251175905,197202
unique_ptr,1,intra_process_va,memfd,65536,10,516879351101619,18377,516879351229464,127845
unique_ptr,1,intra_process_va,memfd,65536,11,516879451048988,18854,516879451173094,124106
unique_ptr,1,intra_process_va,memfd,65536,12,516879550989426,50849,516879551136214,146788
unique_ptr,1,intra_process_va,memfd,65536,13,516879650922630,11574,516879651034135,111505
unique_ptr,1,intra_process_va,memfd,65536,14,516879751057255,18185,516879751176260,119005
unique_ptr,1,intra_process_va,memfd,65536,15,516879851043626,16510,516879851159183,115557
unique_ptr,1,intra_process_va,memfd,65536,16,516879951076623,16083,516879951194487,117864
unique_ptr,1,intra_process_va,memfd,65536,17,516880051045835,16461,516880051161610,115775
unique_ptr,1,intra_process_va,memfd,65536,18,516880151076804,18135,516880151206785,129981
unique_ptr,1,intra_process_va,memfd,65536,19,516880250967198,14437,516880251137665,170467
unique_ptr,1,inter_process,cpu,1024,0,516885260921850,391496,516885261646491,724641
unique_ptr,1,inter_process,cpu,1024,1,516885360985350,387217,516885361722750,737400
unique_ptr,1,inter_process,cpu,1024,2,516885460996099,363815,516885461694744,698645
unique_ptr,1,inter_process,cpu,1024,3,516885560945274,366376,516885561630984,685710
unique_ptr,1,inter_process,cpu,1024,4,516885660934232,229420,516885661499888,565656
unique_ptr,1,inter_process,cpu,1024,5,516885760978844,394284,516885761723484,744640
unique_ptr,1,inter_process,cpu,1024,6,516885860928361,329105,516885861561428,633067
unique_ptr,1,inter_process,cpu,1024,7,516885960761495,68521,516885960906274,144779
unique_ptr,1,inter_process,cpu,1024,8,516886061071633,347274,516886061768973,697340
unique_ptr,1,inter_process,cpu,1024,9,516886160975319,251517,516886161601463,626144
unique_ptr,1,inter_process,cpu,1024,10,516886260980867,388319,516886261714741,733874
unique_ptr,1,inter_process,cpu,1024,11,516886360953777,360914,516886361651186,697409
unique_ptr,1,inter_process,cpu,1024,12,516886460974481,398081,516886461725346,750865
unique_ptr,1,inter_process,cpu,1024,13,516886560975940,391417,516886561719486,743546
unique_ptr,1,inter_process,cpu,1024,14,516886660963710,330908,516886661590489,626779
unique_ptr,1,inter_process,cpu,1024,15,516886760926643,381459,516886761639517,712874
unique_ptr,1,inter_process,cpu,1024,16,516886860903321,262691,516886861563758,660437
unique_ptr,1,inter_process,cpu,1024,17,516886960981603,361141,516886961683324,701721
unique_ptr,1,inter_process,cpu,1024,18,516887060920381,335532,516887061559703,639322
unique_ptr,1,inter_process,cpu,1024,19,516887160786073,67004,516887160956238,170165
unique_ptr,1,intra_process_va,memfd,64,0,516889057052864,16256,516889057167227,114363
unique_ptr,1,intra_process_va,memfd,64,1,516889157042929,16389,516889157157742,114813
unique_ptr,1,intra_process_va,memfd,64,2,516889256775585,7193,516889256821907,46322
unique_ptr,1,intra_process_va,memfd,64,3,516889356850786,6811,516889356903412,52626
unique_ptr,1,intra_process_va,memfd,64,4,516889457054292,18367,516889457180376,126084
unique_ptr,1,intra_process_va,memfd,64,5,516889557093080,16962,516889557209598,116518
unique_ptr,1,intra_process_va,memfd,64,6,516889656842582,4763,516889656877039,34457
unique_ptr,1,intra_process_va,memfd,64,7,516889756959394,14360,516889757098931,139537
unique_ptr,1,intra_process_va,memfd,64,8,516889856963934,14453,516889857103346,139412
unique_ptr,1,intra_process_va,memfd,64,9,516889957123376,18168,516889957249551,126175
unique_ptr,1,intra_process_va,memfd,64,10,516890057057617,15572,516890057168210,110593
unique_ptr,1,intra_process_va,memfd,64,11,516890157076446,18914,516890157204163,127717
unique_ptr,1,intra_process_va,memfd,64,12,516890256762712,13232,516890256851650,88938
unique_ptr,1,intra_process_va,memfd,64,13,516890357061401,19045,516890357199932,138531
unique_ptr,1,intra_process_va,memfd,64,14,516890457058646,16948,516890457176245,117599
unique_ptr,1,intra_process_va,memfd,64,15,516890556984742,49597,516890557133418,148676
unique_ptr,1,intra_process_va,memfd,64,16,516890656943059,13583,516890657076587,133528
unique_ptr,1,intra_process_va,memfd,64,17,516890757043395,16536,516890757159857,116462
unique_ptr,1,intra_process_va,memfd,64,18,516890857043586,16116,516890857160403,116817
unique_ptr,1,intra_process_va,memfd,64,19,516890957075256,17854,516890957201130,125874
unique_ptr,2,intra_process_va,cpu,262144,0,516892677060987,20377,516892677176079,115092
unique_ptr,2,intra_process_va,cpu,262144,1,516892777029866,19564,516892777136489,106623
unique_ptr,2,intra_process_va,cpu,262144,2,516892877101459,21076,516892877217453,115994
unique_ptr,2,intra_process_va,cpu,262144,3,516892977099868,22827,516892977223839,123971
unique_ptr,2,intra_process_va,cpu,262144,4,516893077092919,22373,516893077217881,124962
unique_ptr,2,intra_process_va,cpu,262144,5,516893177045515,20904,516893177161798,116283
unique_ptr,2,intra_process_va,cpu,262144,6,516893276963845,20833,516893277129146,165301
unique_ptr,2,intra_process_va,cpu,262144,7,516893377055009,21284,516893377173160,118151
unique_ptr,2,intra_process_va,cpu,262144,8,516893476655066,5776,516893476685179,30113
unique_ptr,2,intra_process_va,cpu,262144,9,516893576966205,17656,516893577147569,181364
unique_ptr,2,intra_process_va,cpu,262144,10,516893677063291,20813,516893677177769,114478
unique_ptr,2,intra_process_va,cpu,262144,11,516893777056199,128314,516893777276840,220641
unique_ptr,2,intra_process_va,cpu,262144,12,516893877115254,22737,516893877240246,124992
unique_ptr,2,intra_process_va,cpu,262144,13,516893977081629,23470,516893977207825,126196
unique_ptr,2,intra_process_va,cpu,262144,14,516894077078741,22181,516894077203193,124452
unique_ptr,2,intra_process_va,cpu,262144,15,516894177097832,22123,516894177222005,124173
unique_ptr,2,intra_process_va,cpu,262144,16,516894277102744,22204,516894277225837,123093
unique_ptr,2,intra_process_va,cpu,262144,17,516894377060789,21575,516894377176897,116108
unique_ptr,2,intra_process_va,cpu,262144,18,516894476951095,20303,516894477091122,140027
unique_ptr,2,intra_process_va,cpu,262144,19,516894577068530,21119,516894577187226,118696
unique_ptr,2,inter_process,memfd,64,0,516899601116200,474161,516899602200060,1083860
unique_ptr,2,inter_process,memfd,64,1,516899703080651,153862,516899703412204,331553
unique_ptr,2,inter_process,memfd,64,2,516899800947744,263176,516899801483270,535526
unique_ptr,2,inter_process,memfd,64,3,516899901137681,445725,516899902137456,999775
unique_ptr,2,inter_process,memfd,64,4,516900001168427,512603,516900002256348,1087921
unique_ptr,2,inter_process,memfd,64,5,516900101124335,441059,516900102075329,950994
unique_ptr,2,inter_process,memfd,64,6,516900201185949,476481,516900202236129,1050180
unique_ptr,2,inter_process,memfd,64,7,516900301175174,397388,516900302060435,885261
unique_ptr,2,inter_process,memfd,64,8,516900401170229,471991,516900402217953,1047724
unique_ptr,2,inter_process,memfd,64,9,516900501221999,307882,516900502076691,854692
unique_ptr,2,inter_process,memfd,64,10,516900601117580,392974,516900601972662,855082
unique_ptr,2,inter_process,memfd,64,11,516900701162706,468377,516900702205484,1042778
unique_ptr,2,inter_process,memfd,64,12,516900801206370,470321,516900802241450,1035080
unique_ptr,2,inter_process,memfd,64,13,516900901117541,422747,516900902052324,934783
unique_ptr,2,inter_process,memfd,64,14,516901000945025,466484,516901001868125,923100
unique_ptr,2,inter_process,memfd,64,15,516901101123712,418683,516901102047672,923960
unique_ptr,2,inter_process,memfd,64,16,516901201141298,323242,516901202046013,904715
unique_ptr,2,inter_process,memfd,64,17,516901301246953,470317,516901302288468,1041515
unique_ptr,2,inter_process,memfd,64,18,516901401227471,424767,516901402163928,936457
unique_ptr,2,inter_process,memfd,64,19,516901501156213,417323,516901502090974,934761
unique_ptr,2,intra_process_va,memfd,4194304,0,516904374957712,19925,516904375185724,228012
unique_ptr,2,intra_process_va,memfd,4194304,1,516904474724381,20823,516904474842390,118009
unique_ptr,2,intra_process_va,memfd,4194304,2,516904574908159,21481,516904575046808,138649
unique_ptr,2,intra_process_va,memfd,4194304,3,516904674847214,19682,516904674962993,115779
unique_ptr,2,intra_process_va,memfd,4194304,4,516904774916269,22093,516904775075527,159258
unique_ptr,2,intra_process_va,memfd,4194304,5,516904875033611,23203,516904875169616,136005
unique_ptr,2,intra_process_va,memfd,4194304,6,516904975039191,23581,516904975175323,136132
unique_ptr,2,intra_process_va,memfd,4194304,7,516905074915748,21301,516905075057004,141256
unique_ptr,2,intra_process_va,memfd,4194304,8,516905174915882,20869,516905175100367,184485
unique_ptr,2,intra_process_va,memfd,4194304,9,516905274933031,19999,516905275069932,136901
unique_ptr,2,intra_process_va,memfd,4194304,10,516905375065121,23060,516905375212175,147054
unique_ptr,2,intra_process_va,memfd,4194304,11,516905475057067,22448,516905475185911,128844
unique_ptr,2,intra_process_va,memfd,4194304,12,516905574913601,22097,516905575086322,172721
unique_ptr,2,intra_process_va,memfd,4194304,13,516905674907561,21165,516905675048844,141283
unique_ptr,2,intra_process_va,memfd,4194304,14,516905774927174,21314,516905775073544,146370
unique_ptr,2,intra_process_va,memfd,4194304,15,516905874920883,21197,516905875070166,149283
unique_ptr,2,intra_process_va,memfd,4194304,16,516905974065153,8741,516905974115011,49858
unique_ptr,2,intra_process_va,memfd,4194304,17,516906074669921,20202,516906074776038,106117
unique_ptr,2,intra_process_va,memfd,4194304,18,516906174844635,19783,516906174960542,115907
unique_ptr,2,intra_process_va,memfd,4194304,19,516906274962490,22757,516906275169370,206880
unique_ptr,2,inter_process,cpu,16384,0,516910965068813,315425,516910965733233,664420
unique_ptr,2,inter_process,cpu,16384,1,516911065112511,319428,516911065759016,646505
unique_ptr,2,inter_process,cpu,16384,2,516911165113424,319086,516911165760522,647098
unique_ptr,2,inter_process,cpu,16384,3,516911265102977,343189,516911265789719,686742
unique_ptr,2,inter_process,cpu,16384,4,516911365108231,326842,516911365772736,664505
unique_ptr,2,inter_process,cpu,16384,5,516911465084126,362320,516911465808506,724380
unique_ptr,2,inter_process,cpu,16384,6,516911565119881,363328,516911565847968,728087
unique_ptr,2,inter_process,cpu,16384,7,516911665122858,292286,516911665720997,598139
unique_ptr,2,inter_process,cpu,16384,8,516911765115615,322797,516911765730796,615181
unique_ptr,2,inter_process,cpu,16384,9,516911865153126,247810,516911865838312,685186
unique_ptr,2,inter_process,cpu,16384,10,516911964968668,110217,516911965176077,207409
unique_ptr,2,inter_process,cpu,16384,11,516912065117349,356364,516912065836487,719138
unique_ptr,2,inter_process,cpu,16384,12,516912165069500,321575,516912165731450,661950
unique_ptr,2,inter_process,cpu,16384,13,516912264894099,145414,516912265191496,297397
unique_ptr,2,inter_process,cpu,16384,14,516912364938493,175688,516912365298616,360123
unique_ptr,2,inter_process,cpu,16384,15,516912465078318,317306,516912465711492,633174
unique_ptr,2,inter_process,cpu,16384,16,516912565048947,367057,516912565767534,718587
unique_ptr,2,inter_process,cpu,16384,17,516912665080840,295138,516912665694254,613414
unique_ptr,2,inter_process,cpu,16384,18,516912765131619,338501,516912765761941,630322
unique_ptr,2,inter_process,cpu,16384,19,516912865089836,383951,516912865854474,764638
unique_ptr,2,intra_process_va,cpu,64,0,516914763994630,46333,516914764121216,126586
unique_ptr,2,intra_process_va,cpu,64,1,516914863958375,16162,516914864092471,134096
unique_ptr,2,intra_process_va,cpu,64,2,516914964050155,20330,516914964169051,118896
unique_ptr,2,intra_process_va,cpu,64,3,516915064078958,17187,516915064189610,110652
unique_ptr,2,intra_process_va,cpu,64,4,516915163991993,59302,516915164150629,158636
unique_ptr,2,intra_process_va,cpu,64,5,516915264054426,19369,516915264174852,120426
unique_ptr,2,intra_process_va,cpu,64,6,516915363963813,34283,516915364126980,163167
unique_ptr,2,intra_process_va,cpu,64,7,516915463974670,17255,516915464129042,154372
unique_ptr,2,intra_process_va,cpu,64,8,516915563951496,16188,516915564090050,138554
unique_ptr,2,intra_process_va,cpu,64,9,516915663968248,16473,516915664151757,183509
unique_ptr,2,intra_process_va,cpu,64,10,516915763938422,15798,516915764064433,126011
unique_ptr,2,intra_process_va,cpu,64,11,516915863791496,16637,516915863909498,118002
unique_ptr,2,intra_process_va,cpu,64,12,516915963976768,17005,516915964119344,142576
unique_ptr,2,intra_process_va,cpu,64,13,516916064071516,20363,516916064190835,119319
unique_ptr,2,intra_process_va,cpu,64,14,516916163995260,64625,516916164152116,156856
unique_ptr,2,intra_process_va,cpu,64,15,516916263908399,17499,516916264058837,150438
unique_ptr,2,intra_process_va,cpu,64,16,516916363987026,52858,516916364130901,143875
unique_ptr,2,intra_process_va,cpu,64,17,516916463790829,7856,516916463834097,43268
unique_ptr,2,intra_process_va,cpu,64,18,516916563876629,6713,516916563920894,44265
unique_ptr,2,intra_process_va,cpu,64,19,516916663969099,16670,516916664102546,133447
unique_ptr,2,intra_process_va,memfd,1024,0,516918375055440,16510,516918375172827,117387
unique_ptr,2,intra_process_va,memfd,1024,1,516918475042611,16023,516918475157403,114792
unique_ptr,2,intra_process_va,memfd,1024,2,516918574786142,5396,516918574823625,37483
unique_ptr,2,intra_process_va,memfd,1024,3,516918674971665,14960,516918675113902,142237
unique_ptr,2,intra_process_va,memfd,1024,4,516918774976069,14729,516918775119486,143417
unique_ptr,2,intra_process_va,memfd,1024,5,516918874928746,13105,516918875056173,127427
unique_ptr,2,intra_process_va,memfd,1024,6,516918974997598,86380,516918975186339,188741
unique_ptr,2,intra_process_va,memfd,1024,7,516919075061351,15842,516919075177862,116511
unique_ptr,2,intra_process_va,memfd,1024,8,516919175101707,16181,516919175215976,114269
unique_ptr,2,intra_process_va,memfd,1024,9,516919274985906,101242,516919275180310,194404
unique_ptr,2,intra_process_va,memfd,1024,10,516919374988556,49849,516919375132541,143985
unique_ptr,2,intra_process_va,memfd,1024,11,516919475048068,16539,516919475163768,115700
unique_ptr,2,intra_process_va,memfd,1024,12,516919574979768,14405,516919575120287,140519
unique_ptr,2,intra_process_va,memfd,1024,13,516919675045813,15383,516919675160378,114565
unique_ptr,2,intra_process_va,memfd,1024,14,516919774980452,14277,516919775125537,145085
unique_ptr,2,intra_process_va,memfd,1024,15,516919874850024,11821,516919874930487,80463
unique_ptr,2,intra_process_va,memfd,1024,16,516919975082222,17734,516919975207333,125111
unique_ptr,2,intra_process_va,memfd,1024,17,516920074851860,10231,516920074923861,72001
unique_ptr,2,intra_process_va,memfd,1024,18,516920175043081,15781,516920175158626,115545
unique_ptr,2,intra_process_va,memfd,1024,19,516920275069292,16313,516920275188120,118828
unique_ptr,2,intra_process_va,memfd,262144,0,516921992163336,16484,516921992275737,112401
unique_ptr,2,intra_process_va,memfd,262144,1,516922092207973,18244,516922092335532,127559
unique_ptr,2,intra_process_va,memfd,262144,2,516922192210140,18718,516922192338986,128846
unique_ptr,2,intra_process_va,memfd,262144,3,516922292173944,16110,516922292285022,111078
unique_ptr,2,intra_process_va,memfd,262144,4,516922392161744,17106,516922392280101,118357
unique_ptr,2,intra_process_va,memfd,262144,5,516922492116046,18821,516922492235844,119798
unique_ptr,2,intra_process_va,memfd,262144,6,516922592209220,18599,516922592337491,128271
unique_ptr,2,intra_process_va,memfd,262144,7,516922692172240,18144,516922692290174,117934
unique_ptr,2,intra_process_va,memfd,262144,8,516922791822910,4831,516922791851891,28981
unique_ptr,2,intra_process_va,memfd,262144,9,516922892244987,19471,516922892371698,126711
unique_ptr,2,intra_process_va,memfd,262144,10,516922992168942,16879,516922992288730,119788
unique_ptr,2,intra_process_va,memfd,262144,11,516923092116874,15547,516923092222125,105251
unique_ptr,2,intra_process_va,memfd,262144,12,516923192166386,17239,516923192284284,117898
unique_ptr,2,intra_process_va,memfd,262144,13,516923292192572,19245,516923292320937,128365
unique_ptr,2,intra_process_va,memfd,262144,14,516923391958714,15364,516923392093307,134593
unique_ptr,2,intra_process_va,memfd,262144,15,516923492170613,17415,516923492291560,120947
unique_ptr,2,intra_process_va,memfd,262144,16,516923592188356,16908,516923592306824,118468
unique_ptr,2,intra_process_va,memfd,262144,17,516923692170051,16767,516923692289501,119450
unique_ptr,2,intra_process_va,memfd,262144,18,516923792185204,16864,516923792303819,118615
unique_ptr,2,intra_process_va,memfd,262144,19,516923892079218,17135,516923892190424,111206
unique_ptr,2,inter_process,memfd,16384,0,516928904169087,446062,516928905159458,990371
unique_ptr,2,inter_process,memfd,16384,1,516929003792994,110030,516929004038666,245672
unique_ptr,2,inter_process,memfd,16384,2,516929104152965,415445,516929105090354,937389
unique_ptr,2,inter_process,memfd,16384,3,516929204198883,469530,516929205239212,1040329
unique_ptr,2,inter_process,memfd,16384,4,516929303936360,420227,516929304809754,873394
unique_ptr,2,inter_process,memfd,16384,5,516929404221580,475937,516929405249540,1027960
unique_ptr,2,inter_process,memfd,16384,6,516929504139514,419325,516929505079132,939618
unique_ptr,2,inter_process,memfd,16384,7,516929603919623,441210,516929604847009,927386
unique_ptr,2,inter_process,memfd,16384,8,516929704169352,424044,516929705105286,935934
unique_ptr,2,inter_process,memfd,16384,9,516929804227124,344221,516929805183512,956388
unique_ptr,2,inter_process,memfd,16384,10,516929904171412,422401,516929905123752,952340
unique_ptr,2,inter_process,memfd,16384,11,516930004203127,410601,516930005124294,921167
unique_ptr,2,inter_process,memfd,16384,12,516930104214887,462872,516930105246533,1031646
unique_ptr,2,inter_process,memfd,16384,13,516930204168086,467425,516930205225265,1057179
unique_ptr,2,inter_process,memfd,16384,14,516930304107391,412264,516930305034492,927101
unique_ptr,2,inter_process,memfd,16384,15,516930404115840,425526,516930405053731,937891
unique_ptr,2,inter_process,memfd,16384,16,516930503995233,430130,516930504853353,858120
unique_ptr,2,inter_process,memfd,16384,17,516930604147961,424508,516930605062485,914524
unique_ptr,2,inter_process,memfd,16384,18,516930704123085,466448,516930705161137,1038052
unique_ptr,2,inter_process,memfd,16384,19,516930804208351,339024,516930805176909,968558
unique_ptr,2,inter_process,cpu,1024,0,516936996138198,353986,516936996851174,712976
unique_ptr,2,inter_process,cpu,1024,1,516937096149718,319284,516937096781877,632159
unique_ptr,2,inter_process,cpu,1024,2,516937196162546,355489,516937196869078,706532
unique_ptr,2,inter_process,cpu,1024,3,516937295943561,154123,516937296244867,301306
unique_ptr,2,inter_process,cpu,1024,4,516937395885837,68819,516937396031804,145967
unique_ptr,2,inter_process,cpu,1024,5,516937496080739,355424,516937496779640,698901
unique_ptr,2,inter_process,cpu,1024,6,516937595952007,264526,516937596560240,608233
unique_ptr,2,inter_process,cpu,1024,7,516937696157249,349837,516937696852132,694883
unique_ptr,2,inter_process,cpu,1024,8,516937796150015,319915,516937796786207,636192
unique_ptr,2,inter_process,cpu,1024,9,516937896144554,213648,516937896733542,588988
unique_ptr,2,inter_process,cpu,1024,10,516937996171468,317755,516937996808757,637289
unique_ptr,2,inter_process,cpu,1024,11,516938096130098,321556,516938096769743,639645
unique_ptr,2,inter_process,cpu,1024,12,516938196141571,350045,516938196841135,699564
unique_ptr,2,inter_process,cpu,1024,13,516938296108826,306895,516938296714179,605353
unique_ptr,2,inter_process,cpu,1024,14,516938396176661,330582,516938396841916,665255
unique_ptr,2,inter_process,cpu,1024,15,516938496156730,311947,516938496814261,657531
unique_ptr,2,inter_process,cpu,1024,16,516938595926856,231188,516938596472947,546091
unique_ptr,2,inter_process,cpu,1024,17,516938696126835,328719,516938696752291,625456
unique_ptr,2,inter_process,cpu,1024,18,516938796141113,315895,516938796778949,637836
unique_ptr,2,inter_process,cpu,1024,19,516938896161863,358639,516938896900176,738313
unique_ptr,2,inter_process,memfd,4096,0,516944101161651,455460,516944102192561,1030910
unique_ptr,2,inter_process,memfd,4096,1,516944201222130,444687,516944202231192,1009062
unique_ptr,2,inter_process,memfd,4096,2,516944301135481,456055,516944302164702,1029221
unique_ptr,2,inter_process,memfd,4096,3,516944401224217,448959,516944402225743,1001526
unique_ptr,2,inter_process,memfd,4096,4,516944501220255,459053,516944502226761,1006506
unique_ptr,2,inter_process,memfd,4096,5,516944601148901,399771,516944602030457,881556
unique_ptr,2,inter_process,memfd,4096,6,516944701225178,364429,516944702241867,1016689
unique_ptr,2,inter_process,memfd,4096,7,516944801156138,404410,516944802044102,887964
unique_ptr,2,inter_process,memfd,4096,8,516944901223776,462465,516944902264199,1040423
unique_ptr,2,inter_process,memfd,4096,9,516945001185822,291322,516945001978645,792823
unique_ptr,2,inter_process,memfd,4096,10,516945101189693,439282,516945102231534,1041841
unique_ptr,2,inter_process,memfd,4096,11,516945201225827,444054,516945202219912,994085
unique_ptr,2,inter_process,memfd,4096,12,516945301187749,437766,516945302170838,983089
unique_ptr,2,inter_process,memfd,4096,13,516945401224458,445668,516945402219031,994573
unique_ptr,2,inter_process,memfd,4096,14,516945501197124,460904,516945502233443,1036319
unique_ptr,2,inter_process,memfd,4096,15,516945601123107,417899,516945602067487,944380
unique_ptr,2,inter_process,memfd,4096,16,516945700894547,104440,516945701135069,240522
unique_ptr,2,inter_process,memfd,4096,17,516945801053322,362126,516945801864259,810937
unique_ptr,2,inter_process,memfd,4096,18,516945901203302,477383,516945902253202,1049900
unique_ptr,2,inter_process,memfd,4096,19,516946001234467,466904,516946002271929,1037462
unique_ptr,2,inter_process,cpu,64,0,516952190102043,352486,516952190806744,704701
unique_ptr,2,inter_process,cpu,64,1,516952290080745,332572,516952290744951,664206
unique_ptr,2,inter_process,cpu,64,2,516952390159626,347026,516952390859664,700038
unique_ptr,2,inter_process,cpu,64,3,516952490111180,340163,516952490802866,691686
unique_ptr,2,inter_process,cpu,64,4,516952590118559,346139,516952590816899,698340
unique_ptr,2,inter_process,cpu,64,5,516952690079561,327367,516952690757254,677693
unique_ptr,2,inter_process,cpu,64,6,516952789980282,298830,516952790574494,594212
unique_ptr,2,inter_process,cpu,64,7,516952890108228,344794,516952890807740,699512
unique_ptr,2,inter_process,cpu,64,8,516952990053683,291931,516952990650195,596512
unique_ptr,2,inter_process,cpu,64,9,516953090178240,217652,516953090816107,637867
unique_ptr,2,inter_process,cpu,64,10,516953190117772,313328,516953190740487,622715
unique_ptr,2,inter_process,cpu,64,11,516953290040141,313327,516953290675838,635697
unique_ptr,2,inter_process,cpu,64,12,516953390096129,350507,516953390801612,705483
unique_ptr,2,inter_process,cpu,64,13,516953490123636,344171,516953490822748,699112
unique_ptr,2,inter_process,cpu,64,14,516953590123566,344727,516953590820541,696975
unique_ptr,2,inter_process,cpu,64,15,516953690064774,302078,516953690673705,608931
unique_ptr,2,inter_process,cpu,64,16,516953789982688,310251,516953790576508,593820
unique_ptr,2,inter_process,cpu,64,17,516953890102487,347486,516953890803906,701419
unique_ptr,2,inter_process,cpu,64,18,516953990116159,347852,516953990818484,702325
unique_ptr,2,inter_process,cpu,64,19,516954089786624,82033,516954089948876,162252
unique_ptr,2,inter_process,cpu,65536,0,516959290100351,392450,516959290728884,628533
unique_ptr,2,inter_process,cpu,65536,1,516959390117191,427102,516959390817784,700593
unique_ptr,2,inter_process,cpu,65536,2,516959490106086,386802,516959490737102,631016
unique_ptr,2,inter_process,cpu,65536,3,516959590132016,421546,516959590808011,675995
unique_ptr,2,inter_process,cpu,65536,4,516959690094329,395243,516959690736829,642500
unique_ptr,2,inter_process,cpu,65536,5,516959789834566,266039,516959790409791,575225
unique_ptr,2,inter_process,cpu,65536,6,516959890079853,411534,516959890759548,679695
unique_ptr,2,inter_process,cpu,65536,7,516959990098488,434192,516959990812944,714456
unique_ptr,2,inter_process,cpu,65536,8,516960090077362,414140,516960090756160,678798
unique_ptr,2,inter_process,cpu,65536,9,516960190177786,309591,516960190949694,771908
unique_ptr,2,inter_process,cpu,65536,10,516960289966992,403964,516960290627412,660420
unique_ptr,2,inter_process,cpu,65536,11,516960389961077,89181,516960390126145,165068
unique_ptr,2,inter_process,cpu,65536,12,516960489829537,86156,516960489992229,162692
unique_ptr,2,inter_process,cpu,65536,13,516960589990433,422404,516960590650343,659910
unique_ptr,2,inter_process,cpu,65536,14,516960690093090,391298,516960690737357,644267
unique_ptr,2,inter_process,cpu,65536,15,516960789839642,346768,516960790409038,569396
unique_ptr,2,inter_process,cpu,65536,16,516960889882547,475590,516960890574771,692224
unique_ptr,2,inter_process,cpu,65536,17,516960990088673,407091,516960990748383,659710
unique_ptr,2,inter_process,cpu,65536,18,516961090107548,448124,516961090829757,722209
unique_ptr,2,inter_process,cpu,65536,19,516961190089086,397896,516961190781202,692116
unique_ptr,2,intra_process_va,memfd,1048576,0,516963090340246,21236,516963090464144,123898
unique_ptr,2,intra_process_va,memfd,1048576,1,516963190241725,19937,516963190362512,120787
unique_ptr,2,intra_process_va,memfd,1048576,2,516963290174574,20799,516963290295217,120643
unique_ptr,2,intra_process_va,memfd,1048576,3,516963390278883,21140,516963390409031,130148
unique_ptr,2,intra_process_va,memfd,1048576,4,516963490220271,18763,516963490338898,118627
unique_ptr,2,intra_process_va,memfd,1048576,5,516963590235337,18994,516963590355159,119822
unique_ptr,2,intra_process_va,memfd,1048576,6,516963690298516,21651,516963690429894,131378
unique_ptr,2,intra_process_va,memfd,1048576,7,516963790218880,18756,516963790341730,122850
unique_ptr,2,intra_process_va,memfd,1048576,8,516963890223154,18175,516963890336105,112951
unique_ptr,2,intra_process_va,memfd,1048576,9,516963990286472,21619,516963990417096,130624
unique_ptr,2,intra_process_va,memfd,1048576,10,516964090319038,20537,516964090447863,128825
unique_ptr,2,intra_process_va,memfd,1048576,11,516964190252777,30719,516964190386679,133902
unique_ptr,2,intra_process_va,memfd,1048576,12,516964290145453,19591,516964290263050,117597
unique_ptr,2,intra_process_va,memfd,1048576,13,516964390230796,19512,516964390350899,120103
unique_ptr,2,intra_process_va,memfd,1048576,14,516964490226448,18267,516964490340085,113637
unique_ptr,2,intra_process_va,memfd,1048576,15,516964589696450,4929,516964589724235,27785
unique_ptr,2,intra_process_va,memfd,1048576,16,516964690179530,17612,516964690291107,111577
unique_ptr,2,intra_process_va,memfd,1048576,17,516964790176171,18399,516964790290183,114012
unique_ptr,2,intra_process_va,memfd,1048576,18,516964890282955,21646,516964890413578,130623
unique_ptr,2,intra_process_va,memfd,1048576,19,516964990193557,17928,516964990306469,112912
unique_ptr,2,intra_process_va,memfd,16384,0,516966701948635,5758,516966701989782,41147
unique_ptr,2,intra_process_va,memfd,16384,1,516966802075099,14421,516966802175244,100145
unique_ptr,2,intra_process_va,memfd,16384,2,516966902134136,15664,516966902242612,108476
unique_ptr,2,intra_process_va,memfd,16384,3,516967002124036,15691,516967002234392,110356
unique_ptr,2,intra_process_va,memfd,16384,4,516967101903989,14300,516967102018674,114685
unique_ptr,2,intra_process_va,memfd,16384,5,516967202095589,15963,516967202204272,108683
unique_ptr,2,intra_process_va,memfd,16384,6,516967301881588,12365,516967301971278,89690
unique_ptr,2,intra_process_va,memfd,16384,7,516967402144800,17330,516967402261030,116230
unique_ptr,2,intra_process_va,memfd,16384,8,516967502147410,15382,516967502264339,116929
unique_ptr,2,intra_process_va,memfd,16384,9,516967602137037,14849,516967602224700,87663
unique_ptr,2,intra_process_va,memfd,16384,10,516967702159377,16572,516967702277005,117628
unique_ptr,2,intra_process_va,memfd,16384,11,516967801958309,9548,516967802038317,80008
unique_ptr,2,intra_process_va,memfd,16384,12,516967902174268,17462,516967902299587,125319
unique_ptr,2,intra_process_va,memfd,16384,13,516968002154221,15972,516968002271447,117226
unique_ptr,2,intra_process_va,memfd,16384,14,516968102179706,16932,516968102295615,115909
unique_ptr,2,intra_process_va,memfd,16384,15,516968202162891,16096,516968202277742,114851
unique_ptr,2,intra_process_va,memfd,16384,16,516968302148320,16536,516968302263779,115459
unique_ptr,2,intra_process_va,memfd,16384,17,516968402204014,17947,516968402330479,126465
unique_ptr,2,intra_process_va,memfd,16384,18,516968502146055,16493,516968502262238,116183
unique_ptr,2,intra_process_va,memfd,16384,19,516968602207406,17515,516968602332974,125568
unique_ptr,2,intra_process_va,cpu,1048576,0,516970340395191,20260,516970340503903,108712
unique_ptr,2,intra_process_va,cpu,1048576,1,516970440365783,21155,516970440474860,109077
unique_ptr,2,intra_process_va,cpu,1048576,2,516970540371416,21842,516970540482515,111099
unique_ptr,2,intra_process_va,cpu,1048576,3,516970639979286,7533,516970640023104,43818
unique_ptr,2,intra_process_va,cpu,1048576,4,516970740378649,22474,516970740500170,121521
unique_ptr,2,intra_process_va,cpu,1048576,5,516970839872989,5891,516970839898888,25899
unique_ptr,2,intra_process_va,cpu,1048576,6,516970940451113,23903,516970940577167,126054
unique_ptr,2,intra_process_va,cpu,1048576,7,516971040353325,22523,516971040469654,116329
unique_ptr,2,intra_process_va,cpu,1048576,8,516971140338400,21585,516971140448707,110307
unique_ptr,2,intra_process_va,cpu,1048576,9,516971240446016,21978,516971240560554,114538
unique_ptr,2,intra_process_va,cpu,1048576,10,516971340460703,24858,516971340587538,126835
unique_ptr,2,intra_process_va,cpu,1048576,11,516971440414620,22786,516971440532209,117589
unique_ptr,2,intra_process_va,cpu,1048576,12,516971540351629,21999,516971540461659,110030
unique_ptr,2,intra_process_va,cpu,1048576,13,516971639986643,7135,516971640033956,47313
unique_ptr,2,intra_process_va,cpu,1048576,14,516971740424862,24018,516971740550875,126013
unique_ptr,2,intra_process_va,cpu,1048576,15,516971840448234,24923,516971840574082,125848
unique_ptr,2,intra_process_va,cpu,1048576,16,516971940361774,19916,516971940467831,106057
unique_ptr,2,intra_process_va,cpu,1048576,17,516972040453865,23350,516972040574290,120425
unique_ptr,2,intra_process_va,cpu,1048576,18,516972140350299,22871,516972140460601,110302
unique_ptr,2,intra_process_va,cpu,1048576,19,516972240446298,24394,516972240571333,125035
unique_ptr,2,intra_process_va,memfd,16777216,0,516973952483675,18391,516973952583878,100203
unique_ptr,2,intra_process_va,memfd,16777216,1,516974052271315,17411,516974052371618,100303
unique_ptr,2,intra_process_va,memfd,16777216,2,516974152467291,20504,516974152584839,117548
unique_ptr,2,intra_process_va,memfd,16777216,3,516974249808003,6016,516974249836462,28459
unique_ptr,2,intra_process_va,memfd,16777216,4,516974352701821,21594,516974352823994,122173
unique_ptr,2,intra_process_va,memfd,16777216,5,516974452711285,22783,516974452838267,126982
unique_ptr,2,intra_process_va,memfd,16777216,6,516974552549494,20419,516974552664070,114576
unique_ptr,2,intra_process_va,memfd,16777216,7,516974651288108,18534,516974651388722,100614
unique_ptr,2,intra_process_va,memfd,16777216,8,516974752531926,20009,516974752649658,117732
unique_ptr,2,intra_process_va,memfd,16777216,9,516974852536744,21053,516974852654673,117929
unique_ptr,2,intra_process_va,memfd,16777216,10,516974949970704,8841,516974950017051,46347
unique_ptr,2,intra_process_va,memfd,16777216,11,516975052244996,17579,516975052342177,97181
unique_ptr,2,intra_process_va,memfd,16777216,12,516975152442075,20846,516975152556074,113999
unique_ptr,2,intra_process_va,memfd,16777216,13,516975252458621,20066,516975252575082,116461
unique_ptr,2,intra_process_va,memfd,16777216,14,516975352723512,21550,516975352848633,125121
unique_ptr,2,intra_process_va,memfd,16777216,15,516975452671836,21687,516975452800024,128188
unique_ptr,2,intra_process_va,memfd,16777216,16,516975552330272,21347,516975552448762,118490
unique_ptr,2,intra_process_va,memfd,16777216,17,516975650890516,14538,516975650970926,80410
unique_ptr,2,intra_process_va,memfd,16777216,18,516975752224688,17140,516975752331968,107280
unique_ptr,2,intra_process_va,memfd,16777216,19,516975852528467,21608,516975852645318,116851
unique_ptr,2,intra_process_va,memfd,65536,0,516977574997163,52720,516977575149178,152015
unique_ptr,2,intra_process_va,memfd,65536,1,516977674787591,15491,516977674892934,105343
unique_ptr,2,intra_process_va,memfd,65536,2,516977775083952,18683,516977775214756,130804
unique_ptr,2,intra_process_va,memfd,65536,3,516977874972615,15156,516977875121200,148585
unique_ptr,2,intra_process_va,memfd,65536,4,516977975082681,17942,516977975212325,129644
unique_ptr,2,intra_process_va,memfd,65536,5,516978075090857,16806,516978075206137,115280
unique_ptr,2,intra_process_va,memfd,65536,6,516978175081266,18368,516978175210091,128825
unique_ptr,2,intra_process_va,memfd,65536,7,516978275062966,19028,516978275192228,129262
unique_ptr,2,intra_process_va,memfd,65536,8,516978375123021,18611,516978375252216,129195
unique_ptr,2,intra_process_va,memfd,65536,9,516978475108154,18213,516978475225880,117726
unique_ptr,2,intra_process_va,memfd,65536,10,516978574987903,50292,516978575132412,144509
unique_ptr,2,intra_process_va,memfd,65536,11,516978674981529,14350,516978675132464,150935
unique_ptr,2,intra_process_va,memfd,65536,12,516978775066577,18298,516978775194630,128053
unique_ptr,2,intra_process_va,memfd,65536,13,516978875051287,14189,516978875154552,103265
unique_ptr,2,intra_process_va,memfd,65536,14,516978974992088,83677,516978975185751,193663
unique_ptr,2,intra_process_va,memfd,65536,15,516979075057914,16729,516979075177398,119484
unique_ptr,2,intra_process_va,memfd,65536,16,516979174999661,7206,516979175030741,31080
unique_ptr,2,intra_process_va,memfd,65536,17,516979274958806,16428,516979275121991,163185
unique_ptr,2,intra_process_va,memfd,65536,18,516979374948004,16087,516979375099703,151699
unique_ptr,2,intra_process_va,memfd,65536,19,516979475076069,14310,516979475180858,104789
unique_ptr,2,inter_process,memfd,4194304,0,516984165050143,495642,516984166032728,982585
unique_ptr,2,inter_process,memfd,4194304,1,516984265057864,494613,516984265972738,914874
unique_ptr,2,inter_process,memfd,4194304,2,516984365067464,446963,516984365952760,885296
unique_ptr,2,inter_process,memfd,4194304,3,516984465163508,489435,516984466184724,1021216
unique_ptr,2,inter_process,memfd,4194304,4,516984565160885,500561,516984566172427,1011542
unique_ptr,2,inter_process,memfd,4194304,5,516984665049864,408345,516984665889360,839496
unique_ptr,2,inter_process,memfd,4194304,6,516984764971437,325892,516984765780009,808572
unique_ptr,2,inter_process,memfd,4194304,7,516984864962348,445121,516984865842753,880405
unique_ptr,2,inter_process,memfd,4194304,8,516984964225992,121083,516984964484585,258593
unique_ptr,2,inter_process,memfd,4194304,9,516985065118451,319395,516985065941008,822557
unique_ptr,2,inter_process,memfd,4194304,10,516985165084601,449925,516985165979550,894949
unique_ptr,2,inter_process,memfd,4194304,11,516985264970713,438500,516985265855519,884806
unique_ptr,2,inter_process,memfd,4194304,12,516985365186123,492560,516985366171608,985485
unique_ptr,2,inter_process,memfd,4194304,13,516985464088748,404606,516985464600303,511555
unique_ptr,2,inter_process,memfd,4194304,14,516985565041181,456540,516985565931020,889839
unique_ptr,2,inter_process,memfd,4194304,15,516985665026445,443327,516985665933015,906570
unique_ptr,2,inter_process,memfd,4194304,16,516985765084026,440044,516985765984425,900399
unique_ptr,2,inter_process,memfd,4194304,17,516985864943021,427755,516985865794046,851025
unique_ptr,2,inter_process,memfd,4194304,18,516985964985209,462430,516985965855176,869967
unique_ptr,2,inter_process,memfd,4194304,19,516986065193394,332903,516986066058304,864910
unique_ptr,2,inter_process,cpu,1048576,0,516991905427023,1698745,516991907810338,2383315
unique_ptr,2,inter_process,cpu,1048576,1,516992005325590,1485220,516992018776796,13451206
unique_ptr,2,inter_process,cpu,1048576,2,516992105411763,1693215,516992119039062,13627299
unique_ptr,2,inter_process,cpu,1048576,3,516992205300310,1508507,516992218600283,13299973
unique_ptr,2,inter_process,cpu,1048576,4,516992305242527,1268740,516992318442714,13200187
unique_ptr,2,inter_process,cpu,1048576,5,516992405364073,1682011,516992407718248,2354175
unique_ptr,2,inter_process,cpu,1048576,6,516992505398849,1524162,516992507704727,2305878
unique_ptr,2,inter_process,cpu,1048576,7,516992605455330,1730336,516992607823954,2368624
unique_ptr,2,inter_process,cpu,1048576,8,516992705371305,1496155,516992718745378,13374073
unique_ptr,2,inter_process,cpu,1048576,9,516992805448671,1748566,516992807841373,2392702
unique_ptr,2,inter_process,cpu,1048576,10,516992905414417,1549506,516992907737596,2323179
unique_ptr,2,inter_process,cpu,1048576,11,516993005483958,1740244,516993019163256,13679298
unique_ptr,2,inter_process,cpu,1048576,12,516993105386025,1666026,516993118873516,13487491
unique_ptr,2,inter_process,cpu,1048576,13,516993205362665,1507591,516993218589701,13227036
unique_ptr,2,inter_process,cpu,1048576,14,516993305365073,1479163,516993318704198,13339125
unique_ptr,2,inter_process,cpu,1048576,15,516993405373522,1729960,516993407769333,2395811
unique_ptr,2,inter_process,cpu,1048576,16,516993505116644,1372636,516993518468205,13351561
unique_ptr,2,inter_process,cpu,1048576,17,516993605351985,1500164,516993618458944,13106959
unique_ptr,2,inter_process,cpu,1048576,18,516993705349576,1670821,516993718819107,13469531
unique_ptr,2,inter_process,cpu,1048576,19,516993805428987,1510903,516993817695876,12266889
unique_ptr,2,intra_process_va,cpu,4194304,0,516995713723971,22170,516995713837120,113149
unique_ptr,2,intra_process_va,cpu,4194304,1,516995813535071,21067,516995813648512,113441
unique_ptr,2,intra_process_va,cpu,4194304,2,516995913796609,22803,516995913909384,112775
unique_ptr,2,intra_process_va,cpu,4194304,3,516996012134134,7663,516996012164492,30358
unique_ptr,2,intra_process_va,cpu,4194304,4,516996113786951,23222,516996113899699,112748
unique_ptr,2,intra_process_va,cpu,4194304,5,516996213605476,37777,516996213727056,121580
unique_ptr,2,intra_process_va,cpu,4194304,6,516996313333438,22362,516996313436996,103558
unique_ptr,2,intra_process_va,cpu,4194304,7,516996413618690,20719,516996413723521,104831
unique_ptr,2,intra_process_va,cpu,4194304,8,516996513585214,21041,516996513690408,105194
unique_ptr,2,intra_process_va,cpu,4194304,9,516996613619117,22153,516996613725490,106373
unique_ptr,2,intra_process_va,cpu,4194304,10,516996713586578,22048,516996713692609,106031
unique_ptr,2,intra_process_va,cpu,4194304,11,516996813502985,21215,516996813608371,105386
unique_ptr,2,intra_process_va,cpu,4194304,12,516996913550600,21831,516996913656917,106317
unique_ptr,2,intra_process_va,cpu,4194304,13,516997013860559,27356,516997013989537,128978
unique_ptr,2,intra_process_va,cpu,4194304,14,516997113574401,20595,516997113677998,103597
unique_ptr,2,intra_process_va,cpu,4194304,15,516997213547803,20648,516997213652648,104845
unique_ptr,2,intra_process_va,cpu,4194304,16,516997313316963,21808,516997313422082,105119
unique_ptr,2,intra_process_va,cpu,4194304,17,516997413713348,22746,516997413827427,114079
unique_ptr,2,intra_process_va,cpu,4194304,18,516997513514151,23067,516997513620995,106844
unique_ptr,2,intra_process_va,cpu,4194304,19,516997613741540,22838,516997613856322,114782
unique_ptr,2,intra_process_va,cpu,4096,0,516999326064503,17443,516999326172642,108139
unique_ptr,2,intra_process_va,cpu,4096,1,516999426079208,20813,516999426199889,120681
unique_ptr,2,intra_process_va,cpu,4096,2,516999525993297,51021,516999526131959,138662
unique_ptr,2,intra_process_va,cpu,4096,3,516999626066819,18238,516999626174268,107449
unique_ptr,2,intra_process_va,cpu,4096,4,516999726069191,19549,516999726187939,118748
unique_ptr,2,intra_process_va,cpu,4096,5,516999826048070,18190,516999826159688,111618
unique_ptr,2,intra_process_va,cpu,4096,6,516999925978545,15566,516999926114317,135772
unique_ptr,2,intra_process_va,cpu,4096,7,517000025952704,16862,517000026091459,138755
unique_ptr,2,intra_process_va,cpu,4096,8,517000125828414,7617,517000125875141,46727
unique_ptr,2,intra_process_va,cpu,4096,9,517000226095331,17551,517000226198936,103605
unique_ptr,2,intra_process_va,cpu,4096,10,517000326115477,18007,517000326224117,108640
unique_ptr,2,intra_process_va,cpu,4096,11,517000426076557,19026,517000426187744,111187
unique_ptr,2,intra_process_va,cpu,4096,12,517000526073304,19808,517000526193171,119867
unique_ptr,2,intra_process_va,cpu,4096,13,517000625999115,74790,517000626173252,174137
unique_ptr,2,intra_process_va,cpu,4096,14,517000726085001,19410,517000726203211,118210
unique_ptr,2,intra_process_va,cpu,4096,15,517000826068311,18574,517000826188859,120548
unique_ptr,2,intra_process_va,cpu,4096,16,517000926042988,19029,517000926154427,111439
unique_ptr,2,intra_process_va,cpu,4096,17,517001026053035,18410,517001026162815,109780
unique_ptr,2,intra_process_va,cpu,4096,18,517001125989645,69645,517001126152861,163216
unique_ptr,2,intra_process_va,cpu,4096,19,517001226061329,18534,517001226172951,111622
unique_ptr,2,inter_process,memfd,262144,0,517006248085548,474172,517006249125710,1040162
unique_ptr,2,inter_process,memfd,262144,1,517006348135457,433708,517006349072845,937388
unique_ptr,2,inter_process,memfd,262144,2,517006447721238,92624,517006447919635,198397
unique_ptr,2,inter_process,memfd,262144,3,517006548108492,403317,517006548975419,866927
unique_ptr,2,inter_process,memfd,262144,4,517006647994849,266677,517006648541073,546224
unique_ptr,2,inter_process,memfd,262144,5,517006748133145,448214,517006749133110,999965
unique_ptr,2,inter_process,memfd,262144,6,517006848125535,435669,517006849050032,924497
unique_ptr,2,inter_process,memfd,262144,7,517006948168756,476918,517006949204534,1035778
unique_ptr,2,inter_process,memfd,262144,8,517007048153973,466487,517007049192769,1038796
unique_ptr,2,inter_process,memfd,262144,9,517007148146958,314981,517007148996629,849671
unique_ptr,2,inter_process,memfd,262144,10,517007248088823,410575,517007249029832,941009
unique_ptr,2,inter_process,memfd,262144,11,517007348101700,386644,517007348932465,830765
unique_ptr,2,inter_process,memfd,262144,12,517007448088615,458657,517007449117295,1028680
unique_ptr,2,inter_process,memfd,262144,13,517007548124083,427290,517007549063778,939695
unique_ptr,2,inter_process,memfd,262144,14,517007648046996,301748,517007648605186,558190
unique_ptr,2,inter_process,memfd,262144,15,517007748154179,422475,517007749091817,937638
unique_ptr,2,inter_process,memfd,262144,16,517007848052146,416979,517007848924931,872785
unique_ptr,2,inter_process,memfd,262144,17,517007948097228,416636,517007949034505,937277
unique_ptr,2,inter_process,memfd,262144,18,517008048119797,423165,517008049073567,953770
unique_ptr,2,inter_process,memfd,262144,19,517008148152401,460893,517008149200781,1048380
unique_ptr,2,intra_process_va,cpu,16777216,0,517011038040985,5549,517011038069487,28502
unique_ptr,2,intra_process_va,cpu,16777216,1,517011138728254,5845,517011138757937,29683
unique_ptr,2,intra_process_va,cpu,16777216,2,517011238776438,5915,517011238806380,29942
unique_ptr,2,intra_process_va,cpu,16777216,3,517011338207117,5388,517011338235756,28639
unique_ptr,2,intra_process_va,cpu,16777216,4,517011438655345,5969,517011438684766,29421
unique_ptr,2,intra_process_va,cpu,16777216,5,517011538241790,16990,517011538311526,69736
unique_ptr,2,intra_process_va,cpu,16777216,6,517011635671118,5481,517011635699552,28434
unique_ptr,2,intra_process_va,cpu,16777216,7,517011737951370,5501,517011737981328,29958
unique_ptr,2,intra_process_va,cpu,16777216,8,517011838635913,16920,517011838715189,79276
unique_ptr,2,intra_process_va,cpu,16777216,9,517011938296275,14932,517011938365306,69031
unique_ptr,2,intra_process_va,cpu,16777216,10,517012038176021,17765,517012038217592,41571
unique_ptr,2,intra_process_va,cpu,16777216,11,517012137869325,14484,517012137939747,70422
unique_ptr,2,intra_process_va,cpu,16777216,12,517012238704840,5743,517012238734017,29177
unique_ptr,2,intra_process_va,cpu,16777216,13,517012338171772,16365,517012338250999,79227
unique_ptr,2,intra_process_va,cpu,16777216,14,517012439032816,18741,517012439119529,86713
unique_ptr,2,intra_process_va,cpu,16777216,15,517012538554358,16906,517012538632329,77971
unique_ptr,2,intra_process_va,cpu,16777216,16,517012635447522,5759,517012635476030,28508
unique_ptr,2,intra_process_va,cpu,16777216,17,517012734461912,8166,517012734496843,34931
unique_ptr,2,intra_process_va,cpu,16777216,18,517012838491181,16630,517012838571113,79932
unique_ptr,2,intra_process_va,cpu,16777216,19,517012938677713,16493,517012938721442,43729
unique_ptr,2,intra_process_va,cpu,1024,0,517014645796785,9128,517014645855006,58221
unique_ptr,2,intra_process_va,cpu,1024,1,517014746072954,20069,517014746196519,123565
unique_ptr,2,intra_process_va,cpu,1024,2,517014845844320,4936,517014845866700,22380
unique_ptr,2,intra_process_va,cpu,1024,3,517014945936544,18375,517014946124098,187554
unique_ptr,2,intra_process_va,cpu,1024,4,517015046045061,16471,517015046171037,125976
unique_ptr,2,intra_process_va,cpu,1024,5,517015146073825,19526,517015146193973,120148
unique_ptr,2,intra_process_va,cpu,1024,6,517015246087077,19210,517015246206215,119138
unique_ptr,2,intra_process_va,cpu,1024,7,517015346143066,16733,517015346246281,103215
unique_ptr,2,intra_process_va,cpu,1024,8,517015446081708,19220,517015446202520,120812
unique_ptr,2,intra_process_va,cpu,1024,9,517015546116064,20011,517015546235631,119567
unique_ptr,2,intra_process_va,cpu,1024,10,517015645945171,8433,517015646016104,70933
unique_ptr,2,intra_process_va,cpu,1024,11,517015746044245,18269,517015746156041,111796
unique_ptr,2,intra_process_va,cpu,1024,12,517015845965533,15938,517015856699545,10734012
unique_ptr,2,intra_process_va,cpu,1024,13,517015946095975,15423,517015946195322,99347
unique_ptr,2,intra_process_va,cpu,1024,14,517016046078349,17766,517016046189940,111591
unique_ptr,2,intra_process_va,cpu,1024,15,517016146060845,18688,517016146201056,140211
unique_ptr,2,intra_process_va,cpu,1024,16,517016246080004,16287,517016246185676,105672
unique_ptr,2,intra_process_va,cpu,1024,17,517016346035541,17100,517016346136621,101080
unique_ptr,2,intra_process_va,cpu,1024,18,517016446075156,16160,517016446177251,102095
unique_ptr,2,intra_process_va,cpu,1024,19,517016546088129,17457,517016546199526,111397
unique_ptr,2,inter_process,memfd,16777216,0,517021573601606,442049,517021574407569,805963
unique_ptr,2,inter_process,memfd,16777216,1,517021673379851,328036,517021674062932,683081
unique_ptr,2,inter_process,memfd,16777216,2,517021773504685,366606,517021774256839,752154
unique_ptr,2,inter_process,memfd,16777216,3,517021873673431,382318,517021874362224,688793
unique_ptr,2,inter_process,memfd,16777216,4,517021973794273,435672,517021974583985,789712
unique_ptr,2,inter_process,memfd,16777216,5,517022073674519,358770,517022074391455,716936
unique_ptr,2,inter_process,memfd,16777216,6,517022173550838,371343,517022174300390,749552
unique_ptr,2,inter_process,memfd,16777216,7,517022273057372,303697,517022273665677,608305
unique_ptr,2,inter_process,memfd,16777216,8,517022373364864,374187,517022374135448,770584
unique_ptr,2,inter_process,memfd,16777216,9,517022473537275,287106,517022474241349,704074
unique_ptr,2,inter_process,memfd,16777216,10,517022573615026,369959,517022574373370,758344
unique_ptr,2,inter_process,memfd,16777216,11,517022673812425,403193,517022674605789,793364
unique_ptr,2,inter_process,memfd,16777216,12,517022773660758,378202,517022774386524,725766
unique_ptr,2,inter_process,memfd,16777216,13,517022873578543,369782,517022874307991,729448
unique_ptr,2,inter_process,memfd,16777216,14,517022973617674,435892,517022974485800,868126
unique_ptr,2,inter_process,memfd,16777216,15,517023073704287,416925,517023074518459,814172
unique_ptr,2,inter_process,memfd,16777216,16,517023170704394,114581,517023170946180,241786
unique_ptr,2,inter_process,memfd,16777216,17,517023273378652,251555,517023273995696,617044
unique_ptr,2,inter_process,memfd,16777216,18,517023373393832,379089,517023374170363,776531
unique_ptr,2,inter_process,memfd,16777216,19,517023473890639,384542,517023474671426,780787
unique_ptr,2,intra_process_va,cpu,16384,0,517026359191712,19308,517026359307100,115388
unique_ptr,2,intra_process_va,cpu,16384,1,517026459151924,17611,517026459256435,104511
unique_ptr,2,intra_process_va,cpu,16384,2,517026559151489,17389,517026559254458,102969
unique_ptr,2,intra_process_va,cpu,16384,3,517026659119837,17679,517026659246889,127052
unique_ptr,2,intra_process_va,cpu,16384,4,517026759160126,18823,517026759271315,111189
unique_ptr,2,intra_process_va,cpu,16384,5,517026859067121,14838,517026859160500,93379
unique_ptr,2,intra_process_va,cpu,16384,6,517026959077913,17896,517026959185850,107937
unique_ptr,2,intra_process_va,cpu,16384,7,517027059205981,20277,517027059328626,122645
unique_ptr,2,intra_process_va,cpu,16384,8,517027159153593,17164,517027159279641,126048
unique_ptr,2,intra_process_va,cpu,16384,9,517027259124297,16603,517027259219642,95345
unique_ptr,2,intra_process_va,cpu,16384,10,517027358911394,5445,517027358941883,30489
unique_ptr,2,intra_process_va,cpu,16384,11,517027459115523,18290,517027459222180,106657
unique_ptr,2,intra_process_va,cpu,16384,12,517027559113170,17648,517027559217891,104721
unique_ptr,2,intra_process_va,cpu,16384,13,517027659133981,18380,517027659246671,112690
unique_ptr,2,intra_process_va,cpu,16384,14,517027759163289,17805,517027759272524,109235
unique_ptr,2,intra_process_va,cpu,16384,15,517027859036823,10834,517027859100903,64080
unique_ptr,2,intra_process_va,cpu,16384,16,517027959106416,17343,517027959209698,103282
unique_ptr,2,intra_process_va,cpu,16384,17,517028059146328,18755,517028059256471,110143
unique_ptr,2,intra_process_va,cpu,16384,18,517028159122823,16647,517028159227466,104643
unique_ptr,2,intra_process_va,cpu,16384,19,517028259122198,17271,517028259224765,102567
unique_ptr,2,inter_process,memfd,65536,0,517033280057859,402171,517033280919554,861695
unique_ptr,2,inter_process,memfd,65536,1,517033379943012,489495,517033380969926,1026914
unique_ptr,2,inter_process,memfd,65536,2,517033480225422,447094,517033481217451,992029
unique_ptr,2,inter_process,memfd,65536,3,517033580154055,421574,517033581085264,931209
unique_ptr,2,inter_process,memfd,65536,4,517033679746429,90791,517033679947415,200986
unique_ptr,2,inter_process,memfd,65536,5,517033780105371,397424,517033780958573,853202
unique_ptr,2,inter_process,memfd,65536,6,517033880085349,398357,517033880937200,851851
unique_ptr,2,inter_process,memfd,65536,7,517033980053611,296702,517033980692536,638925
unique_ptr,2,inter_process,memfd,65536,8,517034080162903,462310,517034081196150,1033247
unique_ptr,2,inter_process,memfd,65536,9,517034180210538,306957,517034181066676,856138
unique_ptr,2,inter_process,memfd,65536,10,517034280197761,404312,517034281109676,911915
unique_ptr,2,inter_process,memfd,65536,11,517034380239489,450709,517034381240047,1000558
unique_ptr,2,inter_process,memfd,65536,12,517034480229371,462680,517034481262568,1033197
unique_ptr,2,inter_process,memfd,65536,13,517034580258615,467243,517034581298917,1040302
unique_ptr,2,inter_process,memfd,65536,14,517034680123064,441198,517034681107763,984699
unique_ptr,2,inter_process,memfd,65536,15,517034780103133,400297,517034780967282,864149
unique_ptr,2,inter_process,memfd,65536,16,517034880147096,294095,517034880932090,784994
unique_ptr,2,inter_process,memfd,65536,17,517034980232277,503655,517034981319737,1087460
unique_ptr,2,inter_process,memfd,65536,18,517035080132240,434562,517035081078577,946337
unique_ptr,2,inter_process,memfd,65536,19,517035180137390,487108,517035181153962,1016572
unique_ptr,2,inter_process,memfd,1048576,0,517041366363921,453215,517041367387963,1024042
unique_ptr,2,inter_process,memfd,1048576,1,517041466168951,270317,517041466762407,593456
unique_ptr,2,inter_process,memfd,1048576,2,517041566305041,403104,517041567208471,903430
unique_ptr,2,inter_process,memfd,1048576,3,517041666307947,442612,517041667272260,964313
unique_ptr,2,inter_process,memfd,1048576,4,517041766391081,473263,517041767448143,1057062
unique_ptr,2,inter_process,memfd,1048576,5,517041866068868,293141,517041866694054,625186
unique_ptr,2,inter_process,memfd,1048576,6,517041966392920,457615,517041967399240,1006320
unique_ptr,2,inter_process,memfd,1048576,7,517042065852773,95779,517042066072830,220057
unique_ptr,2,inter_process,memfd,1048576,8,517042166330871,423377,517042167278242,947371
unique_ptr,2,inter_process,memfd,1048576,9,517042266394081,350088,517042267355135,961054
unique_ptr,2,inter_process,memfd,1048576,10,517042366325781,413606,517042367249429,923648
unique_ptr,2,inter_process,memfd,1048576,11,517042466357329,450988,517042467353761,996432
unique_ptr,2,inter_process,memfd,1048576,12,517042566390531,450999,517042567387178,996647
unique_ptr,2,inter_process,memfd,1048576,13,517042666341589,391535,517042667212932,871343
unique_ptr,2,inter_process,memfd,1048576,14,517042766315600,439995,517042767290112,974512
unique_ptr,2,inter_process,memfd,1048576,15,517042866077550,333734,517042866785665,708115
unique_ptr,2,inter_process,memfd,1048576,16,517042966428933,475261,517042967531631,1102698
unique_ptr,2,inter_process,memfd,1048576,17,517043066358266,459783,517043067373990,1015724
unique_ptr,2,inter_process,memfd,1048576,18,517043166363819,405156,517043167263524,899705
unique_ptr,2,inter_process,memfd,1048576,19,517043266371573,313521,517043267281323,909750
unique_ptr,2,inter_process,cpu,262144,0,517049449260092,487394,517049450402332,1142240
unique_ptr,2,inter_process,cpu,262144,1,517049549179176,588177,517049550223627,1044451
unique_ptr,2,inter_process,cpu,262144,2,517049649041836,335683,517049649611953,570117
unique_ptr,2,inter_process,cpu,262144,3,517049749183735,565503,517049750158482,974747
unique_ptr,2,inter_process,cpu,262144,4,517049849229602,658475,517049850341161,1111559
unique_ptr,2,inter_process,cpu,262144,5,517049949192635,659804,517049950434654,1242019
unique_ptr,2,inter_process,cpu,262144,6,517050049170412,534072,517050050091637,921225
unique_ptr,2,inter_process,cpu,262144,7,517050149223845,601108,517050150203715,979870
unique_ptr,2,inter_process,cpu,262144,8,517050249191195,593631,517050250208272,1017077
unique_ptr,2,inter_process,cpu,262144,9,517050349060694,489400,517050350160465,1099771
unique_ptr,2,inter_process,cpu,262144,10,517050448831040,128331,517050449062893,231853
unique_ptr,2,inter_process,cpu,262144,11,517050549035109,112477,517050549275232,240123
unique_ptr,2,inter_process,cpu,262144,12,517050648968238,338173,517050649545425,577187
unique_ptr,2,inter_process,cpu,262144,13,517050749194488,688127,517050750341380,1146892
unique_ptr,2,inter_process,cpu,262144,14,517050849172929,606269,517050850174444,1001515
unique_ptr,2,inter_process,cpu,262144,15,517050949198506,665664,517050950335692,1137186
unique_ptr,2,inter_process,cpu,262144,16,517051049096659,449893,517051049895484,798825
unique_ptr,2,inter_process,cpu,262144,17,517051149188534,589737,517051150203484,1014950
unique_ptr,2,inter_process,cpu,262144,18,517051249205598,581348,517051250164771,959173
unique_ptr,2,inter_process,cpu,262144,19,517051349145960,584925,517051350141841,995881
unique_ptr,2,inter_process,cpu,16777216,0,517056560548028,2700748,517056575483815,14935787
unique_ptr,2,inter_process,cpu,16777216,1,517056658178368,4392300,517056664229453,6051085
unique_ptr,2,inter_process,cpu,16777216,2,517056756486571,2958773,517056769835505,13348934
unique_ptr,2,inter_process,cpu,16777216,3,517056860286393,3075139,517056875559421,15273028
unique_ptr,2,inter_process,cpu,16777216,4,517056960331642,3153315,517056975688388,15356746
unique_ptr,2,inter_process,cpu,16777216,5,517057060517448,2662164,517057075315374,14797926
unique_ptr,2,inter_process,cpu,16777216,6,517057160552298,2649402,517057175410737,14858439
unique_ptr,2,inter_process,cpu,16777216,7,517057260317187,2782190,517057275105487,14788300
unique_ptr,2,inter_process,cpu,16777216,8,517057361031770,7642848,517057370809217,9777447
unique_ptr,2,inter_process,cpu,16777216,9,517057460397712,2645903,517057475120404,14722692
unique_ptr,2,inter_process,cpu,16777216,10,517057560031110,2663287,517057574938473,14907363
unique_ptr,2,inter_process,cpu,16777216,11,517057658307010,4401017,517057664364295,6057285
unique_ptr,2,inter_process,cpu,16777216,12,517057760303731,3003316,517057775244640,14940909
unique_ptr,2,inter_process,cpu,16777216,13,517057860055322,2661515,517057874970173,14914851
unique_ptr,2,inter_process,cpu,16777216,14,517057956646147,4060505,517057971910220,15264073
unique_ptr,2,inter_process,cpu,16777216,15,517058060332134,3133440,517058075533502,15201368
unique_ptr,2,inter_process,cpu,16777216,16,517058160223020,3500094,517058175917039,15694019
unique_ptr,2,inter_process,cpu,16777216,17,517058260429288,2736528,517058275179529,14750241
unique_ptr,2,inter_process,cpu,16777216,18,517058360234501,3554470,517058376052059,15817558
unique_ptr,2,inter_process,cpu,16777216,19,517058460492360,2716336,517058475291874,14799514
unique_ptr,2,inter_process,memfd,1024,0,517063728187129,484294,517063729262681,1075552
unique_ptr,2,inter_process,memfd,1024,1,517063828158819,482908,517063829216050,1057231
unique_ptr,2,inter_process,memfd,1024,2,517063928185308,461267,517063929203959,1018651
unique_ptr,2,inter_process,memfd,1024,3,517064028131774,410388,517064029055987,924213
unique_ptr,2,inter_process,memfd,1024,4,517064128169293,395786,517064129064835,895542
unique_ptr,2,inter_process,memfd,1024,5,517064228206508,416112,517064229104954,898446
unique_ptr,2,inter_process,memfd,1024,6,517064328135505,308178,517064328965081,829576
unique_ptr,2,inter_process,memfd,1024,7,517064428129488,422563,517064429068046,938558
unique_ptr,2,inter_process,memfd,1024,8,517064528131277,438584,517064529116943,985666
unique_ptr,2,inter_process,memfd,1024,9,517064628223850,334760,517064629164632,940782
unique_ptr,2,inter_process,memfd,1024,10,517064728082564,389503,517064728943165,860601
unique_ptr,2,inter_process,memfd,1024,11,517064828251986,459281,517064829286386,1034400
unique_ptr,2,inter_process,memfd,1024,12,517064928170316,421076,517064929108432,938116
unique_ptr,2,inter_process,memfd,1024,13,517065028104516,429792,517065028994082,889566
unique_ptr,2,inter_process,memfd,1024,14,517065127961070,243706,517065128471993,510923
unique_ptr,2,inter_process,memfd,1024,15,517065228123240,473741,517065229178002,1054762
unique_ptr,2,inter_process,memfd,1024,16,517065328130590,441111,517065329111242,980652
unique_ptr,2,inter_process,memfd,1024,17,517065428210498,341842,517065429176590,966092
unique_ptr,2,inter_process,memfd,1024,18,517065528173002,434704,517065529149254,976252
unique_ptr,2,inter_process,memfd,1024,19,517065628202073,455499,517065629240881,1038808
unique_ptr,2,inter_process,cpu,4096,0,517071806058621,347063,517071806762505,703884
unique_ptr,2,inter_process,cpu,4096,1,517071905995466,378293,517071906691663,696197
unique_ptr,2,inter_process,cpu,4096,2,517072006051667,350644,517072006757382,705715
unique_ptr,2,inter_process,cpu,4096,3,517072106062239,350348,517072106765115,702876
unique_ptr,2,inter_process,cpu,4096,4,517072206041911,312106,517072206679698,637787
unique_ptr,2,inter_process,cpu,4096,5,517072305983030,377145,517072306691581,708551
unique_ptr,2,inter_process,cpu,4096,6,517072405995744,349199,517072406669317,673573
unique_ptr,2,inter_process,cpu,4096,7,517072506084887,332111,517072506756609,671722
unique_ptr,2,inter_process,cpu,4096,8,517072605974923,333951,517072606618207,643284
unique_ptr,2,inter_process,cpu,4096,9,517072705981218,332344,517072706693216,711998
unique_ptr,2,inter_process,cpu,4096,10,517072806063699,351312,517072806775321,711622
unique_ptr,2,inter_process,cpu,4096,11,517072905979827,333922,517072906624823,644996
unique_ptr,2,inter_process,cpu,4096,12,517073006059360,312910,517073006700798,641438
unique_ptr,2,inter_process,cpu,4096,13,517073106121793,317233,517073106763439,641646
unique_ptr,2,inter_process,cpu,4096,14,517073206115371,349147,517073206826698,711327
unique_ptr,2,inter_process,cpu,4096,15,517073305974346,342337,517073306624443,650097
unique_ptr,2,inter_process,cpu,4096,16,517073405817557,89731,517073406072252,254695
unique_ptr,2,inter_process,cpu,4096,17,517073505927264,216306,517073506380793,453529
unique_ptr,2,inter_process,cpu,4096,18,517073605977768,424121,517073606759340,781572
unique_ptr,2,inter_process,cpu,4096,19,517073706071586,351136,517073706800338,728752
unique_ptr,2,intra_process_va,memfd,64,0,517075609951457,14931,517075610102548,151091
unique_ptr,2,intra_process_va,memfd,64,1,517075709972864,15755,517075710140680,167816
unique_ptr,2,intra_process_va,memfd,64,2,517075810054714,17455,517075810171410,116696
unique_ptr,2,intra_process_va,memfd,64,3,517075909960483,15439,517075910100616,140133
unique_ptr,2,intra_process_va,memfd,64,4,517076009950066,14651,517076010107413,157347
unique_ptr,2,intra_process_va,memfd,64,5,517076109997607,73986,517076110179299,181692
unique_ptr,2,intra_process_va,memfd,64,6,517076209978246,16448,517076210159314,181068
unique_ptr,2,intra_process_va,memfd,64,7,517076309973362,16064,517076310125065,151703
unique_ptr,2,intra_process_va,memfd,64,8,517076409979925,15312,517076410116647,136722
unique_ptr,2,intra_process_va,memfd,64,9,517076509962442,15381,517076510114885,152443
unique_ptr,2,intra_process_va,memfd,64,10,517076610051007,18305,517076610173528,122521
unique_ptr,2,intra_process_va,memfd,64,11,517076710073765,18969,517076710199947,126182
unique_ptr,2,intra_process_va,memfd,64,12,517076809998685,53393,517076810150100,151415
unique_ptr,2,intra_process_va,memfd,64,13,517076909954878,15265,517076910093992,139114
unique_ptr,2,intra_process_va,memfd,64,14,517077009986015,64637,517077010142012,155997
unique_ptr,2,intra_process_va,memfd,64,15,517077109987230,58412,517077110153875,166645
unique_ptr,2,intra_process_va,memfd,64,16,517077210049554,18914,517077210177407,127853
unique_ptr,2,intra_process_va,memfd,64,17,517077309960856,15000,517077310100199,139343
unique_ptr,2,intra_process_va,memfd,64,18,517077410046035,18802,517077410172022,125987
unique_ptr,2,intra_process_va,memfd,64,19,517077509993564,51697,517077510143738,150174
unique_ptr,2,inter_process,cpu,4194304,0,517082568589443,881462,517082581943761,13354318
unique_ptr,2,inter_process,cpu,4194304,1,517082668755427,935144,517082682518289,13762862
unique_ptr,2,inter_process,cpu,4194304,2,517082769147774,895287,517082783078433,13930659
unique_ptr,2,inter_process,cpu,4194304,3,517082868825071,848669,517082882568126,13743055
unique_ptr,2,inter_process,cpu,4194304,4,517082968990479,885894,517082982890905,13900426
unique_ptr,2,inter_process,cpu,4194304,5,517083069208384,864680,517083083020159,13811775
unique_ptr,2,inter_process,cpu,4194304,6,517083168057993,834593,517083181649824,13591831
unique_ptr,2,inter_process,cpu,4194304,7,517083268839088,837016,517083282417499,13578411
unique_ptr,2,inter_process,cpu,4194304,8,517083368299577,844553,517083381931348,13631771
unique_ptr,2,inter_process,cpu,4194304,9,517083468373786,854185,517083481852453,13478667
unique_ptr,2,inter_process,cpu,4194304,10,517083569175802,999559,517083582859126,13683324
unique_ptr,2,inter_process,cpu,4194304,11,517083668238648,2162965,517083681309412,13070764
unique_ptr,2,inter_process,cpu,4194304,12,517083768982647,849335,517083782687151,13704504
unique_ptr,2,inter_process,cpu,4194304,13,517083868445476,855851,517083881493538,13048062
unique_ptr,2,inter_process,cpu,4194304,14,517083964196095,1089356,517083975768251,11572156
unique_ptr,2,inter_process,cpu,4194304,15,517084068575443,1002659,517084082439130,13863687
unique_ptr,2,inter_process,cpu,4194304,16,517084169026676,1067427,517084182515249,13488573
unique_ptr,2,inter_process,cpu,4194304,17,517084268433351,862700,517084282107842,13674491
unique_ptr,2,inter_process,cpu,4194304,18,517084369045114,853114,517084382822832,13777718
unique_ptr,2,inter_process,cpu,4194304,19,517084468250657,851077,517084481870142,13619485
unique_ptr,2,intra_process_va,cpu,65536,0,517086379945745,17298,517086380084612,138867
unique_ptr,2,intra_process_va,cpu,65536,1,517086479955533,20273,517086480127443,171910
unique_ptr,2,intra_process_va,cpu,65536,2,517086579965824,19730,517086580133790,167966
unique_ptr,2,intra_process_va,cpu,65536,3,517086679939203,16773,517086680076850,137647
unique_ptr,2,intra_process_va,cpu,65536,4,517086779941155,18267,517086780089714,148559
unique_ptr,2,intra_process_va,cpu,65536,5,517086879930800,18258,517086880077640,146840
unique_ptr,2,intra_process_va,cpu,65536,6,517086979960776,19383,517086980119404,158628
unique_ptr,2,intra_process_va,cpu,65536,7,517087079934837,18609,517087080085813,150976
unique_ptr,2,intra_process_va,cpu,65536,8,517087179944121,18095,517087180092138,148017
unique_ptr,2,intra_process_va,cpu,65536,9,517087279910751,17398,517087280101380,190629
unique_ptr,2,intra_process_va,cpu,65536,10,517087379915189,16950,517087380053773,138584
unique_ptr,2,intra_process_va,cpu,65536,11,517087479908888,18151,517087480048729,139841
unique_ptr,2,intra_process_va,cpu,65536,12,517087579917197,17024,517087580055242,138045
unique_ptr,2,intra_process_va,cpu,65536,13,517087679927575,16936,517087680067332,139757
unique_ptr,2,intra_process_va,cpu,65536,14,517087779979369,18622,517087780130520,151151
unique_ptr,2,intra_process_va,cpu,65536,15,517087879949413,18395,517087880094114,144701
unique_ptr,2,intra_process_va,cpu,65536,16,517087979942573,18147,517087980128098,185525
unique_ptr,2,intra_process_va,cpu,65536,17,517088079799429,11949,517088079868829,69400
unique_ptr,2,intra_process_va,cpu,65536,18,517088179851300,6092,517088179885357,34057
unique_ptr,2,intra_process_va,cpu,65536,19,517088279773654,20248,517088279889511,115857
unique_ptr,2,intra_process_va,memfd,4096,0,517089998169262,16692,517089998293123,123861
unique_ptr,2,intra_process_va,memfd,4096,1,517090098196208,16588,517090098320815,124607
unique_ptr,2,intra_process_va,memfd,4096,2,517090197851558,3532,517090197878529,26971
unique_ptr,2,intra_process_va,memfd,4096,3,517090298151736,16668,517090298269643,117907
unique_ptr,2,intra_process_va,memfd,4096,4,517090398115506,14983,517090398223625,108119
unique_ptr,2,intra_process_va,memfd,4096,5,517090498147437,18140,517090498273458,126021
unique_ptr,2,intra_process_va,memfd,4096,6,517090598151045,17803,517090598278033,126988
unique_ptr,2,intra_process_va,memfd,4096,7,517090698159902,17991,517090698287494,127592
unique_ptr,2,intra_process_va,memfd,4096,8,517090798147943,18052,517090798273623,125680
unique_ptr,2,intra_process_va,memfd,4096,9,517090898123776,16286,517090898236369,112593
unique_ptr,2,intra_process_va,memfd,4096,10,517090998095656,15718,517090998202684,107028
unique_ptr,2,intra_process_va,memfd,4096,11,517091098143546,16373,517091098259066,115520
unique_ptr,2,intra_process_va,memfd,4096,12,517091198122528,15800,517091198236297,113769
unique_ptr,2,intra_process_va,memfd,4096,13,517091298066958,16214,517091298188762,121804
unique_ptr,2,intra_process_va,memfd,4096,14,517091398112034,15090,517091398220695,108661
unique_ptr,2,intra_process_va,memfd,4096,15,517091498109821,16129,517091498220319,110498
unique_ptr,2,intra_process_va,memfd,4096,16,517091598109552,16854,517091598229992,120440
unique_ptr,2,intra_process_va,memfd,4096,17,517091698149954,17762,517091698277107,127153
unique_ptr,2,intra_process_va,memfd,4096,18,517091798107631,16539,517091798225499,117868
unique_ptr,2,intra_process_va,memfd,4096,19,517091898147447,17422,517091898274820,127373
unique_ptr,3,inter_process,cpu,1048576,0,517096590197912,916624,517096602943015,12745103
unique_ptr,3,inter_process,cpu,1048576,1,517096690442963,3137186,517096694077951,3634988
unique_ptr,3,inter_process,cpu,1048576,2,517096790478199,1600692,517096792752687,2274488
unique_ptr,3,inter_process,cpu,1048576,3,517096890493155,1620006,517096892770589,2277434
unique_ptr,3,inter_process,cpu,1048576,4,517096990509798,1681232,517096992839658,2329860
unique_ptr,3,inter_process,cpu,1048576,5,517097090508789,1684752,517097092835819,2327030
unique_ptr,3,inter_process,cpu,1048576,6,517097190430816,1479533,517097203829102,13398286
unique_ptr,3,inter_process,cpu,1048576,7,517097290376237,1452915,517097292475363,2099126
unique_ptr,3,inter_process,cpu,1048576,8,517097390475674,1411561,517097404384914,13909240
unique_ptr,3,inter_process,cpu,1048576,9,517097490559149,1691521,517097504166854,13607705
unique_ptr,3,inter_process,cpu,1048576,10,517097590474521,1635975,517097592785639,2311118
unique_ptr,3,inter_process,cpu,1048576,11,517097690473343,1517685,517097692739924,2266581
unique_ptr,3,inter_process,cpu,1048576,12,517097790466418,1670994,517097792785449,2319031
unique_ptr,3,inter_process,cpu,1048576,13,517097890438689,1448106,517097892519824,2081135
unique_ptr,3,inter_process,cpu,1048576,14,517097990451969,1524225,517097992603728,2151759
unique_ptr,3,inter_process,cpu,1048576,15,517098090512673,1676929,517098104242844,13730171
unique_ptr,3,inter_process,cpu,1048576,16,517098190403530,1452251,517098203666895,13263365
unique_ptr,3,inter_process,cpu,1048576,17,517098290484091,1473040,517098303849374,13365283
unique_ptr,3,inter_process,cpu,1048576,18,517098390219508,1499930,517098392364367,2144859
unique_ptr,3,inter_process,cpu,1048576,19,517098490412212,1325160,517098503884143,13471931
unique_ptr,3,inter_process,cpu,4194304,0,517103715351764,852371,517103728807014,13455250
unique_ptr,3,inter_process,cpu,4194304,1,517103815859291,838073,517103829777746,13918455
unique_ptr,3,inter_process,cpu,4194304,2,517103915895082,835209,517103929256743,13361661
unique_ptr,3,inter_process,cpu,4194304,3,517104015462587,863234,517104029091284,13628697
unique_ptr,3,inter_process,cpu,4194304,4,517104115633787,833173,517104129201273,13567486
unique_ptr,3,inter_process,cpu,4194304,5,517104215935185,841746,517104229766622,13831437
unique_ptr,3,inter_process,cpu,4194304,6,517104315773771,835242,517104329537673,13763902
unique_ptr,3,inter_process,cpu,4194304,7,517104415861699,822498,517104429758075,13896376
unique_ptr,3,inter_process,cpu,4194304,8,517104515689994,838559,517104529568018,13878024
unique_ptr,3,inter_process,cpu,4194304,9,517104615646514,835285,517104629461745,13815231
unique_ptr,3,inter_process,cpu,4194304,10,517104715670842,841219,517104729468353,13797511
unique_ptr,3,inter_process,cpu,4194304,11,517104815653447,833193,517104829473449,13820002
unique_ptr,3,inter_process,cpu,4194304,12,517104911135460,1070223,517104922801269,11665809
unique_ptr,3,inter_process,cpu,4194304,13,517105015737422,2552185,517105029743778,14006356
unique_ptr,3,inter_process,cpu,4194304,14,517105115645363,854087,517105129159993,13514630
unique_ptr,3,inter_process,cpu,4194304,15,517105215880914,845977,517105229626205,13745291
unique_ptr,3,inter_process,cpu,4194304,16,517105315559313,856724,517105329011596,13452283
unique_ptr,3,inter_process,cpu,4194304,17,517105415640593,837192,517105429251557,13610964
unique_ptr,3,inter_process,cpu,4194304,18,517105515676095,845831,517105529315795,13639700
unique_ptr,3,inter_process,cpu,4194304,19,517105615861098,838669,517105629913283,14052185
unique_ptr,3,inter_process,memfd,16384,0,517110835169378,481648,517110836261098,1091720
unique_ptr,3,inter_process,memfd,16384,1,517110935127959,490766,517110936201096,1073137
unique_ptr,3,inter_process,memfd,16384,2,517111035186202,414334,517111036115633,929431
unique_ptr,3,inter_process,memfd,16384,3,517111134909221,83540,517111135095855,186634
unique_ptr,3,inter_process,memfd,16384,4,517111234929155,217426,517111235348142,418987
unique_ptr,3,inter_process,memfd,16384,5,517111335159465,428524,517111336101893,942428
unique_ptr,3,inter_process,memfd,16384,6,517111435132675,417839,517111436074878,942203
unique_ptr,3,inter_process,memfd,16384,7,517111535075284,403426,517111535923392,848108
unique_ptr,3,inter_process,memfd,16384,8,517111635156561,121566,517111635421326,264765
unique_ptr,3,inter_process,memfd,16384,9,517111735164850,300262,517111736030167,865317
unique_ptr,3,inter_process,memfd,16384,10,517111835128906,416119,517111836076863,947957
unique_ptr,3,inter_process,memfd,16384,11,517111935189084,416710,517111936124618,935534
unique_ptr,3,inter_process,memfd,16384,12,517112035204202,485355,517112036219854,1015652
unique_ptr,3,inter_process,memfd,16384,13,517112135108287,397134,517112135970594,862307
unique_ptr,3,inter_process,memfd,16384,14,517112235154256,456733,517112236185667,1031411
unique_ptr,3,inter_process,memfd,16384,15,517112335096905,407368,517112335963330,866425
unique_ptr,3,inter_process,memfd,16384,16,517112435131553,415018,517112436058927,927374
unique_ptr,3,inter_process,memfd,16384,17,517112535125366,432674,517112536033121,907755
unique_ptr,3,inter_process,memfd,16384,18,517112634867605,125594,517112635153096,285491
unique_ptr,3,inter_process,memfd,16384,19,517112735110189,376627,517112735926162,815973
unique_ptr,3,inter_process,memfd,4096,0,517118919052527,433723,517118919984914,932387
unique_ptr,3,inter_process,memfd,4096,1,517119019041509,454368,517119020046638,1005129
unique_ptr,3,inter_process,memfd,4096,2,517119119087475,461449,517119120120683,1033208
unique_ptr,3,inter_process,memfd,4096,3,517119219064315,466285,517119220097294,1032979
unique_ptr,3,inter_process,memfd,4096,4,517119318989566,436312,517119319890271,900705
unique_ptr,3,inter_process,memfd,4096,5,517119418983757,445059,517119419883280,899523
unique_ptr,3,inter_process,memfd,4096,6,517119518720412,97260,517119518976853,256441
unique_ptr,3,inter_process,memfd,4096,7,517119618994013,481166,517119619960167,966154
unique_ptr,3,inter_process,memfd,4096,8,517119719067163,422521,517119719968742,901579
unique_ptr,3,inter_process,memfd,4096,9,517119819146416,340443,517119820092568,946152
unique_ptr,3,inter_process,memfd,4096,10,517119919063146,423490,517119919994265,931119
unique_ptr,3,inter_process,memfd,4096,11,517120019083724,417730,517120019988328,904604
unique_ptr,3,inter_process,memfd,4096,12,517120119059655,413345,517120119960503,900848
unique_ptr,3,inter_process,memfd,4096,13,517120219073180,469748,517120220117750,1044570
unique_ptr,3,inter_process,memfd,4096,14,517120319097004,415389,517120319988001,890997
unique_ptr,3,inter_process,memfd,4096,15,517120418990356,444072,517120419903726,913370
unique_ptr,3,inter_process,memfd,4096,16,517120519052065,466553,517120520073618,1021553
unique_ptr,3,inter_process,memfd,4096,17,517120619046938,421492,517120619962997,916059
unique_ptr,3,inter_process,memfd,4096,18,517120719050542,415097,517120719951707,901165
unique_ptr,3,inter_process,memfd,4096,19,517120819055121,313225,517120819886517,831396
unique_ptr,3,intra_process_va,memfd,16777216,0,517123693103516,8334,517123693147367,43851
unique_ptr,3,intra_process_va,memfd,16777216,1,517123793061658,7878,517123793111018,49360
unique_ptr,3,intra_process_va,memfd,16777216,2,517123895355531,19732,517123895467949,112418
unique_ptr,3,intra_process_va,memfd,16777216,3,517123995155331,16996,517123995254394,99063
unique_ptr,3,intra_process_va,memfd,16777216,4,517124095465782,19842,517124095584190,118408
unique_ptr,3,intra_process_va,memfd,16777216,5,517124195366050,20077,517124195481669,115619
unique_ptr,3,intra_process_va,memfd,16777216,6,517124295365387,20217,517124295477627,112240
unique_ptr,3,intra_process_va,memfd,16777216,7,517124395455840,19616,517124395573202,117362
unique_ptr,3,intra_process_va,memfd,16777216,8,517124495651543,22248,517124495770389,118846
unique_ptr,3,intra_process_va,memfd,16777216,9,517124595117725,16442,517124595214695,96970
unique_ptr,3,intra_process_va,memfd,16777216,10,517124695458854,20046,517124695578474,119620
unique_ptr,3,intra_process_va,memfd,16777216,11,517124795375600,19837,517124795493885,118285
unique_ptr,3,intra_process_va,memfd,16777216,12,517124895357919,20389,517124895476915,118996
unique_ptr,3,intra_process_va,memfd,16777216,13,517124995731771,22415,517124995860836,129065
unique_ptr,3,intra_process_va,memfd,16777216,14,517125095462336,19576,517125095578111,115775
unique_ptr,3,intra_process_va,memfd,16777216,15,517125195465888,19862,517125195580972,115084
unique_ptr,3,intra_process_va,memfd,16777216,16,517125295402466,22149,517125295519903,117437
unique_ptr,3,intra_process_va,memfd,16777216,17,517125395661621,21429,517125395788728,127107
unique_ptr,3,intra_process_va,memfd,16777216,18,517125495699714,21736,517125495819975,120261
unique_ptr,3,intra_process_va,memfd,16777216,19,517125595289837,18702,517125595392920,103083
unique_ptr,3,intra_process_va,memfd,65536,0,517127319088788,14984,517127319188207,99419
unique_ptr,3,intra_process_va,memfd,65536,1,517127419127973,15529,517127419242202,114229
unique_ptr,3,intra_process_va,memfd,65536,2,517127519114181,16675,517127519229647,115466
unique_ptr,3,intra_process_va,memfd,65536,3,517127619158097,16654,517127619275559,117462
unique_ptr,3,intra_process_va,memfd,65536,4,517127719120184,15606,517127719227715,107531
unique_ptr,3,intra_process_va,memfd,65536,5,517127819079593,15410,517127819188486,108893
unique_ptr,3,intra_process_va,memfd,65536,6,517127918753146,3972,517127918778101,24955
unique_ptr,3,intra_process_va,memfd,65536,7,517128019114451,16861,517128019229937,115486
unique_ptr,3,intra_process_va,memfd,65536,8,517128119087034,13588,517128119187217,100183
unique_ptr,3,intra_process_va,memfd,65536,9,517128219224317,17560,517128219347464,123147
unique_ptr,3,intra_process_va,memfd,65536,10,517128319108007,16158,517128319215127,107120
unique_ptr,3,intra_process_va,memfd,65536,11,517128419110347,16240,517128419227293,116946
unique_ptr,3,intra_process_va,memfd,65536,12,517128518900300,15367,517128519031061,130761
unique_ptr,3,intra_process_va,memfd,65536,13,517128619169502,16700,517128619291745,122243
unique_ptr,3,intra_process_va,memfd,65536,14,517128718967265,17983,517128719106930,139665
unique_ptr,3,intra_process_va,memfd,65536,15,517128819153154,17307,517128819276031,122877
unique_ptr,3,intra_process_va,memfd,65536,16,517128918891021,15355,517128918997875,106854
unique_ptr,3,intra_process_va,memfd,65536,17,517129019170164,15996,517129019284257,114093
unique_ptr,3,intra_process_va,memfd,65536,18,517129119145269,16245,517129119261653,116384
unique_ptr,3,intra_process_va,memfd,65536,19,517129219121149,16127,517129219235602,114453
unique_ptr,3,inter_process,memfd,16777216,0,517134244877571,142565,517134245136404,258833
unique_ptr,3,inter_process,memfd,16777216,1,517134347491633,392245,517134348195473,703840
unique_ptr,3,inter_process,memfd,16777216,2,517134447834115,462553,517134448665130,831015
unique_ptr,3,inter_process,memfd,16777216,3,517134547856029,444945,517134548661353,805324
unique_ptr,3,inter_process,memfd,16777216,4,517134645680624,223867,517134646156716,476092
unique_ptr,3,inter_process,memfd,16777216,5,517134747778357,391478,517134748556451,778094
unique_ptr,3,inter_process,memfd,16777216,6,517134847588500,323187,517134848244347,655847
unique_ptr,3,inter_process,memfd,16777216,7,517134947591659,354882,517134948319329,727670
unique_ptr,3,inter_process,memfd,16777216,8,517135047882088,393330,517135048732759,850671
unique_ptr,3,inter_process,memfd,16777216,9,517135147631957,270435,517135148295054,663097
unique_ptr,3,inter_process,memfd,16777216,10,517135248064274,393004,517135248876701,812427
unique_ptr,3,inter_process,memfd,16777216,11,517135347651940,386498,517135348437023,785083
unique_ptr,3,inter_process,memfd,16777216,12,517135447616081,351836,517135448337845,721764
unique_ptr,3,inter_process,memfd,16777216,13,517135547779566,386894,517135548566805,787239
unique_ptr,3,inter_process,memfd,16777216,14,517135645823557,219875,517135646288660,465103
unique_ptr,3,inter_process,memfd,16777216,15,517135747558478,334011,517135748254606,696128
unique_ptr,3,inter_process,memfd,16777216,16,517135847325360,249752,517135847884598,559238
unique_ptr,3,inter_process,memfd,16777216,17,517135947529479,344068,517135948237431,707952
unique_ptr,3,inter_process,memfd,16777216,18,517136047857840,395169,517136048646077,788237
unique_ptr,3,inter_process,memfd,16777216,19,517136147847272,352568,517136148598904,751632
unique_ptr,3,inter_process,memfd,1048576,0,517142319490009,421638,517142320385326,895317
unique_ptr,3,inter_process,memfd,1048576,1,517142419314643,404251,517142420218303,903660
unique_ptr,3,inter_process,memfd,1048576,2,517142519380970,433935,517142520317508,936538
unique_ptr,3,inter_process,memfd,1048576,3,517142618802795,681422,517142619597964,795169
unique_ptr,3,inter_process,memfd,1048576,4,517142719375529,367597,517142720219209,843680
unique_ptr,3,inter_process,memfd,1048576,5,517142819404699,452464,517142820373396,968697
unique_ptr,3,inter_process,memfd,1048576,6,517142919229260,445134,517142920205685,976425
unique_ptr,3,inter_process,memfd,1048576,7,517143019418450,352623,517143020392865,974415
unique_ptr,3,inter_process,memfd,1048576,8,517143119390982,399048,517143120283092,892110
unique_ptr,3,inter_process,memfd,1048576,9,517143219441883,312849,517143220307055,865172
unique_ptr,3,inter_process,memfd,1048576,10,517143319390451,466164,517143320450639,1060188
unique_ptr,3,inter_process,memfd,1048576,11,517143419356489,407927,517143420252721,896232
unique_ptr,3,inter_process,memfd,1048576,12,517143519416373,465751,517143520461679,1045306
unique_ptr,3,inter_process,memfd,1048576,13,517143619331841,447190,517143620289612,957771
unique_ptr,3,inter_process,memfd,1048576,14,517143719412737,469880,517143720458575,1045838
unique_ptr,3,inter_process,memfd,1048576,15,517143819351308,408471,517143820253445,902137
unique_ptr,3,inter_process,memfd,1048576,16,517143919323470,304750,517143920166994,843524
unique_ptr,3,inter_process,memfd,1048576,17,517144019381048,452074,517144020384152,1003104
unique_ptr,3,inter_process,memfd,1048576,18,517144119381080,432107,517144120338010,956930
unique_ptr,3,inter_process,memfd,1048576,19,517144219420078,473602,517144220476982,1056904
unique_ptr,3,intra_process_va,memfd,4096,0,517147096998440,68492,517147097157587,159147
unique_ptr,3,intra_process_va,memfd,4096,1,517147197058459,18261,517147197185997,127538
unique_ptr,3,intra_process_va,memfd,4096,2,517147296998162,50780,517147297148454,150292
unique_ptr,3,intra_process_va,memfd,4096,3,517147397051710,17822,517147397176928,125218
unique_ptr,3,intra_process_va,memfd,4096,4,517147496865365,16778,517147496987012,121647
unique_ptr,3,intra_process_va,memfd,4096,5,517147596875729,12775,517147596965085,89356
unique_ptr,3,intra_process_va,memfd,4096,6,517147696993298,57735,517147697157221,163923
unique_ptr,3,intra_process_va,memfd,4096,7,517147796946148,14461,517147797087082,140934
unique_ptr,3,intra_process_va,memfd,4096,8,517147896983672,16244,517147897144271,160599
unique_ptr,3,intra_process_va,memfd,4096,9,517147997162715,15902,517147997268230,105515
unique_ptr,3,intra_process_va,memfd,4096,10,517148096991870,57986,517148097158320,166450
unique_ptr,3,intra_process_va,memfd,4096,11,517148196964819,16204,517148197120577,155758
unique_ptr,3,intra_process_va,memfd,4096,12,517148297070453,17490,517148297194285,123832
unique_ptr,3,intra_process_va,memfd,4096,13,517148396973648,16042,517148397130165,156517
unique_ptr,3,intra_process_va,memfd,4096,14,517148496951402,14057,517148497106436,155034
unique_ptr,3,intra_process_va,memfd,4096,15,517148597045603,17568,517148597170807,125204
unique_ptr,3,intra_process_va,memfd,4096,16,517148696941987,12354,517148697066102,124115
unique_ptr,3,intra_process_va,memfd,4096,17,517148797050981,17907,517148797175724,124743
unique_ptr,3,intra_process_va,memfd,4096,18,517148896659343,3766,517148896683116,23773
unique_ptr,3,intra_process_va,memfd,4096,19,517148996955706,15012,517148997120018,164312
unique_ptr,3,intra_process_va,cpu,4194304,0,517150704416123,21218,517150704521106,104983
unique_ptr,3,intra_process_va,cpu,4194304,1,517150804595429,23469,517150804704625,109196
unique_ptr,3,intra_process_va,cpu,4194304,2,517150904649556,21709,517150904755488,105932
unique_ptr,3,intra_process_va,cpu,4194304,3,517151003106400,7316,517151003134421,28021
unique_ptr,3,intra_process_va,cpu,4194304,4,517151104436160,18553,517151104524797,88637
unique_ptr,3,intra_process_va,cpu,4194304,5,517151204576184,21816,517151204683065,106881
unique_ptr,3,intra_process_va,cpu,4194304,6,517151304572764,21912,517151304677189,104425
unique_ptr,3,intra_process_va,cpu,4194304,7,517151404691359,23310,517151404805158,113799
unique_ptr,3,intra_process_va,cpu,4194304,8,517151504527153,21268,517151504630458,103305
unique_ptr,3,intra_process_va,cpu,4194304,9,517151604860284,23522,517151604980230,119946
unique_ptr,3,intra_process_va,cpu,4194304,10,517151704888068,23822,517151705013242,125174
unique_ptr,3,intra_process_va,cpu,4194304,11,517151804842043,23638,517151804956618,114575
unique_ptr,3,intra_process_va,cpu,4194304,12,517151904755952,24365,517151904870712,114760
unique_ptr,3,intra_process_va,cpu,4194304,13,517152004642399,22025,517152004748725,106326
unique_ptr,3,intra_process_va,cpu,4194304,14,517152104636161,22031,517152104742577,106416
unique_ptr,3,intra_process_va,cpu,4194304,15,517152204839359,24655,517152204954022,114663
unique_ptr,3,intra_process_va,cpu,4194304,16,517152304629719,21990,517152304736582,106863
unique_ptr,3,intra_process_va,cpu,4194304,17,517152404629830,21698,517152404735783,105953
unique_ptr,3,intra_process_va,cpu,4194304,18,517152504646095,21510,517152504753796,107701
unique_ptr,3,intra_process_va,cpu,4194304,19,517152604776753,24330,517152604889506,112753
unique_ptr,3,inter_process,cpu,16384,0,517157283691216,69364,517157283833040,141824
unique_ptr,3,inter_process,cpu,16384,1,517157383938015,353080,517157384597631,659616
unique_ptr,3,inter_process,cpu,16384,2,517157483933655,405512,517157484698048,764393
unique_ptr,3,inter_process,cpu,16384,3,517157583942791,400243,517157584688288,745497
unique_ptr,3,inter_process,cpu,16384,4,517157683940094,357927,517157684628971,688877
unique_ptr,3,inter_process,cpu,16384,5,517157783780352,370003,517157784489273,708921
unique_ptr,3,inter_process,cpu,16384,6,517157883986882,406893,517157884755722,768840
unique_ptr,3,inter_process,cpu,16384,7,517157983978122,366173,517157984710477,732355
unique_ptr,3,inter_process,cpu,16384,8,517158083918895,312370,517158084543119,624224
unique_ptr,3,inter_process,cpu,16384,9,517158183950011,310872,517158184637262,687251
unique_ptr,3,inter_process,cpu,16384,10,517158283927715,360559,517158284635554,707839
unique_ptr,3,inter_process,cpu,16384,11,517158384071668,368736,517158384809329,737661
unique_ptr,3,inter_process,cpu,16384,12,517158483961088,401116,517158484729663,768575
unique_ptr,3,inter_process,cpu,16384,13,517158583935767,384067,517158584701742,765975
unique_ptr,3,inter_process,cpu,16384,14,517158683952722,360264,517158684655057,702335
unique_ptr,3,inter_process,cpu,16384,15,517158783982120,387729,517158784734589,752469
unique_ptr,3,inter_process,cpu,16384,16,517158883941453,422612,517158884743075,801622
unique_ptr,3,inter_process,cpu,16384,17,517158983940935,382029,517158984654439,713504
unique_ptr,3,inter_process,cpu,16384,18,517159083942305,334840,517159084591578,649273
unique_ptr,3,inter_process,cpu,16384,19,517159183990324,420851,517159184803250,812926
unique_ptr,3,intra_process_va,memfd,1048576,0,517161088294772,18680,517161088413150,118378
unique_ptr,3,intra_process_va,memfd,1048576,1,517161188230219,18978,517161188344232,114013
unique_ptr,3,intra_process_va,memfd,1048576,2,517161288220952,17763,517161288332193,111241
unique_ptr,3,intra_process_va,memfd,1048576,3,517161388304642,20850,517161388435134,130492
unique_ptr,3,intra_process_va,memfd,1048576,4,517161487800319,5366,517161487827272,26953
unique_ptr,3,intra_process_va,memfd,1048576,5,517161588206370,18197,517161588325359,118989
unique_ptr,3,intra_process_va,memfd,1048576,6,517161687966037,16482,517161688084575,118538
unique_ptr,3,intra_process_va,memfd,1048576,7,517161788264504,19361,517161788384283,119779
unique_ptr,3,intra_process_va,memfd,1048576,8,517161888134800,21257,517161888262009,127209
unique_ptr,3,intra_process_va,memfd,1048576,9,517161988312414,19466,517161988431653,119239
unique_ptr,3,intra_process_va,memfd,1048576,10,517162088228594,18196,517162088340105,111511
unique_ptr,3,intra_process_va,memfd,1048576,11,517162188304778,18404,517162188415540,110762
unique_ptr,3,intra_process_va,memfd,1048576,12,517162288215071,16690,517162288317158,102087
unique_ptr,3,intra_process_va,memfd,1048576,13,517162388245685,19896,517162388365380,119695
unique_ptr,3,intra_process_va,memfd,1048576,14,517162488203034,16919,517162488309549,106515
unique_ptr,3,intra_process_va,memfd,1048576,15,517162588275126,21007,517162588418306,143180
unique_ptr,3,intra_process_va,memfd,1048576,16,517162688334407,18844,517162688454819,120412
unique_ptr,3,intra_process_va,memfd,1048576,17,517162788185943,17248,517162788290880,104937
unique_ptr,3,intra_process_va,memfd,1048576,18,517162888213630,18103,517162888324790,111160
unique_ptr,3,intra_process_va,memfd,1048576,19,517162988211630,17901,517162988322139,110509
unique_ptr,3,intra_process_va,cpu,4096,0,517164719109272,19723,517164719222474,113202
unique_ptr,3,intra_process_va,cpu,4096,1,517164819126419,18497,517164819234960,108541
unique_ptr,3,intra_process_va,cpu,4096,2,517164919128919,19690,517164919247270,118351
unique_ptr,3,intra_process_va,cpu,4096,3,517165019080124,17367,517165019184559,104435
unique_ptr,3,intra_process_va,cpu,4096,4,517165119143924,18802,517165119262926,119002
unique_ptr,3,intra_process_va,cpu,4096,5,517165219139293,18070,517165219247716,108423
unique_ptr,3,intra_process_va,cpu,4096,6,517165319079102,16552,517165319183235,104133
unique_ptr,3,intra_process_va,cpu,4096,7,517165419069743,17294,517165419170466,100723
unique_ptr,3,intra_process_va,cpu,4096,8,517165519147799,19356,517165519266656,118857
unique_ptr,3,intra_process_va,cpu,4096,9,517165618897544,8676,517165618949447,51903
unique_ptr,3,intra_process_va,cpu,4096,10,517165718845953,7668,517165718886305,40352
unique_ptr,3,intra_process_va,cpu,4096,11,517165819113330,20786,517165819236650,123320
unique_ptr,3,intra_process_va,cpu,4096,12,517165919141483,18799,517165919251738,110255
unique_ptr,3,intra_process_va,cpu,4096,13,517166019080067,16209,517166019178951,98884
unique_ptr,3,intra_process_va,cpu,4096,14,517166119129351,19610,517166119249136,119785
unique_ptr,3,intra_process_va,cpu,4096,15,517166219089119,16448,517166219192056,102937
unique_ptr,3,intra_process_va,cpu,4096,16,517166319145931,20167,517166319265289,119358
unique_ptr,3,intra_process_va,cpu,4096,17,517166419127156,18078,517166419251592,124436
unique_ptr,3,intra_process_va,cpu,4096,18,517166519124150,18203,517166519233458,109308
unique_ptr,3,intra_process_va,cpu,4096,19,517166619105146,18402,517166619224171,119025
unique_ptr,3,intra_process_va,memfd,16384,0,517168329102561,16266,517168329213809,111248
unique_ptr,3,intra_process_va,memfd,16384,1,517168429137627,16262,517168429268285,130658
unique_ptr,3,intra_process_va,memfd,16384,2,517168529118217,16692,517168529233625,115408
unique_ptr,3,intra_process_va,memfd,16384,3,517168629176332,18084,517168629302970,126638
unique_ptr,3,intra_process_va,memfd,16384,4,517168729169316,17942,517168729293298,123982
unique_ptr,3,intra_process_va,memfd,16384,5,517168829132283,16234,517168829248242,115959
unique_ptr,3,intra_process_va,memfd,16384,6,517168928919939,14862,517168929059584,139645
unique_ptr,3,intra_process_va,memfd,16384,7,517169029113867,16855,517169029231402,117535
unique_ptr,3,intra_process_va,memfd,16384,8,517169129101983,16023,517169129211675,109692
unique_ptr,3,intra_process_va,memfd,16384,9,517169229235247,17639,517169229358940,123693
unique_ptr,3,intra_process_va,memfd,16384,10,517169329177197,16825,517169329295788,118591
unique_ptr,3,intra_process_va,memfd,16384,11,517169429134754,15840,517169429246705,111951
unique_ptr,3,intra_process_va,memfd,16384,12,517169529176151,16913,517169529300896,124745
unique_ptr,3,intra_process_va,memfd,16384,13,517169629109931,17484,517169629225434,115503
unique_ptr,3,intra_process_va,memfd,16384,14,517169729134696,16017,517169729248636,113940
unique_ptr,3,intra_process_va,memfd,16384,15,517169828859039,7070,517169828906648,47609
unique_ptr,3,intra_process_va,memfd,16384,16,517169929113517,15495,517169929224166,110649
unique_ptr,3,intra_process_va,memfd,16384,17,517170029083858,16087,517170029193322,109464
unique_ptr,3,intra_process_va,memfd,16384,18,517170129113449,15883,517170129247578,134129
unique_ptr,3,intra_process_va,memfd,16384,19,517170229185739,16642,517170229310130,124391
unique_ptr,3,intra_process_va,cpu,65536,0,517171943705045,4430,517171943728247,23202
unique_ptr,3,intra_process_va,cpu,65536,1,517172044057906,18571,517172044171576,113670
unique_ptr,3,intra_process_va,cpu,65536,2,517172144102969,19991,517172144219002,116033
unique_ptr,3,intra_process_va,cpu,65536,3,517172244085207,21398,517172244208218,123011
unique_ptr,3,intra_process_va,cpu,65536,4,517172344045245,18260,517172344151847,106602
unique_ptr,3,intra_process_va,cpu,65536,5,517172443979388,19159,517172444134742,155354
unique_ptr,3,intra_process_va,cpu,65536,6,517172544062763,19077,517172544175122,112359
unique_ptr,3,intra_process_va,cpu,65536,7,517172643905680,8267,517172643955026,49346
unique_ptr,3,intra_process_va,cpu,65536,8,517172744080378,19070,517172744194969,114591
unique_ptr,3,intra_process_va,cpu,65536,9,517172844114834,20765,517172844227951,113117
unique_ptr,3,intra_process_va,cpu,65536,10,517172944114154,21035,517172944237557,123403
unique_ptr,3,intra_process_va,cpu,65536,11,517173044055851,21791,517173044179012,123161
unique_ptr,3,intra_process_va,cpu,65536,12,517173143893865,20517,517173144043645,149780
unique_ptr,3,intra_process_va,cpu,65536,13,517173244041819,18330,517173244147941,106122
unique_ptr,3,intra_process_va,cpu,65536,14,517173344072237,19842,517173344185836,113599
unique_ptr,3,intra_process_va,cpu,65536,15,517173444074237,21292,517173444196928,122691
unique_ptr,3,intra_process_va,cpu,65536,16,517173544103347,20945,517173544227928,124581
unique_ptr,3,intra_process_va,cpu,65536,17,517173643862840,7442,517173643906491,43651
unique_ptr,3,intra_process_va,cpu,65536,18,517173743858616,18430,517173743971029,112413
unique_ptr,3,intra_process_va,cpu,65536,19,517173844045686,20025,517173844179065,133379
unique_ptr,3,inter_process,cpu,262144,0,517178890109702,684543,517178891241293,1131591
unique_ptr,3,inter_process,cpu,262144,1,517178990060135,567313,517178990983472,923337
unique_ptr,3,inter_process,cpu,262144,2,517179090120293,656874,517179091242106,1121813
unique_ptr,3,inter_process,cpu,262144,3,517179190096780,662851,517179191178808,1082028
unique_ptr,3,inter_process,cpu,262144,4,517179290105767,480954,517179291208583,1102816
unique_ptr,3,inter_process,cpu,262144,5,517179390068410,605465,517179391100453,1032043
unique_ptr,3,inter_process,cpu,262144,6,517179490060028,571557,517179490993706,933678
unique_ptr,3,inter_process,cpu,262144,7,517179590065309,581938,517179591075656,1010347
unique_ptr,3,inter_process,cpu,262144,8,517179689991112,623757,517179690979717,988605
unique_ptr,3,inter_process,cpu,262144,9,517179790182025,491954,517179791332012,1149987
unique_ptr,3,inter_process,cpu,262144,10,517179890106133,572974,517179891110124,1003991
unique_ptr,3,inter_process,cpu,262144,11,517179990085998,685156,517179991267238,1181240
unique_ptr,3,inter_process,cpu,262144,12,517180090049129,582914,517180090988803,939674
unique_ptr,3,inter_process,cpu,262144,13,517180189850668,701563,517180190934291,1083623
unique_ptr,3,inter_process,cpu,262144,14,517180289752222,266372,517180290183894,431672
unique_ptr,3,inter_process,cpu,262144,15,517180389932745,126546,517180390173397,240652
unique_ptr,3,inter_process,cpu,262144,16,517180490096370,580493,517180491104552,1008182
unique_ptr,3,inter_process,cpu,262144,17,517180590090972,507732,517180591221295,1130323
unique_ptr,3,inter_process,cpu,262144,18,517180690117670,650736,517180691189939,1072269
unique_ptr,3,inter_process,cpu,262144,19,517180790130089,680799,517180791265583,1135494
unique_ptr,3,intra_process_va,cpu,1024,0,517182685911842,17647,517182686127211,215369
unique_ptr,3,intra_process_va,cpu,1024,1,517182785941960,18506,517182786110876,168916
unique_ptr,3,intra_process_va,cpu,1024,2,517182885982859,55336,517182886135027,152168
unique_ptr,3,intra_process_va,cpu,1024,3,517182985865819,17630,517182985977763,111944
unique_ptr,3,intra_process_va,cpu,1024,4,517183085911297,18747,517183086064454,153157
unique_ptr,3,intra_process_va,cpu,1024,5,517183185904935,16562,517183186044355,139420
unique_ptr,3,intra_process_va,cpu,1024,6,517183285931045,17588,517183286077469,146424
unique_ptr,3,intra_process_va,cpu,1024,7,517183385887473,16796,517183385993382,105909
unique_ptr,3,intra_process_va,cpu,1024,8,517183485931255,17523,517183486079583,148328
unique_ptr,3,intra_process_va,cpu,1024,9,517183585953472,19183,517183586112351,158879
unique_ptr,3,intra_process_va,cpu,1024,10,517183685911571,17171,517183686059849,148278
unique_ptr,3,intra_process_va,cpu,1024,11,517183785945409,19572,517183786105449,160040
unique_ptr,3,intra_process_va,cpu,1024,12,517183885903082,19537,517183886076525,173443
unique_ptr,3,intra_process_va,cpu,1024,13,517183985895493,18201,517183986054807,159314
unique_ptr,3,intra_process_va,cpu,1024,14,517184085952451,19643,517184086120184,167733
unique_ptr,3,intra_process_va,cpu,1024,15,517184185950145,19081,517184186108960,158815
unique_ptr,3,intra_process_va,cpu,1024,16,517184285851294,16501,517184285955312,104018
unique_ptr,3,intra_process_va,cpu,1024,17,517184385904274,18117,517184386059107,154833
unique_ptr,3,intra_process_va,cpu,1024,18,517184485750955,4203,517184485777315,26360
unique_ptr,3,intra_process_va,cpu,1024,19,517184585679345,5818,517184585713666,34321
unique_ptr,3,intra_process_va,memfd,1024,0,517186306138522,18413,517186306265554,127032
unique_ptr,3,intra_process_va,memfd,1024,1,517186406123126,17202,517186406243808,120682
unique_ptr,3,intra_process_va,memfd,1024,2,517186506186324,17714,517186506311120,124796
unique_ptr,3,intra_process_va,memfd,1024,3,517186605824518,3668,517186605847708,23190
unique_ptr,3,intra_process_va,memfd,1024,4,517186706114675,16022,517186706232527,117852
unique_ptr,3,intra_process_va,memfd,1024,5,517186806143429,18177,517186806279295,135866
unique_ptr,3,intra_process_va,memfd,1024,6,517186906114664,15687,517186906223452,108788
unique_ptr,3,intra_process_va,memfd,1024,7,517187006094859,15982,517187006211679,116820
unique_ptr,3,intra_process_va,memfd,1024,8,517187106094142,16380,517187106204138,109996
unique_ptr,3,intra_process_va,memfd,1024,9,517187206224969,17304,517187206347792,122823
unique_ptr,3,intra_process_va,memfd,1024,10,517187305983408,13796,517187306118191,134783
unique_ptr,3,intra_process_va,memfd,1024,11,517187406107599,14617,517187406218444,110845
unique_ptr,3,intra_process_va,memfd,1024,12,517187506150464,15592,517187506257846,107382
unique_ptr,3,intra_process_va,memfd,1024,13,517187606150215,16241,517187606264136,113921
unique_ptr,3,intra_process_va,memfd,1024,14,517187706106462,15687,517187706214233,107771
unique_ptr,3,intra_process_va,memfd,1024,15,517187806067029,16018,517187806176148,109119
unique_ptr,3,intra_process_va,memfd,1024,16,517187906167835,18231,517187906293414,125579
unique_ptr,3,intra_process_va,memfd,1024,17,517188006169480,18108,517188006295504,126024
unique_ptr,3,intra_process_va,memfd,1024,18,517188106128780,13810,517188106229125,100345
unique_ptr,3,intra_process_va,memfd,1024,19,517188206149039,17473,517188206267272,118233
unique_ptr,3,inter_process,cpu,64,0,517192893671049,66038,517192893805117,134068
unique_ptr,3,inter_process,cpu,64,1,517192993922544,406550,517192994645466,722922
unique_ptr,3,inter_process,cpu,64,2,517193093978204,399063,517193094725992,747788
unique_ptr,3,inter_process,cpu,64,3,517193193918525,354334,517193194597351,678826
unique_ptr,3,inter_process,cpu,64,4,517193293928427,355969,517193294638828,710401
unique_ptr,3,inter_process,cpu,64,5,517193393933968,305994,517193394637472,703504
unique_ptr,3,inter_process,cpu,64,6,517193493983317,394557,517193494734001,750684
unique_ptr,3,inter_process,cpu,64,7,517193593987184,378669,517193594720450,733266
unique_ptr,3,inter_process,cpu,64,8,517193693891049,329026,517193694511393,620344
unique_ptr,3,inter_process,cpu,64,9,517193793975476,324557,517193794723030,747554
unique_ptr,3,inter_process,cpu,64,10,517193893980035,381410,517193894716842,736807
unique_ptr,3,inter_process,cpu,64,11,517193993941955,387532,517193994677535,735580
unique_ptr,3,inter_process,cpu,64,12,517194093957715,397898,517194094705408,747693
unique_ptr,3,inter_process,cpu,64,13,517194193952248,365695,517194194644606,692358
unique_ptr,3,inter_process,cpu,64,14,517194293996124,380085,517194294706785,710661
unique_ptr,3,inter_process,cpu,64,15,517194393976203,358258,517194394654643,678440
unique_ptr,3,inter_process,cpu,64,16,517194493932306,323390,517194494556118,623812
unique_ptr,3,inter_process,cpu,64,17,517194593941335,348706,517194594614901,673566
unique_ptr,3,inter_process,cpu,64,18,517194693780562,218911,517194694382425,601863
unique_ptr,3,inter_process,cpu,64,19,517194794061040,327447,517194794763844,702804
unique_ptr,3,inter_process,cpu,16777216,0,517200014767718,3391402,517200028006643,13238925
unique_ptr,3,inter_process,cpu,16777216,1,517200114242348,3353174,517200127651784,13409436
unique_ptr,3,inter_process,cpu,16777216,2,517200213895600,3410021,517200227246077,13350477
unique_ptr,3,inter_process,cpu,16777216,3,517200314029487,3316126,517200327283577,13254090
unique_ptr,3,inter_process,cpu,16777216,4,517200413962776,3328723,517200427230448,13267672
unique_ptr,3,inter_process,cpu,16777216,5,517200513960815,3320049,517200527196123,13235308
unique_ptr,3,inter_process,cpu,16777216,6,517200613383274,3340303,517200626660440,13277166
unique_ptr,3,inter_process,cpu,16777216,7,517200714237264,3323747,517200727669444,13432180
unique_ptr,3,inter_process,cpu,16777216,8,517200813609099,3370564,517200826949332,13340233
unique_ptr,3,inter_process,cpu,16777216,9,517200913538272,3324428,517200926752188,13213916
unique_ptr,3,inter_process,cpu,16777216,10,517201013975260,3361730,517201027230579,13255319
unique_ptr,3,inter_process,cpu,16777216,11,517201113951463,3378098,517201127244893,13293430
unique_ptr,3,inter_process,cpu,16777216,12,517201211210261,3492091,517201224098804,12888543
unique_ptr,3,inter_process,cpu,16777216,13,517201313011633,3475037,517201326127079,13115446
unique_ptr,3,inter_process,cpu,16777216,14,517201414302558,3296319,517201427608830,13306272
unique_ptr,3,inter_process,cpu,16777216,15,517201514523010,3305184,517201527723616,13200606
unique_ptr,3,inter_process,cpu,16777216,16,517201614355221,3316090,517201627589349,13234128
unique_ptr,3,inter_process,cpu,16777216,17,517201714195349,3322319,517201727332824,13137475
unique_ptr,3,inter_process,cpu,16777216,18,517201814306089,3334585,517201827681570,13375481
unique_ptr,3,inter_process,cpu,16777216,19,517201914201895,3303276,517201927407412,13205517
unique_ptr,3,inter_process,memfd,1024,0,517206792258523,477375,517206793338657,1080134
unique_ptr,3,inter_process,memfd,1024,1,517206892172204,422074,517206893111497,939293
unique_ptr,3,inter_process,memfd,1024,2,517206992143775,410727,517206993078465,934690
unique_ptr,3,inter_process,memfd,1024,3,517207092143187,417924,517207093078991,935804
unique_ptr,3,inter_process,memfd,1024,4,517207191956317,491517,517207192977600,1021283
unique_ptr,3,inter_process,memfd,1024,5,517207292109437,389032,517207292954430,844993
unique_ptr,3,inter_process,memfd,1024,6,517207392184647,340294,517207393145180,960533
unique_ptr,3,inter_process,memfd,1024,7,517207491897326,180482,517207492280311,382985
unique_ptr,3,inter_process,memfd,1024,8,517207592116674,337135,517207592882845,766171
unique_ptr,3,inter_process,memfd,1024,9,517207692121897,320630,517207693049703,927806
unique_ptr,3,inter_process,memfd,1024,10,517207791987081,504853,517207793066732,1079651
unique_ptr,3,inter_process,memfd,1024,11,517207892192024,464018,517207893215435,1023411
unique_ptr,3,inter_process,memfd,1024,12,517207992144058,417456,517207993092440,948382
unique_ptr,3,inter_process,memfd,1024,13,517208092116585,394006,517208092974256,857671
unique_ptr,3,inter_process,memfd,1024,14,517208192115905,390243,517208192965744,849839
unique_ptr,3,inter_process,memfd,1024,15,517208292245702,446984,517208293242868,997166
unique_ptr,3,inter_process,memfd,1024,16,517208392217695,465993,517208393246508,1028813
unique_ptr,3,inter_process,memfd,1024,17,517208492146141,394022,517208493035488,889347
unique_ptr,3,inter_process,memfd,1024,18,517208592182232,462320,517208593291466,1109234
unique_ptr,3,inter_process,memfd,1024,19,517208692249998,450850,517208693260732,1010734
unique_ptr,3,intra_process_va,cpu,64,0,517211573940547,16758,517211574087094,146547
unique_ptr,3,intra_process_va,cpu,64,1,517211675066265,7318,517211675109658,43393
unique_ptr,3,intra_process_va,cpu,64,2,517211773633334,3879,517211773658196,24862
unique_ptr,3,intra_process_va,cpu,64,3,517211873904882,18478,517211874072899,168017
unique_ptr,3,intra_process_va,cpu,64,4,517211973898293,18506,517211974049036,150743
unique_ptr,3,intra_process_va,cpu,64,5,517212073916500,17354,517212074077673,161173
unique_ptr,3,intra_process_va,cpu,64,6,517212173939915,18477,517212174118520,178605
unique_ptr,3,intra_process_va,cpu,64,7,517212273916900,16865,517212274073083,156183
unique_ptr,3,intra_process_va,cpu,64,8,517212373885732,15850,517212373987940,102208
unique_ptr,3,intra_process_va,cpu,64,9,517212473921578,18370,517212474139588,218010
unique_ptr,3,intra_process_va,cpu,64,10,517212573891692,17668,517212574040996,149304
unique_ptr,3,intra_process_va,cpu,64,11,517212673906886,14990,517212674049743,142857
unique_ptr,3,intra_process_va,cpu,64,12,517212773897149,17216,517212774046462,149313
unique_ptr,3,intra_process_va,cpu,64,13,517212873922010,18394,517212874098283,176273
unique_ptr,3,intra_process_va,cpu,64,14,517212973927927,17862,517212974072308,144381
unique_ptr,3,intra_process_va,cpu,64,15,517213073914426,16966,517213074061555,147129
unique_ptr,3,intra_process_va,cpu,64,16,517213173866527,14450,517213173958421,91894
unique_ptr,3,intra_process_va,cpu,64,17,517213273886549,16411,517213273988887,102338
unique_ptr,3,intra_process_va,cpu,64,18,517213373902310,18099,517213374051639,149329
unique_ptr,3,intra_process_va,cpu,64,19,517213473925524,18523,517213474083846,158322
unique_ptr,3,inter_process,cpu,4096,0,517218161947601,351890,517218162628781,681180
unique_ptr,3,inter_process,cpu,4096,1,517218262044458,324368,517218262688546,644088
unique_ptr,3,inter_process,cpu,4096,2,517218362073971,350613,517218362784055,710084
unique_ptr,3,inter_process,cpu,4096,3,517218461963635,402552,517218462708796,745161
unique_ptr,3,inter_process,cpu,4096,4,517218561973950,405547,517218562742866,768916
unique_ptr,3,inter_process,cpu,4096,5,517218662048308,313007,517218662687456,639148
unique_ptr,3,inter_process,cpu,4096,6,517218761838159,320377,517218762427776,589617
unique_ptr,3,inter_process,cpu,4096,7,517218861965535,373751,517218862682361,716826
unique_ptr,3,inter_process,cpu,4096,8,517218961826562,101587,517218962044537,217975
unique_ptr,3,inter_process,cpu,4096,9,517219061928833,307476,517219062615094,686261
unique_ptr,3,inter_process,cpu,4096,10,517219161949725,363176,517219162646058,696333
unique_ptr,3,inter_process,cpu,4096,11,517219261948983,399387,517219262708318,759335
unique_ptr,3,inter_process,cpu,4096,12,517219361707773,150023,517219362028238,320465
unique_ptr,3,inter_process,cpu,4096,13,517219461847171,330392,517219462484209,637038
unique_ptr,3,inter_process,cpu,4096,14,517219561864752,318060,517219562477403,612651
unique_ptr,3,inter_process,cpu,4096,15,517219661922552,303403,517219662512537,589985
unique_ptr,3,inter_process,cpu,4096,16,517219761791804,331920,517219762387461,595657
unique_ptr,3,inter_process,cpu,4096,17,517219861962623,388506,517219862709203,746580
unique_ptr,3,inter_process,cpu,4096,18,517219961955701,417309,517219962733379,777678
unique_ptr,3,inter_process,cpu,4096,19,517220061712066,76623,517220061876157,164091
unique_ptr,3,inter_process,cpu,1024,0,517224924077078,379791,517224924772155,695077
unique_ptr,3,inter_process,cpu,1024,1,517225024081342,413996,517225024782311,700969
unique_ptr,3,inter_process,cpu,1024,2,517225124095307,349941,517225124795467,700160
unique_ptr,3,inter_process,cpu,1024,3,517225224099634,347361,517225224804726,705092
unique_ptr,3,inter_process,cpu,1024,4,517225324052574,336418,517225324716318,663744
unique_ptr,3,inter_process,cpu,1024,5,517225424083819,228331,517225424705144,621325
unique_ptr,3,inter_process,cpu,1024,6,517225523970313,335623,517225524597005,626692
unique_ptr,3,inter_process,cpu,1024,7,517225624077828,313352,517225624708722,630894
unique_ptr,3,inter_process,cpu,1024,8,517225724094529,348217,517225724959935,865406
unique_ptr,3,inter_process,cpu,1024,9,517225824084800,238666,517225824737989,653189
unique_ptr,3,inter_process,cpu,1024,10,517225924065065,316397,517225924700169,635104
unique_ptr,3,inter_process,cpu,1024,11,517226024038597,333275,517226024687385,648788
unique_ptr,3,inter_process,cpu,1024,12,517226124051300,296427,517226124649123,597823
unique_ptr,3,inter_process,cpu,1024,13,517226224073895,352401,517226224778908,705013
unique_ptr,3,inter_process,cpu,1024,14,517226323864583,162593,517226324181676,317093
unique_ptr,3,inter_process,cpu,1024,15,517226423932045,220220,517226424350479,418434
unique_ptr,3,inter_process,cpu,1024,16,517226523984053,356987,517226524664800,680747
unique_ptr,3,inter_process,cpu,1024,17,517226624058125,212496,517226624652834,594709
unique_ptr,3,inter_process,cpu,1024,18,517226724068191,354489,517226724771032,702841
unique_ptr,3,inter_process,cpu,1024,19,517226823820073,223850,517226824246812,426739
unique_ptr,3,inter_process,memfd,4194304,0,517232030119064,442351,517232031028152,909088
unique_ptr,3,inter_process,memfd,4194304,1,517232130257620,490313,517232131260630,1003010
unique_ptr,3,inter_process,memfd,4194304,2,517232230070616,436420,517232230958282,887666
unique_ptr,3,inter_process,memfd,4194304,3,517232329922226,366224,517232330684054,761828
unique_ptr,3,inter_process,memfd,4194304,4,517232430088393,451139,517232430973205,884812
unique_ptr,3,inter_process,memfd,4194304,5,517232529968829,439314,517232530842439,873610
unique_ptr,3,inter_process,memfd,4194304,6,517232629026819,103656,517232629243049,216230
unique_ptr,3,inter_process,memfd,4194304,7,517232729844189,364081,517232730606242,762053
unique_ptr,3,inter_process,memfd,4194304,8,517232830179263,362950,517232831112765,933502
unique_ptr,3,inter_process,memfd,4194304,9,517232930054580,302454,517232930848239,793659
unique_ptr,3,inter_process,memfd,4194304,10,517233030046683,436886,517233030968440,921757
unique_ptr,3,inter_process,memfd,4194304,11,517233130081698,410070,517233130936628,854930
unique_ptr,3,inter_process,memfd,4194304,12,517233230057707,449541,517233230952478,894771
unique_ptr,3,inter_process,memfd,4194304,13,517233330127523,469230,517233331089872,962349
unique_ptr,3,inter_process,memfd,4194304,14,517233430157660,488264,517233431151385,993725
unique_ptr,3,inter_process,memfd,4194304,15,517233530089914,434279,517233530956480,866566
unique_ptr,3,inter_process,memfd,4194304,16,517233629974785,427320,517233630841213,866428
unique_ptr,3,inter_process,memfd,4194304,17,517233730110632,467178,517233731068912,958280
unique_ptr,3,inter_process,memfd,4194304,18,517233830070784,451866,517233830939892,869108
unique_ptr,3,inter_process,memfd,4194304,19,517233930138404,415496,517233930981009,842605
unique_ptr,3,intra_process_va,memfd,4194304,0,517236805263872,10457,517236805324377,60505
unique_ptr,3,intra_process_va,memfd,4194304,1,517236905065934,7547,517236905103124,37190
unique_ptr,3,intra_process_va,memfd,4194304,2,517237005913275,21978,517237006061361,148086
unique_ptr,3,intra_process_va,memfd,4194304,3,517237105883873,20716,517237106022324,138451
unique_ptr,3,intra_process_va,memfd,4194304,4,517237205939407,21484,517237206086900,147493
unique_ptr,3,intra_process_va,memfd,4194304,5,517237305870398,20605,517237305988674,118276
unique_ptr,3,intra_process_va,memfd,4194304,6,517237405930565,22377,517237406079630,149065
unique_ptr,3,intra_process_va,memfd,4194304,7,517237505899553,21318,517237506036181,136628
unique_ptr,3,intra_process_va,memfd,4194304,8,517237605977444,22474,517237606127607,150163
unique_ptr,3,intra_process_va,memfd,4194304,9,517237705936320,20163,517237706087297,150977
unique_ptr,3,intra_process_va,memfd,4194304,10,517237805987452,43723,517237806145800,158348
unique_ptr,3,intra_process_va,memfd,4194304,11,517237905960576,22033,517237906107910,147334
unique_ptr,3,intra_process_va,memfd,4194304,12,517238005634705,18514,517238005738280,103575
unique_ptr,3,intra_process_va,memfd,4194304,13,517238105875481,20281,517238105993786,118305
unique_ptr,3,intra_process_va,memfd,4194304,14,517238205933908,21183,517238206084599,150691
unique_ptr,3,intra_process_va,memfd,4194304,15,517238306079145,23341,517238306207354,128209
unique_ptr,3,intra_process_va,memfd,4194304,16,517238405981397,44545,517238406133839,152442
unique_ptr,3,intra_process_va,memfd,4194304,17,517238505906196,20827,517238506041724,135528
unique_ptr,3,intra_process_va,memfd,4194304,18,517238606099373,23284,517238606234926,135553
unique_ptr,3,intra_process_va,memfd,4194304,19,517238705861418,18906,517238705971971,110553
unique_ptr,3,inter_process,cpu,65536,0,517243728085588,437386,517243728800749,715161
unique_ptr,3,inter_process,cpu,65536,1,517243828067879,395498,517243828714160,646281
unique_ptr,3,inter_process,cpu,65536,2,517243928136852,428869,517243928846668,709816
unique_ptr,3,inter_process,cpu,65536,3,517244028067801,400961,517244028710952,643151
unique_ptr,3,inter_process,cpu,65536,4,517244128142834,299559,517244128858496,715662
unique_ptr,3,inter_process,cpu,65536,5,517244228068124,410495,517244228729604,661480
unique_ptr,3,inter_process,cpu,65536,6,517244327901635,464555,517244328617697,716062
unique_ptr,3,inter_process,cpu,65536,7,517244428114218,434003,517244428830793,716575
unique_ptr,3,inter_process,cpu,65536,8,517244528076559,429038,517244528765320,688761
unique_ptr,3,inter_process,cpu,65536,9,517244628194176,298345,517244628962812,768636
unique_ptr,3,inter_process,cpu,65536,10,517244728167401,401121,517244728822379,654978
unique_ptr,3,inter_process,cpu,65536,11,517244828089387,395382,517244828738834,649447
unique_ptr,3,inter_process,cpu,65536,12,517244928110691,386425,517244928746251,635560
unique_ptr,3,inter_process,cpu,65536,13,517245028108681,447400,517245028837884,729203
unique_ptr,3,inter_process,cpu,65536,14,517245128097621,400787,517245128758897,661276
unique_ptr,3,inter_process,cpu,65536,15,517245228067159,104252,517245228338228,271069
unique_ptr,3,inter_process,cpu,65536,16,517245327996710,395302,517245328668676,671966
unique_ptr,3,inter_process,cpu,65536,17,517245428118224,431114,517245428827454,709230
unique_ptr,3,inter_process,cpu,65536,18,517245528098962,278832,517245528738005,639043
unique_ptr,3,inter_process,cpu,65536,19,517245628144751,444646,517245628919509,774758
unique_ptr,3,inter_process,memfd,262144,0,517250825205498,424949,517250826177443,971945
unique_ptr,3,inter_process,memfd,262144,1,517250925198301,404792,517250926089031,890730
unique_ptr,3,inter_process,memfd,262144,2,517251025271888,464188,517251026304229,1032341
unique_ptr,3,inter_process,memfd,262144,3,517251125279184,462085,517251126312632,1033448
unique_ptr,3,inter_process,memfd,262144,4,517251225253614,464866,517251226284478,1030864
unique_ptr,3,inter_process,memfd,262144,5,517251325196066,425213,517251326135477,939411
unique_ptr,3,inter_process,memfd,262144,6,517251425198693,400495,517251426095307,896614
unique_ptr,3,inter_process,memfd,262144,7,517251524851238,90544,517251525056297,205059
unique_ptr,3,inter_process,memfd,262144,8,517251625275259,471665,517251626311715,1036456
unique_ptr,3,inter_process,memfd,262144,9,517251725321858,331662,517251726276296,954438
unique_ptr,3,inter_process,memfd,262144,10,517251825268832,473453,517251826317542,1048710
unique_ptr,3,inter_process,memfd,262144,11,517251925206197,400606,517251926106992,900795
unique_ptr,3,inter_process,memfd,262144,12,517252025222567,447855,517252026189821,967254
unique_ptr,3,inter_process,memfd,262144,13,517252125290832,418553,517252126221151,930319
unique_ptr,3,inter_process,memfd,262144,14,517252225218132,475517,517252226263285,1045153
unique_ptr,3,inter_process,memfd,262144,15,517252325124594,415346,517252326044433,919839
unique_ptr,3,inter_process,memfd,262144,16,517252425191354,321934,517252426074407,883053
unique_ptr,3,inter_process,memfd,262144,17,517252525188527,392229,517252526070423,881896
unique_ptr,3,inter_process,memfd,262144,18,517252625248553,460233,517252626278829,1030276
unique_ptr,3,inter_process,memfd,262144,19,517252725289786,392549,517252726184347,894561
unique_ptr,3,intra_process_va,cpu,16384,0,517255613994866,53437,517255614135936,141070
unique_ptr,3,intra_process_va,cpu,16384,1,517255713712891,5886,517255713746414,33523
unique_ptr,3,intra_process_va,cpu,16384,2,517255813995067,51113,517255814134237,139170
unique_ptr,3,intra_process_va,cpu,16384,3,517255913989532,51604,517255914126411,136879
unique_ptr,3,intra_process_va,cpu,16384,4,517256014068902,18913,517256014196536,127634
unique_ptr,3,intra_process_va,cpu,16384,5,517256113994731,62688,517256114143823,149092
unique_ptr,3,intra_process_va,cpu,16384,6,517256214071785,19139,517256214186528,114743
unique_ptr,3,intra_process_va,cpu,16384,7,517256314084386,20717,517256314204068,119682
unique_ptr,3,intra_process_va,cpu,16384,8,517256414070751,20160,517256414191660,120909
unique_ptr,3,intra_process_va,cpu,16384,9,517256513995423,124096,517256514212337,216914
unique_ptr,3,intra_process_va,cpu,16384,10,517256614042565,20158,517256614155383,112818
unique_ptr,3,intra_process_va,cpu,16384,11,517256713855572,19475,517256713973911,118339
unique_ptr,3,intra_process_va,cpu,16384,12,517256814087405,20245,517256814207622,120217
unique_ptr,3,intra_process_va,cpu,16384,13,517256914101207,20560,517256914223893,122686
unique_ptr,3,intra_process_va,cpu,16384,14,517257014058528,19466,517257014171586,113058
unique_ptr,3,intra_process_va,cpu,16384,15,517257114052164,19440,517257114163959,111795
unique_ptr,3,intra_process_va,cpu,16384,16,517257214046768,18231,517257214152271,105503
unique_ptr,3,intra_process_va,cpu,16384,17,517257314034957,18788,517257314138675,103718
unique_ptr,3,intra_process_va,cpu,16384,18,517257414059280,21172,517257414183659,124379
unique_ptr,3,intra_process_va,cpu,16384,19,517257513995973,51522,517257514154183,158210
unique_ptr,3,inter_process,memfd,65536,0,517262538182330,407322,517262539112880,930550
unique_ptr,3,inter_process,memfd,65536,1,517262637888112,90606,517262638090322,202210
unique_ptr,3,inter_process,memfd,65536,2,517262738140990,405157,517262739048885,907895
unique_ptr,3,inter_process,memfd,65536,3,517262838163789,411355,517262839090107,926318
unique_ptr,3,inter_process,memfd,65536,4,517262938209271,490733,517262939282503,1073232
unique_ptr,3,inter_process,memfd,65536,5,517263038216747,466798,517263039254141,1037394
unique_ptr,3,inter_process,memfd,65536,6,517263138126859,409654,517263138981833,854974
unique_ptr,3,inter_process,memfd,65536,7,517263238182247,421742,517263239125387,943140
unique_ptr,3,inter_process,memfd,65536,8,517263338191223,466865,517263339234073,1042850
unique_ptr,3,inter_process,memfd,65536,9,517263438240135,310376,517263439110018,869883
unique_ptr,3,inter_process,memfd,65536,10,517263538243881,422690,517263539209877,965996
unique_ptr,3,inter_process,memfd,65536,11,517263637766376,85914,517263637959656,193280
unique_ptr,3,inter_process,memfd,65536,12,517263738217030,438089,517263739210212,993182
unique_ptr,3,inter_process,memfd,65536,13,517263838174881,411163,517263839103533,928652
unique_ptr,3,inter_process,memfd,65536,14,517263938158178,413295,517263939089861,931683
unique_ptr,3,inter_process,memfd,65536,15,517264037838505,160136,517264038196856,358351
unique_ptr,3,inter_process,memfd,65536,16,517264137792769,165250,517264138166307,373538
unique_ptr,3,inter_process,memfd,65536,17,517264238144817,416838,517264239087783,942966
unique_ptr,3,inter_process,memfd,65536,18,517264338245920,339294,517264339216381,970461
unique_ptr,3,inter_process,memfd,65536,19,517264438117848,411687,517264439043798,925950
unique_ptr,3,intra_process_va,cpu,1048576,0,517267320383556,23677,517267320501965,118409
unique_ptr,3,intra_process_va,cpu,1048576,1,517267420400540,22274,517267420516729,116189
unique_ptr,3,intra_process_va,cpu,1048576,2,517267520412850,24433,517267520539991,127141
unique_ptr,3,intra_process_va,cpu,1048576,3,517267620405179,23010,517267620523820,118641
unique_ptr,3,intra_process_va,cpu,1048576,4,517267720434189,24044,517267720562235,128046
unique_ptr,3,intra_process_va,cpu,1048576,5,517267820359458,22949,517267820477857,118399
unique_ptr,3,intra_process_va,cpu,1048576,6,517267920366818,21788,517267920477555,110737
unique_ptr,3,intra_process_va,cpu,1048576,7,517268020437934,21774,517268020555507,117573
unique_ptr,3,intra_process_va,cpu,1048576,8,517268120361112,21780,517268120470163,109051
unique_ptr,3,intra_process_va,cpu,1048576,9,517268219759273,5451,517268219784981,25708
unique_ptr,3,intra_process_va,cpu,1048576,10,517268320345586,22790,517268320456639,111053
unique_ptr,3,intra_process_va,cpu,1048576,11,517268420390069,20891,517268420499513,109444
unique_ptr,3,intra_process_va,cpu,1048576,12,517268520357167,23831,517268520473607,116440
unique_ptr,3,intra_process_va,cpu,1048576,13,517268620370810,21657,517268620481038,110228
unique_ptr,3,intra_process_va,cpu,1048576,14,517268720415592,23125,517268720535850,120258
unique_ptr,3,intra_process_va,cpu,1048576,15,517268820468152,24333,517268820595339,127187
unique_ptr,3,intra_process_va,cpu,1048576,16,517268920410697,22925,517268920530454,119757
unique_ptr,3,intra_process_va,cpu,1048576,17,517269020374170,22124,517269020486032,111862
unique_ptr,3,intra_process_va,cpu,1048576,18,517269119874049,9481,517269119923529,49480
unique_ptr,3,intra_process_va,cpu,1048576,19,517269220368592,21093,517269220480029,111437
unique_ptr,3,intra_process_va,memfd,64,0,517270930108825,16593,517270930225952,117127
unique_ptr,3,intra_process_va,memfd,64,1,517271030125190,18240,517271030250543,125353
unique_ptr,3,intra_process_va,memfd,64,2,517271130109115,16129,517271130222934,113819
unique_ptr,3,intra_process_va,memfd,64,3,517271230142914,17174,517271230267132,124218
unique_ptr,3,intra_process_va,memfd,64,4,517271330118639,15732,517271330225519,106880
unique_ptr,3,intra_process_va,memfd,64,5,517271430101965,16131,517271430217474,115509
unique_ptr,3,intra_process_va,memfd,64,6,517271530105235,14924,517271530200950,95715
unique_ptr,3,intra_process_va,memfd,64,7,517271630071819,16354,517271630190515,118696
unique_ptr,3,intra_process_va,memfd,64,8,517271730110222,15081,517271730218257,108035
unique_ptr,3,intra_process_va,memfd,64,9,517271830132358,16901,517271830246428,114070
unique_ptr,3,intra_process_va,memfd,64,10,517271930125054,18420,517271930250373,125319
unique_ptr,3,intra_process_va,memfd,64,11,517272030146261,15318,517272030254111,107850
unique_ptr,3,intra_process_va,memfd,64,12,517272130103127,16458,517272130223116,119989
unique_ptr,3,intra_process_va,memfd,64,13,517272230163854,16380,517272230286930,123076
unique_ptr,3,intra_process_va,memfd,64,14,517272330131224,16791,517272330246597,115373
unique_ptr,3,intra_process_va,memfd,64,15,517272429737773,3290,517272429760046,22273
unique_ptr,3,intra_process_va,memfd,64,16,517272530067215,14002,517272530167835,100620
unique_ptr,3,intra_process_va,memfd,64,17,517272630071632,14881,517272630180373,108741
unique_ptr,3,intra_process_va,memfd,64,18,517272730141638,17881,517272730266276,124638
unique_ptr,3,intra_process_va,memfd,64,19,517272830185361,17135,517272830310600,125239
unique_ptr,3,intra_process_va,memfd,262144,0,517274541719105,3775,517274541744565,25460
unique_ptr,3,intra_process_va,memfd,262144,1,517274640906123,6670,517274640954203,48080
unique_ptr,3,intra_process_va,memfd,262144,2,517274741250065,19099,517274741378336,128271
unique_ptr,3,intra_process_va,memfd,262144,3,517274841164597,19452,517274841290786,126189
unique_ptr,3,intra_process_va,memfd,262144,4,517274941227696,19206,517274941354169,126473
unique_ptr,3,intra_process_va,memfd,262144,5,517275041171344,16737,517275041282364,111020
unique_ptr,3,intra_process_va,memfd,262144,6,517275141166220,17279,517275141277794,111574
unique_ptr,3,intra_process_va,memfd,262144,7,517275241197654,19257,517275241325164,127510
unique_ptr,3,intra_process_va,memfd,262144,8,517275341228401,19687,517275341354629,126228
unique_ptr,3,intra_process_va,memfd,262144,9,517275441214724,18502,517275441331922,117198
unique_ptr,3,intra_process_va,memfd,262144,10,517275541132812,16894,517275541241810,108998
unique_ptr,3,intra_process_va,memfd,262144,11,517275640939298,5698,517275640978782,39484
unique_ptr,3,intra_process_va,memfd,262144,12,517275741196129,18787,517275741315564,119435
unique_ptr,3,intra_process_va,memfd,262144,13,517275841228647,19120,517275841355623,126976
unique_ptr,3,intra_process_va,memfd,262144,14,517275941203991,19782,517275941332834,128843
unique_ptr,3,intra_process_va,memfd,262144,15,517276041181536,17891,517276041298869,117333
unique_ptr,3,intra_process_va,memfd,262144,16,517276141166066,18238,517276141283746,117680
unique_ptr,3,intra_process_va,memfd,262144,17,517276240955055,16579,517276241096127,141072
unique_ptr,3,intra_process_va,memfd,262144,18,517276341206639,19344,517276341333914,127275
unique_ptr,3,intra_process_va,memfd,262144,19,517276441174378,17769,517276441290641,116263
unique_ptr,3,inter_process,memfd,64,0,517281498171864,483310,517281499222579,1050715
unique_ptr,3,inter_process,memfd,64,1,517281598168580,418558,517281599101945,933365
unique_ptr,3,inter_process,memfd,64,2,517281698161473,420195,517281699099453,937980
unique_ptr,3,inter_process,memfd,64,3,517281798119608,387372,517281798945883,826275
unique_ptr,3,inter_process,memfd,64,4,517281898156546,423220,517281899092169,935623
unique_ptr,3,inter_process,memfd,64,5,517281998217893,500374,517281999287534,1069641
unique_ptr,3,inter_process,memfd,64,6,517282098119117,292462,517282098910461,791344
unique_ptr,3,inter_process,memfd,64,7,517282198172874,439055,517282199106213,933339
unique_ptr,3,inter_process,memfd,64,8,517282298056540,291248,517282298728707,672167
unique_ptr,3,inter_process,memfd,64,9,517282398256611,295329,517282399158917,902306
unique_ptr,3,inter_process,memfd,64,10,517282498184087,468595,517282499241782,1057695
unique_ptr,3,inter_process,memfd,64,11,517282598160902,460667,517282599234993,1074091
unique_ptr,3,inter_process,memfd,64,12,517282698165733,418911,517282699103656,937923
unique_ptr,3,inter_process,memfd,64,13,517282798148722,412615,517282799070248,921526
unique_ptr,3,inter_process,memfd,64,14,517282897880052,89863,517282898078723,198671
unique_ptr,3,inter_process,memfd,64,15,517282998147793,429905,517282999091291,943498
unique_ptr,3,inter_process,memfd,64,16,517283098190089,449094,517283099184538,994449
unique_ptr,3,inter_process,memfd,64,17,517283198122628,404969,517283198983740,861112
unique_ptr,3,inter_process,memfd,64,18,517283298134516,445034,517283299122782,988266
unique_ptr,3,inter_process,memfd,64,19,517283398156416,292239,517283398946353,789937
unique_ptr,3,intra_process_va,cpu,16777216,0,517286283938965,5682,517286283966879,27914
unique_ptr,3,intra_process_va,cpu,16777216,1,517286384291319,5667,517286384319512,28193
unique_ptr,3,intra_process_va,cpu,16777216,2,517286484291558,16065,517286484368808,77250
unique_ptr,3,intra_process_va,cpu,16777216,3,517286583990166,5923,517286584021784,31618
unique_ptr,3,intra_process_va,cpu,16777216,4,517286683974268,5564,517286684004167,29899
unique_ptr,3,intra_process_va,cpu,16777216,5,517286784630206,5687,517286784658669,28463
unique_ptr,3,intra_process_va,cpu,16777216,6,517286884232895,5788,517286884261620,28725
unique_ptr,3,intra_process_va,cpu,16777216,7,517286984430363,16830,517286984506975,76612
unique_ptr,3,intra_process_va,cpu,16777216,8,517287080361787,7849,517287080393620,31833
unique_ptr,3,intra_process_va,cpu,16777216,9,517287184333034,15901,517287184415486,82452
unique_ptr,3,intra_process_va,cpu,16777216,10,517287284251689,15590,517287284327745,76056
unique_ptr,3,intra_process_va,cpu,16777216,11,517287384568521,5429,517287384595993,27472
unique_ptr,3,intra_process_va,cpu,16777216,12,517287484642336,16011,517287484720121,77785
unique_ptr,3,intra_process_va,cpu,16777216,13,517287584589690,5690,517287584619208,29518
unique_ptr,3,intra_process_va,cpu,16777216,14,517287683912894,14084,517287683976780,63886
unique_ptr,3,intra_process_va,cpu,16777216,15,517287784159645,5672,517287784188408,28763
unique_ptr,3,intra_process_va,cpu,16777216,16,517287884305627,5802,517287884334119,28492
unique_ptr,3,intra_process_va,cpu,16777216,17,517287984327869,15821,517287984404206,76337
unique_ptr,3,intra_process_va,cpu,16777216,18,517288084309555,16295,517288084386907,77352
unique_ptr,3,intra_process_va,cpu,16777216,19,517288183483006,14779,517288183552438,69432
unique_ptr,3,intra_process_va,cpu,262144,0,517289907144246,21386,517289907265846,121600
unique_ptr,3,intra_process_va,cpu,262144,1,517290007080858,19696,517290007186815,105957
unique_ptr,3,intra_process_va,cpu,262144,2,517290107152716,19123,517290107266301,113585
unique_ptr,3,intra_process_va,cpu,262144,3,517290207179542,20338,517290207294456,114914
unique_ptr,3,intra_process_va,cpu,262144,4,517290307121215,19192,517290307234180,112965
unique_ptr,3,intra_process_va,cpu,262144,5,517290407189761,20435,517290407310635,120874
unique_ptr,3,intra_process_va,cpu,262144,6,517290507163718,20028,517290507284335,120617
unique_ptr,3,intra_process_va,cpu,262144,7,517290607137333,20167,517290607251421,114088
unique_ptr,3,intra_process_va,cpu,262144,8,517290707179467,19020,517290707291325,111858
unique_ptr,3,intra_process_va,cpu,262144,9,517290807241556,20760,517290807359541,117985
unique_ptr,3,intra_process_va,cpu,262144,10,517290907167916,21058,517290907290462,122546
unique_ptr,3,intra_process_va,cpu,262144,11,517291007159191,19261,517291007264075,104884
unique_ptr,3,intra_process_va,cpu,262144,12,517291107164961,20312,517291107280037,115076
unique_ptr,3,intra_process_va,cpu,262144,13,517291206857564,6925,517291206897084,39520
unique_ptr,3,intra_process_va,cpu,262144,14,517291306797403,7226,517291306840136,42733
unique_ptr,3,intra_process_va,cpu,262144,15,517291407155613,20691,517291407271115,115502
unique_ptr,3,intra_process_va,cpu,262144,16,517291507067991,17242,517291507169775,101784
unique_ptr,3,intra_process_va,cpu,262144,17,517291607149715,20608,517291607271724,122009
unique_ptr,3,intra_process_va,cpu,262144,18,517291707111464,20267,517291707224636,113172
unique_ptr,3,intra_process_va,cpu,262144,19,517291807204860,20182,517291807325561,120701
unique_ptr,4,intra_process_va,memfd,64,0,517293523072375,16445,517293523198002,125627
unique_ptr,4,intra_process_va,memfd,64,1,517293623176400,18126,517293623301483,125083
unique_ptr,4,intra_process_va,memfd,64,2,517293723155335,16201,517293723271759,116424
unique_ptr,4,intra_process_va,memfd,64,3,517293823174890,17559,517293823298873,123983
unique_ptr,4,intra_process_va,memfd,64,4,517293923093427,15833,517293923203132,109705
unique_ptr,4,intra_process_va,memfd,64,5,517294023137533,17965,517294023255507,117974
unique_ptr,4,intra_process_va,memfd,64,6,517294123048238,17534,517294123164650,116412
unique_ptr,4,intra_process_va,memfd,64,7,517294223132560,16843,517294223248844,116284
unique_ptr,4,intra_process_va,memfd,64,8,517294323152099,18895,517294323278815,126716
unique_ptr,4,intra_process_va,memfd,64,9,517294423081107,15322,517294423186730,105623
unique_ptr,4,intra_process_va,memfd,64,10,517294523089449,16598,517294523199317,109868
unique_ptr,4,intra_process_va,memfd,64,11,517294622982186,14729,517294623120916,138730
unique_ptr,4,intra_process_va,memfd,64,12,517294723110551,16494,517294723222860,112309
unique_ptr,4,intra_process_va,memfd,64,13,517294823139271,17051,517294823253999,114728
unique_ptr,4,intra_process_va,memfd,64,14,517294923129576,16182,517294923243301,113725
unique_ptr,4,intra_process_va,memfd,64,15,517295023152209,18203,517295023278077,125868
unique_ptr,4,intra_process_va,memfd,64,16,517295123088500,15468,517295123199135,110635
unique_ptr,4,intra_process_va,memfd,64,17,517295223212549,17740,517295223337876,125327
unique_ptr,4,intra_process_va,memfd,64,18,517295323156307,17975,517295323282425,126118
unique_ptr,4,intra_process_va,memfd,64,19,517295422884833,7195,517295422935597,50764
unique_ptr,4,intra_process_va,memfd,65536,0,517297129844058,9525,517297129917851,73793
unique_ptr,4,intra_process_va,memfd,65536,1,517297229874098,13297,517297229968608,94510
unique_ptr,4,intra_process_va,memfd,65536,2,517297330000025,68264,517297330170147,170122
unique_ptr,4,intra_process_va,memfd,65536,3,517297430058502,16370,517297430174860,116358
unique_ptr,4,intra_process_va,memfd,65536,4,517297529774836,3869,517297529801055,26219
unique_ptr,4,intra_process_va,memfd,65536,5,517297632240404,15754,517297632337111,96707
unique_ptr,4,intra_process_va,memfd,65536,6,517297730062978,18278,517297730189034,126056
unique_ptr,4,intra_process_va,memfd,65536,7,517297829981887,15338,517297830123144,141257
unique_ptr,4,intra_process_va,memfd,65536,8,517297929996981,52242,517297930150305,153324
unique_ptr,4,intra_process_va,memfd,65536,9,517298029998418,110729,517298030208404,209986
unique_ptr,4,intra_process_va,memfd,65536,10,517298129908951,13810,517298129999761,90810
unique_ptr,4,intra_process_va,memfd,65536,11,517298229996437,52081,517298230147272,150835
unique_ptr,4,intra_process_va,memfd,65536,12,517298329977323,15259,517298330118921,141598
unique_ptr,4,intra_process_va,memfd,65536,13,517298430083613,17909,517298430211708,128095
unique_ptr,4,intra_process_va,memfd,65536,14,517298529999449,49076,517298530150198,150749
unique_ptr,4,intra_process_va,memfd,65536,15,517298633180343,10790,517298633260652,80309
unique_ptr,4,intra_process_va,memfd,65536,16,517298730074449,18457,517298730202694,128245
unique_ptr,4,intra_process_va,memfd,65536,17,517298830051072,17341,517298830171674,120602
unique_ptr,4,intra_process_va,memfd,65536,18,517298930084816,19150,517298930213262,128446
unique_ptr,4,intra_process_va,memfd,65536,19,517299030086768,18732,517299030214482,127714
unique_ptr,4,inter_process,cpu,16384,0,517303715984940,409498,517303716757955,773015
unique_ptr,4,inter_process,cpu,16384,1,517303815741061,67619,517303815880395,139334
unique_ptr,4,inter_process,cpu,16384,2,517303915966246,392239,517303916695963,729717
unique_ptr,4,inter_process,cpu,16384,3,517304015923485,359690,517304016609199,685714
unique_ptr,4,inter_process,cpu,16384,4,517304115985923,391502,517304116734987,749064
unique_ptr,4,inter_process,cpu,16384,5,517304215810659,380203,517304216550021,739362
unique_ptr,4,inter_process,cpu,16384,6,517304315967285,404482,517304316733241,765956
unique_ptr,4,inter_process,cpu,16384,7,517304415983657,290594,517304416663305,679648
unique_ptr,4,inter_process,cpu,16384,8,517304515884526,388343,517304516598019,713493
unique_ptr,4,inter_process,cpu,16384,9,517304616079193,371326,517304616848412,769219
unique_ptr,4,inter_process,cpu,16384,10,517304715967959,423203,517304716757042,789083
unique_ptr,4,inter_process,cpu,16384,11,517304815977045,364132,517304816689175,712130
unique_ptr,4,inter_process,cpu,16384,12,517304915964928,391660,517304916690132,725204
unique_ptr,4,inter_process,cpu,16384,13,517305016069107,360469,517305016792042,722935
unique_ptr,4,inter_process,cpu,16384,14,517305115975502,396615,517305116762689,787187
unique_ptr,4,inter_process,cpu,16384,15,517305215981929,388235,517305216718484,736555
unique_ptr,4,inter_process,cpu,16384,16,517305315926665,344616,517305316582726,656061
unique_ptr,4,inter_process,cpu,16384,17,517305415878360,258569,517305416526229,647869
unique_ptr,4,inter_process,cpu,16384,18,517305515954215,368430,517305516654626,700411
unique_ptr,4,inter_process,cpu,16384,19,517305615929456,448987,517305616745188,815732
unique_ptr,4,intra_process_va,memfd,16777216,0,517307578557511,19595,517307578677019,119508
unique_ptr,4,intra_process_va,memfd,16777216,1,517307678467295,20151,517307678584540,117245
unique_ptr,4,intra_process_va,memfd,16777216,2,517307778494305,19675,517307778613228,118923
unique_ptr,4,intra_process_va,memfd,16777216,3,517307878465923,20068,517307878580871,114948
unique_ptr,4,intra_process_va,memfd,16777216,4,517307976322133,11124,517307976380493,58360
unique_ptr,4,intra_process_va,memfd,16777216,5,517308078050118,14364,517308078138449,88331
unique_ptr,4,intra_process_va,memfd,16777216,6,517308178488852,20625,517308178606289,117437
unique_ptr,4,intra_process_va,memfd,16777216,7,517308278561412,19759,517308278677570,116158
unique_ptr,4,intra_process_va,memfd,16777216,8,517308378861165,21674,517308378990329,129164
unique_ptr,4,intra_process_va,memfd,16777216,9,517308478648732,20863,517308478764511,115779
unique_ptr,4,intra_process_va,memfd,16777216,10,517308578482707,20139,517308578598221,115514
unique_ptr,4,intra_process_va,memfd,16777216,11,517308678458422,19333,517308678575608,117186
unique_ptr,4,intra_process_va,memfd,16777216,12,517308778750768,21970,517308778871972,121204
unique_ptr,4,intra_process_va,memfd,16777216,13,517308878602752,20298,517308878721071,118319
unique_ptr,4,intra_process_va,memfd,16777216,14,517308978508821,19806,517308978626729,117908
unique_ptr,4,intra_process_va,memfd,16777216,15,517309078826084,21105,517309078953558,127474
unique_ptr,4,intra_process_va,memfd,16777216,16,517309178796302,21727,517309178927118,130816
unique_ptr,4,intra_process_va,memfd,16777216,17,517309278463854,19252,517309278581118,117264
unique_ptr,4,intra_process_va,memfd,16777216,18,517309378831559,20815,517309378949101,117542
unique_ptr,4,intra_process_va,memfd,16777216,19,517309478586742,20330,517309478702974,116232
unique_ptr,4,inter_process,memfd,4194304,0,517314173881611,421881,517314174796340,914729
unique_ptr,4,inter_process,memfd,4194304,1,517314272994920,97560,517314273199955,205035
unique_ptr,4,inter_process,memfd,4194304,2,517314373985182,439710,517314374880796,895614
unique_ptr,4,inter_process,memfd,4194304,3,517314474154923,466388,517314475165589,1010666
unique_ptr,4,inter_process,memfd,4194304,4,517314574128884,484562,517314575178002,1049118
unique_ptr,4,inter_process,memfd,4194304,5,517314674109872,434996,517314675054657,944785
unique_ptr,4,inter_process,memfd,4194304,6,517314774244801,484536,517314775266501,1021700
unique_ptr,4,inter_process,memfd,4194304,7,517314874209454,465291,517314875177232,967778
unique_ptr,4,inter_process,memfd,4194304,8,517314974138602,512698,517314975226741,1088139
unique_ptr,4,inter_process,memfd,4194304,9,517315074203086,323238,517315075073072,869986
unique_ptr,4,inter_process,memfd,4194304,10,517315173962538,412518,517315174920654,958116
unique_ptr,4,inter_process,memfd,4194304,11,517315274177883,436733,517315275130678,952795
unique_ptr,4,inter_process,memfd,4194304,12,517315374186322,461523,517315375152635,966313
unique_ptr,4,inter_process,memfd,4194304,13,517315474239442,486613,517315475261522,1022080
unique_ptr,4,inter_process,memfd,4194304,14,517315574220411,484072,517315575225006,1004595
unique_ptr,4,inter_process,memfd,4194304,15,517315674115531,433965,517315675054354,938823
unique_ptr,4,inter_process,memfd,4194304,16,517315774058720,339485,517315774948596,889876
unique_ptr,4,inter_process,memfd,4194304,17,517315874137032,458055,517315875103584,966552
unique_ptr,4,inter_process,memfd,4194304,18,517315974172398,502047,517315975172551,1000153
unique_ptr,4,inter_process,memfd,4194304,19,517316074154525,413464,517316075070296,915771
unique_ptr,4,intra_process_va,cpu,4096,0,517318954960019,19553,517318955153185,193166
unique_ptr,4,intra_process_va,cpu,4096,1,517319054912660,18401,517319055062214,149554
unique_ptr,4,intra_process_va,cpu,4096,2,517319154705693,16067,517319154787774,82081
unique_ptr,4,intra_process_va,cpu,4096,3,517319254941849,18281,517319255116325,174476
unique_ptr,4,intra_process_va,cpu,4096,4,517319354931265,18233,517319355089940,158675
unique_ptr,4,intra_process_va,cpu,4096,5,517319454897739,17017,517319455035522,137783
unique_ptr,4,intra_process_va,cpu,4096,6,517319554885901,16441,517319554992020,106119
unique_ptr,4,intra_process_va,cpu,4096,7,517319654869741,15078,517319654962688,92947
unique_ptr,4,intra_process_va,cpu,4096,8,517319754859401,17786,517319754967344,107943
unique_ptr,4,intra_process_va,cpu,4096,9,517319854950979,19707,517319855122571,171592
unique_ptr,4,intra_process_va,cpu,4096,10,517319954901099,16397,517319955038498,137399
unique_ptr,4,intra_process_va,cpu,4096,11,517320054624623,3955,517320054645580,20957
unique_ptr,4,intra_process_va,cpu,4096,12,517320154677920,14794,517320154761257,83337
unique_ptr,4,intra_process_va,cpu,4096,13,517320254903156,17591,517320255067257,164101
unique_ptr,4,intra_process_va,cpu,4096,14,517320354927691,19641,517320355079980,152289
unique_ptr,4,intra_process_va,cpu,4096,15,517320454908809,18452,517320455057287,148478
unique_ptr,4,intra_process_va,cpu,4096,16,517320554599174,4436,517320554624080,24906
unique_ptr,4,intra_process_va,cpu,4096,17,517320654883243,13517,517320654972311,89068
unique_ptr,4,intra_process_va,cpu,4096,18,517320754885042,16653,517320754993079,108037
unique_ptr,4,intra_process_va,cpu,4096,19,517320854885526,17339,517320854989934,104408
unique_ptr,4,intra_process_va,memfd,1024,0,517322575133629,18081,517322575259169,125540
unique_ptr,4,intra_process_va,memfd,1024,1,517322674732132,3636,517322674757258,25126
unique_ptr,4,intra_process_va,memfd,1024,2,517322775096734,17656,517322775213847,117113
unique_ptr,4,intra_process_va,memfd,1024,3,517322875156023,17506,517322875280299,124276
unique_ptr,4,intra_process_va,memfd,1024,4,517322975183244,15224,517322975287216,103972
unique_ptr,4,intra_process_va,memfd,1024,5,517323075131994,18197,517323075254712,122718
unique_ptr,4,intra_process_va,memfd,1024,6,517323175067406,14619,517323175192969,125563
unique_ptr,4,intra_process_va,memfd,1024,7,517323275117781,16770,517323275230653,112872
unique_ptr,4,intra_process_va,memfd,1024,8,517323375107786,17051,517323375221735,113949
unique_ptr,4,intra_process_va,memfd,1024,9,517323475122173,17117,517323475235568,113395
unique_ptr,4,intra_process_va,memfd,1024,10,517323575070219,15925,517323575202843,132624
unique_ptr,4,intra_process_va,memfd,1024,11,517323675066039,15967,517323675172522,106483
unique_ptr,4,intra_process_va,memfd,1024,12,517323775126683,17873,517323775252161,125478
unique_ptr,4,intra_process_va,memfd,1024,13,517323875116472,16294,517323875232068,115596
unique_ptr,4,intra_process_va,memfd,1024,14,517323975110129,17671,517323975237027,126898
unique_ptr,4,intra_process_va,memfd,1024,15,517324075090029,16818,517324075232995,142966
unique_ptr,4,intra_process_va,memfd,1024,16,517324175081998,14976,517324175186698,104700
unique_ptr,4,intra_process_va,memfd,1024,17,517324275094507,16679,517324275209582,115075
unique_ptr,4,intra_process_va,memfd,1024,18,517324375131955,16231,517324375248478,116523
unique_ptr,4,intra_process_va,memfd,1024,19,517324475117498,16174,517324475230555,113057
unique_ptr,4,inter_process,cpu,64,0,517329501078107,350822,517329501730445,652338
unique_ptr,4,inter_process,cpu,64,1,517329601132336,413982,517329601899846,767510
unique_ptr,4,inter_process,cpu,64,2,517329701086723,320514,517329701729583,642860
unique_ptr,4,inter_process,cpu,64,3,517329801102247,305681,517329801732730,630483
unique_ptr,4,inter_process,cpu,64,4,517329901062482,322537,517329901719439,656957
unique_ptr,4,inter_process,cpu,64,5,517330001067703,345980,517330001761038,693335
unique_ptr,4,inter_process,cpu,64,6,517330100880914,232872,517330101406247,525333
unique_ptr,4,inter_process,cpu,64,7,517330201081699,314921,517330201700175,618476
unique_ptr,4,inter_process,cpu,64,8,517330301114366,302663,517330301737663,623297
unique_ptr,4,inter_process,cpu,64,9,517330401138644,220820,517330401778800,640156
unique_ptr,4,inter_process,cpu,64,10,517330501114990,351020,517330501817079,702089
unique_ptr,4,inter_process,cpu,64,11,517330601121247,344995,517330601821007,699760
unique_ptr,4,inter_process,cpu,64,12,517330701141153,346607,517330701844216,703063
unique_ptr,4,inter_process,cpu,64,13,517330801080190,326385,517330801725370,645180
unique_ptr,4,inter_process,cpu,64,14,517330901117864,343072,517330901818358,700494
unique_ptr,4,inter_process,cpu,64,15,517331000768207,83015,517331000942091,173884
unique_ptr,4,inter_process,cpu,64,16,517331100886591,365417,517331101520613,634022
unique_ptr,4,inter_process,cpu,64,17,517331201109122,337681,517331201780285,671163
unique_ptr,4,inter_process,cpu,64,18,517331301117939,347392,517331301813856,695917
unique_ptr,4,inter_process,cpu,64,19,517331401127723,349900,517331401847589,719866
unique_ptr,4,intra_process_va,memfd,4096,0,517333296943874,14479,517333297084054,140180
unique_ptr,4,intra_process_va,memfd,4096,1,517333397054759,17533,517333397170780,116021
unique_ptr,4,intra_process_va,memfd,4096,2,517333497061448,18562,517333497187123,125675
unique_ptr,4,intra_process_va,memfd,4096,3,517333597065126,17416,517333597183276,118150
unique_ptr,4,intra_process_va,memfd,4096,4,517333697069144,15234,517333697175723,106579
unique_ptr,4,intra_process_va,memfd,4096,5,517333797064997,18810,517333797189936,124939
unique_ptr,4,intra_process_va,memfd,4096,6,517333896988511,48775,517333897129359,140848
unique_ptr,4,intra_process_va,memfd,4096,7,517333996970460,15765,517333997119596,149136
unique_ptr,4,intra_process_va,memfd,4096,8,517334096979994,14906,517334097121846,141852
unique_ptr,4,intra_process_va,memfd,4096,9,517334196999200,132567,517334197238265,239065
unique_ptr,4,intra_process_va,memfd,4096,10,517334296995288,91021,517334297180043,184755
unique_ptr,4,intra_process_va,memfd,4096,11,517334396973207,15631,517334397140263,167056
unique_ptr,4,intra_process_va,memfd,4096,12,517334496841111,9660,517334496911191,70080
unique_ptr,4,intra_process_va,memfd,4096,13,517334596970838,15375,517334597134946,164108
unique_ptr,4,intra_process_va,memfd,4096,14,517334697059575,16681,517334697175777,116202
unique_ptr,4,intra_process_va,memfd,4096,15,517334796976474,15839,517334797143094,166620
unique_ptr,4,intra_process_va,memfd,4096,16,517334897047618,17343,517334897164120,116502
unique_ptr,4,intra_process_va,memfd,4096,17,517334996991386,78499,517334997176782,185396
unique_ptr,4,intra_process_va,memfd,4096,18,517335096975145,14376,517335097126549,151404
unique_ptr,4,intra_process_va,memfd,4096,19,517335196684905,7092,517335196731762,46857
unique_ptr,4,intra_process_va,memfd,4194304,0,517336914920957,19657,517336915060948,139991
unique_ptr,4,intra_process_va,memfd,4194304,1,517337015068076,21046,517337015188898,120822
unique_ptr,4,intra_process_va,memfd,4194304,2,517337115072750,22777,517337115199393,126643
unique_ptr,4,intra_process_va,memfd,4194304,3,517337215107548,22265,517337215233671,126123
unique_ptr,4,intra_process_va,memfd,4194304,4,517337313947015,6647,517337313975892,28877
unique_ptr,4,intra_process_va,memfd,4194304,5,517337414939288,20963,517337415078452,139164
unique_ptr,4,intra_process_va,memfd,4194304,6,517337514895795,20071,517337515033777,137982
unique_ptr,4,intra_process_va,memfd,4194304,7,517337614922094,20114,517337615073926,151832
unique_ptr,4,intra_process_va,memfd,4194304,8,517337715169012,22595,517337715295766,126754
unique_ptr,4,intra_process_va,memfd,4194304,9,517337815299645,22224,517337815424254,124609
unique_ptr,4,intra_process_va,memfd,4194304,10,517337914996513,39210,517337915131763,135250
unique_ptr,4,intra_process_va,memfd,4194304,11,517338014881100,19432,517338014995171,114071
unique_ptr,4,intra_process_va,memfd,4194304,12,517338114953303,20972,517338115093192,139889
unique_ptr,4,intra_process_va,memfd,4194304,13,517338215019654,21826,517338215143319,123665
unique_ptr,4,intra_process_va,memfd,4194304,14,517338315104995,22536,517338315233481,128486
unique_ptr,4,intra_process_va,memfd,4194304,15,517338415103503,22178,517338415233332,129829
unique_ptr,4,intra_process_va,memfd,4194304,16,517338515087869,22397,517338515214481,126612
unique_ptr,4,intra_process_va,memfd,4194304,17,517338615152212,23333,517338615289360,137148
unique_ptr,4,intra_process_va,memfd,4194304,18,517338715069190,19954,517338715185697,116507
unique_ptr,4,intra_process_va,memfd,4194304,19,517338815137632,21809,517338815262127,124495
unique_ptr,4,inter_process,memfd,4096,0,517343840276225,346006,517343841260249,984024
unique_ptr,4,inter_process,memfd,4096,1,517343940229006,420476,517343941179672,950666
unique_ptr,4,inter_process,memfd,4096,2,517344040224392,476566,517344041251870,1027478
unique_ptr,4,inter_process,memfd,4096,3,517344140218267,469357,517344141270550,1052283
unique_ptr,4,inter_process,memfd,4096,4,517344240166966,425818,517344241105218,938252
unique_ptr,4,inter_process,memfd,4096,5,517344339920354,377469,517344340685507,765153
unique_ptr,4,inter_process,memfd,4096,6,517344439994020,488528,517344440989611,995591
unique_ptr,4,inter_process,memfd,4096,7,517344540147858,451344,517344541141621,993763
unique_ptr,4,inter_process,memfd,4096,8,517344640076812,175712,517344640454673,377861
unique_ptr,4,inter_process,memfd,4096,9,517344740154029,340817,517344741113930,959901
unique_ptr,4,inter_process,memfd,4096,10,517344840209254,474275,517344841275410,1066156
unique_ptr,4,inter_process,memfd,4096,11,517344940219223,463155,517344941244619,1025396
unique_ptr,4,inter_process,memfd,4096,12,517345040171957,420388,517345041101755,929798
unique_ptr,4,inter_process,memfd,4096,13,517345140238901,464069,517345141275026,1036125
unique_ptr,4,inter_process,memfd,4096,14,517345239959366,461845,517345240974336,1014970
unique_ptr,4,inter_process,memfd,4096,15,517345340186029,447291,517345341182729,996700
unique_ptr,4,inter_process,memfd,4096,16,517345439981353,467942,517345440912418,931065
unique_ptr,4,inter_process,memfd,4096,17,517345540125123,398871,517345540980749,855626
unique_ptr,4,inter_process,memfd,4096,18,517345639890311,102208,517345640163477,273166
unique_ptr,4,inter_process,memfd,4096,19,517345739997345,136178,517345740289034,291689
unique_ptr,4,inter_process,memfd,1024,0,517351915858759,274353,517351916420564,561805
unique_ptr,4,inter_process,memfd,1024,1,517352015766775,203864,517352016235170,468395
unique_ptr,4,inter_process,memfd,1024,2,517352116084217,463318,517352117110726,1026509
unique_ptr,4,inter_process,memfd,1024,3,517352215880081,437673,517352216802102,922021
unique_ptr,4,inter_process,memfd,1024,4,517352315999351,458544,517352316921570,922219
unique_ptr,4,inter_process,memfd,1024,5,517352416036630,405157,517352416895309,858679
unique_ptr,4,inter_process,memfd,1024,6,517352515859375,473780,517352516843208,983833
unique_ptr,4,inter_process,memfd,1024,7,517352616099815,309619,517352616935803,835988
unique_ptr,4,inter_process,memfd,1024,8,517352716097662,462256,517352717139512,1041850
unique_ptr,4,inter_process,memfd,1024,9,517352816155724,332131,517352817097017,941293
unique_ptr,4,inter_process,memfd,1024,10,517352916089879,423116,517352917045411,955532
unique_ptr,4,inter_process,memfd,1024,11,517353016125775,498443,517353017194927,1069152
unique_ptr,4,inter_process,memfd,1024,12,517353116070835,439872,517353117095495,1024660
unique_ptr,4,inter_process,memfd,1024,13,517353215985773,461969,517353216933444,947671
unique_ptr,4,inter_process,memfd,1024,14,517353315991704,431334,517353316879019,887315
unique_ptr,4,inter_process,memfd,1024,15,517353416153506,401695,517353417053302,899796
unique_ptr,4,inter_process,memfd,1024,16,517353516089446,341297,517353517086915,997469
unique_ptr,4,inter_process,memfd,1024,17,517353616068141,395685,517353616928924,860783
unique_ptr,4,inter_process,memfd,1024,18,517353716085715,454776,517353717108166,1022451
unique_ptr,4,inter_process,memfd,1024,19,517353815886949,493852,517353816906714,1019765
unique_ptr,4,inter_process,cpu,65536,0,517359680998448,514026,517359681786538,788090
unique_ptr,4,inter_process,cpu,65536,1,517359780967172,444342,517359781669397,702225
unique_ptr,4,inter_process,cpu,65536,2,517359880997684,496778,517359881778665,780981
unique_ptr,4,inter_process,cpu,65536,3,517359980959053,455909,517359981676962,717909
unique_ptr,4,inter_process,cpu,65536,4,517360080991051,496473,517360081770774,779723
unique_ptr,4,inter_process,cpu,65536,5,517360180989175,490708,517360181754140,764965
unique_ptr,4,inter_process,cpu,65536,6,517360280961508,411877,517360281617014,655506
unique_ptr,4,inter_process,cpu,65536,7,517360380681658,87337,517360380833622,151964
unique_ptr,4,inter_process,cpu,65536,8,517360480960038,354344,517360481729639,769601
unique_ptr,4,inter_process,cpu,65536,9,517360580986862,403395,517360581837279,850417
unique_ptr,4,inter_process,cpu,65536,10,517360680979215,430147,517360681670382,691167
unique_ptr,4,inter_process,cpu,65536,11,517360780968622,432789,517360781669940,701318
unique_ptr,4,inter_process,cpu,65536,12,517360880987283,471553,517360881738231,750948
unique_ptr,4,inter_process,cpu,65536,13,517360980968463,465256,517360981700518,732055
unique_ptr,4,inter_process,cpu,65536,14,517361080973186,430257,517361081652880,679694
unique_ptr,4,inter_process,cpu,65536,15,517361180985296,474208,517361181741538,756242
unique_ptr,4,inter_process,cpu,65536,16,517361280954270,435720,517361281626131,671861
unique_ptr,4,inter_process,cpu,65536,17,517361380971385,485145,517361381764894,793509
unique_ptr,4,inter_process,cpu,65536,18,517361480999507,413317,517361481651387,651880
unique_ptr,4,inter_process,cpu,65536,19,517361580963380,487817,517361581756703,793323
unique_ptr,4,inter_process,memfd,16384,0,517366448126093,472786,517366449158417,1032324
unique_ptr,4,inter_process,memfd,16384,1,517366548237797,420763,517366549174111,936314
unique_ptr,4,inter_process,memfd,16384,2,517366647871436,91516,517366648075932,204496
unique_ptr,4,inter_process,memfd,16384,3,517366748163261,466431,517366749214170,1050909
unique_ptr,4,inter_process,memfd,16384,4,517366848244190,415306,517366849179889,935699
unique_ptr,4,inter_process,memfd,16384,5,517366948191887,454765,517366949212308,1020421
unique_ptr,4,inter_process,memfd,16384,6,517367048120045,411381,517367049072429,952384
unique_ptr,4,inter_process,memfd,16384,7,517367148145406,416012,517367149070249,924843
unique_ptr,4,inter_process,memfd,16384,8,517367248190313,445292,517367249220865,1030552
unique_ptr,4,inter_process,memfd,16384,9,517367348198644,288231,517367348992499,793855
unique_ptr,4,inter_process,memfd,16384,10,517367448110320,394456,517367448971880,861560
unique_ptr,4,inter_process,memfd,16384,11,517367548148092,420141,517367549077590,929498
unique_ptr,4,inter_process,memfd,16384,12,517367648041619,227282,517367648536542,494923
unique_ptr,4,inter_process,memfd,16384,13,517367748189245,456934,517367749232072,1042827
unique_ptr,4,inter_process,memfd,16384,14,517367848167114,413146,517367849122002,954888
unique_ptr,4,inter_process,memfd,16384,15,517367948185305,460697,517367949225406,1040101
unique_ptr,4,inter_process,memfd,16384,16,517368048152335,310221,517368049038921,886586
unique_ptr,4,inter_process,memfd,16384,17,517368148154449,441816,517368149142477,988028
unique_ptr,4,inter_process,memfd,16384,18,517368248128686,397785,517368249055913,927227
unique_ptr,4,inter_process,memfd,16384,19,517368348171524,440860,517368349173525,1002001
unique_ptr,4,inter_process,memfd,1048576,0,517374545380475,415682,517374546305759,925284
unique_ptr,4,inter_process,memfd,1048576,1,517374645107596,183985,517374645501816,394220
unique_ptr,4,inter_process,memfd,1048576,2,517374745359538,414868,517374746265292,905754
unique_ptr,4,inter_process,memfd,1048576,3,517374845320305,408438,517374846217069,896764
unique_ptr,4,inter_process,memfd,1048576,4,517374945328536,396957,517374946206671,878135
unique_ptr,4,inter_process,memfd,1048576,5,517375044911533,95249,517375045112150,200617
unique_ptr,4,inter_process,memfd,1048576,6,517375145221365,451937,517375146187571,966206
unique_ptr,4,inter_process,memfd,1048576,7,517375245325865,407537,517375246225042,899177
unique_ptr,4,inter_process,memfd,1048576,8,517375345389277,447241,517375346376311,987034
unique_ptr,4,inter_process,memfd,1048576,9,517375445437491,343201,517375446368543,931052
unique_ptr,4,inter_process,memfd,1048576,10,517375545303858,415238,517375546217223,913365
unique_ptr,4,inter_process,memfd,1048576,11,517375644931643,223309,517375645382409,450766
unique_ptr,4,inter_process,memfd,1048576,12,517375745409589,466576,517375746413376,1003787
unique_ptr,4,inter_process,memfd,1048576,13,517375845410686,444331,517375846394570,983884
unique_ptr,4,inter_process,memfd,1048576,14,517375945355810,431640,517375946264231,908421
unique_ptr,4,inter_process,memfd,1048576,15,517376045374587,458299,517376046306486,931899
unique_ptr,4,inter_process,memfd,1048576,16,517376145193802,395842,517376146031502,837700
unique_ptr,4,inter_process,memfd,1048576,17,517376245346076,425121,517376246355890,1009814
unique_ptr,4,inter_process,memfd,1048576,18,517376345368184,453943,517376346373400,1005216
unique_ptr,4,inter_process,memfd,1048576,19,517376445376925,459770,517376446386588,1009663
unique_ptr,4,inter_process,cpu,1024,0,517382631852178,287841,517382632415905,563727
unique_ptr,4,inter_process,cpu,1024,1,517382732055408,327176,517382732709348,653940
unique_ptr,4,inter_process,cpu,1024,2,517382831980042,393646,517382832728220,748178
unique_ptr,4,inter_process,cpu,1024,3,517382931969544,349503,517382932633514,663970
unique_ptr,4,inter_process,cpu,1024,4,517383031944387,365506,517383032635873,691486
unique_ptr,4,inter_process,cpu,1024,5,517383131982899,357480,517383132654252,671353
unique_ptr,4,inter_process,cpu,1024,6,517383231933939,246641,517383232523999,590060
unique_ptr,4,inter_process,cpu,1024,7,517383331821321,213369,517383332229325,408004
unique_ptr,4,inter_process,cpu,1024,8,517383431772527,64272,517383431908045,135518
unique_ptr,4,inter_process,cpu,1024,9,517383531853165,354400,517383532527372,674207
unique_ptr,4,inter_process,cpu,1024,10,517383631864633,289953,517383632428772,564139
unique_ptr,4,inter_process,cpu,1024,11,517383731957240,250294,517383732549210,591970
unique_ptr,4,inter_process,cpu,1024,12,517383831796666,362383,517383832480472,683806
unique_ptr,4,inter_process,cpu,1024,13,517383931953099,348600,517383932618478,665379
unique_ptr,4,inter_process,cpu,1024,14,517384031921661,300150,517384032499294,577633
unique_ptr,4,inter_process,cpu,1024,15,517384131951126,386556,517384132673177,722051
unique_ptr,4,inter_process,cpu,1024,16,517384231943378,370390,517384232631176,687798
unique_ptr,4,inter_process,cpu,1024,17,517384331951926,249115,517384332577971,626045
unique_ptr,4,inter_process,cpu,1024,18,517384431982513,398187,517384432726445,743932
unique_ptr,4,inter_process,cpu,1024,19,517384531917923,332789,517384532569188,651265
unique_ptr,4,inter_process,cpu,1048576,0,517389397410166,1650844,517389399730917,2320751
unique_ptr,4,inter_process,cpu,1048576,1,517389497316656,1516661,517389510678948,13362292
unique_ptr,4,inter_process,cpu,1048576,2,517389597400718,3371289,517389601339262,3938544
unique_ptr,4,inter_process,cpu,1048576,3,517389696771419,300798,517389707437182,10665763
unique_ptr,4,inter_process,cpu,1048576,4,517389797390687,1698837,517389799737008,2346321
unique_ptr,4,inter_process,cpu,1048576,5,517389897339200,1483502,517389910653968,13314768
unique_ptr,4,inter_process,cpu,1048576,6,517389997372299,1586529,517389999621380,2249081
unique_ptr,4,inter_process,cpu,1048576,7,517390097303962,1317211,517390110438171,13134209
unique_ptr,4,inter_process,cpu,1048576,8,517390197332211,1419958,517390210466894,13134683
unique_ptr,4,inter_process,cpu,1048576,9,517390297245026,1326119,517390299193107,1948081
unique_ptr,4,inter_process,cpu,1048576,10,517390397407885,1491652,517390410824463,13416578
unique_ptr,4,inter_process,cpu,1048576,11,517390497334994,1567567,517390510856461,13521467
unique_ptr,4,inter_process,cpu,1048576,12,517390597398564,1689732,517390610971507,13572943
unique_ptr,4,inter_process,cpu,1048576,13,517390697382087,1490328,517390710703337,13321250
unique_ptr,4,inter_process,cpu,1048576,14,517390797372924,1623882,517390810987724,13614800
unique_ptr,4,inter_process,cpu,1048576,15,517390897345014,1472005,517390910712467,13367453
unique_ptr,4,inter_process,cpu,1048576,16,517390997347928,1453943,517390999452983,2105055
unique_ptr,4,inter_process,cpu,1048576,17,517391097393176,1498129,517391099652297,2259121
unique_ptr,4,inter_process,cpu,1048576,18,517391197312647,1446427,517391210679283,13366636
unique_ptr,4,inter_process,cpu,1048576,19,517391297379914,1657499,517391299697187,2317273
unique_ptr,4,intra_process_va,cpu,16384,0,517393196972566,15380,517393197098120,125554
unique_ptr,4,intra_process_va,cpu,16384,1,517393297052269,19791,517393297164755,112486
unique_ptr,4,intra_process_va,cpu,16384,2,517393396997217,56049,517393397145711,148494
unique_ptr,4,intra_process_va,cpu,16384,3,517393497068977,19029,517393497180326,111349
unique_ptr,4,intra_process_va,cpu,16384,4,517393597058995,19522,517393597172644,113649
unique_ptr,4,intra_process_va,cpu,16384,5,517393697079918,18631,517393697194101,114183
unique_ptr,4,intra_process_va,cpu,16384,6,517393797057197,17431,517393797162120,104923
unique_ptr,4,intra_process_va,cpu,16384,7,517393896853648,4293,517393896876027,22379
unique_ptr,4,intra_process_va,cpu,16384,8,517393996916963,16575,517393997052461,135498
unique_ptr,4,intra_process_va,cpu,16384,9,517394097103162,19436,517394097215597,112435
unique_ptr,4,intra_process_va,cpu,16384,10,517394197044278,18434,517394197150236,105958
unique_ptr,4,intra_process_va,cpu,16384,11,517394297056546,16710,517394297157971,101425
unique_ptr,4,intra_process_va,cpu,16384,12,517394396982878,16319,517394397133952,151074
unique_ptr,4,intra_process_va,cpu,16384,13,517394497064183,20044,517394497184925,120742
unique_ptr,4,intra_process_va,cpu,16384,14,517394597073465,19358,517394597188413,114948
unique_ptr,4,intra_process_va,cpu,16384,15,517394697058155,20220,517394697173607,115452
unique_ptr,4,intra_process_va,cpu,16384,16,517394797071356,19114,517394797188046,116690
unique_ptr,4,intra_process_va,cpu,16384,17,517394897040095,17786,517394897142023,101928
unique_ptr,4,intra_process_va,cpu,16384,18,517394997084794,18368,517394997196406,111612
unique_ptr,4,intra_process_va,cpu,16384,19,517395097044819,18969,517395097171812,126993
unique_ptr,4,intra_process_va,cpu,4194304,0,517396817666578,24569,517396817787740,121162
unique_ptr,4,intra_process_va,cpu,4194304,1,517396917658178,24482,517396917780623,122445
unique_ptr,4,intra_process_va,cpu,4194304,2,517397017732745,26075,517397017855373,122628
unique_ptr,4,intra_process_va,cpu,4194304,3,517397117602071,22468,517397117714557,112486
unique_ptr,4,intra_process_va,cpu,4194304,4,517397217926036,26006,517397218072560,146524
unique_ptr,4,intra_process_va,cpu,4194304,5,517397317399575,21350,517397317505732,106157
unique_ptr,4,intra_process_va,cpu,4194304,6,517397417781337,23903,517397417902886,121549
unique_ptr,4,intra_process_va,cpu,4194304,7,517397517682321,24930,517397517804131,121810
unique_ptr,4,intra_process_va,cpu,4194304,8,517397617648814,23437,517397617776751,127937
unique_ptr,4,intra_process_va,cpu,4194304,9,517397717478603,23398,517397717587669,109066
unique_ptr,4,intra_process_va,cpu,4194304,10,517397817603136,23049,517397817718139,115003
unique_ptr,4,intra_process_va,cpu,4194304,11,517397917582057,24925,517397917704659,122602
unique_ptr,4,intra_process_va,cpu,4194304,12,517398016135256,6479,517398016164643,29387
unique_ptr,4,intra_process_va,cpu,4194304,13,517398117479489,20475,517398117579494,100005
unique_ptr,4,intra_process_va,cpu,4194304,14,517398217865971,23416,517398217982891,116920
unique_ptr,4,intra_process_va,cpu,4194304,15,517398317805765,23036,517398317917380,111615
unique_ptr,4,intra_process_va,cpu,4194304,16,517398417782128,24245,517398417901951,119823
unique_ptr,4,intra_process_va,cpu,4194304,17,517398517886955,27117,517398518032587,145632
unique_ptr,4,intra_process_va,cpu,4194304,18,517398617574570,22585,517398617686678,112108
unique_ptr,4,intra_process_va,cpu,4194304,19,517398717978037,39793,517398718107744,129707
unique_ptr,4,inter_process,memfd,262144,0,517403735178492,411551,517403736075972,897480
unique_ptr,4,inter_process,memfd,262144,1,517403835220743,447849,517403836230747,1010004
unique_ptr,4,inter_process,memfd,262144,2,517403935226205,446355,517403936218916,992711
unique_ptr,4,inter_process,memfd,262144,3,517404035199501,425866,517404036108632,909131
unique_ptr,4,inter_process,memfd,262144,4,517404135236677,461274,517404136218404,981727
unique_ptr,4,inter_process,memfd,262144,5,517404235105314,364353,517404235862395,757081
unique_ptr,4,inter_process,memfd,262144,6,517404335074177,93101,517404335280528,206351
unique_ptr,4,inter_process,memfd,262144,7,517404435300531,464579,517404436343163,1042632
unique_ptr,4,inter_process,memfd,262144,8,517404535225615,307801,517404536093168,867553
unique_ptr,4,inter_process,memfd,262144,9,517404634880616,72068,517404635069853,189237
unique_ptr,4,inter_process,memfd,262144,10,517404735158434,428023,517404736116043,957609
unique_ptr,4,inter_process,memfd,262144,11,517404835222303,420372,517404836156632,934329
unique_ptr,4,inter_process,memfd,262144,12,517404935275546,457527,517404936307467,1031921
unique_ptr,4,inter_process,memfd,262144,13,517405035205021,472550,517405036246066,1041045
unique_ptr,4,inter_process,memfd,262144,14,517405135227532,418408,517405136209206,981674
unique_ptr,4,inter_process,memfd,262144,15,517405235152336,397358,517405235996866,844530
unique_ptr,4,inter_process,memfd,262144,16,517405335201551,441940,517405336219191,1017640
unique_ptr,4,inter_process,memfd,262144,17,517405435273651,471240,517405436322931,1049280
unique_ptr,4,inter_process,memfd,262144,18,517405535259155,436571,517405536239394,980239
unique_ptr,4,inter_process,memfd,262144,19,517405634888869,87703,517405635087824,198955
unique_ptr,4,inter_process,memfd,16777216,0,517411482720738,303755,517411483386945,666207
unique_ptr,4,inter_process,memfd,16777216,1,517411582592478,382289,517411583360711,768233
unique_ptr,4,inter_process,memfd,16777216,2,517411682613958,399679,517411683366159,752201
unique_ptr,4,inter_process,memfd,16777216,3,517411782842385,430944,517411783671387,829002
unique_ptr,4,inter_process,memfd,16777216,4,517411882509558,366921,517411883248613,739055
unique_ptr,4,inter_process,memfd,16777216,5,517411982782759,387910,517411983575015,792256
unique_ptr,4,inter_process,memfd,16777216,6,517412082782030,408046,517412083596255,814225
unique_ptr,4,inter_process,memfd,16777216,7,517412182351449,329696,517412183026374,674925
unique_ptr,4,inter_process,memfd,16777216,8,517412282536636,352892,517412283253464,716828
unique_ptr,4,inter_process,memfd,16777216,9,517412382920554,302139,517412383655499,734945
unique_ptr,4,inter_process,memfd,16777216,10,517412482925903,344549,517412483693782,767879
unique_ptr,4,inter_process,memfd,16777216,11,517412582752491,405129,517412583568058,815567
unique_ptr,4,inter_process,memfd,16777216,12,517412679709084,104596,517412679923458,214374
unique_ptr,4,inter_process,memfd,16777216,13,517412782830958,397218,517412783622415,791457
unique_ptr,4,inter_process,memfd,16777216,14,517412882799955,387927,517412883580197,780242
unique_ptr,4,inter_process,memfd,16777216,15,517412982488024,360628,517412983228861,740837
unique_ptr,4,inter_process,memfd,16777216,16,517413082630914,351054,517413083327522,696608
unique_ptr,4,inter_process,memfd,16777216,17,517413182776703,403441,517413183579384,802681
unique_ptr,4,inter_process,memfd,16777216,18,517413282492041,271044,517413283150117,658076
unique_ptr,4,inter_process,memfd,16777216,19,517413382896429,379767,517413383676698,780269
unique_ptr,4,intra_process_va,memfd,1048576,0,517416257300404,18030,517416257412453,112049
unique_ptr,4,intra_process_va,memfd,1048576,1,517416357386553,19702,517416357511550,124997
unique_ptr,4,intra_process_va,memfd,1048576,2,517416457401381,20822,517416457532471,131090
unique_ptr,4,intra_process_va,memfd,1048576,3,517416557349935,17731,517416557468926,118991
unique_ptr,4,intra_process_va,memfd,1048576,4,517416657333244,17884,517416657445839,112595
unique_ptr,4,intra_process_va,memfd,1048576,5,517416757309102,19279,517416757424369,115267
unique_ptr,4,intra_process_va,memfd,1048576,6,517416856914339,5110,517416856941473,27134
unique_ptr,4,intra_process_va,memfd,1048576,7,517416957315454,19684,517416957435796,120342
unique_ptr,4,intra_process_va,memfd,1048576,8,517417057330999,18553,517417057450998,119999
unique_ptr,4,intra_process_va,memfd,1048576,9,517417157382289,20323,517417157515020,132731
unique_ptr,4,intra_process_va,memfd,1048576,10,517417257349836,19226,517417257473306,123470
unique_ptr,4,intra_process_va,memfd,1048576,11,517417357392934,20755,517417357524579,131645
unique_ptr,4,intra_process_va,memfd,1048576,12,517417457415939,20499,517417457547594,131655
unique_ptr,4,intra_process_va,memfd,1048576,13,517417557335008,18850,517417557455197,120189
unique_ptr,4,intra_process_va,memfd,1048576,14,517417657250581,15575,517417657356164,105583
unique_ptr,4,intra_process_va,memfd,1048576,15,517417757348834,19498,517417757469315,120481
unique_ptr,4,intra_process_va,memfd,1048576,16,517417857365887,18000,517417857478395,112508
unique_ptr,4,intra_process_va,memfd,1048576,17,517417957323771,18199,517417957436203,112432
unique_ptr,4,intra_process_va,memfd,1048576,18,517418057340792,18151,517418057456216,115424
unique_ptr,4,intra_process_va,memfd,1048576,19,517418157346134,19550,517418157469653,123519
unique_ptr,4,intra_process_va,cpu,65536,0,517419880954692,32334,517419881117251,162559
unique_ptr,4,intra_process_va,cpu,65536,1,517419980767680,16926,517419980872495,104815
unique_ptr,4,intra_process_va,cpu,65536,2,517420080963374,20182,517420081119560,156186
unique_ptr,4,intra_process_va,cpu,65536,3,517420180945663,17553,517420181102567,156904
unique_ptr,4,intra_process_va,cpu,65536,4,517420280946217,18263,517420281106275,160058
unique_ptr,4,intra_process_va,cpu,65536,5,517420380951867,19920,517420381102859,150992
unique_ptr,4,intra_process_va,cpu,65536,6,517420480968287,19809,517420481129615,161328
unique_ptr,4,intra_process_va,cpu,65536,7,517420580982715,71130,517420581152163,169448
unique_ptr,4,intra_process_va,cpu,65536,8,517420680906889,15463,517420681036634,129745
unique_ptr,4,intra_process_va,cpu,65536,9,517420780911604,16776,517420781127924,216320
unique_ptr,4,intra_process_va,cpu,65536,10,517420880947392,17681,517420881091810,144418
unique_ptr,4,intra_process_va,cpu,65536,11,517420980691923,4672,517420980716496,24573
unique_ptr,4,intra_process_va,cpu,65536,12,517421080904273,17011,517421081044506,140233
unique_ptr,4,intra_process_va,cpu,65536,13,517421180931977,18978,517421181098311,166334
unique_ptr,4,intra_process_va,cpu,65536,14,517421280920969,16605,517421281056667,135698
unique_ptr,4,intra_process_va,cpu,65536,15,517421380938459,19808,517421381097865,159406
unique_ptr,4,intra_process_va,cpu,65536,16,517421480941520,18229,517421481091077,149557
unique_ptr,4,intra_process_va,cpu,65536,17,517421580986290,55208,517421581134250,147960
unique_ptr,4,intra_process_va,cpu,65536,18,517421680943145,17504,517421681086355,143210
unique_ptr,4,intra_process_va,cpu,65536,19,517421780969137,19172,517421781126761,157624
unique_ptr,4,inter_process,cpu,4096,0,517426801097669,353974,517426801806980,709311
unique_ptr,4,inter_process,cpu,4096,1,517426901103321,317504,517426901744906,641585
unique_ptr,4,inter_process,cpu,4096,2,517427001116795,360174,517427001814082,697287
unique_ptr,4,inter_process,cpu,4096,3,517427101050076,297791,517427101705009,654933
unique_ptr,4,inter_process,cpu,4096,4,517427200899032,161845,517427201207192,308160
unique_ptr,4,inter_process,cpu,4096,5,517427300789268,142615,517427301089417,300149
unique_ptr,4,inter_process,cpu,4096,6,517427401096126,234225,517427401735585,639459
unique_ptr,4,inter_process,cpu,4096,7,517427501068545,324013,517427501721717,653172
unique_ptr,4,inter_process,cpu,4096,8,517427601065041,292467,517427601672647,607606
unique_ptr,4,inter_process,cpu,4096,9,517427701124230,193949,517427701684493,560263
unique_ptr,4,inter_process,cpu,4096,10,517427801082179,336577,517427801756990,674811
unique_ptr,4,inter_process,cpu,4096,11,517427901087387,347640,517427901790742,703355
unique_ptr,4,inter_process,cpu,4096,12,517428001088611,349186,517428001792600,703989
unique_ptr,4,inter_process,cpu,4096,13,517428101117588,310876,517428101753460,635872
unique_ptr,4,inter_process,cpu,4096,14,517428201037497,281150,517428201599443,561946
unique_ptr,4,inter_process,cpu,4096,15,517428301048160,299733,517428301654016,605856
unique_ptr,4,inter_process,cpu,4096,16,517428401064885,333316,517428401703491,638606
unique_ptr,4,inter_process,cpu,4096,17,517428501066080,321711,517428501716348,650268
unique_ptr,4,inter_process,cpu,4096,18,517428601135932,347437,517428601843407,707475
unique_ptr,4,inter_process,cpu,4096,19,517428701107474,319146,517428701769565,662091
unique_ptr,4,inter_process,cpu,262144,0,517433622232554,548862,517433623176173,943619
unique_ptr,4,inter_process,cpu,262144,1,517433722210513,504141,517433723336994,1126481
unique_ptr,4,inter_process,cpu,262144,2,517433822173356,673065,517433823273190,1099834
unique_ptr,4,inter_process,cpu,262144,3,517433922267780,652598,517433923357381,1089601
unique_ptr,4,inter_process,cpu,262144,4,517434022163381,571818,517434023117873,954492
unique_ptr,4,inter_process,cpu,262144,5,517434122237196,666755,517434123298590,1061394
unique_ptr,4,inter_process,cpu,262144,6,517434222200913,653250,517434223276619,1075706
unique_ptr,4,inter_process,cpu,262144,7,517434322265937,676693,517434323344976,1079039
unique_ptr,4,inter_process,cpu,262144,8,517434422178023,574619,517434423141026,963003
unique_ptr,4,inter_process,cpu,262144,9,517434522121175,425547,517434523062787,941612
unique_ptr,4,inter_process,cpu,262144,10,517434622169761,587650,517434623174771,1005010
unique_ptr,4,inter_process,cpu,262144,11,517434722057799,564349,517434722954672,896873
unique_ptr,4,inter_process,cpu,262144,12,517434822260519,662972,517434823360406,1099887
unique_ptr,4,inter_process,cpu,262144,13,517434922184348,642831,517434923254409,1070061
unique_ptr,4,inter_process,cpu,262144,14,517435022207428,681045,517435023379270,1171842
unique_ptr,4,inter_process,cpu,262144,15,517435122193748,494755,517435123287255,1093507
unique_ptr,4,inter_process,cpu,262144,16,517435222177328,650483,517435223264941,1087613
unique_ptr,4,inter_process,cpu,262144,17,517435322232856,590589,517435323233252,1000396
unique_ptr,4,inter_process,cpu,262144,18,517435422186500,588548,517435423151947,965447
unique_ptr,4,inter_process,cpu,262144,19,517435522164067,682104,517435523253245,1089178
unique_ptr,4,intra_process_va,cpu,1048576,0,517437412371268,23123,517437412489710,118442
unique_ptr,4,intra_process_va,cpu,1048576,1,517437512336795,23318,517437512479232,142437
unique_ptr,4,intra_process_va,cpu,1048576,2,517437612286086,20962,517437612394895,108809
unique_ptr,4,intra_process_va,cpu,1048576,3,517437711700498,5585,517437711726584,26086
unique_ptr,4,intra_process_va,cpu,1048576,4,517437812382893,26215,517437812519637,136744
unique_ptr,4,intra_process_va,cpu,1048576,5,517437911972772,15941,517437912069396,96624
unique_ptr,4,intra_process_va,cpu,1048576,6,517438012169641,23242,517438012287399,117758
unique_ptr,4,intra_process_va,cpu,1048576,7,517438112278397,20905,517438112386608,108211
unique_ptr,4,intra_process_va,cpu,1048576,8,517438212256026,21849,517438212366502,110476
unique_ptr,4,intra_process_va,cpu,1048576,9,517438312474414,23046,517438312598982,124568
unique_ptr,4,intra_process_va,cpu,1048576,10,517438412283219,21454,517438412391707,108488
unique_ptr,4,intra_process_va,cpu,1048576,11,517438512409912,22632,517438512526692,116780
unique_ptr,4,intra_process_va,cpu,1048576,12,517438612279795,20972,517438612387862,108067
unique_ptr,4,intra_process_va,cpu,1048576,13,517438712310069,21930,517438712425252,115183
unique_ptr,4,intra_process_va,cpu,1048576,14,517438812343040,22769,517438812459623,116583
unique_ptr,4,intra_process_va,cpu,1048576,15,517438912365026,24784,517438912491024,125998
unique_ptr,4,intra_process_va,cpu,1048576,16,517439012276870,20775,517439012387389,110519
unique_ptr,4,intra_process_va,cpu,1048576,17,517439112339450,23276,517439112457845,118395
unique_ptr,4,intra_process_va,cpu,1048576,18,517439212362289,23357,517439212482147,119858
unique_ptr,4,intra_process_va,cpu,1048576,19,517439312315693,22928,517439312431419,115726
unique_ptr,4,intra_process_va,memfd,262144,0,517441040155706,17796,517441040274209,118503
unique_ptr,4,intra_process_va,memfd,262144,1,517441140174574,16600,517441140292676,118102
unique_ptr,4,intra_process_va,memfd,262144,2,517441240063167,18353,517441240186952,123785
unique_ptr,4,intra_process_va,memfd,262144,3,517441340158606,18626,517441340279819,121213
unique_ptr,4,intra_process_va,memfd,262144,4,517441440189114,17832,517441440306820,117706
unique_ptr,4,intra_process_va,memfd,262144,5,517441540160597,16207,517441540270936,110339
unique_ptr,4,intra_process_va,memfd,262144,6,517441639935776,5465,517441639975431,39655
unique_ptr,4,intra_process_va,memfd,262144,7,517441740193391,18100,517441740321974,128583
unique_ptr,4,intra_process_va,memfd,262144,8,517441839850621,4108,517441839879052,28431
unique_ptr,4,intra_process_va,memfd,262144,9,517441940123147,16064,517441940220474,97327
unique_ptr,4,intra_process_va,memfd,262144,10,517442040177490,17988,517442040304304,126814
unique_ptr,4,intra_process_va,memfd,262144,11,517442140239431,18967,517442140366942,127511
unique_ptr,4,intra_process_va,memfd,262144,12,517442240201637,17325,517442240319220,117583
unique_ptr,4,intra_process_va,memfd,262144,13,517442340137781,17116,517442340248593,110812
unique_ptr,4,intra_process_va,memfd,262144,14,517442440162004,17298,517442440282852,120848
unique_ptr,4,intra_process_va,memfd,262144,15,517442540151900,17236,517442540269395,117495
unique_ptr,4,intra_process_va,memfd,262144,16,517442639884031,5633,517442639924255,40224
unique_ptr,4,intra_process_va,memfd,262144,17,517442740214735,18677,517442740331437,116702
unique_ptr,4,intra_process_va,memfd,262144,18,517442840134745,16966,517442840279582,144837
unique_ptr,4,intra_process_va,memfd,262144,19,517442940180318,16634,517442940299368,119050
unique_ptr,4,intra_process_va,cpu,262144,0,517444654100739,18112,517444654203378,102639
unique_ptr,4,intra_process_va,cpu,262144,1,517444754058866,19167,517444754161546,102680
unique_ptr,4,intra_process_va,cpu,262144,2,517444854104900,18995,517444854214226,109326
unique_ptr,4,intra_process_va,cpu,262144,3,517444954150369,18844,517444954260164,109795
unique_ptr,4,intra_process_va,cpu,262144,4,517445054132293,17077,517445054234647,102354
unique_ptr,4,intra_process_va,cpu,262144,5,517445154123980,19111,517445154230772,106792
unique_ptr,4,intra_process_va,cpu,262144,6,517445254106137,20142,517445254214684,108547
unique_ptr,4,intra_process_va,cpu,262144,7,517445354093190,21258,517445354215198,122008
unique_ptr,4,intra_process_va,cpu,262144,8,517445454221315,20771,517445454344324,123009
unique_ptr,4,intra_process_va,cpu,262144,9,517445554188094,19524,517445554300390,112296
unique_ptr,4,intra_process_va,cpu,262144,10,517445654067253,15897,517445654156267,89014
unique_ptr,4,intra_process_va,cpu,262144,11,517445754105751,22098,517445754224994,119243
unique_ptr,4,intra_process_va,cpu,262144,12,517445854178141,21658,517445854300131,121990
unique_ptr,4,intra_process_va,cpu,262144,13,517445954159194,20169,517445954273286,114092
unique_ptr,4,intra_process_va,cpu,262144,14,517446053716267,4242,517446053738347,22080
unique_ptr,4,intra_process_va,cpu,262144,15,517446154142720,20602,517446154259665,116945
unique_ptr,4,intra_process_va,cpu,262144,16,517446254217948,21765,517446254340718,122770
unique_ptr,4,intra_process_va,cpu,262144,17,517446354164481,19914,517446354276804,112323
unique_ptr,4,intra_process_va,cpu,262144,18,517446454166720,22152,517446454289434,122714
unique_ptr,4,intra_process_va,cpu,262144,19,517446554127880,18752,517446554234556,106676
unique_ptr,4,intra_process_va,memfd,16384,0,517448273071049,14508,517448273174267,103218
unique_ptr,4,intra_process_va,memfd,16384,1,517448373102747,16780,517448373222068,119321
unique_ptr,4,intra_process_va,memfd,16384,2,517448473186666,15198,517448473299107,112441
unique_ptr,4,intra_process_va,memfd,16384,3,517448573088194,17864,517448573203679,115485
unique_ptr,4,intra_process_va,memfd,16384,4,517448673085131,14715,517448673187702,102571
unique_ptr,4,intra_process_va,memfd,16384,5,517448773168545,16607,517448773284976,116431
unique_ptr,4,intra_process_va,memfd,16384,6,517448873166379,16973,517448873291337,124958
unique_ptr,4,intra_process_va,memfd,16384,7,517448973123179,15780,517448973237420,114241
unique_ptr,4,intra_process_va,memfd,16384,8,517449073097647,17064,517449073215125,117478
unique_ptr,4,intra_process_va,memfd,16384,9,517449173194792,14216,517449173298155,103363
unique_ptr,4,intra_process_va,memfd,16384,10,517449273035969,11000,517449273115368,79399
unique_ptr,4,intra_process_va,memfd,16384,11,517449373191121,17311,517449373313837,122716
unique_ptr,4,intra_process_va,memfd,16384,12,517449473140556,16243,517449473255574,115018
unique_ptr,4,intra_process_va,memfd,16384,13,517449573113116,15879,517449573225845,112729
unique_ptr,4,intra_process_va,memfd,16384,14,517449673130470,13440,517449673227817,97347
unique_ptr,4,intra_process_va,memfd,16384,15,517449773025348,12793,517449773080397,55049
unique_ptr,4,intra_process_va,memfd,16384,16,517449873160733,17618,517449873286720,125987
unique_ptr,4,intra_process_va,memfd,16384,17,517449973107362,15218,517449973215996,108634
unique_ptr,4,intra_process_va,memfd,16384,18,517450073122106,15595,517450073236967,114861
unique_ptr,4,intra_process_va,memfd,16384,19,517450173187029,15091,517450173291359,104330
unique_ptr,4,inter_process,memfd,64,0,517454855107140,476865,517454856185754,1078614
unique_ptr,4,inter_process,memfd,64,1,517454955089113,472021,517454956127795,1038682
unique_ptr,4,inter_process,memfd,64,2,517455055050445,470412,517455056095896,1045451
unique_ptr,4,inter_process,memfd,64,3,517455155080722,466783,517455156120690,1039968
unique_ptr,4,inter_process,memfd,64,4,517455255098755,498678,517455256113602,1014847
unique_ptr,4,inter_process,memfd,64,5,517455355091118,470341,517455356109467,1018349
unique_ptr,4,inter_process,memfd,64,6,517455454981688,432045,517455455872779,891091
unique_ptr,4,inter_process,memfd,64,7,517455555068031,421696,517455555980217,912186
unique_ptr,4,inter_process,memfd,64,8,517455654766443,215894,517455655332099,565656
unique_ptr,4,inter_process,memfd,64,9,517455755098380,307610,517455755939976,841596
unique_ptr,4,inter_process,memfd,64,10,517455854983568,439417,517455855900856,917288
unique_ptr,4,inter_process,memfd,64,11,517455955070972,444910,517455956060638,989666
unique_ptr,4,inter_process,memfd,64,12,517456054990612,430563,517456055883336,892724
unique_ptr,4,inter_process,memfd,64,13,517456155043129,430557,517456155935177,892048
unique_ptr,4,inter_process,memfd,64,14,517456254979461,434529,517456255875777,896316
unique_ptr,4,inter_process,memfd,64,15,517456355054719,393520,517456355919622,864903
unique_ptr,4,inter_process,memfd,64,16,517456454984577,329082,517456455811819,827242
unique_ptr,4,inter_process,memfd,64,17,517456554683411,86646,517456554872123,188712
unique_ptr,4,inter_process,memfd,64,18,517456654915430,282051,517456655474637,559207
unique_ptr,4,inter_process,memfd,64,19,517456755045329,461865,517456756088572,1043243
unique_ptr,4,inter_process,cpu,16777216,0,517462951804171,3327973,517462965273126,13468955
unique_ptr,4,inter_process,cpu,16777216,1,517463052673243,3401506,517463065751832,13078589
unique_ptr,4,inter_process,cpu,16777216,2,517463151839890,3367078,517463165308912,13469022
unique_ptr,4,inter_process,cpu,16777216,3,517463251997885,3346478,517463265211109,13213224
unique_ptr,4,inter_process,cpu,16777216,4,517463352340965,3342838,517463365598561,13257596
unique_ptr,4,inter_process,cpu,16777216,5,517463452215355,3312030,517463465633072,13417717
unique_ptr,4,inter_process,cpu,16777216,6,517463552300893,3310251,517463565636138,13335245
unique_ptr,4,inter_process,cpu,16777216,7,517463652244122,4657053,517463665068321,12824199
unique_ptr,4,inter_process,cpu,16777216,8,517463752360032,3376844,517463765558711,13198679
unique_ptr,4,inter_process,cpu,16777216,9,517463852423768,3319427,517463865491857,13068089
unique_ptr,4,inter_process,cpu,16777216,10,517463952593298,3317897,517463965911367,13318069
unique_ptr,4,inter_process,cpu,16777216,11,517464051708808,3337228,517464065102760,13393952
unique_ptr,4,inter_process,cpu,16777216,12,517464151833240,3345353,517464165322385,13489145
unique_ptr,4,inter_process,cpu,16777216,13,517464251708327,3329453,517464265116511,13408184
unique_ptr,4,inter_process,cpu,16777216,14,517464352206800,3320312,517464365450425,13243625
unique_ptr,4,inter_process,cpu,16777216,15,517464452230884,3369919,517464465594684,13363800
unique_ptr,4,inter_process,cpu,16777216,16,517464552534510,3320486,517464565930243,13395733
unique_ptr,4,inter_process,cpu,16777216,17,517464651091051,3440436,517464664633336,13542285
unique_ptr,4,inter_process,cpu,16777216,18,517464752435007,3338210,517464765631181,13196174
unique_ptr,4,inter_process,cpu,16777216,19,517464851829890,3804309,517464865015001,13185111
unique_ptr,4,inter_process,memfd,65536,0,517469725060771,409132,517469725953541,892770
unique_ptr,4,inter_process,memfd,65536,1,517469825073053,397153,517469825930794,857741
unique_ptr,4,inter_process,memfd,65536,2,517469925093934,419245,517469925999804,905870
unique_ptr,4,inter_process,memfd,65536,3,517470025162778,424886,517470026111692,948914
unique_ptr,4,inter_process,memfd,65536,4,517470125073449,448767,517470126062422,988973
unique_ptr,4,inter_process,memfd,65536,5,517470225097016,414698,517470225994194,897178
unique_ptr,4,inter_process,memfd,65536,6,517470325115624,466699,517470326154802,1039178
unique_ptr,4,inter_process,memfd,65536,7,517470425096110,416103,517470425994016,897906
unique_ptr,4,inter_process,memfd,65536,8,517470525082348,416745,517470525981026,898678
unique_ptr,4,inter_process,memfd,65536,9,517470625136650,316084,517470626040203,903553
unique_ptr,4,inter_process,memfd,65536,10,517470725111211,473158,517470726177134,1065923
unique_ptr,4,inter_process,memfd,65536,11,517470825074454,447622,517470826067488,993034
unique_ptr,4,inter_process,memfd,65536,12,517470925114658,460301,517470926149368,1034710
unique_ptr,4,inter_process,memfd,65536,13,517471025058915,423935,517471025971561,912646
unique_ptr,4,inter_process,memfd,65536,14,517471124741267,185208,517471125150607,409340
unique_ptr,4,inter_process,memfd,65536,15,517471224976166,326607,517471225641309,665143
unique_ptr,4,inter_process,memfd,65536,16,517471325066457,400750,517471325922474,856017
unique_ptr,4,inter_process,memfd,65536,17,517471425082087,421822,517471425987614,905527
unique_ptr,4,inter_process,memfd,65536,18,517471525062828,448761,517471526053603,990775
unique_ptr,4,inter_process,memfd,65536,19,517471625085024,451474,517471626083491,998467
unique_ptr,4,inter_process,cpu,4194304,0,517477461950449,1032678,517477473749794,11799345
unique_ptr,4,inter_process,cpu,4194304,1,517477566863912,927371,517477580857121,13993209
unique_ptr,4,inter_process,cpu,4194304,2,517477666880440,832686,517477680776668,13896228
unique_ptr,4,inter_process,cpu,4194304,3,517477766470691,843572,517477779993749,13523058
unique_ptr,4,inter_process,cpu,4194304,4,517477866160182,834228,517477880069768,13909586
unique_ptr,4,inter_process,cpu,4194304,5,517477966499814,894589,517477979758058,13258244
unique_ptr,4,inter_process,cpu,4194304,6,517478066789979,844621,517478080373561,13583582
unique_ptr,4,inter_process,cpu,4194304,7,517478166373146,1194412,517478180181403,13808257
unique_ptr,4,inter_process,cpu,4194304,8,517478266376232,864532,517478280140537,13764305
unique_ptr,4,inter_process,cpu,4194304,9,517478366738027,839783,517478380174935,13436908
unique_ptr,4,inter_process,cpu,4194304,10,517478466896653,845069,517478480458681,13562028
unique_ptr,4,inter_process,cpu,4194304,11,517478566848512,887397,517478580827429,13978917
unique_ptr,4,inter_process,cpu,4194304,12,517478666759463,853866,517478680335433,13575970
unique_ptr,4,inter_process,cpu,4194304,13,517478766321055,858474,517478780058818,13737763
unique_ptr,4,inter_process,cpu,4194304,14,517478866205619,877205,517478880110299,13904680
unique_ptr,4,inter_process,cpu,4194304,15,517478966196730,873407,517478979970649,13773919
unique_ptr,4,inter_process,cpu,4194304,16,517479066771563,845777,517479080350826,13579263
unique_ptr,4,inter_process,cpu,4194304,17,517479167055059,863255,517479180866738,13811679
unique_ptr,4,inter_process,cpu,4194304,18,517479266117197,842026,517479280088844,13971647
unique_ptr,4,inter_process,cpu,4194304,19,517479366598975,847707,517479379998835,13399860
unique_ptr,4,intra_process_va,cpu,16777216,0,517481287600971,16405,517481287678714,77743
unique_ptr,4,intra_process_va,cpu,16777216,1,517481387658741,6041,517481387686490,27749
unique_ptr,4,intra_process_va,cpu,16777216,2,517481487397119,5794,517481487425792,28673
unique_ptr,4,intra_process_va,cpu,16777216,3,517481583980170,9549,517481584028681,48511
unique_ptr,4,intra_process_va,cpu,16777216,4,517481685621744,13196,517481685681010,59266
unique_ptr,4,intra_process_va,cpu,16777216,5,517481787301443,16815,517481787379404,77961
unique_ptr,4,intra_process_va,cpu,16777216,6,517481887264748,16493,517481887341876,77128
unique_ptr,4,intra_process_va,cpu,16777216,7,517481986925448,17517,517481987016430,90982
unique_ptr,4,intra_process_va,cpu,16777216,8,517482087207180,16908,517482087286453,79273
unique_ptr,4,intra_process_va,cpu,16777216,9,517482187259980,15145,517482187331223,71243
unique_ptr,4,intra_process_va,cpu,16777216,10,517482287220658,14984,517482287290729,70071
unique_ptr,4,intra_process_va,cpu,16777216,11,517482387218932,16310,517482387295787,76855
unique_ptr,4,intra_process_va,cpu,16777216,12,517482487599501,5645,517482487628616,29115
unique_ptr,4,intra_process_va,cpu,16777216,13,517482587104963,16976,517482587182628,77665
unique_ptr,4,intra_process_va,cpu,16777216,14,517482687210661,20338,517482687286654,75993
unique_ptr,4,intra_process_va,cpu,16777216,15,517482787209080,14940,517482787280710,71630
unique_ptr,4,intra_process_va,cpu,16777216,16,517482887344386,5967,517482887373521,29135
unique_ptr,4,intra_process_va,cpu,16777216,17,517482986980633,6283,517482987015546,34913
unique_ptr,4,intra_process_va,cpu,16777216,18,517483087160299,17942,517483087239120,78821
unique_ptr,4,intra_process_va,cpu,16777216,19,517483187229359,6329,517483187258929,29570
unique_ptr,4,intra_process_va,cpu,64,0,517484906113127,18800,517484906231390,118263
unique_ptr,4,intra_process_va,cpu,64,1,517485006102607,18683,517485006214265,111658
unique_ptr,4,intra_process_va,cpu,64,2,517485106104055,19345,517485106223244,119189
unique_ptr,4,intra_process_va,cpu,64,3,517485206086898,17838,517485206196023,109125
unique_ptr,4,intra_process_va,cpu,64,4,517485306032278,15957,517485306126518,94240
unique_ptr,4,intra_process_va,cpu,64,5,517485406164637,18693,517485406284110,119473
unique_ptr,4,intra_process_va,cpu,64,6,517485506128775,18454,517485506238765,109990
unique_ptr,4,intra_process_va,cpu,64,7,517485606042597,16406,517485606145736,103139
unique_ptr,4,intra_process_va,cpu,64,8,517485706164082,20055,517485706282448,118366
unique_ptr,4,intra_process_va,cpu,64,9,517485805720311,5274,517485805743434,23123
unique_ptr,4,intra_process_va,cpu,64,10,517485905991269,62235,517485906160996,169727
unique_ptr,4,intra_process_va,cpu,64,11,517486005853293,15595,517486005949115,95822
unique_ptr,4,intra_process_va,cpu,64,12,517486106142082,37025,517486106271457,129375
unique_ptr,4,intra_process_va,cpu,64,13,517486206125911,17886,517486206237360,111449
unique_ptr,4,intra_process_va,cpu,64,14,517486305996666,42546,517486306114137,117471
unique_ptr,4,intra_process_va,cpu,64,15,517486406085666,19720,517486406205089,119423
unique_ptr,4,intra_process_va,cpu,64,16,517486506088370,17844,517486506198471,110101
unique_ptr,4,intra_process_va,cpu,64,17,517486606075524,20130,517486606195111,119587
unique_ptr,4,intra_process_va,cpu,64,18,517486706105556,20130,517486706225918,120362
unique_ptr,4,intra_process_va,cpu,64,19,517486806094917,17682,517486806205006,110089
unique_ptr,4,intra_process_va,cpu,1024,0,517488518992061,53937,517488519130636,138575
unique_ptr,4,intra_process_va,cpu,1024,1,517488619065718,20418,517488619187426,121708
unique_ptr,4,intra_process_va,cpu,1024,2,517488718982892,61629,517488719142896,160004
unique_ptr,4,intra_process_va,cpu,1024,3,517488819090507,19279,517488819209334,118827
unique_ptr,4,intra_process_va,cpu,1024,4,517488919047252,20605,517488919165251,117999
unique_ptr,4,intra_process_va,cpu,1024,5,517489018963250,16962,517489019100435,137185
unique_ptr,4,intra_process_va,cpu,1024,6,517489119078418,18755,517489119197510,119092
unique_ptr,4,intra_process_va,cpu,1024,7,517489219000040,49947,517489219134180,134140
unique_ptr,4,intra_process_va,cpu,1024,8,517489319073364,16015,517489319174712,101348
unique_ptr,4,intra_process_va,cpu,1024,9,517489419142944,20534,517489419261288,118344
unique_ptr,4,intra_process_va,cpu,1024,10,517489518970912,13518,517489519087973,117061
unique_ptr,4,intra_process_va,cpu,1024,11,517489619042028,18124,517489619155273,113245
unique_ptr,4,intra_process_va,cpu,1024,12,517489718986789,50407,517489719122266,135477
unique_ptr,4,intra_process_va,cpu,1024,13,517489819060170,20211,517489819172888,112718
unique_ptr,4,intra_process_va,cpu,1024,14,517489919089645,19957,517489919209505,119860
unique_ptr,4,intra_process_va,cpu,1024,15,517490018714877,4141,517490018738938,24061
unique_ptr,4,intra_process_va,cpu,1024,16,517490118998723,69520,517490119154576,155853
unique_ptr,4,intra_process_va,cpu,1024,17,517490218987646,85285,517490219165914,178268
unique_ptr,4,intra_process_va,cpu,1024,18,517490318991438,53313,517490319136089,144651
unique_ptr,4,intra_process_va,cpu,1024,19,517490418811930,4916,517490418842742,30812
unique_ptr,5,inter_process,cpu,4096,0,517495439114784,403819,517495439877109,762325
unique_ptr,5,inter_process,cpu,4096,1,517495539066669,297981,517495539671225,604556
unique_ptr,5,inter_process,cpu,4096,2,517495638896876,113445,517495639152991,256115
unique_ptr,5,inter_process,cpu,4096,3,517495739098193,350687,517495739818497,720304
unique_ptr,5,inter_process,cpu,4096,4,517495839101260,313461,517495839727256,625996
unique_ptr,5,inter_process,cpu,4096,5,517495939105262,354732,517495939805834,700572
unique_ptr,5,inter_process,cpu,4096,6,517496038887404,342138,517496039512980,625576
unique_ptr,5,inter_process,cpu,4096,7,517496139099842,332238,517496139767421,667579
unique_ptr,5,inter_process,cpu,4096,8,517496238915783,113551,517496239197856,282073
unique_ptr,5,inter_process,cpu,4096,9,517496338861285,88442,517496339109116,247831
unique_ptr,5,inter_process,cpu,4096,10,517496439106504,357987,517496439824708,718204
unique_ptr,5,inter_process,cpu,4096,11,517496539077589,306725,517496539695883,618294
unique_ptr,5,inter_process,cpu,4096,12,517496638966532,74599,517496639120796,154264
unique_ptr,5,inter_process,cpu,4096,13,517496739092678,349847,517496739800337,707659
unique_ptr,5,inter_process,cpu,4096,14,517496839091454,306846,517496839705929,614475
unique_ptr,5,inter_process,cpu,4096,15,517496939094500,350539,517496939793683,699183
unique_ptr,5,inter_process,cpu,4096,16,517497038906764,269751,517497039523246,616482
unique_ptr,5,inter_process,cpu,4096,17,517497139109016,355906,517497139821744,712728
unique_ptr,5,inter_process,cpu,4096,18,517497239117721,315439,517497239734332,616611
unique_ptr,5,inter_process,cpu,4096,19,517497339055138,303698,517497339683135,627997
unique_ptr,5,intra_process_va,memfd,16777216,0,517499244721326,19617,517499244828448,107122
unique_ptr,5,intra_process_va,memfd,16777216,1,517499344132875,15719,517499344220187,87312
unique_ptr,5,intra_process_va,memfd,16777216,2,517499444731792,19290,517499444839838,108046
unique_ptr,5,intra_process_va,memfd,16777216,3,517499544530418,19292,517499544634529,104111
unique_ptr,5,intra_process_va,memfd,16777216,4,517499642314915,10114,517499642374963,60048
unique_ptr,5,intra_process_va,memfd,16777216,5,517499744856211,20118,517499744967215,111004
unique_ptr,5,intra_process_va,memfd,16777216,6,517499844806150,19399,517499844908937,102787
unique_ptr,5,intra_process_va,memfd,16777216,7,517499944464589,21379,517499944580077,115488
unique_ptr,5,intra_process_va,memfd,16777216,8,517500044595789,20635,517500044710612,114823
unique_ptr,5,intra_process_va,memfd,16777216,9,517500144413166,19849,517500144530389,117223
unique_ptr,5,intra_process_va,memfd,16777216,10,517500244357727,19982,517500244472186,114459
unique_ptr,5,intra_process_va,memfd,16777216,11,517500344312576,19431,517500344430031,117455
unique_ptr,5,intra_process_va,memfd,16777216,12,517500442617559,11131,517500442694772,77213
unique_ptr,5,intra_process_va,memfd,16777216,13,517500542161712,9776,517500542204540,42828
unique_ptr,5,intra_process_va,memfd,16777216,14,517500642031878,8320,517500642078697,46819
unique_ptr,5,intra_process_va,memfd,16777216,15,517500744761983,22549,517500744892667,130684
unique_ptr,5,intra_process_va,memfd,16777216,16,517500844115411,17402,517500844217108,101697
unique_ptr,5,intra_process_va,memfd,16777216,17,517500944426577,20606,517500944544847,118270
unique_ptr,5,intra_process_va,memfd,16777216,18,517501044450382,20198,517501044568547,118165
unique_ptr,5,intra_process_va,memfd,16777216,19,517501144385993,20359,517501144503974,117981
unique_ptr,5,intra_process_va,memfd,64,0,517502863112372,16562,517502863228115,115743
unique_ptr,5,intra_process_va,memfd,64,1,517502963148787,17761,517502963272833,124046
unique_ptr,5,intra_process_va,memfd,64,2,517503063183416,15990,517503063305359,121943
unique_ptr,5,intra_process_va,memfd,64,3,517503163118710,15381,517503163224850,106140
unique_ptr,5,intra_process_va,memfd,64,4,517503263194970,15641,517503263307315,112345
unique_ptr,5,intra_process_va,memfd,64,5,517503363126139,16269,517503363242457,116318
unique_ptr,5,intra_process_va,memfd,64,6,517503463176492,18205,517503463302107,125615
unique_ptr,5,intra_process_va,memfd,64,7,517503563104052,15933,517503563218533,114481
unique_ptr,5,intra_process_va,memfd,64,8,517503663149446,16038,517503663262715,113269
unique_ptr,5,intra_process_va,memfd,64,9,517503762913747,13808,517503763118157,204410
unique_ptr,5,intra_process_va,memfd,64,10,517503863168446,16481,517503863285483,117037
unique_ptr,5,intra_process_va,memfd,64,11,517503963146625,17889,517503963288298,141673
unique_ptr,5,intra_process_va,memfd,64,12,517504063138074,16182,517504063250799,112725
unique_ptr,5,intra_process_va,memfd,64,13,517504162879128,14587,517504162984071,104943
unique_ptr,5,intra_process_va,memfd,64,14,517504266060553,4383,517504266090023,29470
unique_ptr,5,intra_process_va,memfd,64,15,517504363075217,15215,517504363185430,110213
unique_ptr,5,intra_process_va,memfd,64,16,517504463120723,17031,517504463239398,118675
unique_ptr,5,intra_process_va,memfd,64,17,517504563212901,17968,517504563337891,124990
unique_ptr,5,intra_process_va,memfd,64,18,517504662833951,3833,517504662857781,23830
unique_ptr,5,intra_process_va,memfd,64,19,517504763073225,14980,517504763180433,107208
unique_ptr,5,intra_process_va,cpu,4096,0,517506477061948,19185,517506477176729,114781
unique_ptr,5,intra_process_va,cpu,4096,1,517506577056315,17248,517506577160036,103721
unique_ptr,5,intra_process_va,cpu,4096,2,517506676987212,48306,517506677121454,134242
unique_ptr,5,intra_process_va,cpu,4096,3,517506776698294,4218,517506776720256,21962
unique_ptr,5,intra_process_va,cpu,4096,4,517506877049938,18080,517506877162417,112479
unique_ptr,5,intra_process_va,cpu,4096,5,517506976826510,15315,517506976908901,82391
unique_ptr,5,intra_process_va,cpu,4096,6,517507077059225,18804,517507077172347,113122
unique_ptr,5,intra_process_va,cpu,4096,7,517507177055825,19825,517507177177456,121631
unique_ptr,5,intra_process_va,cpu,4096,8,517507277039102,16841,517507277142749,103647
unique_ptr,5,intra_process_va,cpu,4096,9,517507377155941,19036,517507377270819,114878
unique_ptr,5,intra_process_va,cpu,4096,10,517507477110525,20448,517507477231151,120626
unique_ptr,5,intra_process_va,cpu,4096,11,517507577061273,18154,517507577174872,113599
unique_ptr,5,intra_process_va,cpu,4096,12,517507677069338,17255,517507677181357,112019
unique_ptr,5,intra_process_va,cpu,4096,13,517507776994771,49409,517507777130767,135996
unique_ptr,5,intra_process_va,cpu,4096,14,517507877080050,19531,517507877202063,122013
unique_ptr,5,intra_process_va,cpu,4096,15,517507976996764,49276,517507977132099,135335
unique_ptr,5,intra_process_va,cpu,4096,16,517508077082745,17478,517508077203435,120690
unique_ptr,5,intra_process_va,cpu,4096,17,517508177054438,19724,517508177168170,113732
unique_ptr,5,intra_process_va,cpu,4096,18,517508277065597,20813,517508277187998,122401
unique_ptr,5,intra_process_va,cpu,4096,19,517508377050269,19343,517508377165769,115500
unique_ptr,5,intra_process_va,cpu,16384,0,517510098953710,16012,517510099087181,133471
unique_ptr,5,intra_process_va,cpu,16384,1,517510199136232,18726,517510199248677,112445
unique_ptr,5,intra_process_va,cpu,16384,2,517510298925272,18005,517510299084201,158929
unique_ptr,5,intra_process_va,cpu,16384,3,517510398950239,17082,517510399104907,154668
unique_ptr,5,intra_process_va,cpu,16384,4,517510498951437,17164,517510499094897,143460
unique_ptr,5,intra_process_va,cpu,16384,5,517510598938168,16624,517510599075453,137285
unique_ptr,5,intra_process_va,cpu,16384,6,517510698930987,16601,517510699080375,149388
unique_ptr,5,intra_process_va,cpu,16384,7,517510798966331,17265,517510799111270,144939
unique_ptr,5,intra_process_va,cpu,16384,8,517510898777880,7766,517510898826463,48583
unique_ptr,5,intra_process_va,cpu,16384,9,517510998910957,14221,517510999154320,243363
unique_ptr,5,intra_process_va,cpu,16384,10,517511098931090,15982,517511099079741,148651
unique_ptr,5,intra_process_va,cpu,16384,11,517511198822953,16380,517511198924426,101473
unique_ptr,5,intra_process_va,cpu,16384,12,517511299065467,20553,517511299187288,121821
unique_ptr,5,intra_process_va,cpu,16384,13,517511399048653,20338,517511399172785,124132
unique_ptr,5,intra_process_va,cpu,16384,14,517511498944427,16022,517511499080759,136332
unique_ptr,5,intra_process_va,cpu,16384,15,517511598982856,63446,517511599139926,157070
unique_ptr,5,intra_process_va,cpu,16384,16,517511698952948,15937,517511699100820,147872
unique_ptr,5,intra_process_va,cpu,16384,17,517511799043119,18011,517511799155321,112202
unique_ptr,5,intra_process_va,cpu,16384,18,517511898970633,19122,517511899126471,155838
unique_ptr,5,intra_process_va,cpu,16384,19,517511999077998,20116,517511999199542,121544
unique_ptr,5,intra_process_va,memfd,4194304,0,517513715041279,21101,517513715162947,121668
unique_ptr,5,intra_process_va,memfd,4194304,1,517513815154360,23153,517513815286528,132168
unique_ptr,5,intra_process_va,memfd,4194304,2,517513915031973,21692,517513915155863,123890
unique_ptr,5,intra_process_va,memfd,4194304,3,517514014951037,21571,517514015088575,137538
unique_ptr,5,intra_process_va,memfd,4194304,4,517514115024279,22421,517514115148798,124519
unique_ptr,5,intra_process_va,memfd,4194304,5,517514214921123,20992,517514215060069,138946
unique_ptr,5,intra_process_va,memfd,4194304,6,517514314902175,21018,517514315046303,144128
unique_ptr,5,intra_process_va,memfd,4194304,7,517514414934432,20972,517514415071739,137307
unique_ptr,5,intra_process_va,memfd,4194304,8,517514515045290,23919,517514515172215,126925
unique_ptr,5,intra_process_va,memfd,4194304,9,517514615197308,23351,517514615331144,133836
unique_ptr,5,intra_process_va,memfd,4194304,10,517514714970238,20558,517514715102179,131941
unique_ptr,5,intra_process_va,memfd,4194304,11,517514814935313,21066,517514815071737,136424
unique_ptr,5,intra_process_va,memfd,4194304,12,517514915100940,23633,517514915229114,128174
unique_ptr,5,intra_process_va,memfd,4194304,13,517515014885892,19838,517515014999327,113435
unique_ptr,5,intra_process_va,memfd,4194304,14,517515114112123,9142,517515114153991,41868
unique_ptr,5,intra_process_va,memfd,4194304,15,517515214957426,22513,517515215101867,144441
unique_ptr,5,intra_process_va,memfd,4194304,16,517515315115772,21146,517515315238116,122344
unique_ptr,5,intra_process_va,memfd,4194304,17,517515415151015,23604,517515415284189,133174
unique_ptr,5,intra_process_va,memfd,4194304,18,517515514942914,20442,517515515077211,134297
unique_ptr,5,intra_process_va,memfd,4194304,19,517515615170776,22358,517515615295338,124562
unique_ptr,5,inter_process,cpu,65536,0,517520642965790,157314,517520643224338,258548
unique_ptr,5,inter_process,cpu,65536,1,517520743064574,391646,517520743715962,651388
unique_ptr,5,inter_process,cpu,65536,2,517520843123063,438949,517520843839556,716493
unique_ptr,5,inter_process,cpu,65536,3,517520943133999,444966,517520943855626,721627
unique_ptr,5,inter_process,cpu,65536,4,517521043106210,406671,517521043793453,687243
unique_ptr,5,inter_process,cpu,65536,5,517521143052560,434522,517521143752935,700375
unique_ptr,5,inter_process,cpu,65536,6,517521243046127,371603,517521243653360,607233
unique_ptr,5,inter_process,cpu,65536,7,517521343077988,422803,517521343769258,691270
unique_ptr,5,inter_process,cpu,65536,8,517521442887052,76434,517521443031680,144628
unique_ptr,5,inter_process,cpu,65536,9,517521543117580,275076,517521543824211,706631
unique_ptr,5,inter_process,cpu,65536,10,517521642943628,194078,517521643255886,312258
unique_ptr,5,inter_process,cpu,65536,11,517521743104046,429004,517521743813651,709605
unique_ptr,5,inter_process,cpu,65536,12,517521843112558,434437,517521843824182,711624
unique_ptr,5,inter_process,cpu,65536,13,517521943142043,483137,517521943848502,706459
unique_ptr,5,inter_process,cpu,65536,14,517522043133365,430264,517522043839332,705967
unique_ptr,5,inter_process,cpu,65536,15,517522143046872,377332,517522143667290,620418
unique_ptr,5,inter_process,cpu,65536,16,517522243251543,448590,517522243944464,692921
unique_ptr,5,inter_process,cpu,65536,17,517522343049761,254465,517522343700238,650477
unique_ptr,5,inter_process,cpu,65536,18,517522443157717,398881,517522443808114,650397
unique_ptr,5,inter_process,cpu,65536,19,517522543117894,414665,517522543832340,714446
unique_ptr,5,intra_process_va,cpu,65536,0,517524445903000,16644,517524446042277,139277
unique_ptr,5,intra_process_va,cpu,65536,1,517524545820291,39313,517524545961972,141681
unique_ptr,5,intra_process_va,cpu,65536,2,517524645909566,15617,517524646042979,133413
unique_ptr,5,intra_process_va,cpu,65536,3,517524745930011,18057,517524746074554,144543
unique_ptr,5,intra_process_va,cpu,65536,4,517524845924552,18241,517524846072832,148280
unique_ptr,5,intra_process_va,cpu,65536,5,517524945941001,20781,517524946101195,160194
unique_ptr,5,intra_process_va,cpu,65536,6,517525045955204,20018,517525046110625,155421
unique_ptr,5,intra_process_va,cpu,65536,7,517525145891266,17034,517525145994392,103126
unique_ptr,5,intra_process_va,cpu,65536,8,517525245925123,19759,517525246085076,159953
unique_ptr,5,intra_process_va,cpu,65536,9,517525345902565,17551,517525346106247,203682
unique_ptr,5,intra_process_va,cpu,65536,10,517525445947198,19468,517525446104215,157017
unique_ptr,5,intra_process_va,cpu,65536,11,517525545743915,9403,517525545805496,61581
unique_ptr,5,intra_process_va,cpu,65536,12,517525645712608,8459,517525645758362,45754
unique_ptr,5,intra_process_va,cpu,65536,13,517525745932447,18698,517525746078541,146094
unique_ptr,5,intra_process_va,cpu,65536,14,517525845929728,19004,517525846078443,148715
unique_ptr,5,intra_process_va,cpu,65536,15,517525945932732,18151,517525946090515,157783
unique_ptr,5,intra_process_va,cpu,65536,16,517526045926616,19151,517526046076777,150161
unique_ptr,5,intra_process_va,cpu,65536,17,517526145939460,18403,517526146099978,160518
unique_ptr,5,intra_process_va,cpu,65536,18,517526245903572,17454,517526246040079,136507
unique_ptr,5,intra_process_va,cpu,65536,19,517526345875008,15674,517526345971789,96781
unique_ptr,5,inter_process,cpu,262144,0,517531375280863,603277,517531376339641,1058778
unique_ptr,5,inter_process,cpu,262144,1,517531475156642,583385,517531476143249,986607
unique_ptr,5,inter_process,cpu,262144,2,517531575199327,659359,517531576321195,1121868
unique_ptr,5,inter_process,cpu,262144,3,517531674885866,108782,517531675097740,211874
unique_ptr,5,inter_process,cpu,262144,4,517531774898571,546844,517531775772985,874414
unique_ptr,5,inter_process,cpu,262144,5,517531874873081,151306,517531875126856,253775
unique_ptr,5,inter_process,cpu,262144,6,517531975174350,611691,517531976167086,992736
unique_ptr,5,inter_process,cpu,262144,7,517532075175236,606412,517532076179075,1003839
unique_ptr,5,inter_process,cpu,262144,8,517532175205146,595417,517532176206257,1001111
unique_ptr,5,inter_process,cpu,262144,9,517532275200869,448552,517532276218966,1018097
unique_ptr,5,inter_process,cpu,262144,10,517532375344775,617981,517532376324507,979732
unique_ptr,5,inter_process,cpu,262144,11,517532475185415,576654,517532476201083,1015668
unique_ptr,5,inter_process,cpu,262144,12,517532575173152,580693,517532576171906,998754
unique_ptr,5,inter_process,cpu,262144,13,517532675153317,586862,517532676156118,1002801
unique_ptr,5,inter_process,cpu,262144,14,517532775158705,618268,517532776185353,1026648
unique_ptr,5,inter_process,cpu,262144,15,517532875184813,670497,517532876249832,1065019
unique_ptr,5,inter_process,cpu,262144,16,517532975206575,600684,517532976210851,1004276
unique_ptr,5,inter_process,cpu,262144,17,517533075152051,593166,517533076153871,1001820
unique_ptr,5,inter_process,cpu,262144,18,517533175281916,688085,517533176394783,1112867
unique_ptr,5,inter_process,cpu,262144,19,517533275189921,646138,517533276284521,1094600
unique_ptr,5,inter_process,cpu,4194304,0,517538148276768,1705148,517538160762545,12485777
unique_ptr,5,inter_process,cpu,4194304,1,517538250731319,972987,517538264807693,14076374
unique_ptr,5,inter_process,cpu,4194304,2,517538350571005,875507,517538363992606,13421601
unique_ptr,5,inter_process,cpu,4194304,3,517538450152707,831514,517538464204646,14051939
unique_ptr,5,inter_process,cpu,4194304,4,517538551264437,2786962,517538565743425,14478988
unique_ptr,5,inter_process,cpu,4194304,5,517538647708302,1474537,517538660428048,12719746
unique_ptr,5,inter_process,cpu,4194304,6,517538750581850,874924,517538764102410,13520560
unique_ptr,5,inter_process,cpu,4194304,7,517538850321020,830986,517538863910435,13589415
unique_ptr,5,inter_process,cpu,4194304,8,517538950399047,836571,517538963945842,13546795
unique_ptr,5,inter_process,cpu,4194304,9,517539050399535,828567,517539064025628,13626093
unique_ptr,5,inter_process,cpu,4194304,10,517539150302905,864454,517539163996460,13693555
unique_ptr,5,inter_process,cpu,4194304,11,517539250654729,841409,517539264145908,13491179
unique_ptr,5,inter_process,cpu,4194304,12,517539351119351,861376,517539364943523,13824172
unique_ptr,5,inter_process,cpu,4194304,13,517539450149080,836066,517539463993747,13844667
unique_ptr,5,inter_process,cpu,4194304,14,517539550273255,872034,517539563903273,13630018
unique_ptr,5,inter_process,cpu,4194304,15,517539648212928,2115923,517539662588951,14376023
unique_ptr,5,inter_process,cpu,4194304,16,517539750546561,836129,517539764086633,13540072
unique_ptr,5,inter_process,cpu,4194304,17,517539850934511,1026347,517539865112181,14177670
unique_ptr,5,inter_process,cpu,4194304,18,517539950848640,837942,517539964638839,13790199
unique_ptr,5,inter_process,cpu,4194304,19,517540050737776,840225,517540064611458,13873682
unique_ptr,5,intra_process_va,cpu,1024,0,517541960703484,4285,517541960730516,27032
unique_ptr,5,intra_process_va,cpu,1024,1,517542060980147,16500,517542061122708,142561
unique_ptr,5,intra_process_va,cpu,1024,2,517542161094883,19088,517542161215764,120881
unique_ptr,5,intra_process_va,cpu,1024,3,517542260821711,6341,517542260858614,36903
unique_ptr,5,intra_process_va,cpu,1024,4,517542360961144,15410,517542361090082,128938
unique_ptr,5,intra_process_va,cpu,1024,5,517542461064359,19687,517542461185822,121463
unique_ptr,5,intra_process_va,cpu,1024,6,517542561083547,19909,517542561207286,123739
unique_ptr,5,intra_process_va,cpu,1024,7,517542660995754,46441,517542661128000,132246
unique_ptr,5,intra_process_va,cpu,1024,8,517542761073431,20795,517542761197670,124239
unique_ptr,5,intra_process_va,cpu,1024,9,517542861120259,19230,517542861235737,115478
unique_ptr,5,intra_process_va,cpu,1024,10,517542961063915,18742,517542961177220,113305
unique_ptr,5,intra_process_va,cpu,1024,11,517543061100425,19685,517543061221821,121396
unique_ptr,5,intra_process_va,cpu,1024,12,517543160943455,15945,517543161100458,157003
unique_ptr,5,intra_process_va,cpu,1024,13,517543261049626,19232,517543261173883,124257
unique_ptr,5,intra_process_va,cpu,1024,14,517543361039317,17161,517543361143037,103720
unique_ptr,5,intra_process_va,cpu,1024,15,517543461051949,19768,517543461175603,123654
unique_ptr,5,intra_process_va,cpu,1024,16,517543561052951,18271,517543561167636,114685
unique_ptr,5,intra_process_va,cpu,1024,17,517543660999432,50197,517543661138682,139250
unique_ptr,5,intra_process_va,cpu,1024,18,517543760991812,63358,517543761142374,150562
unique_ptr,5,intra_process_va,cpu,1024,19,517543860976215,16871,517543861116113,139898
unique_ptr,5,intra_process_va,memfd,65536,0,517545579103589,16271,517545579216099,112510
unique_ptr,5,intra_process_va,memfd,65536,1,517545679089620,14562,517545679193714,104094
unique_ptr,5,intra_process_va,memfd,65536,2,517545779132937,18060,517545779253088,120151
unique_ptr,5,intra_process_va,memfd,65536,3,517545879157664,17246,517545879274666,117002
unique_ptr,5,intra_process_va,memfd,65536,4,517545979176125,18845,517545979304010,127885
unique_ptr,5,intra_process_va,memfd,65536,5,517546079193841,17977,517546079321278,127437
unique_ptr,5,intra_process_va,memfd,65536,6,517546179177117,18374,517546179302148,125031
unique_ptr,5,intra_process_va,memfd,65536,7,517546279144845,17722,517546279262394,117549
unique_ptr,5,intra_process_va,memfd,65536,8,517546379169765,19462,517546379296950,127185
unique_ptr,5,intra_process_va,memfd,65536,9,517546478826097,4627,517546478854173,28076
unique_ptr,5,intra_process_va,memfd,65536,10,517546579166215,18896,517546579293459,127244
unique_ptr,5,intra_process_va,memfd,65536,11,517546679128582,16392,517546679240574,111992
unique_ptr,5,intra_process_va,memfd,65536,12,517546779169084,18759,517546779296338,127254
unique_ptr,5,intra_process_va,memfd,65536,13,517546879141073,16368,517546879251398,110325
unique_ptr,5,intra_process_va,memfd,65536,14,517546979153454,16858,517546979270483,117029
unique_ptr,5,intra_process_va,memfd,65536,15,517547079186044,18659,517547079314388,128344
unique_ptr,5,intra_process_va,memfd,65536,16,517547179089831,17637,517547179207101,117270
unique_ptr,5,intra_process_va,memfd,65536,17,517547279179499,18498,517547279307433,127934
unique_ptr,5,intra_process_va,memfd,65536,18,517547379173718,18813,517547379301997,128279
unique_ptr,5,intra_process_va,memfd,65536,19,517547479180420,18247,517547479307727,127307
unique_ptr,5,inter_process,cpu,1048576,0,517552484491712,1760598,517552486934849,2443137
unique_ptr,5,inter_process,cpu,1048576,1,517552584369612,1500165,517552597734384,13364772
unique_ptr,5,inter_process,cpu,1048576,2,517552684103269,765362,517552695693688,11590419
unique_ptr,5,inter_process,cpu,1048576,3,517552783977047,485586,517552795505313,11528266
unique_ptr,5,inter_process,cpu,1048576,4,517552884513947,1727592,517552886913362,2399415
unique_ptr,5,inter_process,cpu,1048576,5,517552984487574,1716190,517552986863632,2376058
unique_ptr,5,inter_process,cpu,1048576,6,517553084465399,1468708,517553086582805,2117406
unique_ptr,5,inter_process,cpu,1048576,7,517553184424820,1506229,517553197931899,13507079
unique_ptr,5,inter_process,cpu,1048576,8,517553284416963,1480305,517553297723326,13306363
unique_ptr,5,inter_process,cpu,1048576,9,517553384516216,1478716,517553397887295,13371079
unique_ptr,5,inter_process,cpu,1048576,10,517553484455278,1514914,517553486607670,2152392
unique_ptr,5,inter_process,cpu,1048576,11,517553584385291,1362372,517553586488463,2103172
unique_ptr,5,inter_process,cpu,1048576,12,517553684389172,1360661,517553697592903,13203731
unique_ptr,5,inter_process,cpu,1048576,13,517553784472328,1706970,517553786855686,2383358
unique_ptr,5,inter_process,cpu,1048576,14,517553884504674,1525916,517553886794007,2289333
unique_ptr,5,inter_process,cpu,1048576,15,517553984529767,1701622,517553986889915,2360148
unique_ptr,5,inter_process,cpu,1048576,16,517554084606057,1676763,517554086945073,2339016
unique_ptr,5,inter_process,cpu,1048576,17,517554184528212,1730779,517554186915992,2387780
unique_ptr,5,inter_process,cpu,1048576,18,517554284507924,1708559,517554286871572,2363648
unique_ptr,5,inter_process,cpu,1048576,19,517554384473567,1505870,517554386639493,2165926
unique_ptr,5,inter_process,memfd,64,0,517559589962548,516578,517559591080444,1117896
unique_ptr,5,inter_process,memfd,64,1,517559690100768,357399,517559690877810,777042
unique_ptr,5,inter_process,memfd,64,2,517559790170063,418151,517559791104743,934680
unique_ptr,5,inter_process,memfd,64,3,517559890225989,426813,517559891142283,916294
unique_ptr,5,inter_process,memfd,64,4,517559990177713,438223,517559991107654,929941
unique_ptr,5,inter_process,memfd,64,5,517560090171791,482675,517560091225529,1053738
unique_ptr,5,inter_process,memfd,64,6,517560189974451,499705,517560190979264,1004813
unique_ptr,5,inter_process,memfd,64,7,517560289960433,466515,517560290901870,941437
unique_ptr,5,inter_process,memfd,64,8,517560390148539,437078,517560391106647,958108
unique_ptr,5,inter_process,memfd,64,9,517560490208609,302239,517560491062366,853757
unique_ptr,5,inter_process,memfd,64,10,517560590158236,386192,517560591033914,875678
unique_ptr,5,inter_process,memfd,64,11,517560689920588,414456,517560690798676,878088
unique_ptr,5,inter_process,memfd,64,12,517560790177113,462851,517560791218001,1040888
unique_ptr,5,inter_process,memfd,64,13,517560890139057,416544,517560891068481,929424
unique_ptr,5,inter_process,memfd,64,14,517560990183856,421937,517560991148964,965108
unique_ptr,5,inter_process,memfd,64,15,517561089864881,227029,517561090310655,445774
unique_ptr,5,inter_process,memfd,64,16,517561190124854,289184,517561190961076,836222
unique_ptr,5,inter_process,memfd,64,17,517561290116265,420232,517561291029263,912998
unique_ptr,5,inter_process,memfd,64,18,517561390171068,455146,517561391191790,1020722
unique_ptr,5,inter_process,memfd,64,19,517561490178914,466977,517561491232823,1053909
unique_ptr,5,inter_process,cpu,16777216,0,517567682697953,6472700,517567698507196,15809243
unique_ptr,5,inter_process,cpu,16777216,1,517567783165424,2650620,517567797909126,14743702
unique_ptr,5,inter_process,cpu,16777216,2,517567883380341,3023831,517567898500365,15120024
unique_ptr,5,inter_process,cpu,16777216,3,517567983509029,2655825,517567998217701,14708672
unique_ptr,5,inter_process,cpu,16777216,4,517568083433519,3405817,517568099022670,15589151
unique_ptr,5,inter_process,cpu,16777216,5,517568183365051,2718704,517568198100788,14735737
unique_ptr,5,inter_process,cpu,16777216,6,517568282440854,3790648,517568298229042,15788188
unique_ptr,5,inter_process,cpu,16777216,7,517568382910867,3468096,517568398625152,15714285
unique_ptr,5,inter_process,cpu,16777216,8,517568483789184,2673399,517568498517456,14728272
unique_ptr,5,inter_process,cpu,16777216,9,517568583840027,2760674,517568598878297,15038270
unique_ptr,5,inter_process,cpu,16777216,10,517568683392284,3212901,517568698632266,15239982
unique_ptr,5,inter_process,cpu,16777216,11,517568783531216,2656019,517568797961450,14430234
unique_ptr,5,inter_process,cpu,16777216,12,517568883757336,2675400,517568898619501,14862165
unique_ptr,5,inter_process,cpu,16777216,13,517568983699697,2697778,517568998604841,14905144
unique_ptr,5,inter_process,cpu,16777216,14,517569083492414,2654876,517569098233579,14741165
unique_ptr,5,inter_process,cpu,16777216,15,517569183097875,2664084,517569197956032,14858157
unique_ptr,5,inter_process,cpu,16777216,16,517569283546916,2670939,517569298023329,14476413
unique_ptr,5,inter_process,cpu,16777216,17,517569383252666,3555759,517569398973554,15720888
unique_ptr,5,inter_process,cpu,16777216,18,517569479490676,2855275,517569492798156,13307480
unique_ptr,5,inter_process,cpu,16777216,19,517569581229721,4969193,517569598207555,16977834
unique_ptr,5,intra_process_va,memfd,1048576,0,517571492362193,20358,517571492493887,131694
unique_ptr,5,intra_process_va,memfd,1048576,1,517571591890954,6529,517571591927025,36071
unique_ptr,5,intra_process_va,memfd,1048576,2,517571692091631,17412,517571692205353,113722
unique_ptr,5,intra_process_va,memfd,1048576,3,517571792402891,20189,517571792535480,132589
unique_ptr,5,intra_process_va,memfd,1048576,4,517571892309362,18269,517571892430653,121291
unique_ptr,5,intra_process_va,memfd,1048576,5,517571992100961,17037,517571992214523,113562
unique_ptr,5,intra_process_va,memfd,1048576,6,517572092352491,20677,517572092485262,132771
unique_ptr,5,intra_process_va,memfd,1048576,7,517572192332674,19594,517572192463711,131037
unique_ptr,5,intra_process_va,memfd,1048576,8,517572292363884,18685,517572292487176,123292
unique_ptr,5,intra_process_va,memfd,1048576,9,517572392340532,17560,517572392453258,112726
unique_ptr,5,intra_process_va,memfd,1048576,10,517572492266418,18610,517572492383178,116760
unique_ptr,5,intra_process_va,memfd,1048576,11,517572592373901,20830,517572592507613,133712
unique_ptr,5,intra_process_va,memfd,1048576,12,517572692231114,18531,517572692344322,113208
unique_ptr,5,intra_process_va,memfd,1048576,13,517572792345071,20495,517572792478263,133192
unique_ptr,5,intra_process_va,memfd,1048576,14,517572892320629,20186,517572892447833,127204
unique_ptr,5,intra_process_va,memfd,1048576,15,517572992285352,17337,517572992399880,114528
unique_ptr,5,intra_process_va,memfd,1048576,16,517573092313350,18300,517573092434072,120722
unique_ptr,5,intra_process_va,memfd,1048576,17,517573192327050,19442,517573192452766,125716
unique_ptr,5,intra_process_va,memfd,1048576,18,517573292141970,13734,517573292228828,86858
unique_ptr,5,intra_process_va,memfd,1048576,19,517573392140722,18645,517573392266240,125518
unique_ptr,5,intra_process_va,memfd,1024,0,517575115148442,16177,517575115260904,112462
unique_ptr,5,intra_process_va,memfd,1024,1,517575215116459,14947,517575215225757,109298
unique_ptr,5,intra_process_va,memfd,1024,2,517575315111693,13879,517575315211413,99720
unique_ptr,5,intra_process_va,memfd,1024,3,517575415133615,15710,517575415240357,106742
unique_ptr,5,intra_process_va,memfd,1024,4,517575515149897,16317,517575515263314,113417
unique_ptr,5,intra_process_va,memfd,1024,5,517575615158480,19834,517575615284822,126342
unique_ptr,5,intra_process_va,memfd,1024,6,517575715121577,16169,517575715249923,128346
unique_ptr,5,intra_process_va,memfd,1024,7,517575814776120,3801,517575814800897,24777
unique_ptr,5,intra_process_va,memfd,1024,8,517575915099480,15071,517575915205776,106296
unique_ptr,5,intra_process_va,memfd,1024,9,517576015217037,15247,517576015328359,111322
unique_ptr,5,intra_process_va,memfd,1024,10,517576115192507,16476,517576115315513,123006
unique_ptr,5,intra_process_va,memfd,1024,11,517576215177264,34472,517576215311031,133767
unique_ptr,5,intra_process_va,memfd,1024,12,517576315150909,16961,517576315269860,118951
unique_ptr,5,intra_process_va,memfd,1024,13,517576415206864,17292,517576415330219,123355
unique_ptr,5,intra_process_va,memfd,1024,14,517576515193843,17798,517576515316379,122536
unique_ptr,5,intra_process_va,memfd,1024,15,517576615155327,17644,517576615272318,116991
unique_ptr,5,intra_process_va,memfd,1024,16,517576715169408,16177,517576715282157,112749
unique_ptr,5,intra_process_va,memfd,1024,17,517576815192507,16419,517576815304946,112439
unique_ptr,5,intra_process_va,memfd,1024,18,517576915118397,15507,517576915225656,107259
unique_ptr,5,intra_process_va,memfd,1024,19,517577015084267,13640,517577015205190,120923
unique_ptr,5,intra_process_va,cpu,64,0,517578733932971,17025,517578734081253,148282
unique_ptr,5,intra_process_va,cpu,64,1,517578833970060,17167,517578834115411,145351
unique_ptr,5,intra_process_va,cpu,64,2,517578933968718,18141,517578934114593,145875
unique_ptr,5,intra_process_va,cpu,64,3,517579033951058,19534,517579034108662,157604
unique_ptr,5,intra_process_va,cpu,64,4,517579133923711,16155,517579134062904,139193
unique_ptr,5,intra_process_va,cpu,64,5,517579233843291,16208,517579233938105,94814
unique_ptr,5,intra_process_va,cpu,64,6,517579333991189,52769,517579334141697,150508
unique_ptr,5,intra_process_va,cpu,64,7,517579433943675,16249,517579434079935,136260
unique_ptr,5,intra_process_va,cpu,64,8,517579533849423,10544,517579533919094,69671
unique_ptr,5,intra_process_va,cpu,64,9,517579635143745,11911,517579635214501,70756
unique_ptr,5,intra_process_va,cpu,64,10,517579733935250,18577,517579734094777,159527
unique_ptr,5,intra_process_va,cpu,64,11,517579833981551,57906,517579834140655,159104
unique_ptr,5,intra_process_va,cpu,64,12,517579933689383,7044,517579933732528,43145
unique_ptr,5,intra_process_va,cpu,64,13,517580033863247,15955,517580033949042,85795
unique_ptr,5,intra_process_va,cpu,64,14,517580133923122,16403,517580134052028,128906
unique_ptr,5,intra_process_va,cpu,64,15,517580233936654,16886,517580234085188,148534
unique_ptr,5,intra_process_va,cpu,64,16,517580333916258,16287,517580334051929,135671
unique_ptr,5,intra_process_va,cpu,64,17,517580433922192,16351,517580434057722,135530
unique_ptr,5,intra_process_va,cpu,64,18,517580533916853,17130,517580534057758,140905
unique_ptr,5,intra_process_va,cpu,64,19,517580634181196,14303,517580634259465,78269
unique_ptr,5,inter_process,memfd,1024,0,517585661105864,433544,517585662075783,969919
unique_ptr,5,inter_process,memfd,1024,1,517585761107282,398883,517585761964997,857715
unique_ptr,5,inter_process,memfd,1024,2,517585861211826,464181,517585862206432,994606
unique_ptr,5,inter_process,memfd,1024,3,517585961179164,472527,517585962183057,1003893
unique_ptr,5,inter_process,memfd,1024,4,517586061184913,489755,517586062209195,1024282
unique_ptr,5,inter_process,memfd,1024,5,517586160878492,71485,517586161061748,183256
unique_ptr,5,inter_process,memfd,1024,6,517586260820459,141663,517586261122827,302368
unique_ptr,5,inter_process,memfd,1024,7,517586361222819,471545,517586362328110,1105291
unique_ptr,5,inter_process,memfd,1024,8,517586461195877,339866,517586462221387,1025510
unique_ptr,5,inter_process,memfd,1024,9,517586561246347,333666,517586562276194,1029847
unique_ptr,5,inter_process,memfd,1024,10,517586661168919,391148,517586662053723,884804
unique_ptr,5,inter_process,memfd,1024,11,517586761158105,449172,517586762154158,996053
unique_ptr,5,inter_process,memfd,1024,12,517586861200199,417960,517586862129483,929284
unique_ptr,5,inter_process,memfd,1024,13,517586961214544,467091,517586962257437,1042893
unique_ptr,5,inter_process,memfd,1024,14,517587061213728,473546,517587062265198,1051470
unique_ptr,5,inter_process,memfd,1024,15,517587161192020,465256,517587162230018,1037998
unique_ptr,5,inter_process,memfd,1024,16,517587260956265,432575,517587261801069,844804
unique_ptr,5,inter_process,memfd,1024,17,517587361202899,469703,517587362259219,1056320
unique_ptr,5,inter_process,memfd,1024,18,517587461133821,326087,517587461978167,844346
unique_ptr,5,inter_process,memfd,1024,19,517587561096821,415631,517587561965755,868934
unique_ptr,5,inter_process,memfd,1048576,0,517593746348884,444132,517593747329612,980728
unique_ptr,5,inter_process,memfd,1048576,1,517593846349721,446272,517593847313305,963584
unique_ptr,5,inter_process,memfd,1048576,2,517593946452123,496899,517593947519717,1067594
unique_ptr,5,inter_process,memfd,1048576,3,517594046376359,391918,517594047252077,875718
unique_ptr,5,inter_process,memfd,1048576,4,517594146386050,423194,517594147330590,944540
unique_ptr,5,inter_process,memfd,1048576,5,517594246355340,447550,517594247321420,966080
unique_ptr,5,inter_process,memfd,1048576,6,517594346380999,456002,517594347397338,1016339
unique_ptr,5,inter_process,memfd,1048576,7,517594446435507,478690,517594447484721,1049214
unique_ptr,5,inter_process,memfd,1048576,8,517594545875852,94495,517594546084801,208949
unique_ptr,5,inter_process,memfd,1048576,9,517594646083993,156561,517594646496105,412112
unique_ptr,5,inter_process,memfd,1048576,10,517594746329571,381212,517594747176297,846726
unique_ptr,5,inter_process,memfd,1048576,11,517594846354613,416206,517594847346616,992003
unique_ptr,5,inter_process,memfd,1048576,12,517594946446178,469138,517594947483592,1037414
unique_ptr,5,inter_process,memfd,1048576,13,517595046377727,332524,517595047297886,920159
unique_ptr,5,inter_process,memfd,1048576,14,517595146419159,468670,517595147461091,1041932
unique_ptr,5,inter_process,memfd,1048576,15,517595246409869,478851,517595247451474,1041605
unique_ptr,5,inter_process,memfd,1048576,16,517595346415403,475915,517595347453905,1038502
unique_ptr,5,inter_process,memfd,1048576,17,517595446378075,428773,517595447323188,945113
unique_ptr,5,inter_process,memfd,1048576,18,517595546389710,425124,517595547363582,973872
unique_ptr,5,inter_process,memfd,1048576,19,517595646135572,209977,517595646582147,446575
unique_ptr,5,inter_process,memfd,16384,0,517601490990888,473374,517601491976258,985370
unique_ptr,5,inter_process,memfd,16384,1,517601591058789,479147,517601592108204,1049415
unique_ptr,5,inter_process,memfd,16384,2,517601691067700,415403,517601691967807,900107
unique_ptr,5,inter_process,memfd,16384,3,517601790968173,469000,517601791924074,955901
unique_ptr,5,inter_process,memfd,16384,4,517601890958209,480829,517601891927308,969099
unique_ptr,5,inter_process,memfd,16384,5,517601990973593,463274,517601991918904,945311
unique_ptr,5,inter_process,memfd,16384,6,517602091058610,341728,517602091983002,924392
unique_ptr,5,inter_process,memfd,16384,7,517602191140552,461162,517602192189019,1048467
unique_ptr,5,inter_process,memfd,16384,8,517602290998019,487350,517602292031977,1033958
unique_ptr,5,inter_process,memfd,16384,9,517602391211458,334366,517602392091830,880372
unique_ptr,5,inter_process,memfd,16384,10,517602491092668,466346,517602492159677,1067009
unique_ptr,5,inter_process,memfd,16384,11,517602591140742,461869,517602592177218,1036476
unique_ptr,5,inter_process,memfd,16384,12,517602691101762,454385,517602692130455,1028693
unique_ptr,5,inter_process,memfd,16384,13,517602790981501,495153,517602792051115,1069614
unique_ptr,5,inter_process,memfd,16384,14,517602890795153,91694,517602890996582,201429
unique_ptr,5,inter_process,memfd,16384,15,517602990918535,402034,517602991693845,775310
unique_ptr,5,inter_process,memfd,16384,16,517603091064578,468029,517603092110189,1045611
unique_ptr,5,inter_process,memfd,16384,17,517603191039554,320673,517603191861494,821940
unique_ptr,5,inter_process,memfd,16384,18,517603290975142,441092,517603291907999,932857
unique_ptr,5,inter_process,memfd,16384,19,517603391057894,469790,517603392118655,1060761
unique_ptr,5,inter_process,memfd,4096,0,517609568138563,330767,517609568990432,851869
unique_ptr,5,inter_process,memfd,4096,1,517609668180430,384930,517609668998198,817768
unique_ptr,5,inter_process,memfd,4096,2,517609768240781,468559,517609769313650,1072869
unique_ptr,5,inter_process,memfd,4096,3,517609868177193,467186,517609869248445,1071252
unique_ptr,5,inter_process,memfd,4096,4,517609968200083,465016,517609969332529,1132446
unique_ptr,5,inter_process,memfd,4096,5,517610068155031,443827,517610069136374,981343
unique_ptr,5,inter_process,memfd,4096,6,517610168154006,464293,517610169191761,1037755
unique_ptr,5,inter_process,memfd,4096,7,517610268018495,92083,517610268227096,208601
unique_ptr,5,inter_process,memfd,4096,8,517610368124325,439287,517610369116524,992199
unique_ptr,5,inter_process,memfd,4096,9,517610468261854,337518,517610469235231,973377
unique_ptr,5,inter_process,memfd,4096,10,517610568135462,424861,517610569099477,964015
unique_ptr,5,inter_process,memfd,4096,11,517610668136820,425267,517610669079064,942244
unique_ptr,5,inter_process,memfd,4096,12,517610768139991,421006,517610769072280,932289
unique_ptr,5,inter_process,memfd,4096,13,517610868135657,416475,517610869067401,931744
unique_ptr,5,inter_process,memfd,4096,14,517610968195815,446272,517610969205373,1009558
unique_ptr,5,inter_process,memfd,4096,15,517611068153772,443781,517611069168563,1014791
unique_ptr,5,inter_process,memfd,4096,16,517611168158800,467475,517611169192380,1033580
unique_ptr,5,inter_process,memfd,4096,17,517611267750122,92606,517611267946967,196845
unique_ptr,5,inter_process,memfd,4096,18,517611368170456,473124,517611369241500,1071044
unique_ptr,5,inter_process,memfd,4096,19,517611467961288,501383,517611468967946,1006658
unique_ptr,5,intra_process_va,memfd,16384,0,517614345981739,13867,517614346122933,141194
unique_ptr,5,intra_process_va,memfd,16384,1,517614446091422,17285,517614446218033,126611
unique_ptr,5,intra_process_va,memfd,16384,2,517614545935000,12423,517614546060392,125392
unique_ptr,5,intra_process_va,memfd,16384,3,517614645854179,6979,517614645906872,52693
unique_ptr,5,intra_process_va,memfd,16384,4,517614745962355,14056,517614746102355,140000
unique_ptr,5,intra_process_va,memfd,16384,5,517614846041524,15429,517614846155765,114241
unique_ptr,5,intra_process_va,memfd,16384,6,517614945950216,15058,517614946100590,150374
unique_ptr,5,intra_process_va,memfd,16384,7,517615045992887,78901,517615046180067,187180
unique_ptr,5,intra_process_va,memfd,16384,8,517615145993432,54126,517615146150534,157102
unique_ptr,5,intra_process_va,memfd,16384,9,517615245959186,14479,517615246173624,214438
unique_ptr,5,intra_process_va,memfd,16384,10,517615346075659,17031,517615346201730,126071
unique_ptr,5,intra_process_va,memfd,16384,11,517615445675694,3490,517615445699843,24149
unique_ptr,5,intra_process_va,memfd,16384,12,517615545971008,15946,517615546149424,178416
unique_ptr,5,intra_process_va,memfd,16384,13,517615645811260,7472,517615645867650,56390
unique_ptr,5,intra_process_va,memfd,16384,14,517615745976775,15390,517615746131179,154404
unique_ptr,5,intra_process_va,memfd,16384,15,517615846070761,17187,517615846197052,126291
unique_ptr,5,intra_process_va,memfd,16384,16,517615945989027,50296,517615946138210,149183
unique_ptr,5,intra_process_va,memfd,16384,17,517616045997218,49296,517616046139105,141887
unique_ptr,5,intra_process_va,memfd,16384,18,517616145952210,15351,517616146097909,145699
unique_ptr,5,intra_process_va,memfd,16384,19,517616245991434,50070,517616246139061,147627
unique_ptr,5,intra_process_va,cpu,16777216,0,517617959798054,14594,517617959868668,70614
unique_ptr,5,intra_process_va,cpu,16777216,1,517618060301444,5707,517618060329240,27796
unique_ptr,5,intra_process_va,cpu,16777216,2,517618160359619,18227,517618160441489,81870
unique_ptr,5,intra_process_va,cpu,16777216,3,517618260314352,14628,517618260385727,71375
unique_ptr,5,intra_process_va,cpu,16777216,4,517618360600484,5516,517618360629260,28776
unique_ptr,5,intra_process_va,cpu,16777216,5,517618460295350,14824,517618460360847,65497
unique_ptr,5,intra_process_va,cpu,16777216,6,517618560054263,5917,517618560084778,30515
unique_ptr,5,intra_process_va,cpu,16777216,7,517618659242882,13469,517618659303976,61094
unique_ptr,5,intra_process_va,cpu,16777216,8,517618760303881,16426,517618760372251,68370
unique_ptr,5,intra_process_va,cpu,16777216,9,517618860330856,14511,517618860401154,70298
unique_ptr,5,intra_process_va,cpu,16777216,10,517618960378719,5280,517618960407888,29169
unique_ptr,5,intra_process_va,cpu,16777216,11,517619060432339,14584,517619060501928,69589
unique_ptr,5,intra_process_va,cpu,16777216,12,517619160100682,5511,517619160128784,28102
unique_ptr,5,intra_process_va,cpu,16777216,13,517619260400532,5829,517619260429339,28807
unique_ptr,5,intra_process_va,cpu,16777216,14,517619360330304,15406,517619360402110,71806
unique_ptr,5,intra_process_va,cpu,16777216,15,517619460494185,5731,517619460522911,28726
unique_ptr,5,intra_process_va,cpu,16777216,16,517619560014399,5675,517619560043038,28639
unique_ptr,5,intra_process_va,cpu,16777216,17,517619659780532,8987,517619659815356,34824
unique_ptr,5,intra_process_va,cpu,16777216,18,517619759828666,15050,517619759898353,69687
unique_ptr,5,intra_process_va,cpu,16777216,19,517619860061758,5634,517619860089766,28008
unique_ptr,5,intra_process_va,cpu,262144,0,517621569120269,22655,517621569260161,139892
unique_ptr,5,intra_process_va,cpu,262144,1,517621669168950,19367,517621669282890,113940
unique_ptr,5,intra_process_va,cpu,262144,2,517621768871591,5094,517621768894886,23295
unique_ptr,5,intra_process_va,cpu,262144,3,517621869120468,21136,517621869231924,111456
unique_ptr,5,intra_process_va,cpu,262144,4,517621969211015,21423,517621969334482,123467
unique_ptr,5,intra_process_va,cpu,262144,5,517622069195798,22248,517622069319606,123808
unique_ptr,5,intra_process_va,cpu,262144,6,517622169176256,22199,517622169299917,123661
unique_ptr,5,intra_process_va,cpu,262144,7,517622269168987,19112,517622269281323,112336
unique_ptr,5,intra_process_va,cpu,262144,8,517622369145284,20423,517622369260463,115179
unique_ptr,5,intra_process_va,cpu,262144,9,517622469218211,19964,517622469330022,111811
unique_ptr,5,intra_process_va,cpu,262144,10,517622569163496,20254,517622569277113,113617
unique_ptr,5,intra_process_va,cpu,262144,11,517622669149842,17890,517622669271280,121438
unique_ptr,5,intra_process_va,cpu,262144,12,517622769135952,20113,517622769244943,108991
unique_ptr,5,intra_process_va,cpu,262144,13,517622869198141,19310,517622869311983,113842
unique_ptr,5,intra_process_va,cpu,262144,14,517622969224708,20359,517622969346620,121912
unique_ptr,5,intra_process_va,cpu,262144,15,517623069161475,20793,517623069276785,115310
unique_ptr,5,intra_process_va,cpu,262144,16,517623169160225,18863,517623169274597,114372
unique_ptr,5,intra_process_va,cpu,262144,17,517623269122759,19704,517623269230706,107947
unique_ptr,5,intra_process_va,cpu,262144,18,517623369167671,41229,517623369304924,137253
unique_ptr,5,intra_process_va,cpu,262144,19,517623469145716,20436,517623469260048,114332
unique_ptr,5,inter_process,cpu,1024,0,517628492066803,300715,517628492672206,605403
unique_ptr,5,inter_process,cpu,1024,1,517628592164496,313915,517628592793167,628671
unique_ptr,5,inter_process,cpu,1024,2,517628692120801,342952,517628692817548,696747
unique_ptr,5,inter_process,cpu,1024,3,517628792118119,345272,517628792816960,698841
unique_ptr,5,inter_process,cpu,1024,4,517628892072902,318732,517628892712214,639312
unique_ptr,5,inter_process,cpu,1024,5,517628992091000,360116,517628992776663,685663
unique_ptr,5,inter_process,cpu,1024,6,517629092091357,351702,517629092792750,701393
unique_ptr,5,inter_process,cpu,1024,7,517629192076542,321095,517629192719558,643016
unique_ptr,5,inter_process,cpu,1024,8,517629292079066,326242,517629292700076,621010
unique_ptr,5,inter_process,cpu,1024,9,517629392171068,229552,517629392819212,648144
unique_ptr,5,inter_process,cpu,1024,10,517629492080489,357342,517629492792207,711718
unique_ptr,5,inter_process,cpu,1024,11,517629592149537,312409,517629592793325,643788
unique_ptr,5,inter_process,cpu,1024,12,517629692099135,314801,517629692735266,636131
unique_ptr,5,inter_process,cpu,1024,13,517629792044663,323750,517629792729836,685173
unique_ptr,5,inter_process,cpu,1024,14,517629892140538,350052,517629892840791,700253
unique_ptr,5,inter_process,cpu,1024,15,517629991782603,64360,517629991912679,130076
unique_ptr,5,inter_process,cpu,1024,16,517630091716202,67471,517630091854878,138676
unique_ptr,5,inter_process,cpu,1024,17,517630191951212,253967,517630192435499,484287
unique_ptr,5,inter_process,cpu,1024,18,517630292064209,339417,517630292745158,680949
unique_ptr,5,inter_process,cpu,1024,19,517630392127374,361319,517630392866471,739097
unique_ptr,5,inter_process,cpu,16384,0,517635594964562,347056,517635595651145,686583
unique_ptr,5,inter_process,cpu,16384,1,517635694934819,383696,517635695644144,709325
unique_ptr,5,inter_process,cpu,16384,2,517635794983421,363689,517635795686389,702968
unique_ptr,5,inter_process,cpu,16384,3,517635894939267,367085,517635895636999,697732
unique_ptr,5,inter_process,cpu,16384,4,517635994955604,364652,517635995665969,710365
unique_ptr,5,inter_process,cpu,16384,5,517636094972752,366938,517636095670010,697258
unique_ptr,5,inter_process,cpu,16384,6,517636194931778,398961,517636195669907,738129
unique_ptr,5,inter_process,cpu,16384,7,517636295058492,359818,517636295790856,732364
unique_ptr,5,inter_process,cpu,16384,8,517636394790777,133263,517636395075092,284315
unique_ptr,5,inter_process,cpu,16384,9,517636494938054,333962,517636495663191,725137
unique_ptr,5,inter_process,cpu,16384,10,517636594961153,380360,517636595653094,691941
unique_ptr,5,inter_process,cpu,16384,11,517636695062129,275961,517636695644578,582449
unique_ptr,5,inter_process,cpu,16384,12,517636794933621,392700,517636795661531,727910
unique_ptr,5,inter_process,cpu,16384,13,517636894987385,429038,517636895774546,787161
unique_ptr,5,inter_process,cpu,16384,14,517636994937536,444026,517636995705380,767844
unique_ptr,5,inter_process,cpu,16384,15,517637094907188,365649,517637095603504,696316
unique_ptr,5,inter_process,cpu,16384,16,517637194976305,250215,517637195609665,633360
unique_ptr,5,inter_process,cpu,16384,17,517637294799627,362739,517637295484003,684376
unique_ptr,5,inter_process,cpu,16384,18,517637394966276,404842,517637395718082,751806
unique_ptr,5,inter_process,cpu,16384,19,517637494999277,407751,517637495799895,800618
unique_ptr,5,intra_process_va,cpu,1048576,0,517639393300791,20954,517639393409691,108900
unique_ptr,5,intra_process_va,cpu,1048576,1,517639493025808,16708,517639493116833,91025
unique_ptr,5,intra_process_va,cpu,1048576,2,517639593287478,20725,517639593395871,108393
unique_ptr,5,intra_process_va,cpu,1048576,3,517639693319787,21527,517639693435860,116073
unique_ptr,5,intra_process_va,cpu,1048576,4,517639793279239,20785,517639793388270,109031
unique_ptr,5,intra_process_va,cpu,1048576,5,517639893335897,24359,517639893462352,126455
unique_ptr,5,intra_process_va,cpu,1048576,6,517639993320108,22102,517639993436189,116081
unique_ptr,5,intra_process_va,cpu,1048576,7,517640093424579,23255,517640093542726,118147
unique_ptr,5,intra_process_va,cpu,1048576,8,517640193334923,21630,517640193450767,115844
unique_ptr,5,intra_process_va,cpu,1048576,9,517640293320356,21452,517640293428379,108023
unique_ptr,5,intra_process_va,cpu,1048576,10,517640393386747,24315,517640393514303,127556
unique_ptr,5,intra_process_va,cpu,1048576,11,517640493317106,21786,517640493432744,115638
unique_ptr,5,intra_process_va,cpu,1048576,12,517640592734478,6017,517640592761488,27010
unique_ptr,5,intra_process_va,cpu,1048576,13,517640693300254,21521,517640693410763,110509
unique_ptr,5,intra_process_va,cpu,1048576,14,517640793362155,24617,517640793490059,127904
unique_ptr,5,intra_process_va,cpu,1048576,15,517640893285425,19973,517640893392740,107315
unique_ptr,5,intra_process_va,cpu,1048576,16,517640993321306,22083,517640993436362,115056
unique_ptr,5,intra_process_va,cpu,1048576,17,517641094187544,10960,517641094240851,53307
unique_ptr,5,intra_process_va,cpu,1048576,18,517641193319099,22500,517641193435860,116761
unique_ptr,5,intra_process_va,cpu,1048576,19,517641293306494,22570,517641293423329,116835
unique_ptr,5,inter_process,memfd,16777216,0,517646330455849,388699,517646331223159,767310
unique_ptr,5,inter_process,memfd,16777216,1,517646430684747,426505,517646431501299,816552
unique_ptr,5,inter_process,memfd,16777216,2,517646530726506,435710,517646531547630,821124
unique_ptr,5,inter_process,memfd,16777216,3,517646630698473,416149,517646631485541,787068
unique_ptr,5,inter_process,memfd,16777216,4,517646730495017,331702,517646731181377,686360
unique_ptr,5,inter_process,memfd,16777216,5,517646827733214,96186,517646827931932,198718
unique_ptr,5,inter_process,memfd,16777216,6,517646930340264,363302,517646931030369,690105
unique_ptr,5,inter_process,memfd,16777216,7,517647030765069,373691,517647031504843,739774
unique_ptr,5,inter_process,memfd,16777216,8,517647130597520,326646,517647131256111,658591
unique_ptr,5,inter_process,memfd,16777216,9,517647230820143,295169,517647231521328,701185
unique_ptr,5,inter_process,memfd,16777216,10,517647330549976,348713,517647331248477,698501
unique_ptr,5,inter_process,memfd,16777216,11,517647430802384,393286,517647431563204,760820
unique_ptr,5,inter_process,memfd,16777216,12,517647530483520,325612,517647531149108,665588
unique_ptr,5,inter_process,memfd,16777216,13,517647630608263,306271,517647631247541,639278
unique_ptr,5,inter_process,memfd,16777216,14,517647730823301,368194,517647731567825,744524
unique_ptr,5,inter_process,memfd,16777216,15,517647830579768,322115,517647831244877,665109
unique_ptr,5,inter_process,memfd,16777216,16,517647930591736,309491,517647931239623,647887
unique_ptr,5,inter_process,memfd,16777216,17,517648030808749,369668,517648031552664,743915
unique_ptr,5,inter_process,memfd,16777216,18,517648130504780,231430,517648131109030,604250
unique_ptr,5,inter_process,memfd,16777216,19,517648229886409,272683,517648230464388,577979
unique_ptr,5,intra_process_va,memfd,4096,0,517651111959668,13478,517651112106629,146961
unique_ptr,5,intra_process_va,memfd,4096,1,517651212034943,16272,517651212144276,109333
unique_ptr,5,intra_process_va,memfd,4096,2,517651312112985,19216,517651312239870,126885
unique_ptr,5,intra_process_va,memfd,4096,3,517651412105219,18420,517651412232104,126885
unique_ptr,5,intra_process_va,memfd,4096,4,517651512062507,15767,517651512176566,114059
unique_ptr,5,intra_process_va,memfd,4096,5,517651612059572,15719,517651612175806,116234
unique_ptr,5,intra_process_va,memfd,4096,6,517651711972449,16168,517651712122347,149898
unique_ptr,5,intra_process_va,memfd,4096,7,517651812070172,16051,517651812183897,113725
unique_ptr,5,intra_process_va,memfd,4096,8,517651912123499,19747,517651912251281,127782
unique_ptr,5,intra_process_va,memfd,4096,9,517652012041020,36024,517652012175421,134401
unique_ptr,5,intra_process_va,memfd,4096,10,517652112085365,14780,517652112192491,107126
unique_ptr,5,intra_process_va,memfd,4096,11,517652212079455,17776,517652212203913,124458
unique_ptr,5,intra_process_va,memfd,4096,12,517652311834880,15592,517652311948416,113536
unique_ptr,5,intra_process_va,memfd,4096,13,517652412089594,16962,517652412206787,117193
unique_ptr,5,intra_process_va,memfd,4096,14,517652511858260,13891,517652511964513,106253
unique_ptr,5,intra_process_va,memfd,4096,15,517652612114601,15747,517652612219868,105267
unique_ptr,5,intra_process_va,memfd,4096,16,517652711745726,11059,517652711809955,64229
unique_ptr,5,intra_process_va,memfd,4096,17,517652811900012,8216,517652811961234,61222
unique_ptr,5,intra_process_va,memfd,4096,18,517652912139763,19418,517652912265931,126168
unique_ptr,5,intra_process_va,memfd,4096,19,517653012122661,17038,517653012247855,125194
unique_ptr,5,intra_process_va,memfd,262144,0,517654737181712,18689,517654737305986,124274
unique_ptr,5,intra_process_va,memfd,262144,1,517654837203496,17239,517654837327038,123542
unique_ptr,5,intra_process_va,memfd,262144,2,517654937174738,16820,517654937288343,113605
unique_ptr,5,intra_process_va,memfd,262144,3,517655037167742,17523,517655037282408,114666
unique_ptr,5,intra_process_va,memfd,262144,4,517655137169943,16263,517655137281567,111624
unique_ptr,5,intra_process_va,memfd,262144,5,517655236817079,4578,517655236844116,27037
unique_ptr,5,intra_process_va,memfd,262144,6,517655337218820,17657,517655337337003,118183
unique_ptr,5,intra_process_va,memfd,262144,7,517655437197637,18262,517655437323129,125492
unique_ptr,5,intra_process_va,memfd,262144,8,517655537122218,15615,517655537231666,109448
unique_ptr,5,intra_process_va,memfd,262144,9,517655637212162,3790,517655637232227,20065
unique_ptr,5,intra_process_va,memfd,262144,10,517655737114224,15535,517655737222963,108739
unique_ptr,5,intra_process_va,memfd,262144,11,517655837160502,18679,517655837286697,126195
unique_ptr,5,intra_process_va,memfd,262144,12,517655937201202,18404,517655937327970,126768
unique_ptr,5,intra_process_va,memfd,262144,13,517656037161979,16403,517656037279066,117087
unique_ptr,5,intra_process_va,memfd,262144,14,517656137331576,18039,517656137449152,117576
unique_ptr,5,intra_process_va,memfd,262144,15,517656237206383,17334,517656237323324,116941
unique_ptr,5,intra_process_va,memfd,262144,16,517656337113573,19166,517656337237361,123788
unique_ptr,5,intra_process_va,memfd,262144,17,517656437190131,18724,517656437316251,126120
unique_ptr,5,intra_process_va,memfd,262144,18,517656537142622,16250,517656537256031,113409
unique_ptr,5,intra_process_va,memfd,262144,19,517656636698269,3733,517656636723839,25570
unique_ptr,5,inter_process,cpu,64,0,517661661090673,320037,517661661735863,645190
unique_ptr,5,inter_process,cpu,64,1,517661761087036,335921,517661761760548,673512
unique_ptr,5,inter_process,cpu,64,2,517661861145302,358409,517661861831684,686382
unique_ptr,5,inter_process,cpu,64,3,517661961104271,313121,517661961738736,634465
unique_ptr,5,inter_process,cpu,64,4,517662061076223,330156,517662061739801,663578
unique_ptr,5,inter_process,cpu,64,5,517662161093767,204400,517662161661512,567745
unique_ptr,5,inter_process,cpu,64,6,517662261122048,328078,517662261783580,661532
unique_ptr,5,inter_process,cpu,64,7,517662361085122,302055,517662361712861,627739
unique_ptr,5,inter_process,cpu,64,8,517662460980207,252360,517662461477978,497771
unique_ptr,5,inter_process,cpu,64,9,517662560867025,345414,517662561499938,632913
unique_ptr,5,inter_process,cpu,64,10,517662661108894,307021,517662661703625,594731
unique_ptr,5,inter_process,cpu,64,11,517662761123739,247104,517662761707606,583867
unique_ptr,5,inter_process,cpu,64,12,517662861073345,364484,517662861802996,729651
unique_ptr,5,inter_process,cpu,64,13,517662961129231,347054,517662961898161,768930
unique_ptr,5,inter_process,cpu,64,14,517663061065109,325616,517663061726571,661462
unique_ptr,5,inter_process,cpu,64,15,517663161116303,351219,517663161802171,685868
unique_ptr,5,inter_process,cpu,64,16,517663261071609,298679,517663261677330,605721
unique_ptr,5,inter_process,cpu,64,17,517663361241515,217455,517663361859609,618094
unique_ptr,5,inter_process,cpu,64,18,517663461052115,258813,517663461593228,541113
unique_ptr,5,inter_process,cpu,64,19,517663560803353,68874,517663560949076,145723
unique_ptr,5,inter_process,memfd,65536,0,517668759898087,412644,517668760756336,858249
unique_ptr,5,inter_process,memfd,65536,1,517668860096233,357581,517668860884933,788700
unique_ptr,5,inter_process,memfd,65536,2,517668960096412,401537,517668960963964,867552
unique_ptr,5,inter_process,memfd,65536,3,517669060133531,396899,517669060995224,861693
unique_ptr,5,inter_process,memfd,65536,4,517669159932854,477994,517669160919481,986627
unique_ptr,5,inter_process,memfd,65536,5,517669260120044,295892,517669260923402,803358
unique_ptr,5,inter_process,memfd,65536,6,517669360159949,444556,517669361154227,994278
unique_ptr,5,inter_process,memfd,65536,7,517669459940473,361614,517669460726705,786232
unique_ptr,5,inter_process,memfd,65536,8,517669559911801,380136,517669560707676,795875
unique_ptr,5,inter_process,memfd,65536,9,517669660083579,254317,517669660764190,680611
unique_ptr,5,inter_process,memfd,65536,10,517669759904639,397713,517669760778334,873695
unique_ptr,5,inter_process,memfd,65536,11,517669859737676,85069,517669859924472,186796
unique_ptr,5,inter_process,memfd,65536,12,517669960082544,440936,517669961072973,990429
unique_ptr,5,inter_process,memfd,65536,13,517670060125597,401801,517670060990359,864762
unique_ptr,5,inter_process,memfd,65536,14,517670160127177,404350,517670161025686,898509
unique_ptr,5,inter_process,memfd,65536,15,517670260126517,399287,517670260989163,862646
unique_ptr,5,inter_process,memfd,65536,16,517670359964494,371465,517670360899890,935396
unique_ptr,5,inter_process,memfd,65536,17,517670460123558,458530,517670461142013,1018455
unique_ptr,5,inter_process,memfd,65536,18,517670560134680,421738,517670561069876,935196
unique_ptr,5,inter_process,memfd,65536,19,517670660159409,417510,517670661077774,918365
unique_ptr,5,intra_process_va,cpu,4194304,0,517673592661083,24134,517673592781966,120883
unique_ptr,5,intra_process_va,cpu,4194304,1,517673692502787,22259,517673692614387,111600
unique_ptr,5,intra_process_va,cpu,4194304,2,517673792651481,25293,517673792773500,122019
unique_ptr,5,intra_process_va,cpu,4194304,3,517673892892409,27028,517673893059228,166819
unique_ptr,5,intra_process_va,cpu,4194304,4,517673991689511,13323,517673991751259,61748
unique_ptr,5,intra_process_va,cpu,4194304,5,517674091321607,9340,517674091361874,40267
unique_ptr,5,intra_process_va,cpu,4194304,6,517674192969749,24427,517674193101188,131439
unique_ptr,5,intra_process_va,cpu,4194304,7,517674292683923,24883,517674292818936,135013
unique_ptr,5,intra_process_va,cpu,4194304,8,517674392878480,26223,517674393017071,138591
unique_ptr,5,intra_process_va,cpu,4194304,9,517674492577653,23587,517674492691490,113837
unique_ptr,5,intra_process_va,cpu,4194304,10,517674592688526,25719,517674592811189,122663
unique_ptr,5,intra_process_va,cpu,4194304,11,517674692745702,43109,517674692878528,132826
unique_ptr,5,intra_process_va,cpu,4194304,12,517674792747428,25633,517674792874236,126808
unique_ptr,5,intra_process_va,cpu,4194304,13,517674892886303,26664,517674893023388,137085
unique_ptr,5,intra_process_va,cpu,4194304,14,517674992946953,27146,517674993084203,137250
unique_ptr,5,intra_process_va,cpu,4194304,15,517675092480256,21160,517675092585893,105637
unique_ptr,5,intra_process_va,cpu,4194304,16,517675192753891,23548,517675192889442,135551
unique_ptr,5,intra_process_va,cpu,4194304,17,517675292663370,25725,517675292784852,121482
unique_ptr,5,intra_process_va,cpu,4194304,18,517675392858850,26257,517675392983905,125055
unique_ptr,5,intra_process_va,cpu,4194304,19,517675492750799,25240,517675492870090,119291
unique_ptr,5,inter_process,memfd,262144,0,517680530195650,463078,517680531172396,976746
unique_ptr,5,inter_process,memfd,262144,1,517680630124288,381843,517680630965085,840797
unique_ptr,5,inter_process,memfd,262144,2,517680730154340,337122,517680730902448,748108
unique_ptr,5,inter_process,memfd,262144,3,517680830109997,371638,517680830899322,789325
unique_ptr,5,inter_process,memfd,262144,4,517680930300623,470808,517680931360408,1059785
unique_ptr,5,inter_process,memfd,262144,5,517681030204037,409802,517681031108444,904407
unique_ptr,5,inter_process,memfd,262144,6,517681130252072,448350,517681131244792,992720
unique_ptr,5,inter_process,memfd,262144,7,517681230231489,295735,517681231067906,836417
unique_ptr,5,inter_process,memfd,262144,8,517681330234168,446249,517681331234863,1000695
unique_ptr,5,inter_process,memfd,262144,9,517681430312325,338657,517681431302426,990101
unique_ptr,5,inter_process,memfd,262144,10,517681530233248,368458,517681531073409,840161
unique_ptr,5,inter_process,memfd,262144,11,517681633233923,250653,517681633953923,720000
unique_ptr,5,inter_process,memfd,262144,12,517681730266590,462239,517681731309842,1043252
unique_ptr,5,inter_process,memfd,262144,13,517681830229027,416885,517681831158308,929281
unique_ptr,5,inter_process,memfd,262144,14,517681930249055,464469,517681931287704,1038649
unique_ptr,5,inter_process,memfd,262144,15,517682030269470,445464,517682031238853,969383
unique_ptr,5,inter_process,memfd,262144,16,517682130044827,378330,517682130843272,798445
unique_ptr,5,inter_process,memfd,262144,17,517682230245223,463488,517682231283288,1038065
unique_ptr,5,inter_process,memfd,262144,18,517682330192666,393712,517682331070166,877500
unique_ptr,5,inter_process,memfd,262144,19,517682429822807,90106,517682430028612,205805
unique_ptr,5,inter_process,memfd,4194304,0,517688274051793,443181,517688274973188,921395
unique_ptr,5,inter_process,memfd,4194304,1,517688374154176,486045,517688375165855,1011679
unique_ptr,5,inter_process,memfd,4194304,2,517688474143684,485695,517688475168724,1025040
unique_ptr,5,inter_process,memfd,4194304,3,517688574161544,482568,517688575134432,972888
unique_ptr,5,inter_process,memfd,4194304,4,517688672995184,104992,517688673215235,220051
unique_ptr,5,inter_process,memfd,4194304,5,517688773968001,437846,517688774853027,885026
unique_ptr,5,inter_process,memfd,4194304,6,517688874131853,336112,517688874947879,816026
unique_ptr,5,inter_process,memfd,4194304,7,517688974150193,488132,517688975164685,1014492
unique_ptr,5,inter_process,memfd,4194304,8,517689074102238,465250,517689075065211,962973
unique_ptr,5,inter_process,memfd,4194304,9,517689174161963,357422,517689175132088,970125
unique_ptr,5,inter_process,memfd,4194304,10,517689274101804,472447,517689275089823,988019
unique_ptr,5,inter_process,memfd,4194304,11,517689374200948,476525,517689375196608,995660
unique_ptr,5,inter_process,memfd,4194304,12,517689474154140,474022,517689475144170,990030
unique_ptr,5,inter_process,memfd,4194304,13,517689573962884,437044,517689574849047,886163
unique_ptr,5,inter_process,memfd,4194304,14,517689673973554,430442,517689674853290,879736
unique_ptr,5,inter_process,memfd,4194304,15,517689773966054,430694,517689774845744,879690
unique_ptr,5,inter_process,memfd,4194304,16,517689874219625,467237,517689875158420,938795
unique_ptr,5,inter_process,memfd,4194304,17,517689974056837,440797,517689974963675,906838
unique_ptr,5,inter_process,memfd,4194304,18,517690073961905,437230,517690074831770,869865
unique_ptr,5,inter_process,memfd,4194304,19,517690174155969,388725,517690174989612,833643
