variant,repeat,communication,backend,size_bytes,sample_index,publish_timestamp_ns,publish_duration_ns,receive_timestamp_ns,e2e_latency_ns
zenoh,1,inter_process,cpu,64,0,1012117161941230,197446,1012117163041821,1100591
zenoh,1,inter_process,cpu,64,1,1012117261893470,163089,1012117262795826,902356
zenoh,1,inter_process,cpu,64,2,1012117361908847,167399,1012117362814962,906115
zenoh,1,inter_process,cpu,64,3,1012117461766917,134892,1012117462642862,875945
zenoh,1,inter_process,cpu,64,4,1012117561911749,153215,1012117562762862,851113
zenoh,1,inter_process,cpu,64,5,1012117661887459,153216,1012117662703059,815600
zenoh,1,inter_process,cpu,64,6,1012117761882498,154049,1012117762701098,818600
zenoh,1,inter_process,cpu,64,7,1012117861884428,140983,1012117862653299,768871
zenoh,1,inter_process,cpu,64,8,1012117961913652,121688,1012117962628185,714533
zenoh,1,inter_process,cpu,64,9,1012118061880373,103544,1012118062561168,680795
zenoh,1,inter_process,cpu,64,10,1012118161854541,91624,1012118162464168,609627
zenoh,1,inter_process,cpu,64,11,1012118261851904,91650,1012118262462337,610433
zenoh,1,inter_process,cpu,64,12,1012118361852996,84641,1012118362405096,552100
zenoh,1,inter_process,cpu,64,13,1012118461719499,88675,1012118462322422,602923
zenoh,1,inter_process,cpu,64,14,1012118561717600,333111,1012118562392526,674926
zenoh,1,inter_process,cpu,64,15,1012118661830139,131524,1012118662689922,859783
zenoh,1,inter_process,cpu,64,16,1012118761923539,259978,1012118763073406,1149867
zenoh,1,inter_process,cpu,64,17,1012118861918577,213999,1012118862990837,1072260
zenoh,1,inter_process,cpu,64,18,1012118961905597,180530,1012118962936735,1031138
zenoh,1,inter_process,cpu,64,19,1012119061920280,187529,1012119062846196,925916
zenoh,1,inter_process,cpu,262144,0,1012123744926761,1022414,1012123746551253,1624492
zenoh,1,inter_process,cpu,262144,1,1012123844968699,935212,1012123846544976,1576277
zenoh,1,inter_process,cpu,262144,2,1012123944765740,715435,1012123945973530,1207790
zenoh,1,inter_process,cpu,262144,3,1012124044746432,688385,1012124045880592,1134160
zenoh,1,inter_process,cpu,262144,4,1012124144922171,738029,1012124146180819,1258648
zenoh,1,inter_process,cpu,262144,5,1012124244960986,841425,1012124246394745,1433759
zenoh,1,inter_process,cpu,262144,6,1012124344834638,950448,1012124346417750,1583112
zenoh,1,inter_process,cpu,262144,7,1012124444907929,1165687,1012124446884293,1976364
zenoh,1,inter_process,cpu,262144,8,1012124545095679,1379173,1012124547198166,2102487
zenoh,1,inter_process,cpu,262144,9,1012124644929433,508880,1012124645786593,857160
zenoh,1,inter_process,cpu,262144,10,1012124745097356,1105548,1012124746907704,1810348
zenoh,1,inter_process,cpu,262144,11,1012124844994116,1199884,1012124846924304,1930188
zenoh,1,inter_process,cpu,262144,12,1012124945071024,1314663,1012124947179861,2108837
zenoh,1,inter_process,cpu,262144,13,1012125045057959,1204880,1012125046927686,1869727
zenoh,1,inter_process,cpu,262144,14,1012125144990050,1184232,1012125146877336,1887286
zenoh,1,inter_process,cpu,262144,15,1012125244991441,1135065,1012125246844846,1853405
zenoh,1,inter_process,cpu,262144,16,1012125344986722,1282157,1012125347070229,2083507
zenoh,1,inter_process,cpu,262144,17,1012125444995060,1151083,1012125446861429,1866369
zenoh,1,inter_process,cpu,262144,18,1012125545088131,992220,1012125546742055,1653924
zenoh,1,inter_process,cpu,262144,19,1012125644821033,476333,1012125645649988,828955
zenoh,1,intra_process_va,memfd,262144,0,1012127364913667,17821,1012127365053837,140170
zenoh,1,intra_process_va,memfd,262144,1,1012127464889088,17786,1012127464993574,104486
zenoh,1,intra_process_va,memfd,262144,2,1012127564732394,17353,1012127564835006,102612
zenoh,1,intra_process_va,memfd,262144,3,1012127664907666,17734,1012127665047295,139629
zenoh,1,intra_process_va,memfd,262144,4,1012127764902678,17861,1012127765043139,140461
zenoh,1,intra_process_va,memfd,262144,5,1012127864742346,16145,1012127864838434,96088
zenoh,1,intra_process_va,memfd,262144,6,1012127964897563,18044,1012127965067696,170133
zenoh,1,intra_process_va,memfd,262144,7,1012128064881019,14856,1012128064973391,92372
zenoh,1,intra_process_va,memfd,262144,8,1012128164708113,15052,1012128164801384,93271
zenoh,1,intra_process_va,memfd,262144,9,1012128264820475,15222,1012128264911361,90886
zenoh,1,intra_process_va,memfd,262144,10,1012128364882175,15949,1012128364980489,98314
zenoh,1,intra_process_va,memfd,262144,11,1012128464839151,12799,1012128464917126,77975
zenoh,1,intra_process_va,memfd,262144,12,1012128564839206,11413,1012128564909892,70686
zenoh,1,intra_process_va,memfd,262144,13,1012128664769512,11980,1012128664838274,68762
zenoh,1,intra_process_va,memfd,262144,14,1012128764941607,18373,1012128765093122,151515
zenoh,1,intra_process_va,memfd,262144,15,1012128864864894,18662,1012128864980370,115476
zenoh,1,intra_process_va,memfd,262144,16,1012128964928098,18343,1012128965058286,130188
zenoh,1,intra_process_va,memfd,262144,17,1012129064938693,18941,1012129065100746,162053
zenoh,1,intra_process_va,memfd,262144,18,1012129164955197,18923,1012129165099481,144284
zenoh,1,intra_process_va,memfd,262144,19,1012129264905094,17611,1012129265044114,139020
zenoh,1,inter_process,cpu,65536,0,1012133859927608,236941,1012133861096804,1169196
zenoh,1,inter_process,cpu,65536,1,1012133959925268,221622,1012133961100553,1175285
zenoh,1,inter_process,cpu,65536,2,1012134059925371,222334,1012134061093406,1168035
zenoh,1,inter_process,cpu,65536,3,1012134159920253,221367,1012134161096892,1176639
zenoh,1,inter_process,cpu,65536,4,1012134259927733,220530,1012134261106060,1178327
zenoh,1,inter_process,cpu,65536,5,1012134359926658,220030,1012134361088402,1161744
zenoh,1,inter_process,cpu,65536,6,1012134459880518,223309,1012134460984346,1103828
zenoh,1,inter_process,cpu,65536,7,1012134559884040,222508,1012134561075138,1191098
zenoh,1,inter_process,cpu,65536,8,1012134659917413,211499,1012134660951161,1033748
zenoh,1,inter_process,cpu,65536,9,1012134759907499,201087,1012134760955695,1048196
zenoh,1,inter_process,cpu,65536,10,1012134859888436,184156,1012134860837873,949437
zenoh,1,inter_process,cpu,65536,11,1012134959975571,233073,1012134961144385,1168814
zenoh,1,inter_process,cpu,65536,12,1012135059885780,204865,1012135060915235,1029455
zenoh,1,inter_process,cpu,65536,13,1012135159868379,162124,1012135160852396,984017
zenoh,1,inter_process,cpu,65536,14,1012135259924426,230877,1012135261106849,1182423
zenoh,1,inter_process,cpu,65536,15,1012135359926331,218082,1012135361104833,1178502
zenoh,1,inter_process,cpu,65536,16,1012135459950247,219924,1012135461095855,1145608
zenoh,1,inter_process,cpu,65536,17,1012135559882241,144026,1012135560698799,816558
zenoh,1,inter_process,cpu,65536,18,1012135659785543,544805,1012135660855573,1070030
zenoh,1,inter_process,cpu,65536,19,1012135759952209,253588,1012135761251811,1299602
zenoh,1,inter_process,memfd,4096,0,1012140436128404,497620,1012140437102149,973745
zenoh,1,inter_process,memfd,4096,1,1012140536148558,168945,1012140537145055,996497
zenoh,1,inter_process,memfd,4096,2,1012140635970146,41119,1012140636171863,201717
zenoh,1,inter_process,memfd,4096,3,1012140736116282,124663,1012140736804223,687941
zenoh,1,inter_process,memfd,4096,4,1012140835971605,184795,1012140836957277,985672
zenoh,1,inter_process,memfd,4096,5,1012140936154035,174102,1012140937143899,989864
zenoh,1,inter_process,memfd,4096,6,1012141036177544,187938,1012141037296519,1118975
zenoh,1,inter_process,memfd,4096,7,1012141136062225,186312,1012141137111650,1049425
zenoh,1,inter_process,memfd,4096,8,1012141236178140,172886,1012141237107083,928943
zenoh,1,inter_process,memfd,4096,9,1012141336196881,210498,1012141337260718,1063837
zenoh,1,inter_process,memfd,4096,10,1012141436165758,177548,1012141437158882,993124
zenoh,1,inter_process,memfd,4096,11,1012141536156158,167113,1012141537217571,1061413
zenoh,1,inter_process,memfd,4096,12,1012141636379197,40213,1012141636601231,222034
zenoh,1,inter_process,memfd,4096,13,1012141736127938,159546,1012141737071508,943570
zenoh,1,inter_process,memfd,4096,14,1012141836152799,166804,1012141837079767,926968
zenoh,1,inter_process,memfd,4096,15,1012141936140655,146297,1012141936950313,809658
zenoh,1,inter_process,memfd,4096,16,1012142036189896,180942,1012142037260399,1070503
zenoh,1,inter_process,memfd,4096,17,1012142136156322,164715,1012142137123583,967261
zenoh,1,inter_process,memfd,4096,18,1012142236180669,182678,1012142237245058,1064389
zenoh,1,inter_process,memfd,4096,19,1012142336143385,166002,1012142337122829,979444
zenoh,1,inter_process,memfd,16777216,0,1012148125768312,407139,1012148126472733,704421
zenoh,1,inter_process,memfd,16777216,1,1012148225693908,346290,1012148226353614,659706
zenoh,1,inter_process,memfd,16777216,2,1012148325472145,460867,1012148326270464,798319
zenoh,1,inter_process,memfd,16777216,3,1012148425565214,174504,1012148426324296,759082
zenoh,1,inter_process,memfd,16777216,4,1012148525630486,172335,1012148526507686,877200
zenoh,1,inter_process,memfd,16777216,5,1012148625802519,181529,1012148626639246,836727
zenoh,1,inter_process,memfd,16777216,6,1012148725500169,171617,1012148726285539,785370
zenoh,1,inter_process,memfd,16777216,7,1012148825490624,165805,1012148826248445,757821
zenoh,1,inter_process,memfd,16777216,8,1012148925690575,204719,1012148926510517,819942
zenoh,1,inter_process,memfd,16777216,9,1012149025540418,171995,1012149026313718,773300
zenoh,1,inter_process,memfd,16777216,10,1012149125491610,180000,1012149126280547,788937
zenoh,1,inter_process,memfd,16777216,11,1012149225578768,173685,1012149226334161,755393
zenoh,1,inter_process,memfd,16777216,12,1012149325486013,165469,1012149326251713,765700
zenoh,1,inter_process,memfd,16777216,13,1012149425440260,179096,1012149426226008,785748
zenoh,1,inter_process,memfd,16777216,14,1012149525445804,166218,1012149526218129,772325
zenoh,1,inter_process,memfd,16777216,15,1012149625279908,154693,1012149626042442,762534
zenoh,1,inter_process,memfd,16777216,16,1012149725246701,151177,1012149725941890,695189
zenoh,1,inter_process,memfd,16777216,17,1012149825234291,148136,1012149825933532,699241
zenoh,1,inter_process,memfd,16777216,18,1012149925021280,133929,1012149925685246,663966
zenoh,1,inter_process,memfd,16777216,19,1012150025572105,156725,1012150026308805,736700
zenoh,1,intra_process_va,memfd,16777216,0,1012152830635491,21977,1012152830734698,99207
zenoh,1,intra_process_va,memfd,16777216,1,1012152930442329,21594,1012152930537175,94846
zenoh,1,intra_process_va,memfd,16777216,2,1012153030470734,21851,1012153030565758,95024
zenoh,1,intra_process_va,memfd,16777216,3,1012153130348051,21008,1012153130447067,99016
zenoh,1,intra_process_va,memfd,16777216,4,1012153230411770,21611,1012153230508493,96723
zenoh,1,intra_process_va,memfd,16777216,5,1012153330607404,22582,1012153330706253,98849
zenoh,1,intra_process_va,memfd,16777216,6,1012153430232344,25220,1012153430415836,183492
zenoh,1,intra_process_va,memfd,16777216,7,1012153529985880,37322,1012153530097301,111421
zenoh,1,intra_process_va,memfd,16777216,8,1012153630083436,22103,1012153630178367,94931
zenoh,1,intra_process_va,memfd,16777216,9,1012153730309234,24898,1012153730423427,114193
zenoh,1,intra_process_va,memfd,16777216,10,1012153830236940,25538,1012153830351287,114347
zenoh,1,intra_process_va,memfd,16777216,11,1012153929983590,34817,1012153930090683,107093
zenoh,1,intra_process_va,memfd,16777216,12,1012154029650468,18970,1012154029736890,86422
zenoh,1,intra_process_va,memfd,16777216,13,1012154130059193,25574,1012154130162816,103623
zenoh,1,intra_process_va,memfd,16777216,14,1012154230242344,26278,1012154230353217,110873
zenoh,1,intra_process_va,memfd,16777216,15,1012154330304802,25452,1012154330421102,116300
zenoh,1,intra_process_va,memfd,16777216,16,1012154430631848,28531,1012154430750843,118995
zenoh,1,intra_process_va,memfd,16777216,17,1012154530286441,24967,1012154530394740,108299
zenoh,1,intra_process_va,memfd,16777216,18,1012154630273649,25967,1012154630386511,112862
zenoh,1,intra_process_va,memfd,16777216,19,1012154730461106,23792,1012154730568953,107847
zenoh,1,intra_process_va,cpu,65536,0,1012156363940806,17622,1012156364074657,133851
zenoh,1,intra_process_va,cpu,65536,1,1012156463938977,20489,1012156464095936,156959
zenoh,1,intra_process_va,cpu,65536,2,1012156563850532,18363,1012156563956259,105727
zenoh,1,intra_process_va,cpu,65536,3,1012156663885553,16758,1012156663984760,99207
zenoh,1,intra_process_va,cpu,65536,4,1012156763935960,20839,1012156764089511,153551
zenoh,1,intra_process_va,cpu,65536,5,1012156863955232,19434,1012156864102974,147742
zenoh,1,intra_process_va,cpu,65536,6,1012156963919630,18901,1012156964101016,181386
zenoh,1,intra_process_va,cpu,65536,7,1012157063898752,18824,1012157064074565,175813
zenoh,1,intra_process_va,cpu,65536,8,1012157163971501,19426,1012157164142479,170978
zenoh,1,intra_process_va,cpu,65536,9,1012157263919971,18557,1012157264059909,139938
zenoh,1,intra_process_va,cpu,65536,10,1012157363932298,21319,1012157364087050,154752
zenoh,1,intra_process_va,cpu,65536,11,1012157463765161,18534,1012157463868215,103054
zenoh,1,intra_process_va,cpu,65536,12,1012157563914042,19053,1012157564055408,141366
zenoh,1,intra_process_va,cpu,65536,13,1012157663908911,18209,1012157664049683,140772
zenoh,1,intra_process_va,cpu,65536,14,1012157763955530,19517,1012157764105604,150074
zenoh,1,intra_process_va,cpu,65536,15,1012157863909755,18733,1012157864050393,140638
zenoh,1,intra_process_va,cpu,65536,16,1012157963917390,17714,1012157964060982,143592
zenoh,1,intra_process_va,cpu,65536,17,1012158063905769,16417,1012158064040126,134357
zenoh,1,intra_process_va,cpu,65536,18,1012158163840975,16785,1012158163938432,97457
zenoh,1,intra_process_va,cpu,65536,19,1012158263900397,18614,1012158264043176,142779
zenoh,1,inter_process,cpu,1048576,0,1012162851288547,3209209,1012162855736120,4447573
zenoh,1,inter_process,cpu,1048576,1,1012162951079562,3177831,1012162955572679,4493117
zenoh,1,inter_process,cpu,1048576,2,1012163051202099,3124842,1012163055657350,4455251
zenoh,1,inter_process,cpu,1048576,3,1012163151261813,2892431,1012163155351387,4089574
zenoh,1,inter_process,cpu,1048576,4,1012163251260644,3202750,1012163255803762,4543118
zenoh,1,inter_process,cpu,1048576,5,1012163351227701,2905871,1012163355314910,4087209
zenoh,1,inter_process,cpu,1048576,6,1012163451200771,2643328,1012163454965668,3764897
zenoh,1,inter_process,cpu,1048576,7,1012163551259448,3120142,1012163555672220,4412772
zenoh,1,inter_process,cpu,1048576,8,1012163651038136,1956688,1012163654178335,3140199
zenoh,1,inter_process,cpu,1048576,9,1012163751109677,2914372,1012163755206582,4096905
zenoh,1,inter_process,cpu,1048576,10,1012163851049302,2596973,1012163854762689,3713387
zenoh,1,inter_process,cpu,1048576,11,1012163951296932,2658232,1012163955050356,3753424
zenoh,1,inter_process,cpu,1048576,12,1012164051141690,2369094,1012164054567346,3425656
zenoh,1,inter_process,cpu,1048576,13,1012164151347854,2785202,1012164155314314,3966460
zenoh,1,inter_process,cpu,1048576,14,1012164251197536,3142879,1012164255666304,4468768
zenoh,1,inter_process,cpu,1048576,15,1012164351267699,3070026,1012164355637224,4369525
zenoh,1,inter_process,cpu,1048576,16,1012164451294449,3212144,1012164455811354,4516905
zenoh,1,inter_process,cpu,1048576,17,1012164551283341,3139119,1012164555758133,4474792
zenoh,1,inter_process,cpu,1048576,18,1012164651125976,2448347,1012164654906567,3780591
zenoh,1,inter_process,cpu,1048576,19,1012164751336014,3461574,1012164756438132,5102118
zenoh,1,intra_process_va,cpu,16384,0,1012166459746798,18505,1012166459854364,107566
zenoh,1,intra_process_va,cpu,16384,1,1012166559911955,19392,1012166560064270,152315
zenoh,1,intra_process_va,cpu,16384,2,1012166659890321,18443,1012166659994972,104651
zenoh,1,intra_process_va,cpu,16384,3,1012166759895900,19029,1012166760050383,154483
zenoh,1,intra_process_va,cpu,16384,4,1012166859897076,19547,1012166860067457,170381
zenoh,1,intra_process_va,cpu,16384,5,1012166959863147,18825,1012166959969485,106338
zenoh,1,intra_process_va,cpu,16384,6,1012167059852545,19889,1012167059964620,112075
zenoh,1,intra_process_va,cpu,16384,7,1012167159893467,18897,1012167159996675,103208
zenoh,1,intra_process_va,cpu,16384,8,1012167259871943,19307,1012167259975466,103523
zenoh,1,intra_process_va,cpu,16384,9,1012167359857830,18375,1012167359962359,104529
zenoh,1,intra_process_va,cpu,16384,10,1012167459890365,20398,1012167460058972,168607
zenoh,1,intra_process_va,cpu,16384,11,1012167559883105,19758,1012167560044423,161318
zenoh,1,intra_process_va,cpu,16384,12,1012167659858312,16628,1012167659954970,96658
zenoh,1,intra_process_va,cpu,16384,13,1012167759863488,16837,1012167759987015,123527
zenoh,1,intra_process_va,cpu,16384,14,1012167859871467,18183,1012167859976680,105213
zenoh,1,intra_process_va,cpu,16384,15,1012167959687525,13522,1012167959766585,79060
zenoh,1,intra_process_va,cpu,16384,16,1012168059869785,16366,1012168059967170,97385
zenoh,1,intra_process_va,cpu,16384,17,1012168159854974,15678,1012168159946248,91274
zenoh,1,intra_process_va,cpu,16384,18,1012168259835723,14281,1012168259914629,78906
zenoh,1,intra_process_va,cpu,16384,19,1012168359700940,15560,1012168359783508,82568
zenoh,1,inter_process,cpu,4194304,0,1012172977503728,4870718,1012172983537033,6033305
zenoh,1,inter_process,cpu,4194304,1,1012173077352879,4971843,1012173083490524,6137645
zenoh,1,inter_process,cpu,4194304,2,1012173177226215,5258197,1012173183645517,6419302
zenoh,1,inter_process,cpu,4194304,3,1012173277356545,7087617,1012173286965142,9608597
zenoh,1,inter_process,cpu,4194304,4,1012173377607853,4313999,1012173383112533,5504680
zenoh,1,inter_process,cpu,4194304,5,1012173477606674,4820222,1012173483581623,5974949
zenoh,1,inter_process,cpu,4194304,6,1012173577676109,5154902,1012173584013011,6336902
zenoh,1,inter_process,cpu,4194304,7,1012173677760489,5461567,1012173684392805,6632316
zenoh,1,inter_process,cpu,4194304,8,1012173777526601,5240372,1012173784044198,6517597
zenoh,1,inter_process,cpu,4194304,9,1012173877514263,4907916,1012173883610815,6096552
zenoh,1,inter_process,cpu,4194304,10,1012173977620155,5226992,1012173984023477,6403322
zenoh,1,inter_process,cpu,4194304,11,1012174077630735,5226630,1012174084133150,6502415
zenoh,1,inter_process,cpu,4194304,12,1012174177542422,5125666,1012174183823196,6280774
zenoh,1,inter_process,cpu,4194304,13,1012174277502794,4838151,1012174283499990,5997196
zenoh,1,inter_process,cpu,4194304,14,1012174377446373,5010520,1012174383615173,6168800
zenoh,1,inter_process,cpu,4194304,15,1012174477388601,4805531,1012174483388071,5999470
zenoh,1,inter_process,cpu,4194304,16,1012174577689490,5116550,1012174584067808,6378318
zenoh,1,inter_process,cpu,4194304,17,1012174677454579,4786619,1012174683400816,5946237
zenoh,1,inter_process,cpu,4194304,18,1012174777513905,5019435,1012174783686847,6172942
zenoh,1,inter_process,cpu,4194304,19,1012174877799965,4230497,1012174883189782,5389817
zenoh,1,inter_process,memfd,4194304,0,1012179557023668,173724,1012179557997484,973816
zenoh,1,inter_process,memfd,4194304,1,1012179656511750,270443,1012179657034452,522702
zenoh,1,inter_process,memfd,4194304,2,1012179756746342,402676,1012179757508070,761728
zenoh,1,inter_process,memfd,4194304,3,1012179856724249,340870,1012179857332042,607793
zenoh,1,inter_process,memfd,4194304,4,1012179957733969,755702,1012179959187698,1453729
zenoh,1,inter_process,memfd,4194304,5,1012180057032610,497547,1012180057993463,960853
zenoh,1,inter_process,memfd,4194304,6,1012180157021491,459791,1012180157915712,894221
zenoh,1,inter_process,memfd,4194304,7,1012180256986729,191460,1012180257943565,956836
zenoh,1,inter_process,memfd,4194304,8,1012180357059850,185913,1012180358098477,1038627
zenoh,1,inter_process,memfd,4194304,9,1012180457119874,171051,1012180458120783,1000909
zenoh,1,inter_process,memfd,4194304,10,1012180557063551,184561,1012180558067207,1003656
zenoh,1,inter_process,memfd,4194304,11,1012180656993563,196112,1012180657927638,934075
zenoh,1,inter_process,memfd,4194304,12,1012180756954696,189651,1012180757919681,964985
zenoh,1,inter_process,memfd,4194304,13,1012180856991176,195304,1012180857953220,962044
zenoh,1,inter_process,memfd,4194304,14,1012180957026317,174888,1012180958038868,1012551
zenoh,1,inter_process,memfd,4194304,15,1012181056996884,195071,1012181057960287,963403
zenoh,1,inter_process,memfd,4194304,16,1012181156882478,169113,1012181157703510,821032
zenoh,1,inter_process,memfd,4194304,17,1012181256761470,134884,1012181257421787,660317
zenoh,1,inter_process,memfd,4194304,18,1012181357953664,174669,1012181358811968,858304
zenoh,1,inter_process,memfd,4194304,19,1012181457195741,205152,1012181458291802,1096061
zenoh,1,inter_process,cpu,16384,0,1012187215831605,153300,1012187216778489,946884
zenoh,1,inter_process,cpu,16384,1,1012187315918810,208553,1012187316928899,1010089
zenoh,1,inter_process,cpu,16384,2,1012187415888378,167141,1012187416832246,943868
zenoh,1,inter_process,cpu,16384,3,1012187515884630,176149,1012187516876893,992263
zenoh,1,inter_process,cpu,16384,4,1012187615877338,176103,1012187616829881,952543
zenoh,1,inter_process,cpu,16384,5,1012187715876477,185233,1012187716859652,983175
zenoh,1,inter_process,cpu,16384,6,1012187815895752,179195,1012187816875592,979840
zenoh,1,inter_process,cpu,16384,7,1012187915895953,173728,1012187916809881,913928
zenoh,1,inter_process,cpu,16384,8,1012188015877709,167343,1012188016773799,896090
zenoh,1,inter_process,cpu,16384,9,1012188115815804,121684,1012188116598844,783040
zenoh,1,inter_process,cpu,16384,10,1012188215869236,127341,1012188216696873,827637
zenoh,1,inter_process,cpu,16384,11,1012188315850273,108559,1012188316549434,699161
zenoh,1,inter_process,cpu,16384,12,1012188416533990,133636,1012188417411417,877427
zenoh,1,inter_process,cpu,16384,13,1012188515905336,493566,1012188516805992,900656
zenoh,1,inter_process,cpu,16384,14,1012188615905406,183813,1012188616938152,1032746
zenoh,1,inter_process,cpu,16384,15,1012188715920287,190523,1012188716927982,1007695
zenoh,1,inter_process,cpu,16384,16,1012188815913521,191685,1012188816925096,1011575
zenoh,1,inter_process,cpu,16384,17,1012188915918107,202197,1012188916936322,1018215
zenoh,1,inter_process,cpu,16384,18,1012189015895297,177808,1012189016857839,962542
zenoh,1,inter_process,cpu,16384,19,1012189115886645,166289,1012189116838735,952090
zenoh,1,inter_process,memfd,64,0,1012193792177374,172501,1012193793202265,1024891
zenoh,1,inter_process,memfd,64,1,1012193892162812,165689,1012193893134755,971943
zenoh,1,inter_process,memfd,64,2,1012193992175109,171445,1012193993250055,1074946
zenoh,1,inter_process,memfd,64,3,1012194092141527,173024,1012194093133314,991787
zenoh,1,inter_process,memfd,64,4,1012194192134371,149290,1012194192984501,850130
zenoh,1,inter_process,memfd,64,5,1012194292108807,128008,1012194292810613,701806
zenoh,1,inter_process,memfd,64,6,1012194392088369,110752,1012194392717859,629490
zenoh,1,inter_process,memfd,64,7,1012194492088462,168212,1012194492999500,911038
zenoh,1,inter_process,memfd,64,8,1012194592181407,172356,1012194593202874,1021467
zenoh,1,inter_process,memfd,64,9,1012194692157650,169693,1012194693151711,994061
zenoh,1,inter_process,memfd,64,10,1012194792141360,164556,1012194793154070,1012710
zenoh,1,inter_process,memfd,64,11,1012194892131927,162734,1012194893080242,948315
zenoh,1,inter_process,memfd,64,12,1012194992154905,175762,1012194993236037,1081132
zenoh,1,inter_process,memfd,64,13,1012195092126289,160744,1012195093067461,941172
zenoh,1,inter_process,memfd,64,14,1012195192143931,165474,1012195193115545,971614
zenoh,1,inter_process,memfd,64,15,1012195292142877,161591,1012195293097995,955118
zenoh,1,inter_process,memfd,64,16,1012195392150174,163815,1012195393106092,955918
zenoh,1,inter_process,memfd,64,17,1012195492118127,149220,1012195492997040,878913
zenoh,1,inter_process,memfd,64,18,1012195592122569,142696,1012195592951264,828695
zenoh,1,inter_process,memfd,64,19,1012195692081897,110770,1012195692718609,636712
zenoh,1,inter_process,cpu,16777216,0,1012201491323873,7069052,1012201507902739,16578866
zenoh,1,inter_process,cpu,16777216,1,1012201591092125,6779180,1012201607378685,16286560
zenoh,1,inter_process,cpu,16777216,2,1012201691288160,12478009,1012201713291257,22003097
zenoh,1,inter_process,cpu,16777216,3,1012201790930074,6730978,1012201807396944,16466870
zenoh,1,inter_process,cpu,16777216,4,1012201891257036,12690406,1012201913449938,22192902
zenoh,1,inter_process,cpu,16777216,5,1012201991288877,6981940,1012202007911707,16622830
zenoh,1,inter_process,cpu,16777216,6,1012202091095732,6819429,1012202107522969,16427237
zenoh,1,inter_process,cpu,16777216,7,1012202190992753,6897206,1012202207716001,16723248
zenoh,1,inter_process,cpu,16777216,8,1012202291108612,12630296,1012202313327277,22218665
zenoh,1,inter_process,cpu,16777216,9,1012202391290959,7425464,1012202409772301,18481342
zenoh,1,inter_process,cpu,16777216,10,1012202491296077,8180473,1012202509598325,18302248
zenoh,1,inter_process,cpu,16777216,11,1012202590889845,7452273,1012202607831005,16941160
zenoh,1,inter_process,cpu,16777216,12,1012202690376119,12483482,1012202712358371,21982252
zenoh,1,inter_process,cpu,16777216,13,1012202790376119,7098007,1012202806985518,16609399
zenoh,1,inter_process,cpu,16777216,14,1012202890362621,7161839,1012202907036374,16673753
zenoh,1,inter_process,cpu,16777216,15,1012202989916558,7638145,1012203007137454,17220896
zenoh,1,inter_process,cpu,16777216,16,1012203091348503,7460536,1012203108360282,17011779
zenoh,1,inter_process,cpu,16777216,17,1012203191058926,6844503,1012203207427394,16368468
zenoh,1,inter_process,cpu,16777216,18,1012203291365043,12581401,1012203313456910,22091867
zenoh,1,inter_process,cpu,16777216,19,1012203391313186,6895411,1012203407732005,16418819
zenoh,1,inter_process,cpu,4096,0,1012208084900215,171493,1012208085785722,885507
zenoh,1,inter_process,cpu,4096,1,1012208184894855,186142,1012208185824182,929327
zenoh,1,inter_process,cpu,4096,2,1012208284904118,175464,1012208285821252,917134
zenoh,1,inter_process,cpu,4096,3,1012208384893895,167366,1012208385786660,892765
zenoh,1,inter_process,cpu,4096,4,1012208484897117,171933,1012208485804717,907600
zenoh,1,inter_process,cpu,4096,5,1012208584862225,107952,1012208585593852,731627
zenoh,1,inter_process,cpu,4096,6,1012208684715859,157410,1012208685531325,815466
zenoh,1,inter_process,cpu,4096,7,1012208785045185,161956,1012208786104038,1058853
zenoh,1,inter_process,cpu,4096,8,1012208884898274,175761,1012208885818333,920059
zenoh,1,inter_process,cpu,4096,9,1012208984899043,544984,1012208985836205,937162
zenoh,1,inter_process,cpu,4096,10,1012209084892213,165389,1012209085801032,908819
zenoh,1,inter_process,cpu,4096,11,1012209184899265,173561,1012209185809706,910441
zenoh,1,inter_process,cpu,4096,12,1012209284902442,168746,1012209285812094,909652
zenoh,1,inter_process,cpu,4096,13,1012209384883825,182170,1012209385826152,942327
zenoh,1,inter_process,cpu,4096,14,1012209484900047,178907,1012209485827664,927617
zenoh,1,inter_process,cpu,4096,15,1012209584883726,153240,1012209585752293,868567
zenoh,1,inter_process,cpu,4096,16,1012209684825497,48080,1012209685119473,293976
zenoh,1,inter_process,cpu,4096,17,1012209784943680,189529,1012209785862024,918344
zenoh,1,inter_process,cpu,4096,18,1012209884901348,172313,1012209885838872,937524
zenoh,1,inter_process,cpu,4096,19,1012209984876778,395389,1012209985605418,728640
zenoh,1,intra_process_va,cpu,4096,0,1012211686824732,12850,1012211686902462,77730
zenoh,1,intra_process_va,cpu,4096,1,1012211786810163,12045,1012211786880123,69960
zenoh,1,intra_process_va,cpu,4096,2,1012211886800687,18903,1012211886908744,108057
zenoh,1,intra_process_va,cpu,4096,3,1012211986876269,19359,1012211986994737,118468
zenoh,1,intra_process_va,cpu,4096,4,1012212086876943,17727,1012212086983883,106940
zenoh,1,intra_process_va,cpu,4096,5,1012212186857575,17733,1012212186959636,102061
zenoh,1,intra_process_va,cpu,4096,6,1012212286861996,17309,1012212286962408,100412
zenoh,1,intra_process_va,cpu,4096,7,1012212386844160,17751,1012212386946153,101993
zenoh,1,intra_process_va,cpu,4096,8,1012212486890306,19011,1012212486999673,109367
zenoh,1,intra_process_va,cpu,4096,9,1012212586892209,18542,1012212587094473,202264
zenoh,1,intra_process_va,cpu,4096,10,1012212686842689,15437,1012212686936371,93682
zenoh,1,intra_process_va,cpu,4096,11,1012212786848100,15590,1012212786942675,94575
zenoh,1,intra_process_va,cpu,4096,12,1012212886835117,14460,1012212886924739,89622
zenoh,1,intra_process_va,cpu,4096,13,1012212986833712,13307,1012212986916773,83061
zenoh,1,intra_process_va,cpu,4096,14,1012213086671297,15545,1012213086762840,91543
zenoh,1,intra_process_va,cpu,4096,15,1012213186841217,16452,1012213186943471,102254
zenoh,1,intra_process_va,cpu,4096,16,1012213286863275,17066,1012213286965174,101899
zenoh,1,intra_process_va,cpu,4096,17,1012213386901047,20764,1012213387068792,167745
zenoh,1,intra_process_va,cpu,4096,18,1012213486884614,18476,1012213486995197,110583
zenoh,1,intra_process_va,cpu,4096,19,1012213586877736,17669,1012213586981412,103676
zenoh,1,intra_process_va,cpu,4194304,0,1012215220507997,25095,1012215220619240,111243
zenoh,1,intra_process_va,cpu,4194304,1,1012215320525396,26094,1012215320641798,116402
zenoh,1,intra_process_va,cpu,4194304,2,1012215420445307,23964,1012215420555475,110168
zenoh,1,intra_process_va,cpu,4194304,3,1012215520472720,24825,1012215520583906,111186
zenoh,1,intra_process_va,cpu,4194304,4,1012215620253303,23451,1012215620361023,107720
zenoh,1,intra_process_va,cpu,4194304,5,1012215720237867,20379,1012215720328200,90333
zenoh,1,intra_process_va,cpu,4194304,6,1012215820261978,21532,1012215820354464,92486
zenoh,1,intra_process_va,cpu,4194304,7,1012215920131763,20128,1012215920218881,87118
zenoh,1,intra_process_va,cpu,4194304,8,1012216020725225,28783,1012216020847705,122480
zenoh,1,intra_process_va,cpu,4194304,9,1012216120588122,26986,1012216120704676,116554
zenoh,1,intra_process_va,cpu,4194304,10,1012216220437749,24183,1012216220547529,109780
zenoh,1,intra_process_va,cpu,4194304,11,1012216320519840,26437,1012216320636866,117026
zenoh,1,intra_process_va,cpu,4194304,12,1012216420440629,25150,1012216420551243,110614
zenoh,1,intra_process_va,cpu,4194304,13,1012216520529197,26891,1012216520654605,125408
zenoh,1,intra_process_va,cpu,4194304,14,1012216620506653,25069,1012216620616231,109578
zenoh,1,intra_process_va,cpu,4194304,15,1012216720512270,25511,1012216720629263,116993
zenoh,1,intra_process_va,cpu,4194304,16,1012216820351320,25249,1012216820462721,111401
zenoh,1,intra_process_va,cpu,4194304,17,1012216920180517,20315,1012216920276605,96088
zenoh,1,intra_process_va,cpu,4194304,18,1012217019876977,18345,1012217019963948,86971
zenoh,1,intra_process_va,cpu,4194304,19,1012217120867726,23237,1012217120967233,99507
zenoh,1,inter_process,memfd,1024,0,1012221713163886,513470,1012221714065312,901426
zenoh,1,inter_process,memfd,1024,1,1012221813200577,481164,1012221814135431,934854
zenoh,1,inter_process,memfd,1024,2,1012221913172968,458815,1012221914090303,917335
zenoh,1,inter_process,memfd,1024,3,1012222013163213,167044,1012222014139066,975853
zenoh,1,inter_process,memfd,1024,4,1012222113162286,167985,1012222114131900,969614
zenoh,1,inter_process,memfd,1024,5,1012222213155214,178373,1012222214158913,1003699
zenoh,1,inter_process,memfd,1024,6,1012222313165308,194569,1012222314199079,1033771
zenoh,1,inter_process,memfd,1024,7,1012222413133492,162424,1012222414081234,947742
zenoh,1,inter_process,memfd,1024,8,1012222513085657,150113,1012222513935794,850137
zenoh,1,inter_process,memfd,1024,9,1012222613120441,124165,1012222613809024,688583
zenoh,1,inter_process,memfd,1024,10,1012222713111090,140601,1012222713902561,791471
zenoh,1,inter_process,memfd,1024,11,1012222813174623,176628,1012222814179869,1005246
zenoh,1,inter_process,memfd,1024,12,1012222913162261,177834,1012222914183565,1021304
zenoh,1,inter_process,memfd,1024,13,1012223012894211,82039,1012223013357307,463096
zenoh,1,inter_process,memfd,1024,14,1012223113150424,154826,1012223114080373,929949
zenoh,1,inter_process,memfd,1024,15,1012223213173078,165368,1012223214129234,956156
zenoh,1,inter_process,memfd,1024,16,1012223313174239,164261,1012223314137205,962966
zenoh,1,inter_process,memfd,1024,17,1012223413162767,164974,1012223414131269,968502
zenoh,1,inter_process,memfd,1024,18,1012223513153335,153139,1012223514045341,892006
zenoh,1,inter_process,memfd,1024,19,1012223613124246,149277,1012223613965948,841702
zenoh,1,intra_process_va,memfd,4194304,0,1012226401732309,22606,1012226401839161,106852
zenoh,1,intra_process_va,memfd,4194304,1,1012226501706774,23099,1012226501811271,104497
zenoh,1,intra_process_va,memfd,4194304,2,1012226601546492,18758,1012226601633856,87364
zenoh,1,intra_process_va,memfd,4194304,3,1012226702886307,23882,1012226702994221,107914
zenoh,1,intra_process_va,memfd,4194304,4,1012226801817001,25573,1012226801938796,121795
zenoh,1,intra_process_va,memfd,4194304,5,1012226901965855,28593,1012226902118461,152606
zenoh,1,intra_process_va,memfd,4194304,6,1012227001855678,25893,1012227001975832,120154
zenoh,1,intra_process_va,memfd,4194304,7,1012227101786350,24166,1012227101899517,113167
zenoh,1,intra_process_va,memfd,4194304,8,1012227201795866,24445,1012227201916957,121091
zenoh,1,intra_process_va,memfd,4194304,9,1012227301833910,24744,1012227301954714,120804
zenoh,1,intra_process_va,memfd,4194304,10,1012227401628455,20686,1012227401728625,100170
zenoh,1,intra_process_va,memfd,4194304,11,1012227501776901,23747,1012227501890436,113535
zenoh,1,intra_process_va,memfd,4194304,12,1012227601659429,20869,1012227601758945,99516
zenoh,1,intra_process_va,memfd,4194304,13,1012227701536513,18228,1012227701624330,87817
zenoh,1,intra_process_va,memfd,4194304,14,1012227803085177,22253,1012227803183243,98066
zenoh,1,intra_process_va,memfd,4194304,15,1012227901849590,25283,1012227901970229,120639
zenoh,1,intra_process_va,memfd,4194304,16,1012228001942487,25935,1012228002090079,147592
zenoh,1,intra_process_va,memfd,4194304,17,1012228101815231,24475,1012228101933903,118672
zenoh,1,intra_process_va,memfd,4194304,18,1012228201852098,25527,1012228201971711,119613
zenoh,1,intra_process_va,memfd,4194304,19,1012228301855893,24736,1012228301969162,113269
zenoh,1,intra_process_va,cpu,1048576,0,1012229935322369,25345,1012229935442187,119818
zenoh,1,intra_process_va,cpu,1048576,1,1012230035271112,24351,1012230035384292,113180
zenoh,1,intra_process_va,cpu,1048576,2,1012230135273122,24321,1012230135386017,112895
zenoh,1,intra_process_va,cpu,1048576,3,1012230235275626,24492,1012230235388514,112888
zenoh,1,intra_process_va,cpu,1048576,4,1012230335298168,23817,1012230335412218,114050
zenoh,1,intra_process_va,cpu,1048576,5,1012230435222595,21677,1012230435323011,100416
zenoh,1,intra_process_va,cpu,1048576,6,1012230535204996,21363,1012230535303884,98888
zenoh,1,intra_process_va,cpu,1048576,7,1012230634901070,13676,1012230634969334,68264
zenoh,1,intra_process_va,cpu,1048576,8,1012230735374754,27844,1012230735507084,132330
zenoh,1,intra_process_va,cpu,1048576,9,1012230835382771,25859,1012230835503208,120437
zenoh,1,intra_process_va,cpu,1048576,10,1012230935294166,24450,1012230935406427,112261
zenoh,1,intra_process_va,cpu,1048576,11,1012231035323068,23980,1012231035436231,113163
zenoh,1,intra_process_va,cpu,1048576,12,1012231135273037,24082,1012231135386007,112970
zenoh,1,intra_process_va,cpu,1048576,13,1012231235306263,24190,1012231235425978,119715
zenoh,1,intra_process_va,cpu,1048576,14,1012231335261768,23977,1012231335394874,133106
zenoh,1,intra_process_va,cpu,1048576,15,1012231435271631,23024,1012231435385356,113725
zenoh,1,intra_process_va,cpu,1048576,16,1012231535224366,20545,1012231535324451,100085
zenoh,1,intra_process_va,cpu,1048576,17,1012231636227121,11198,1012231636282225,55104
zenoh,1,intra_process_va,cpu,1048576,18,1012231735140767,17678,1012231735227040,86273
zenoh,1,intra_process_va,cpu,1048576,19,1012231835206517,25634,1012231835327351,120834
zenoh,1,intra_process_va,memfd,1048576,0,1012233459168548,20632,1012233459275876,107328
zenoh,1,intra_process_va,memfd,1048576,1,1012233559187725,22161,1012233559304121,116396
zenoh,1,intra_process_va,memfd,1048576,2,1012233659116456,19198,1012233659217975,101519
zenoh,1,intra_process_va,memfd,1048576,3,1012233759145023,21288,1012233759253735,108712
zenoh,1,intra_process_va,memfd,1048576,4,1012233859111458,19028,1012233859212466,101008
zenoh,1,intra_process_va,memfd,1048576,5,1012233959146072,19692,1012233959246634,100562
zenoh,1,intra_process_va,memfd,1048576,6,1012234059115854,19557,1012234059219246,103392
zenoh,1,intra_process_va,memfd,1048576,7,1012234159143038,20595,1012234159251059,108021
zenoh,1,intra_process_va,memfd,1048576,8,1012234259101067,18288,1012234259198554,97487
zenoh,1,intra_process_va,memfd,1048576,9,1012234358912115,19406,1012234359103873,191758
zenoh,1,intra_process_va,memfd,1048576,10,1012234459164177,20659,1012234459273959,109782
zenoh,1,intra_process_va,memfd,1048576,11,1012234559234890,20799,1012234559342263,107373
zenoh,1,intra_process_va,memfd,1048576,12,1012234659167051,21359,1012234659282711,115660
zenoh,1,intra_process_va,memfd,1048576,13,1012234759195147,22731,1012234759334273,139126
zenoh,1,intra_process_va,memfd,1048576,14,1012234859137178,21237,1012234859245667,108489
zenoh,1,intra_process_va,memfd,1048576,15,1012234959143034,19325,1012234959251029,107995
zenoh,1,intra_process_va,memfd,1048576,16,1012235059121469,19216,1012235059222653,101184
zenoh,1,intra_process_va,memfd,1048576,17,1012235158832282,12139,1012235158898980,66698
zenoh,1,intra_process_va,memfd,1048576,18,1012235259102635,18062,1012235259198690,96055
zenoh,1,intra_process_va,memfd,1048576,19,1012235359102935,17714,1012235359199537,96602
zenoh,1,intra_process_va,memfd,4096,0,1012237009898949,15757,1012237010046001,147052
zenoh,1,intra_process_va,memfd,4096,1,1012237109895580,14778,1012237109997948,102368
zenoh,1,intra_process_va,memfd,4096,2,1012237209894868,16300,1012237209998875,104007
zenoh,1,intra_process_va,memfd,4096,3,1012237309887738,13889,1012237309984116,96378
zenoh,1,intra_process_va,memfd,4096,4,1012237409875256,12987,1012237409965861,90605
zenoh,1,intra_process_va,memfd,4096,5,1012237509696109,10776,1012237509761961,65852
zenoh,1,intra_process_va,memfd,4096,6,1012237609859880,11562,1012237609943889,84009
zenoh,1,intra_process_va,memfd,4096,7,1012237709752548,14727,1012237709850118,97570
zenoh,1,intra_process_va,memfd,4096,8,1012237809934172,16598,1012237810083113,148941
zenoh,1,intra_process_va,memfd,4096,9,1012237909917371,17548,1012237910119811,202440
zenoh,1,intra_process_va,memfd,4096,10,1012238009747096,15286,1012238009849116,102020
zenoh,1,intra_process_va,memfd,4096,11,1012238109869341,15309,1012238109968395,99054
zenoh,1,intra_process_va,memfd,4096,12,1012238209975873,15736,1012238210093143,117270
zenoh,1,intra_process_va,memfd,4096,13,1012238309887606,15995,1012238309993156,105550
zenoh,1,intra_process_va,memfd,4096,14,1012238409898595,15712,1012238410035294,136699
zenoh,1,intra_process_va,memfd,4096,15,1012238509897764,14809,1012238509995126,97362
zenoh,1,intra_process_va,memfd,4096,16,1012238609888387,15986,1012238609990261,101874
zenoh,1,intra_process_va,memfd,4096,17,1012238709892933,14200,1012238709989415,96482
zenoh,1,intra_process_va,memfd,4096,18,1012238809905979,16090,1012238810044104,138125
zenoh,1,intra_process_va,memfd,4096,19,1012238909865325,10967,1012238909943222,77897
zenoh,1,inter_process,memfd,65536,0,1012243505169854,155364,1012243506059657,889803
zenoh,1,inter_process,memfd,65536,1,1012243605131789,151302,1012243605971643,839854
zenoh,1,inter_process,memfd,65536,2,1012243705147708,154152,1012243706038547,890839
zenoh,1,inter_process,memfd,65536,3,1012243805139467,148265,1012243805862379,722912
zenoh,1,inter_process,memfd,65536,4,1012243905118020,138929,1012243905833608,715588
zenoh,1,inter_process,memfd,65536,5,1012244005153322,155477,1012244006254145,1100823
zenoh,1,inter_process,memfd,65536,6,1012244105180432,550925,1012244106275597,1095165
zenoh,1,inter_process,memfd,65536,7,1012244205197435,194579,1012244206331796,1134361
zenoh,1,inter_process,memfd,65536,8,1012244305155222,194307,1012244306193184,1037962
zenoh,1,inter_process,memfd,65536,9,1012244405162584,197077,1012244406209282,1046698
zenoh,1,inter_process,memfd,65536,10,1012244505164393,171323,1012244506152595,988202
zenoh,1,inter_process,memfd,65536,11,1012244605207867,179461,1012244606206856,998989
zenoh,1,inter_process,memfd,65536,12,1012244705182730,175666,1012244706137109,954379
zenoh,1,inter_process,memfd,65536,13,1012244805174480,154194,1012244806042355,867875
zenoh,1,inter_process,memfd,65536,14,1012244905147759,154566,1012244906098823,951064
zenoh,1,inter_process,memfd,65536,15,1012245005145433,154521,1012245005944381,798948
zenoh,1,inter_process,memfd,65536,16,1012245105139943,143167,1012245105940480,800537
zenoh,1,inter_process,memfd,65536,17,1012245205100407,111801,1012245205761637,661230
zenoh,1,inter_process,memfd,65536,18,1012245305114601,139195,1012245305825764,711163
zenoh,1,inter_process,memfd,65536,19,1012245404993912,463140,1012245405835923,842011
zenoh,1,inter_process,memfd,16384,0,1012251169914939,150237,1012251170682262,767323
zenoh,1,inter_process,memfd,16384,1,1012251270142654,160203,1012251271163528,1020874
zenoh,1,inter_process,memfd,16384,2,1012251370192251,170055,1012251371190986,998735
zenoh,1,inter_process,memfd,16384,3,1012251470142342,192444,1012251471163109,1020767
zenoh,1,inter_process,memfd,16384,4,1012251570165373,170891,1012251571169360,1003987
zenoh,1,inter_process,memfd,16384,5,1012251670174120,169411,1012251671103113,928993
zenoh,1,inter_process,memfd,16384,6,1012251770140821,159850,1012251771100782,959961
zenoh,1,inter_process,memfd,16384,7,1012251870143296,162971,1012251871087597,944301
zenoh,1,inter_process,memfd,16384,8,1012251970154206,159665,1012251971130318,976112
zenoh,1,inter_process,memfd,16384,9,1012252070092199,158577,1012252070946554,854355
zenoh,1,inter_process,memfd,16384,10,1012252170144511,153440,1012252171030292,885781
zenoh,1,inter_process,memfd,16384,11,1012252270078613,109673,1012252270741853,663240
zenoh,1,inter_process,memfd,16384,12,1012252370097227,117810,1012252370730247,633020
zenoh,1,inter_process,memfd,16384,13,1012252470401364,142786,1012252471251641,850277
zenoh,1,inter_process,memfd,16384,14,1012252570178383,172081,1012252571194342,1015959
zenoh,1,inter_process,memfd,16384,15,1012252670176213,170731,1012252671173318,997105
zenoh,1,inter_process,memfd,16384,16,1012252770167650,172668,1012252771179071,1011421
zenoh,1,inter_process,memfd,16384,17,1012252870196533,185224,1012252871284769,1088236
zenoh,1,inter_process,memfd,16384,18,1012252970138527,162334,1012252971093201,954674
zenoh,1,inter_process,memfd,16384,19,1012253070162614,180693,1012253071222605,1059991
zenoh,1,intra_process_va,cpu,262144,0,1012255873057430,21692,1012255873171750,114320
zenoh,1,intra_process_va,cpu,262144,1,1012255972868445,9306,1012255972920812,52367
zenoh,1,intra_process_va,cpu,262144,2,1012256072804246,18770,1012256072902710,98464
zenoh,1,intra_process_va,cpu,262144,3,1012256172969860,19843,1012256173110579,140719
zenoh,1,intra_process_va,cpu,262144,4,1012256272999306,57672,1012256273148785,149479
zenoh,1,intra_process_va,cpu,262144,5,1012256372997654,68110,1012256373158333,160679
zenoh,1,intra_process_va,cpu,262144,6,1012256472975109,20975,1012256473115978,140869
zenoh,1,intra_process_va,cpu,262144,7,1012256572961655,17956,1012256573093167,131512
zenoh,1,intra_process_va,cpu,262144,8,1012256672937484,19525,1012256673080791,143307
zenoh,1,intra_process_va,cpu,262144,9,1012256772943852,17734,1012256773069537,125685
zenoh,1,intra_process_va,cpu,262144,10,1012256872943480,17470,1012256873072114,128634
zenoh,1,intra_process_va,cpu,262144,11,1012256972807746,16830,1012256972901826,94080
zenoh,1,intra_process_va,cpu,262144,12,1012257072994314,52623,1012257073137930,143616
zenoh,1,intra_process_va,cpu,262144,13,1012257172999225,72099,1012257173156908,157683
zenoh,1,intra_process_va,cpu,262144,14,1012257272970612,20602,1012257273123994,153382
zenoh,1,intra_process_va,cpu,262144,15,1012257373058389,24338,1012257373185443,127054
zenoh,1,intra_process_va,cpu,262144,16,1012257473039652,21673,1012257473153718,114066
zenoh,1,intra_process_va,cpu,262144,17,1012257572992512,58321,1012257573142472,149960
zenoh,1,intra_process_va,cpu,262144,18,1012257673099307,22219,1012257673214857,115550
zenoh,1,intra_process_va,cpu,262144,19,1012257772994638,60451,1012257773145784,151146
zenoh,1,inter_process,memfd,262144,0,1012262378223418,180158,1012262379291169,1067751
zenoh,1,inter_process,memfd,262144,1,1012262478231376,183591,1012262479275978,1044602
zenoh,1,inter_process,memfd,262144,2,1012262578226742,182639,1012262579239150,1012408
zenoh,1,inter_process,memfd,262144,3,1012262678267599,177418,1012262679294873,1027274
zenoh,1,inter_process,memfd,262144,4,1012262778223817,168311,1012262779157335,933518
zenoh,1,inter_process,memfd,262144,5,1012262878214821,159010,1012262879097961,883140
zenoh,1,inter_process,memfd,262144,6,1012262978202197,158546,1012262979096707,894510
zenoh,1,inter_process,memfd,262144,7,1012263078178389,186723,1012263079053693,875304
zenoh,1,inter_process,memfd,262144,8,1012263178205359,149239,1012263178997942,792583
zenoh,1,inter_process,memfd,262144,9,1012263278168967,152655,1012263279044287,875320
zenoh,1,inter_process,memfd,262144,10,1012263378227628,181006,1012263379257775,1030147
zenoh,1,inter_process,memfd,262144,11,1012263478265487,180819,1012263479297279,1031792
zenoh,1,inter_process,memfd,262144,12,1012263578218697,169713,1012263579188808,970111
zenoh,1,inter_process,memfd,262144,13,1012263678204821,168154,1012263679177194,972373
zenoh,1,inter_process,memfd,262144,14,1012263778200134,167505,1012263779152546,952412
zenoh,1,inter_process,memfd,262144,15,1012263878207186,166618,1012263879176363,969177
zenoh,1,inter_process,memfd,262144,16,1012263978222255,180217,1012263979231465,1009210
zenoh,1,inter_process,memfd,262144,17,1012264078225099,144403,1012264079059684,834585
zenoh,1,inter_process,memfd,262144,18,1012264178177738,155983,1012264179056189,878451
zenoh,1,inter_process,memfd,262144,19,1012264278198593,169579,1012264279160043,961450
zenoh,1,intra_process_va,cpu,1024,0,1012267081867945,19662,1012267081979603,111658
zenoh,1,intra_process_va,cpu,1024,1,1012267181850876,17438,1012267181953364,102488
zenoh,1,intra_process_va,cpu,1024,2,1012267281837000,15865,1012267281933690,96690
zenoh,1,intra_process_va,cpu,1024,3,1012267381831278,15784,1012267381927385,96107
zenoh,1,intra_process_va,cpu,1024,4,1012267481809888,11865,1012267481881424,71536
zenoh,1,intra_process_va,cpu,1024,5,1012267581802542,12944,1012267581877789,75247
zenoh,1,intra_process_va,cpu,1024,6,1012267681835148,18073,1012267681932385,97237
zenoh,1,intra_process_va,cpu,1024,7,1012267781898177,21412,1012267782075144,176967
zenoh,1,intra_process_va,cpu,1024,8,1012267881847140,17480,1012267881975441,128301
zenoh,1,intra_process_va,cpu,1024,9,1012267981859990,17403,1012267981964379,104389
zenoh,1,intra_process_va,cpu,1024,10,1012268081891709,18010,1012268081994778,103069
zenoh,1,intra_process_va,cpu,1024,11,1012268181858284,17778,1012268181961733,103449
zenoh,1,intra_process_va,cpu,1024,12,1012268281850331,19479,1012268281962248,111917
zenoh,1,intra_process_va,cpu,1024,13,1012268381859349,18935,1012268381972336,112987
zenoh,1,intra_process_va,cpu,1024,14,1012268481847448,15632,1012268481942292,94844
zenoh,1,intra_process_va,cpu,1024,15,1012268581839079,14728,1012268581931728,92649
zenoh,1,intra_process_va,cpu,1024,16,1012268681803926,11455,1012268681875414,71488
zenoh,1,intra_process_va,cpu,1024,17,1012268781655206,15312,1012268781745343,90137
zenoh,1,intra_process_va,cpu,1024,18,1012268881861691,18157,1012268881971650,109959
zenoh,1,intra_process_va,cpu,1024,19,1012268981876490,17829,1012268981996677,120187
zenoh,1,intra_process_va,memfd,16384,0,1012270620048282,18810,1012270620171063,122781
zenoh,1,intra_process_va,memfd,16384,1,1012270719904786,35104,1012270720084655,179869
zenoh,1,intra_process_va,memfd,16384,2,1012270819898793,15000,1012270820060336,161543
zenoh,1,intra_process_va,memfd,16384,3,1012270919909793,15305,1012270920057242,147449
zenoh,1,intra_process_va,memfd,16384,4,1012271019907963,15691,1012271020058314,150351
zenoh,1,intra_process_va,memfd,16384,5,1012271119937349,15780,1012271120085087,147738
zenoh,1,intra_process_va,memfd,16384,6,1012271219903917,17588,1012271220057260,153343
zenoh,1,intra_process_va,memfd,16384,7,1012271319902527,15364,1012271320049106,146579
zenoh,1,intra_process_va,memfd,16384,8,1012271419916525,14587,1012271420057932,141407
zenoh,1,intra_process_va,memfd,16384,9,1012271519908372,14704,1012271520057519,149147
zenoh,1,intra_process_va,memfd,16384,10,1012271619872715,10752,1012271619951579,78864
zenoh,1,intra_process_va,memfd,16384,11,1012271719728901,15502,1012271719827995,99094
zenoh,1,intra_process_va,memfd,16384,12,1012271819931028,15153,1012271820078352,147324
zenoh,1,intra_process_va,memfd,16384,13,1012271919811022,12633,1012271919896790,85768
zenoh,1,intra_process_va,memfd,16384,14,1012272019891800,16426,1012272020036973,145173
zenoh,1,intra_process_va,memfd,16384,15,1012272119888018,14889,1012272119993892,105874
zenoh,1,intra_process_va,memfd,16384,16,1012272219903560,15470,1012272220056332,152772
zenoh,1,intra_process_va,memfd,16384,17,1012272319941414,15920,1012272320089001,147587
zenoh,1,intra_process_va,memfd,16384,18,1012272419937459,17181,1012272420103132,165673
zenoh,1,intra_process_va,memfd,16384,19,1012272519898778,15546,1012272520040356,141578
zenoh,1,intra_process_va,cpu,64,0,1012274160939384,20752,1012274161104343,164959
zenoh,1,intra_process_va,cpu,64,1,1012274260956294,18812,1012274261107582,151288
zenoh,1,intra_process_va,cpu,64,2,1012274360916808,19942,1012274361066918,150110
zenoh,1,intra_process_va,cpu,64,3,1012274460903378,17120,1012274461055299,151921
zenoh,1,intra_process_va,cpu,64,4,1012274560886894,15199,1012274560988653,101759
zenoh,1,intra_process_va,cpu,64,5,1012274660857564,18084,1012274660958085,100521
zenoh,1,intra_process_va,cpu,64,6,1012274760910542,17257,1012274761049297,138755
zenoh,1,intra_process_va,cpu,64,7,1012274860885342,13418,1012274860974033,88691
zenoh,1,intra_process_va,cpu,64,8,1012274960835383,5244,1012274960868510,33127
zenoh,1,intra_process_va,cpu,64,9,1012275060883073,15169,1012275060974423,91350
zenoh,1,intra_process_va,cpu,64,10,1012275160839641,12317,1012275160918012,78371
zenoh,1,intra_process_va,cpu,64,11,1012275260728030,15205,1012275260810677,82647
zenoh,1,intra_process_va,cpu,64,12,1012275360658074,8632,1012275360701432,43358
zenoh,1,intra_process_va,cpu,64,13,1012275460688555,12324,1012275460759479,70924
zenoh,1,intra_process_va,cpu,64,14,1012275560729951,18466,1012275560836714,106763
zenoh,1,intra_process_va,cpu,64,15,1012275660900959,17005,1012275661044127,143168
zenoh,1,intra_process_va,cpu,64,16,1012275760917825,18835,1012275761063334,145509
zenoh,1,intra_process_va,cpu,64,17,1012275860894103,17171,1012275860996860,102757
zenoh,1,intra_process_va,cpu,64,18,1012275960893676,19455,1012275961043962,150286
zenoh,1,intra_process_va,cpu,64,19,1012276060891815,17327,1012276060993635,101820
zenoh,1,intra_process_va,memfd,1024,0,1012277697913485,15087,1012277698064197,150712
zenoh,1,intra_process_va,memfd,1024,1,1012277797869305,15046,1012277797971013,101708
zenoh,1,intra_process_va,memfd,1024,2,1012277897910806,15271,1012277898045855,135049
zenoh,1,intra_process_va,memfd,1024,3,1012277997875142,15277,1012277997976979,101837
zenoh,1,intra_process_va,memfd,1024,4,1012278097888776,12882,1012278097980197,91421
zenoh,1,intra_process_va,memfd,1024,5,1012278197836117,10908,1012278197914022,77905
zenoh,1,intra_process_va,memfd,1024,6,1012278297846542,12703,1012278297935813,89271
zenoh,1,intra_process_va,memfd,1024,7,1012278397894245,12756,1012278397984946,90701
zenoh,1,intra_process_va,memfd,1024,8,1012278497789267,13409,1012278497880794,91527
zenoh,1,intra_process_va,memfd,1024,9,1012278597901929,15511,1012278598102218,200289
zenoh,1,intra_process_va,memfd,1024,10,1012278697885829,15613,1012278697993834,108005
zenoh,1,intra_process_va,memfd,1024,11,1012278797897968,16213,1012278798045069,147101
zenoh,1,intra_process_va,memfd,1024,12,1012278897910041,13958,1012278898043962,133921
zenoh,1,intra_process_va,memfd,1024,13,1012278997862927,15448,1012278997967007,104080
zenoh,1,intra_process_va,memfd,1024,14,1012279097857096,14992,1012279097958804,101708
zenoh,1,intra_process_va,memfd,1024,15,1012279197874788,14618,1012279197975983,101195
zenoh,1,intra_process_va,memfd,1024,16,1012279297869635,14733,1012279297970402,100767
zenoh,1,intra_process_va,memfd,1024,17,1012279397822201,12534,1012279397913602,91401
zenoh,1,intra_process_va,memfd,1024,18,1012279497853642,13066,1012279497943130,89488
zenoh,1,intra_process_va,memfd,1024,19,1012279597820954,9945,1012279597900442,79488
zenoh,1,intra_process_va,cpu,16777216,0,1012281241258723,18187,1012281241336930,78207
zenoh,1,intra_process_va,cpu,16777216,1,1012281341127967,5396,1012281341155561,27594
zenoh,1,intra_process_va,cpu,16777216,2,1012281440827000,16561,1012281440898365,71365
zenoh,1,intra_process_va,cpu,16777216,3,1012281539999076,25955,1012281540075144,76068
zenoh,1,intra_process_va,cpu,16777216,4,1012281637154104,7575,1012281637183976,29872
zenoh,1,intra_process_va,cpu,16777216,5,1012281741387412,19820,1012281741465037,77625
zenoh,1,intra_process_va,cpu,16777216,6,1012281841812539,19586,1012281841888696,76157
zenoh,1,intra_process_va,cpu,16777216,7,1012281939838324,16081,1012281939906160,67836
zenoh,1,intra_process_va,cpu,16777216,8,1012282041020421,6074,1012282041050198,29777
zenoh,1,intra_process_va,cpu,16777216,9,1012282141166402,18702,1012282141244905,78503
zenoh,1,intra_process_va,cpu,16777216,10,1012282241025001,6227,1012282241054417,29416
zenoh,1,intra_process_va,cpu,16777216,11,1012282341263565,17607,1012282341342097,78532
zenoh,1,intra_process_va,cpu,16777216,12,1012282440793520,15795,1012282440837229,43709
zenoh,1,intra_process_va,cpu,16777216,13,1012282540795635,15962,1012282540854610,58975
zenoh,1,intra_process_va,cpu,16777216,14,1012282637029160,7498,1012282637058767,29607
zenoh,1,intra_process_va,cpu,16777216,15,1012282739912943,15700,1012282739980024,67081
zenoh,1,intra_process_va,cpu,16777216,16,1012282840381558,16198,1012282840449678,68120
zenoh,1,intra_process_va,cpu,16777216,17,1012282941015473,6588,1012282941042978,27505
zenoh,1,intra_process_va,cpu,16777216,18,1012283041624769,6733,1012283041653077,28308
zenoh,1,intra_process_va,cpu,16777216,19,1012283141302336,5905,1012283141330660,28324
zenoh,1,inter_process,memfd,1048576,0,1012287743389936,189126,1012287744457486,1067550
zenoh,1,inter_process,memfd,1048576,1,1012287843418987,196500,1012287844553095,1134108
zenoh,1,inter_process,memfd,1048576,2,1012287943406019,200674,1012287944519210,1113191
zenoh,1,inter_process,memfd,1048576,3,1012288043348225,175461,1012288044379961,1031736
zenoh,1,inter_process,memfd,1048576,4,1012288143354872,172818,1012288144347098,992226
zenoh,1,inter_process,memfd,1048576,5,1012288243374194,182995,1012288244402480,1028286
zenoh,1,inter_process,memfd,1048576,6,1012288343322654,170948,1012288344271598,948944
zenoh,1,inter_process,memfd,1048576,7,1012288443258827,129643,1012288444066520,807693
zenoh,1,inter_process,memfd,1048576,8,1012288543248725,128036,1012288543940806,692081
zenoh,1,inter_process,memfd,1048576,9,1012288643130794,59336,1012288643458137,327343
zenoh,1,inter_process,memfd,1048576,10,1012288743258226,148813,1012288743981354,723128
zenoh,1,inter_process,memfd,1048576,11,1012288843384656,190262,1012288844487361,1102705
zenoh,1,inter_process,memfd,1048576,12,1012288943426627,203165,1012288944566124,1139497
zenoh,1,inter_process,memfd,1048576,13,1012289043400289,190477,1012289044491977,1091688
zenoh,1,inter_process,memfd,1048576,14,1012289143417049,195253,1012289144526806,1109757
zenoh,1,inter_process,memfd,1048576,15,1012289243380042,188740,1012289244446146,1066104
zenoh,1,inter_process,memfd,1048576,16,1012289343390246,188847,1012289344483146,1092900
zenoh,1,inter_process,memfd,1048576,17,1012289443287485,163352,1012289444216228,928743
zenoh,1,inter_process,memfd,1048576,18,1012289543307153,151214,1012289544140946,833793
zenoh,1,inter_process,memfd,1048576,19,1012289643121220,71951,1012289643503601,382381
zenoh,1,intra_process_va,memfd,65536,0,1012292446833172,14961,1012292446936976,103804
zenoh,1,intra_process_va,memfd,65536,1,1012292546869443,16094,1012292546997716,128273
zenoh,1,intra_process_va,memfd,65536,2,1012292646771924,8702,1012292646834696,62772
zenoh,1,intra_process_va,memfd,65536,3,1012292746806922,13582,1012292746926885,119963
zenoh,1,intra_process_va,memfd,65536,4,1012292846853970,15990,1012292846962750,108780
zenoh,1,intra_process_va,memfd,65536,5,1012292946810486,15181,1012292946914783,104297
zenoh,1,intra_process_va,memfd,65536,6,1012293046810651,14617,1012293046906777,96126
zenoh,1,intra_process_va,memfd,65536,7,1012293146821111,14297,1012293146918074,96963
zenoh,1,intra_process_va,memfd,65536,8,1012293246638283,14167,1012293246725894,87611
zenoh,1,intra_process_va,memfd,65536,9,1012293348070569,15860,1012293348165853,95284
zenoh,1,intra_process_va,memfd,65536,10,1012293446863824,16311,1012293446974518,110694
zenoh,1,intra_process_va,memfd,65536,11,1012293546830183,15504,1012293546934271,104088
zenoh,1,intra_process_va,memfd,65536,12,1012293646780709,8632,1012293646844105,63396
zenoh,1,intra_process_va,memfd,65536,13,1012293746863087,17799,1012293746975538,112451
zenoh,1,intra_process_va,memfd,65536,14,1012293846837356,16129,1012293846941163,103807
zenoh,1,intra_process_va,memfd,65536,15,1012293946847492,15752,1012293946958557,111065
zenoh,1,intra_process_va,memfd,65536,16,1012294046828173,15597,1012294046931217,103044
zenoh,1,intra_process_va,memfd,65536,17,1012294146817986,14065,1012294146912885,94899
zenoh,1,intra_process_va,memfd,65536,18,1012294246824379,14103,1012294246921782,97403
zenoh,1,intra_process_va,memfd,65536,19,1012294346794183,10900,1012294346872600,78417
zenoh,1,inter_process,cpu,1024,0,1012298943849446,128223,1012298944646279,796833
zenoh,1,inter_process,cpu,1024,1,1012299043813493,140513,1012299044658502,845009
zenoh,1,inter_process,cpu,1024,2,1012299143856790,135291,1012299144749129,892339
zenoh,1,inter_process,cpu,1024,3,1012299243841058,129462,1012299244671751,830693
zenoh,1,inter_process,cpu,1024,4,1012299343674663,85495,1012299344249611,574948
zenoh,1,inter_process,cpu,1024,5,1012299443811289,123018,1012299444588295,777006
zenoh,1,inter_process,cpu,1024,6,1012299543663926,125710,1012299544497313,833387
zenoh,1,inter_process,cpu,1024,7,1012299643734843,58933,1012299644786144,1051301
zenoh,1,inter_process,cpu,1024,8,1012299743847702,481860,1012299744774629,926927
zenoh,1,inter_process,cpu,1024,9,1012299843841403,455013,1012299844673317,831914
zenoh,1,inter_process,cpu,1024,10,1012299943846501,220122,1012299944721014,874513
zenoh,1,inter_process,cpu,1024,11,1012300043856447,137571,1012300044752519,896072
zenoh,1,inter_process,cpu,1024,12,1012300143675894,119867,1012300144432098,756204
zenoh,1,inter_process,cpu,1024,13,1012300243713511,136290,1012300244606736,893225
zenoh,1,inter_process,cpu,1024,14,1012300343671336,111195,1012300344337846,666510
zenoh,1,inter_process,cpu,1024,15,1012300443860133,126559,1012300444674879,814746
zenoh,1,inter_process,cpu,1024,16,1012300543841407,121691,1012300544669082,827675
zenoh,1,inter_process,cpu,1024,17,1012300643739741,54923,1012300644054061,314320
zenoh,1,inter_process,cpu,1024,18,1012300743669370,115524,1012300744435922,766552
zenoh,1,inter_process,cpu,1024,19,1012300843835323,138077,1012300846308385,2473062
zenoh,1,intra_process_va,memfd,64,0,1012302559822288,15940,1012302559921872,99584
zenoh,1,intra_process_va,memfd,64,1,1012302659903944,15924,1012302660043387,139443
zenoh,1,intra_process_va,memfd,64,2,1012302759868654,16328,1012302759971689,103035
zenoh,1,intra_process_va,memfd,64,3,1012302859703012,13177,1012302859787825,84813
zenoh,1,intra_process_va,memfd,64,4,1012302959866377,13247,1012302959956205,89828
zenoh,1,intra_process_va,memfd,64,5,1012303059849770,13338,1012303059940868,91098
zenoh,1,intra_process_va,memfd,64,6,1012303159853236,12471,1012303159934849,81613
zenoh,1,intra_process_va,memfd,64,7,1012303260868852,18973,1012303260967172,98320
zenoh,1,intra_process_va,memfd,64,8,1012303359910155,16822,1012303360080646,170491
zenoh,1,intra_process_va,memfd,64,9,1012303459893459,16089,1012303459996942,103483
zenoh,1,intra_process_va,memfd,64,10,1012303559860262,15251,1012303559960348,100086
zenoh,1,intra_process_va,memfd,64,11,1012303659888319,14517,1012303659988872,100553
zenoh,1,intra_process_va,memfd,64,12,1012303759869935,15312,1012303759970701,100766
zenoh,1,intra_process_va,memfd,64,13,1012303859727194,13347,1012303859757569,30375
zenoh,1,intra_process_va,memfd,64,14,1012303960099006,3840,1012303960120690,21684
zenoh,1,intra_process_va,memfd,64,15,1012304059697574,15653,1012304059793001,95427
zenoh,1,intra_process_va,memfd,64,16,1012304159886635,15025,1012304159985920,99285
zenoh,1,intra_process_va,memfd,64,17,1012304259870150,15496,1012304259972293,102143
zenoh,1,intra_process_va,memfd,64,18,1012304359706015,15651,1012304359804991,98976
zenoh,1,intra_process_va,memfd,64,19,1012304459833670,14555,1012304459926713,93043
zenoh,2,intra_process_va,cpu,262144,0,1012306095898312,21337,1012306096055949,157637
zenoh,2,intra_process_va,cpu,262144,1,1012306195894693,21728,1012306196047713,153020
zenoh,2,intra_process_va,cpu,262144,2,1012306295896718,20998,1012306296039961,143243
zenoh,2,intra_process_va,cpu,262144,3,1012306395866110,18775,1012306395965723,99613
zenoh,2,intra_process_va,cpu,262144,4,1012306495828386,15234,1012306495910269,81883
zenoh,2,intra_process_va,cpu,262144,5,1012306595895570,17265,1012306595988768,93198
zenoh,2,intra_process_va,cpu,262144,6,1012306695829801,20090,1012306695934802,105001
zenoh,2,intra_process_va,cpu,262144,7,1012306795917915,22421,1012306796085118,167203
zenoh,2,intra_process_va,cpu,262144,8,1012306895906379,20324,1012306896060789,154410
zenoh,2,intra_process_va,cpu,262144,9,1012306996053323,4738,1012306996077407,24084
zenoh,2,intra_process_va,cpu,262144,10,1012307095731447,21400,1012307095844199,112752
zenoh,2,intra_process_va,cpu,262144,11,1012307195872955,21672,1012307195981182,108227
zenoh,2,intra_process_va,cpu,262144,12,1012307295902571,19517,1012307296045719,143148
zenoh,2,intra_process_va,cpu,262144,13,1012307395963963,16559,1012307396091746,127783
zenoh,2,intra_process_va,cpu,262144,14,1012307495844630,20976,1012307495941490,96860
zenoh,2,intra_process_va,cpu,262144,15,1012307595909759,19960,1012307596042702,132943
zenoh,2,intra_process_va,cpu,262144,16,1012307695827714,19025,1012307695926667,98953
zenoh,2,intra_process_va,cpu,262144,17,1012307795810638,17259,1012307795902996,92358
zenoh,2,intra_process_va,cpu,262144,18,1012307895844596,17848,1012307895938175,93579
zenoh,2,intra_process_va,cpu,262144,19,1012307995872639,16706,1012307995966036,93397
zenoh,2,inter_process,memfd,64,0,1012312602167639,189969,1012312603148781,981142
zenoh,2,inter_process,memfd,64,1,1012312702144362,176532,1012312703076316,931954
zenoh,2,inter_process,memfd,64,2,1012312802191677,182680,1012312803172740,981063
zenoh,2,inter_process,memfd,64,3,1012312902150284,180585,1012312903145246,994962
zenoh,2,inter_process,memfd,64,4,1012313002162917,179241,1012313003181060,1018143
zenoh,2,inter_process,memfd,64,5,1012313102134673,152580,1012313103080299,945626
zenoh,2,inter_process,memfd,64,6,1012313202146332,153882,1012313203055859,909527
zenoh,2,inter_process,memfd,64,7,1012313302142844,154044,1012313303022643,879799
zenoh,2,inter_process,memfd,64,8,1012313402157408,163381,1012313403114348,956940
zenoh,2,inter_process,memfd,64,9,1012313502128330,143165,1012313502860894,732564
zenoh,2,inter_process,memfd,64,10,1012313602206151,195896,1012313603298562,1092411
zenoh,2,inter_process,memfd,64,11,1012313702150343,171319,1012313702971596,821253
zenoh,2,inter_process,memfd,64,12,1012313802168231,176321,1012313803035675,867444
zenoh,2,inter_process,memfd,64,13,1012313901969259,507226,1012313902947969,978710
zenoh,2,inter_process,memfd,64,14,1012314002229108,194845,1012314003383740,1154632
zenoh,2,inter_process,memfd,64,15,1012314102196027,178937,1012314103238688,1042661
zenoh,2,inter_process,memfd,64,16,1012314202178491,181128,1012314203184791,1006300
zenoh,2,inter_process,memfd,64,17,1012314302164061,177011,1012314303183249,1019188
zenoh,2,inter_process,memfd,64,18,1012314402151294,166563,1012314403102551,951257
zenoh,2,inter_process,memfd,64,19,1012314502170883,175641,1012314503242302,1071419
zenoh,2,intra_process_va,memfd,4194304,0,1012317328899032,25434,1012317329046584,147552
zenoh,2,intra_process_va,memfd,4194304,1,1012317428948701,26146,1012317429099922,151221
zenoh,2,intra_process_va,memfd,4194304,2,1012317528760200,25767,1012317528885483,125283
zenoh,2,intra_process_va,memfd,4194304,3,1012317628823204,22194,1012317628935296,112092
zenoh,2,intra_process_va,memfd,4194304,4,1012317728946796,25097,1012317729090648,143852
zenoh,2,intra_process_va,memfd,4194304,5,1012317828914437,26990,1012317829063548,149111
zenoh,2,intra_process_va,memfd,4194304,6,1012317928917167,26648,1012317929061326,144159
zenoh,2,intra_process_va,memfd,4194304,7,1012318028926845,26015,1012318029071557,144712
zenoh,2,intra_process_va,memfd,4194304,8,1012318128815619,23752,1012318128928894,113275
zenoh,2,intra_process_va,memfd,4194304,9,1012318228779482,21894,1012318228883744,104262
zenoh,2,intra_process_va,memfd,4194304,10,1012318328810865,22804,1012318328923232,112367
zenoh,2,intra_process_va,memfd,4194304,11,1012318428795250,21216,1012318428901490,106240
zenoh,2,intra_process_va,memfd,4194304,12,1012318528805219,22922,1012318528918771,113552
zenoh,2,intra_process_va,memfd,4194304,13,1012318628859653,24282,1012318628973898,114245
zenoh,2,intra_process_va,memfd,4194304,14,1012318728605428,19177,1012318728703937,98509
zenoh,2,intra_process_va,memfd,4194304,15,1012318828788962,24566,1012318828911850,122888
zenoh,2,intra_process_va,memfd,4194304,16,1012318928905264,23697,1012318929049902,144638
zenoh,2,intra_process_va,memfd,4194304,17,1012319029061090,27136,1012319029191610,130520
zenoh,2,intra_process_va,memfd,4194304,18,1012319128659739,23431,1012319128771771,112032
zenoh,2,intra_process_va,memfd,4194304,19,1012319228930610,24439,1012319229129368,198758
zenoh,2,inter_process,cpu,16384,0,1012323838825383,141156,1012323839823220,997837
zenoh,2,inter_process,cpu,16384,1,1012323938838666,196225,1012323939925287,1086621
zenoh,2,inter_process,cpu,16384,2,1012324038827160,143886,1012324039781687,954527
zenoh,2,inter_process,cpu,16384,3,1012324138876119,164925,1012324139925468,1049349
zenoh,2,inter_process,cpu,16384,4,1012324238824588,139467,1012324239811648,987060
zenoh,2,inter_process,cpu,16384,5,1012324338846166,181097,1012324339876149,1029983
zenoh,2,inter_process,cpu,16384,6,1012324438828552,149794,1012324439770067,941515
zenoh,2,inter_process,cpu,16384,7,1012324538836957,151342,1012324539843110,1006153
zenoh,2,inter_process,cpu,16384,8,1012324638766243,32348,1012324639025769,259526
zenoh,2,inter_process,cpu,16384,9,1012324738820067,143053,1012324739852601,1032534
zenoh,2,inter_process,cpu,16384,10,1012324838821555,145773,1012324839806244,984689
zenoh,2,inter_process,cpu,16384,11,1012324938873655,180057,1012324939864366,990711
zenoh,2,inter_process,cpu,16384,12,1012325038822942,133134,1012325039718309,895367
zenoh,2,inter_process,cpu,16384,13,1012325138846007,130451,1012325139749203,903196
zenoh,2,inter_process,cpu,16384,14,1012325238818379,132509,1012325239690084,871705
zenoh,2,inter_process,cpu,16384,15,1012325338815843,132289,1012325339707301,891458
zenoh,2,inter_process,cpu,16384,16,1012325438828692,130173,1012325439653233,824541
zenoh,2,inter_process,cpu,16384,17,1012325538784472,144561,1012325539760493,976021
zenoh,2,inter_process,cpu,16384,18,1012325638708714,47103,1012325639007688,298974
zenoh,2,inter_process,cpu,16384,19,1012325738814179,142223,1012325739836831,1022652
zenoh,2,intra_process_va,cpu,64,0,1012327485983996,49836,1012327486147542,163546
zenoh,2,intra_process_va,cpu,64,1,1012327585710827,18551,1012327585813195,102368
zenoh,2,intra_process_va,cpu,64,2,1012327685912187,18034,1012327686080178,167991
zenoh,2,intra_process_va,cpu,64,3,1012327785918620,20401,1012327786081142,162522
zenoh,2,intra_process_va,cpu,64,4,1012327885911018,19940,1012327886065257,154239
zenoh,2,intra_process_va,cpu,64,5,1012327985899029,20204,1012327986075301,176272
zenoh,2,intra_process_va,cpu,64,6,1012328085889893,18386,1012328085992596,102703
zenoh,2,intra_process_va,cpu,64,7,1012328185923724,19469,1012328186069785,146061
zenoh,2,intra_process_va,cpu,64,8,1012328285882652,17860,1012328285984420,101768
zenoh,2,intra_process_va,cpu,64,9,1012328385902327,19988,1012328386054685,152358
zenoh,2,intra_process_va,cpu,64,10,1012328485883154,17291,1012328485985477,102323
zenoh,2,intra_process_va,cpu,64,11,1012328585892782,17804,1012328586053491,160709
zenoh,2,intra_process_va,cpu,64,12,1012328685923129,17829,1012328686067390,144261
zenoh,2,intra_process_va,cpu,64,13,1012328785889364,20240,1012328786040081,150717
zenoh,2,intra_process_va,cpu,64,14,1012328885872364,17902,1012328885980079,107715
zenoh,2,intra_process_va,cpu,64,15,1012328985914009,18196,1012328986084425,170416
zenoh,2,intra_process_va,cpu,64,16,1012329085938534,17151,1012329086080284,141750
zenoh,2,intra_process_va,cpu,64,17,1012329185885341,17373,1012329185987274,101933
zenoh,2,intra_process_va,cpu,64,18,1012329285893668,17943,1012329285996915,103247
zenoh,2,intra_process_va,cpu,64,19,1012329385905679,20211,1012329386058220,152541
zenoh,2,intra_process_va,memfd,1024,0,1012331027814769,13788,1012331027910040,95271
zenoh,2,intra_process_va,memfd,1024,1,1012331127873370,15227,1012331127977501,104131
zenoh,2,intra_process_va,memfd,1024,2,1012331227784093,16413,1012331227890211,106118
zenoh,2,intra_process_va,memfd,1024,3,1012331327926844,16854,1012331328074650,147806
zenoh,2,intra_process_va,memfd,1024,4,1012331427874643,16150,1012331427984687,110044
zenoh,2,intra_process_va,memfd,1024,5,1012331527867268,18292,1012331527988500,121232
zenoh,2,intra_process_va,memfd,1024,6,1012331627849188,15807,1012331627973430,124242
zenoh,2,intra_process_va,memfd,1024,7,1012331727894673,18822,1012331728064851,170178
zenoh,2,intra_process_va,memfd,1024,8,1012331827867948,18742,1012331827986472,118524
zenoh,2,intra_process_va,memfd,1024,9,1012331927767231,8299,1012331927825352,58121
zenoh,2,intra_process_va,memfd,1024,10,1012332027868669,34478,1012332027990580,121911
zenoh,2,intra_process_va,memfd,1024,11,1012332127852269,15761,1012332127955265,102996
zenoh,2,intra_process_va,memfd,1024,12,1012332227847167,15601,1012332227950029,102862
zenoh,2,intra_process_va,memfd,1024,13,1012332327849352,16462,1012332327953689,104337
zenoh,2,intra_process_va,memfd,1024,14,1012332427873575,16514,1012332427986698,113123
zenoh,2,intra_process_va,memfd,1024,15,1012332527840487,15485,1012332527944911,104424
zenoh,2,intra_process_va,memfd,1024,16,1012332627818094,16690,1012332627928922,110828
zenoh,2,intra_process_va,memfd,1024,17,1012332727879847,16838,1012332727989576,109729
zenoh,2,intra_process_va,memfd,1024,18,1012332827834713,15404,1012332827938313,103600
zenoh,2,intra_process_va,memfd,1024,19,1012332927917204,15631,1012332928060147,142943
zenoh,2,intra_process_va,memfd,262144,0,1012334564925308,17890,1012334565084279,158971
zenoh,2,intra_process_va,memfd,262144,1,1012334664902945,14519,1012334664995237,92292
zenoh,2,intra_process_va,memfd,262144,2,1012334764914407,16339,1012334765046930,132523
zenoh,2,intra_process_va,memfd,262144,3,1012334864878484,13131,1012334864958721,80237
zenoh,2,intra_process_va,memfd,262144,4,1012334964950707,18152,1012334965094579,143872
zenoh,2,intra_process_va,memfd,262144,5,1012335064771957,15671,1012335064868601,96644
zenoh,2,intra_process_va,memfd,262144,6,1012335164918974,17248,1012335165080415,161441
zenoh,2,intra_process_va,memfd,262144,7,1012335264907929,17272,1012335265048184,140255
zenoh,2,intra_process_va,memfd,262144,8,1012335364925348,17182,1012335365078339,152991
zenoh,2,intra_process_va,memfd,262144,9,1012335464926027,17256,1012335465152514,226487
zenoh,2,intra_process_va,memfd,262144,10,1012335564929121,17470,1012335565087551,158430
zenoh,2,intra_process_va,memfd,262144,11,1012335664949192,17773,1012335665110530,161338
zenoh,2,intra_process_va,memfd,262144,12,1012335764929385,17583,1012335765072806,143421
zenoh,2,intra_process_va,memfd,262144,13,1012335864933191,16030,1012335865071049,137858
zenoh,2,intra_process_va,memfd,262144,14,1012335964928490,16842,1012335965099911,171421
zenoh,2,intra_process_va,memfd,262144,15,1012336064925427,17099,1012336065082500,157073
zenoh,2,intra_process_va,memfd,262144,16,1012336164893362,15164,1012336164990160,96798
zenoh,2,intra_process_va,memfd,262144,17,1012336264933978,17572,1012336265074948,140970
zenoh,2,intra_process_va,memfd,262144,18,1012336364983231,15229,1012336365112817,129586
zenoh,2,intra_process_va,memfd,262144,19,1012336464924060,17568,1012336465078005,153945
zenoh,2,inter_process,memfd,16384,0,1012341080159942,161813,1012341081130216,970274
zenoh,2,inter_process,memfd,16384,1,1012341180153168,151473,1012341180987113,833945
zenoh,2,inter_process,memfd,16384,2,1012341280209856,159257,1012341281158525,948669
zenoh,2,inter_process,memfd,16384,3,1012341380167166,164016,1012341381113683,946517
zenoh,2,inter_process,memfd,16384,4,1012341480136643,159046,1012341481088523,951880
zenoh,2,inter_process,memfd,16384,5,1012341579974396,43399,1012341580157983,183587
zenoh,2,inter_process,memfd,16384,6,1012341680139559,141886,1012341680944243,804684
zenoh,2,inter_process,memfd,16384,7,1012341780141342,137788,1012341780897631,756289
zenoh,2,inter_process,memfd,16384,8,1012341880097148,147363,1012341880927765,830617
zenoh,2,inter_process,memfd,16384,9,1012341980252105,158535,1012341981198183,946078
zenoh,2,inter_process,memfd,16384,10,1012342080154535,187174,1012342081182059,1027524
zenoh,2,inter_process,memfd,16384,11,1012342180156278,189905,1012342181162251,1005973
zenoh,2,inter_process,memfd,16384,12,1012342280177866,194446,1012342281207244,1029378
zenoh,2,inter_process,memfd,16384,13,1012342380178852,180536,1012342381144632,965780
zenoh,2,inter_process,memfd,16384,14,1012342480174903,181724,1012342481189445,1014542
zenoh,2,inter_process,memfd,16384,15,1012342580117572,182636,1012342581086372,968800
zenoh,2,inter_process,memfd,16384,16,1012342680176958,153772,1012342681069401,892443
zenoh,2,inter_process,memfd,16384,17,1012342780157209,169212,1012342781044502,887293
zenoh,2,inter_process,memfd,16384,18,1012342880105610,100957,1012342880672277,566667
zenoh,2,inter_process,memfd,16384,19,1012342979957440,176923,1012342980803523,846083
zenoh,2,inter_process,cpu,1024,0,1012348755844038,153642,1012348756767375,923337
zenoh,2,inter_process,cpu,1024,1,1012348855855531,142861,1012348856801241,945710
zenoh,2,inter_process,cpu,1024,2,1012348955872984,163084,1012348956771718,898734
zenoh,2,inter_process,cpu,1024,3,1012349055836417,122143,1012349056604283,767866
zenoh,2,inter_process,cpu,1024,4,1012349155802438,131875,1012349156584564,782126
zenoh,2,inter_process,cpu,1024,5,1012349255823545,99362,1012349256420590,597045
zenoh,2,inter_process,cpu,1024,6,1012349355826268,167632,1012349356919729,1093461
zenoh,2,inter_process,cpu,1024,7,1012349455909379,179220,1012349456874122,964743
zenoh,2,inter_process,cpu,1024,8,1012349555869870,180230,1012349556931572,1061702
zenoh,2,inter_process,cpu,1024,9,1012349655702316,134336,1012349656554908,852592
zenoh,2,inter_process,cpu,1024,10,1012349755805743,154406,1012349756822342,1016599
zenoh,2,inter_process,cpu,1024,11,1012349855875707,181235,1012349856876283,1000576
zenoh,2,inter_process,cpu,1024,12,1012349955816521,131841,1012349956656110,839589
zenoh,2,inter_process,cpu,1024,13,1012350055845366,142705,1012350056744840,899474
zenoh,2,inter_process,cpu,1024,14,1012350155852665,138593,1012350156738211,885546
zenoh,2,inter_process,cpu,1024,15,1012350255835838,126252,1012350256658740,822902
zenoh,2,inter_process,cpu,1024,16,1012350355761175,105835,1012350356459343,698168
zenoh,2,inter_process,cpu,1024,17,1012350455681082,135986,1012350456534349,853267
zenoh,2,inter_process,cpu,1024,18,1012350555904603,170353,1012350556835297,930694
zenoh,2,inter_process,cpu,1024,19,1012350655849098,129557,1012350656745264,896166
zenoh,2,inter_process,memfd,4096,0,1012355356167719,175250,1012355357173870,1006151
zenoh,2,inter_process,memfd,4096,1,1012355456142299,165356,1012355457091000,948701
zenoh,2,inter_process,memfd,4096,2,1012355556122566,161180,1012355557059436,936870
zenoh,2,inter_process,memfd,4096,3,1012355656123303,144109,1012355656915116,791813
zenoh,2,inter_process,memfd,4096,4,1012355756082812,153145,1012355756942526,859714
zenoh,2,inter_process,memfd,4096,5,1012355856146556,165627,1012355857100140,953584
zenoh,2,inter_process,memfd,4096,6,1012355956090186,112750,1012355956722050,631864
zenoh,2,inter_process,memfd,4096,7,1012356056085844,139892,1012356056850114,764270
zenoh,2,inter_process,memfd,4096,8,1012356156576510,152008,1012356157440764,864254
zenoh,2,inter_process,memfd,4096,9,1012356256165228,183029,1012356257260905,1095677
zenoh,2,inter_process,memfd,4096,10,1012356356168780,177296,1012356357195302,1026522
zenoh,2,inter_process,memfd,4096,11,1012356456163014,195560,1012356457183127,1020113
zenoh,2,inter_process,memfd,4096,12,1012356556162028,166669,1012356557165185,1003157
zenoh,2,inter_process,memfd,4096,13,1012356656132992,143197,1012356656899059,766067
zenoh,2,inter_process,memfd,4096,14,1012356756116796,164261,1012356757087818,971022
zenoh,2,inter_process,memfd,4096,15,1012356856169852,161845,1012356857125032,955180
zenoh,2,inter_process,memfd,4096,16,1012356956178032,160905,1012356957130395,952363
zenoh,2,inter_process,memfd,4096,17,1012357056115228,145396,1012357056922113,806885
zenoh,2,inter_process,memfd,4096,18,1012357156132130,151419,1012357156990599,858469
zenoh,2,inter_process,memfd,4096,19,1012357256127213,145083,1012357256923353,796140
zenoh,2,inter_process,cpu,64,0,1012363037814772,102876,1012363038461708,646936
zenoh,2,inter_process,cpu,64,1,1012363137686822,134927,1012363138604938,918116
zenoh,2,inter_process,cpu,64,2,1012363237870917,182636,1012363238839020,968103
zenoh,2,inter_process,cpu,64,3,1012363337907211,165325,1012363338804101,896890
zenoh,2,inter_process,cpu,64,4,1012363437889982,181584,1012363438858101,968119
zenoh,2,inter_process,cpu,64,5,1012363537906578,162751,1012363538792130,885552
zenoh,2,inter_process,cpu,64,6,1012363637649421,33237,1012363637849157,199736
zenoh,2,inter_process,cpu,64,7,1012363737851798,135104,1012363738749558,897760
zenoh,2,inter_process,cpu,64,8,1012363837857206,142003,1012363838768757,911551
zenoh,2,inter_process,cpu,64,9,1012363937824332,132051,1012363938684170,859838
zenoh,2,inter_process,cpu,64,10,1012364037835647,126788,1012364038675847,840200
zenoh,2,inter_process,cpu,64,11,1012364137833147,118738,1012364138604383,771236
zenoh,2,inter_process,cpu,64,12,1012364237808413,109915,1012364238433064,624651
zenoh,2,inter_process,cpu,64,13,1012364337658607,114766,1012364338430325,771718
zenoh,2,inter_process,cpu,64,14,1012364437852125,184025,1012364438853830,1001705
zenoh,2,inter_process,cpu,64,15,1012364537847767,136578,1012364538744348,896581
zenoh,2,inter_process,cpu,64,16,1012364637791387,35799,1012364637998231,206844
zenoh,2,inter_process,cpu,64,17,1012364737771758,136852,1012364738720424,948666
zenoh,2,inter_process,cpu,64,18,1012364837866871,170992,1012364838823869,956998
zenoh,2,inter_process,cpu,64,19,1012364937848795,134217,1012364938736422,887627
zenoh,2,inter_process,cpu,65536,0,1012369631868180,186310,1012369632843345,975165
zenoh,2,inter_process,cpu,65536,1,1012369731935099,217078,1012369733132999,1197900
zenoh,2,inter_process,cpu,65536,2,1012369831938767,232967,1012369833115214,1176447
zenoh,2,inter_process,cpu,65536,3,1012369931887264,240505,1012369933104221,1216957
zenoh,2,inter_process,cpu,65536,4,1012370031937204,192180,1012370032931929,994725
zenoh,2,inter_process,cpu,65536,5,1012370131864672,123080,1012370132644455,779783
zenoh,2,inter_process,cpu,65536,6,1012370231900887,190346,1012370232785370,884483
zenoh,2,inter_process,cpu,65536,7,1012370331904828,211513,1012370333090250,1185422
zenoh,2,inter_process,cpu,65536,8,1012370431989366,330331,1012370433268467,1279101
zenoh,2,inter_process,cpu,65536,9,1012370531943137,286961,1012370533248293,1305156
zenoh,2,inter_process,cpu,65536,10,1012370631856655,189338,1012370632835580,978925
zenoh,2,inter_process,cpu,65536,11,1012370731939898,225721,1012370733154271,1214373
zenoh,2,inter_process,cpu,65536,12,1012370831935901,251768,1012370833151777,1215876
zenoh,2,inter_process,cpu,65536,13,1012370931956610,236765,1012370933211469,1254859
zenoh,2,inter_process,cpu,65536,14,1012371031935671,221300,1012371033103956,1168285
zenoh,2,inter_process,cpu,65536,15,1012371131940702,214790,1012371133147460,1206758
zenoh,2,inter_process,cpu,65536,16,1012371231936863,226082,1012371233087413,1150550
zenoh,2,inter_process,cpu,65536,17,1012371331923128,205339,1012371332989081,1065953
zenoh,2,inter_process,cpu,65536,18,1012371431924002,200474,1012371432958900,1034898
zenoh,2,inter_process,cpu,65536,19,1012371531883495,160599,1012371532719878,836383
zenoh,2,intra_process_va,memfd,1048576,0,1012373250827136,15292,1012373250903108,75972
zenoh,2,intra_process_va,memfd,1048576,1,1012373351086555,19310,1012373351189683,103128
zenoh,2,intra_process_va,memfd,1048576,2,1012373450970420,14783,1012373451078648,108228
zenoh,2,intra_process_va,memfd,1048576,3,1012373550969976,15693,1012373551078125,108149
zenoh,2,intra_process_va,memfd,1048576,4,1012373651017738,12096,1012373651086683,68945
zenoh,2,intra_process_va,memfd,1048576,5,1012373751125279,22900,1012373751244287,119008
zenoh,2,intra_process_va,memfd,1048576,6,1012373851096574,21262,1012373851206962,110388
zenoh,2,intra_process_va,memfd,1048576,7,1012373951081346,22155,1012373951192970,111624
zenoh,2,intra_process_va,memfd,1048576,8,1012374051189997,21900,1012374051306797,116800
zenoh,2,intra_process_va,memfd,1048576,9,1012374151249696,23993,1012374151374595,124899
zenoh,2,intra_process_va,memfd,1048576,10,1012374251102789,22181,1012374251212771,109982
zenoh,2,intra_process_va,memfd,1048576,11,1012374351135738,21870,1012374351247649,111911
zenoh,2,intra_process_va,memfd,1048576,12,1012374450752378,4554,1012374450776180,23802
zenoh,2,intra_process_va,memfd,1048576,13,1012374551037642,21794,1012374551143661,106019
zenoh,2,intra_process_va,memfd,1048576,14,1012374650911577,11586,1012374650978670,67093
zenoh,2,intra_process_va,memfd,1048576,15,1012374751078839,18963,1012374751180949,102110
zenoh,2,intra_process_va,memfd,1048576,16,1012374851061456,17724,1012374851156852,95396
zenoh,2,intra_process_va,memfd,1048576,17,1012374950974721,15540,1012374951096844,122123
zenoh,2,intra_process_va,memfd,1048576,18,1012375051092831,18089,1012375051188352,95521
zenoh,2,intra_process_va,memfd,1048576,19,1012375151115370,24157,1012375151242647,127277
zenoh,2,intra_process_va,memfd,16384,0,1012376789703103,15267,1012376789798931,95828
zenoh,2,intra_process_va,memfd,16384,1,1012376889896702,14021,1012376889998314,101612
zenoh,2,intra_process_va,memfd,16384,2,1012376989881265,14999,1012376989982321,101056
zenoh,2,intra_process_va,memfd,16384,3,1012377089917958,15881,1012377090064458,146500
zenoh,2,intra_process_va,memfd,16384,4,1012377189911392,16664,1012377190058441,147049
zenoh,2,intra_process_va,memfd,16384,5,1012377289755671,16171,1012377289864248,108577
zenoh,2,intra_process_va,memfd,16384,6,1012377389915389,17622,1012377390069336,153947
zenoh,2,intra_process_va,memfd,16384,7,1012377489896487,14549,1012377490064553,168066
zenoh,2,intra_process_va,memfd,16384,8,1012377589897620,14968,1012377589999184,101564
zenoh,2,intra_process_va,memfd,16384,9,1012377689718897,14902,1012377689818911,100014
zenoh,2,intra_process_va,memfd,16384,10,1012377789879905,13406,1012377789974151,94246
zenoh,2,intra_process_va,memfd,16384,11,1012377889858907,12627,1012377889948409,89502
zenoh,2,intra_process_va,memfd,16384,12,1012377989832954,9158,1012377989896155,63201
zenoh,2,intra_process_va,memfd,16384,13,1012378089746702,14700,1012378089842109,95407
zenoh,2,intra_process_va,memfd,16384,14,1012378189923856,16227,1012378190069957,146101
zenoh,2,intra_process_va,memfd,16384,15,1012378289890426,14193,1012378289999653,109227
zenoh,2,intra_process_va,memfd,16384,16,1012378389928653,16828,1012378390076017,147364
zenoh,2,intra_process_va,memfd,16384,17,1012378489925744,18099,1012378490084939,159195
zenoh,2,intra_process_va,memfd,16384,18,1012378589893256,15052,1012378589995415,102159
zenoh,2,intra_process_va,memfd,16384,19,1012378689895856,15312,1012378690056543,160687
zenoh,2,intra_process_va,cpu,1048576,0,1012380345031205,20301,1012380345130430,99225
zenoh,2,intra_process_va,cpu,1048576,1,1012380445125448,19096,1012380445213787,88339
zenoh,2,intra_process_va,cpu,1048576,2,1012380545121963,18383,1012380545209363,87400
zenoh,2,intra_process_va,cpu,1048576,3,1012380644875662,9294,1012380644920769,45107
zenoh,2,intra_process_va,cpu,1048576,4,1012380745462146,22106,1012380745562917,100771
zenoh,2,intra_process_va,cpu,1048576,5,1012380845324621,27256,1012380845455061,130440
zenoh,2,intra_process_va,cpu,1048576,6,1012380945327955,25963,1012380945448241,120286
zenoh,2,intra_process_va,cpu,1048576,7,1012381045279429,26360,1012381045401037,121608
zenoh,2,intra_process_va,cpu,1048576,8,1012381145309418,25684,1012381145431620,122202
zenoh,2,intra_process_va,cpu,1048576,9,1012381245248326,25682,1012381245363401,115075
zenoh,2,intra_process_va,cpu,1048576,10,1012381345307648,26241,1012381345431202,123554
zenoh,2,intra_process_va,cpu,1048576,11,1012381445204963,21970,1012381445309854,104891
zenoh,2,intra_process_va,cpu,1048576,12,1012381545224163,21708,1012381545323520,99357
zenoh,2,intra_process_va,cpu,1048576,13,1012381644953670,9031,1012381645016659,62989
zenoh,2,intra_process_va,cpu,1048576,14,1012381745686904,20953,1012381745786461,99557
zenoh,2,intra_process_va,cpu,1048576,15,1012381845291283,24713,1012381845405649,114366
zenoh,2,intra_process_va,cpu,1048576,16,1012381945239017,23564,1012381945351154,112137
zenoh,2,intra_process_va,cpu,1048576,17,1012382045296196,24063,1012382045408877,112681
zenoh,2,intra_process_va,cpu,1048576,18,1012382145245839,24056,1012382145357716,111877
zenoh,2,intra_process_va,cpu,1048576,19,1012382245244168,24608,1012382245357954,113786
zenoh,2,intra_process_va,memfd,16777216,0,1012383909232834,20322,1012383909329047,96213
zenoh,2,intra_process_va,memfd,16777216,1,1012384009193786,20687,1012384009291173,97387
zenoh,2,intra_process_va,memfd,16777216,2,1012384108941375,20223,1012384109055733,114358
zenoh,2,intra_process_va,memfd,16777216,3,1012384208289603,16258,1012384208366802,77199
zenoh,2,intra_process_va,memfd,16777216,4,1012384309154645,22604,1012384309242048,87403
zenoh,2,intra_process_va,memfd,16777216,5,1012384409243468,20949,1012384409340769,97301
zenoh,2,intra_process_va,memfd,16777216,6,1012384508909384,20714,1012384509018105,108721
zenoh,2,intra_process_va,memfd,16777216,7,1012384609197279,24621,1012384609300115,102836
zenoh,2,intra_process_va,memfd,16777216,8,1012384709279141,20548,1012384709376530,97389
zenoh,2,intra_process_va,memfd,16777216,9,1012384809303207,20766,1012384809402400,99193
zenoh,2,intra_process_va,memfd,16777216,10,1012384909017200,20286,1012384909109901,92701
zenoh,2,intra_process_va,memfd,16777216,11,1012385009191090,20341,1012385009289100,98010
zenoh,2,intra_process_va,memfd,16777216,12,1012385109239157,21012,1012385109330282,91125
zenoh,2,intra_process_va,memfd,16777216,13,1012385208968250,20011,1012385209077058,108808
zenoh,2,intra_process_va,memfd,16777216,14,1012385308058971,13613,1012385308124822,65851
zenoh,2,intra_process_va,memfd,16777216,15,1012385408160181,15267,1012385408233360,73179
zenoh,2,intra_process_va,memfd,16777216,16,1012385508260274,15506,1012385508333087,72813
zenoh,2,intra_process_va,memfd,16777216,17,1012385609060056,19270,1012385609153555,93499
zenoh,2,intra_process_va,memfd,16777216,18,1012385709501409,23607,1012385709615915,114506
zenoh,2,intra_process_va,memfd,16777216,19,1012385809347320,18521,1012385809433973,86653
zenoh,2,intra_process_va,memfd,65536,0,1012387447792998,13088,1012387447879781,86783
zenoh,2,intra_process_va,memfd,65536,1,1012387547777334,15908,1012387547879353,102019
zenoh,2,intra_process_va,memfd,65536,2,1012387647797784,8546,1012387647855718,57934
zenoh,2,intra_process_va,memfd,65536,3,1012387747861388,16217,1012387747982964,121576
zenoh,2,intra_process_va,memfd,65536,4,1012387847866821,14003,1012387847987436,120615
zenoh,2,intra_process_va,memfd,65536,5,1012387947882380,15960,1012387947984171,101791
zenoh,2,intra_process_va,memfd,65536,6,1012388047900233,17774,1012388048112728,212495
zenoh,2,intra_process_va,memfd,65536,7,1012388147799412,14898,1012388147893342,93930
zenoh,2,intra_process_va,memfd,65536,8,1012388247882444,16679,1012388247984473,102029
zenoh,2,intra_process_va,memfd,65536,9,1012388347858116,12977,1012388347947188,89072
zenoh,2,intra_process_va,memfd,65536,10,1012388447856090,14046,1012388447954144,98054
zenoh,2,intra_process_va,memfd,65536,11,1012388547860343,10637,1012388547936764,76421
zenoh,2,intra_process_va,memfd,65536,12,1012388647661945,8538,1012388647712726,50781
zenoh,2,intra_process_va,memfd,65536,13,1012388747917460,16974,1012388748081459,163999
zenoh,2,intra_process_va,memfd,65536,14,1012388847869656,16103,1012388847966702,97046
zenoh,2,intra_process_va,memfd,65536,15,1012388947914693,16436,1012388948061828,147135
zenoh,2,intra_process_va,memfd,65536,16,1012389047909968,16099,1012389048052122,142154
zenoh,2,intra_process_va,memfd,65536,17,1012389147877243,16276,1012389147980446,103203
zenoh,2,intra_process_va,memfd,65536,18,1012389247854404,14320,1012389247949633,95229
zenoh,2,intra_process_va,memfd,65536,19,1012389347878065,15549,1012389347980331,102266
zenoh,2,inter_process,memfd,4194304,0,1012393986987954,490753,1012393987904955,917001
zenoh,2,inter_process,memfd,4194304,1,1012394087081489,491733,1012394087998564,917075
zenoh,2,inter_process,memfd,4194304,2,1012394187120131,190968,1012394188166843,1046712
zenoh,2,inter_process,memfd,4194304,3,1012394286991507,194161,1012394287935636,944129
zenoh,2,inter_process,memfd,4194304,4,1012394386943218,178202,1012394387833703,890485
zenoh,2,inter_process,memfd,4194304,5,1012394486935879,177967,1012394487811275,875396
zenoh,2,inter_process,memfd,4194304,6,1012394586748632,133735,1012394587479131,730499
zenoh,2,inter_process,memfd,4194304,7,1012394686775155,157668,1012394687584000,808845
zenoh,2,inter_process,memfd,4194304,8,1012394787094967,174682,1012394788058394,963427
zenoh,2,inter_process,memfd,4194304,9,1012394886986892,253587,1012394888043872,1056980
zenoh,2,inter_process,memfd,4194304,10,1012394987111163,188050,1012394988172882,1061719
zenoh,2,inter_process,memfd,4194304,11,1012395087054149,186197,1012395088062543,1008394
zenoh,2,inter_process,memfd,4194304,12,1012395187104775,185120,1012395188093449,988674
zenoh,2,inter_process,memfd,4194304,13,1012395286995477,259976,1012395288048697,1053220
zenoh,2,inter_process,memfd,4194304,14,1012395386990370,194508,1012395387953679,963309
zenoh,2,inter_process,memfd,4194304,15,1012395486975812,190429,1012395487926820,951008
zenoh,2,inter_process,memfd,4194304,16,1012395586922854,175763,1012395587810532,887678
zenoh,2,inter_process,memfd,4194304,17,1012395686632627,132510,1012395687429165,796538
zenoh,2,inter_process,memfd,4194304,18,1012395786781672,156335,1012395787601025,819353
zenoh,2,inter_process,memfd,4194304,19,1012395887196823,199534,1012395888278595,1081772
zenoh,2,inter_process,cpu,1048576,0,1012401659157586,3319876,1012401663810445,4652859
zenoh,2,inter_process,cpu,1048576,1,1012401759173593,3414882,1012401763903410,4729817
zenoh,2,inter_process,cpu,1048576,2,1012401858853636,2132943,1012401861950415,3096779
zenoh,2,inter_process,cpu,1048576,3,1012401959140216,3161988,1012401963726462,4586246
zenoh,2,inter_process,cpu,1048576,4,1012402059114151,2872425,1012402063271747,4157596
zenoh,2,inter_process,cpu,1048576,5,1012402159115476,2483306,1012402162677300,3561824
zenoh,2,inter_process,cpu,1048576,6,1012402259221472,3301534,1012402263895230,4673758
zenoh,2,inter_process,cpu,1048576,7,1012402359231741,3215490,1012402363877552,4645811
zenoh,2,inter_process,cpu,1048576,8,1012402459195000,3235425,1012402463808077,4613077
zenoh,2,inter_process,cpu,1048576,9,1012402559216668,3368294,1012402563897514,4680846
zenoh,2,inter_process,cpu,1048576,10,1012402659218059,2922657,1012402663376136,4158077
zenoh,2,inter_process,cpu,1048576,11,1012402759195490,3197408,1012402763750188,4554698
zenoh,2,inter_process,cpu,1048576,12,1012402859220673,3281405,1012402863834697,4614024
zenoh,2,inter_process,cpu,1048576,13,1012402959123033,2454447,1012402962647732,3524699
zenoh,2,inter_process,cpu,1048576,14,1012403059178555,3176009,1012403063782883,4604328
zenoh,2,inter_process,cpu,1048576,15,1012403159255345,2887622,1012403163426895,4171550
zenoh,2,inter_process,cpu,1048576,16,1012403259140451,3214288,1012403263734157,4593706
zenoh,2,inter_process,cpu,1048576,17,1012403359041964,2583691,1012403362818792,3776828
zenoh,2,inter_process,cpu,1048576,18,1012403458976158,2294262,1012403462379028,3402870
zenoh,2,inter_process,cpu,1048576,19,1012403558881488,2330129,1012403562310873,3429385
zenoh,2,intra_process_va,cpu,4194304,0,1012405288583681,26736,1012405288693835,110154
zenoh,2,intra_process_va,cpu,4194304,1,1012405388730785,26932,1012405388866120,135335
zenoh,2,intra_process_va,cpu,4194304,2,1012405488484648,27379,1012405488602032,117384
zenoh,2,intra_process_va,cpu,4194304,3,1012405588229941,24000,1012405588334176,104235
zenoh,2,intra_process_va,cpu,4194304,4,1012405688278673,24146,1012405688387068,108395
zenoh,2,intra_process_va,cpu,4194304,5,1012405788259863,25116,1012405788369852,109989
zenoh,2,intra_process_va,cpu,4194304,6,1012405887832149,18228,1012405887910825,78676
zenoh,2,intra_process_va,cpu,4194304,7,1012405988247087,22164,1012405988352709,105622
zenoh,2,intra_process_va,cpu,4194304,8,1012406087976800,19430,1012406088083636,106836
zenoh,2,intra_process_va,cpu,4194304,9,1012406191087659,19114,1012406191160613,72954
zenoh,2,intra_process_va,cpu,4194304,10,1012406288508541,26607,1012406288626559,118018
zenoh,2,intra_process_va,cpu,4194304,11,1012406388552014,26944,1012406388670273,118259
zenoh,2,intra_process_va,cpu,4194304,12,1012406488569419,26501,1012406488686298,116879
zenoh,2,intra_process_va,cpu,4194304,13,1012406588459276,27387,1012406588583889,124613
zenoh,2,intra_process_va,cpu,4194304,14,1012406688378435,24715,1012406688487958,109523
zenoh,2,intra_process_va,cpu,4194304,15,1012406788525678,26016,1012406788641938,116260
zenoh,2,intra_process_va,cpu,4194304,16,1012406888302386,23799,1012406888411090,108704
zenoh,2,intra_process_va,cpu,4194304,17,1012406988060194,23009,1012406988161167,100973
zenoh,2,intra_process_va,cpu,4194304,18,1012407088241485,23838,1012407088344790,103305
zenoh,2,intra_process_va,cpu,4194304,19,1012407188388421,24270,1012407188491873,103452
zenoh,2,intra_process_va,cpu,4096,0,1012408832793855,19691,1012408832904964,111109
zenoh,2,intra_process_va,cpu,4096,1,1012408932812719,20198,1012408932923899,111180
zenoh,2,intra_process_va,cpu,4096,2,1012409032784344,19218,1012409032889256,104912
zenoh,2,intra_process_va,cpu,4096,3,1012409132766299,16638,1012409132871075,104776
zenoh,2,intra_process_va,cpu,4096,4,1012409232732628,14127,1012409232818493,85865
zenoh,2,intra_process_va,cpu,4096,5,1012409332747245,13646,1012409332826747,79502
zenoh,2,intra_process_va,cpu,4096,6,1012409434159782,17656,1012409434249468,89686
zenoh,2,intra_process_va,cpu,4096,7,1012409532780319,18221,1012409532884944,104625
zenoh,2,intra_process_va,cpu,4096,8,1012409632697173,15864,1012409632791864,94691
zenoh,2,intra_process_va,cpu,4096,9,1012409732820752,22291,1012409732944395,123643
zenoh,2,intra_process_va,cpu,4096,10,1012409832780710,18274,1012409832884321,103611
zenoh,2,intra_process_va,cpu,4096,11,1012409932725678,18350,1012409932829266,103588
zenoh,2,intra_process_va,cpu,4096,12,1012410032783203,18804,1012410032887460,104257
zenoh,2,intra_process_va,cpu,4096,13,1012410132777564,18348,1012410132881894,104330
zenoh,2,intra_process_va,cpu,4096,14,1012410232699329,17181,1012410232795368,96039
zenoh,2,intra_process_va,cpu,4096,15,1012410332759208,15156,1012410332848705,89497
zenoh,2,intra_process_va,cpu,4096,16,1012410432750328,13358,1012410432829560,79232
zenoh,2,intra_process_va,cpu,4096,17,1012410532598028,17308,1012410532681674,83646
zenoh,2,intra_process_va,cpu,4096,18,1012410632584721,17034,1012410632671395,86674
zenoh,2,intra_process_va,cpu,4096,19,1012410732810999,19306,1012410732921719,110720
zenoh,2,inter_process,memfd,262144,0,1012415355154793,563398,1012415356155658,1000865
zenoh,2,inter_process,memfd,262144,1,1012415455117715,165677,1012415456088555,970840
zenoh,2,inter_process,memfd,262144,2,1012415555210220,177142,1012415556248127,1037907
zenoh,2,inter_process,memfd,262144,3,1012415655095342,148440,1012415655890162,794820
zenoh,2,inter_process,memfd,262144,4,1012415755144532,159342,1012415756089542,945010
zenoh,2,inter_process,memfd,262144,5,1012415855105078,156338,1012415855952699,847621
zenoh,2,inter_process,memfd,262144,6,1012415955072459,156457,1012415955923335,850876
zenoh,2,inter_process,memfd,262144,7,1012416055092408,144906,1012416055879467,787059
zenoh,2,inter_process,memfd,262144,8,1012416154891083,168267,1012416155723942,832859
zenoh,2,inter_process,memfd,262144,9,1012416254888706,238422,1012416255876707,988001
zenoh,2,inter_process,memfd,262144,10,1012416355113051,195736,1012416356158391,1045340
zenoh,2,inter_process,memfd,262144,11,1012416455124869,169977,1012416456145979,1021110
zenoh,2,inter_process,memfd,262144,12,1012416555141142,178404,1012416556259695,1118553
zenoh,2,inter_process,memfd,262144,13,1012416655086914,138891,1012416655823320,736406
zenoh,2,inter_process,memfd,262144,14,1012416755131160,167496,1012416756102770,971610
zenoh,2,inter_process,memfd,262144,15,1012416855151140,176077,1012416856160433,1009293
zenoh,2,inter_process,memfd,262144,16,1012416955149223,177400,1012416956167911,1018688
zenoh,2,inter_process,memfd,262144,17,1012417055115509,166203,1012417056063083,947574
zenoh,2,inter_process,memfd,262144,18,1012417155121119,167063,1012417156031636,910517
zenoh,2,inter_process,memfd,262144,19,1012417255104063,143842,1012417255935585,831522
zenoh,2,intra_process_va,cpu,16777216,0,1012420086422336,15260,1012420086489245,66909
zenoh,2,intra_process_va,cpu,16777216,1,1012420186485703,15858,1012420186551284,65581
zenoh,2,intra_process_va,cpu,16777216,2,1012420285348363,13791,1012420285406329,57966
zenoh,2,intra_process_va,cpu,16777216,3,1012420387146925,17751,1012420387223591,76666
zenoh,2,intra_process_va,cpu,16777216,4,1012420487494699,6059,1012420487522251,27552
zenoh,2,intra_process_va,cpu,16777216,5,1012420587063431,5732,1012420587092146,28715
zenoh,2,intra_process_va,cpu,16777216,6,1012420686824518,18093,1012420686898682,74164
zenoh,2,intra_process_va,cpu,16777216,7,1012420787208851,17231,1012420787280721,71870
zenoh,2,intra_process_va,cpu,16777216,8,1012420886816682,17619,1012420886889627,72945
zenoh,2,intra_process_va,cpu,16777216,9,1012420987482883,5848,1012420987511810,28927
zenoh,2,intra_process_va,cpu,16777216,10,1012421087172888,19299,1012421087251685,78797
zenoh,2,intra_process_va,cpu,16777216,11,1012421186758473,17576,1012421186830534,72061
zenoh,2,intra_process_va,cpu,16777216,12,1012421286737678,16955,1012421286809226,71548
zenoh,2,intra_process_va,cpu,16777216,13,1012421385904044,16045,1012421385972551,68507
zenoh,2,intra_process_va,cpu,16777216,14,1012421486210915,16877,1012421486284361,73446
zenoh,2,intra_process_va,cpu,16777216,15,1012421586282084,15202,1012421586346603,64519
zenoh,2,intra_process_va,cpu,16777216,16,1012421686822126,17233,1012421686893237,71111
zenoh,2,intra_process_va,cpu,16777216,17,1012421787198354,18412,1012421787277796,79442
zenoh,2,intra_process_va,cpu,16777216,18,1012421887238681,17141,1012421887310764,72083
zenoh,2,intra_process_va,cpu,16777216,19,1012421987195807,17102,1012421987268323,72516
zenoh,2,intra_process_va,cpu,1024,0,1012423641869790,6010,1012423641909549,39759
zenoh,2,intra_process_va,cpu,1024,1,1012423742084590,20087,1012423742197738,113148
zenoh,2,intra_process_va,cpu,1024,2,1012423841918461,17509,1012423842056536,138075
zenoh,2,intra_process_va,cpu,1024,3,1012423941978109,15873,1012423942100623,122514
zenoh,2,intra_process_va,cpu,1024,4,1012424041934516,15596,1012424042060354,125838
zenoh,2,intra_process_va,cpu,1024,5,1012424141918943,14404,1012424142038384,119441
zenoh,2,intra_process_va,cpu,1024,6,1012424241917241,15645,1012424242043225,125984
zenoh,2,intra_process_va,cpu,1024,7,1012424341913582,12987,1012424341991264,77682
zenoh,2,intra_process_va,cpu,1024,8,1012424441920481,18544,1012424442043850,123369
zenoh,2,intra_process_va,cpu,1024,9,1012424541940464,17421,1012424542092423,151959
zenoh,2,intra_process_va,cpu,1024,10,1012424641792649,6762,1012424641836837,44188
zenoh,2,intra_process_va,cpu,1024,11,1012424741942923,17386,1012424742075333,132410
zenoh,2,intra_process_va,cpu,1024,12,1012424841957132,18373,1012424842102034,144902
zenoh,2,intra_process_va,cpu,1024,13,1012424941924503,17149,1012424942072899,148396
zenoh,2,intra_process_va,cpu,1024,14,1012425042069305,20111,1012425042181217,111912
zenoh,2,intra_process_va,cpu,1024,15,1012425141938350,18301,1012425142082087,143737
zenoh,2,intra_process_va,cpu,1024,16,1012425241875305,17118,1012425241974707,99402
zenoh,2,intra_process_va,cpu,1024,17,1012425341935557,16806,1012425342074128,138571
zenoh,2,intra_process_va,cpu,1024,18,1012425441930078,15989,1012425442056473,126395
zenoh,2,intra_process_va,cpu,1024,19,1012425541762487,15735,1012425541852291,89804
zenoh,2,inter_process,memfd,16777216,0,1012430143540240,130211,1012430144243089,702849
zenoh,2,inter_process,memfd,16777216,1,1012430243732477,155289,1012430244522071,789594
zenoh,2,inter_process,memfd,16777216,2,1012430343665477,149458,1012430344451990,786513
zenoh,2,inter_process,memfd,16777216,3,1012430443724081,147616,1012430444470687,746606
zenoh,2,inter_process,memfd,16777216,4,1012430543542560,233666,1012430544403054,860494
zenoh,2,inter_process,memfd,16777216,5,1012430641542628,80912,1012430641898756,356128
zenoh,2,inter_process,memfd,16777216,6,1012430743619568,166957,1012430744417045,797477
zenoh,2,inter_process,memfd,16777216,7,1012430843331525,152891,1012430844065804,734279
zenoh,2,inter_process,memfd,16777216,8,1012430943391454,140856,1012430944125119,733665
zenoh,2,inter_process,memfd,16777216,9,1012431043020238,122225,1012431043628984,608746
zenoh,2,inter_process,memfd,16777216,10,1012431142806110,217175,1012431143516495,710385
zenoh,2,inter_process,memfd,16777216,11,1012431244359173,40473,1012431244563290,204117
zenoh,2,inter_process,memfd,16777216,12,1012431343663458,425087,1012431344433226,769768
zenoh,2,inter_process,memfd,16777216,13,1012431443378931,424755,1012431444171551,792620
zenoh,2,inter_process,memfd,16777216,14,1012431543808519,473483,1012431544636954,828435
zenoh,2,inter_process,memfd,16777216,15,1012431641589756,219637,1012431641961922,372166
zenoh,2,inter_process,memfd,16777216,16,1012431743529710,172489,1012431744340813,811103
zenoh,2,inter_process,memfd,16777216,17,1012431843853484,192979,1012431844694233,840749
zenoh,2,inter_process,memfd,16777216,18,1012431943419192,151802,1012431944118444,699252
zenoh,2,inter_process,memfd,16777216,19,1012432043601334,152460,1012432044346669,745335
zenoh,2,intra_process_va,cpu,16384,0,1012434846910571,18828,1012434847066892,156321
zenoh,2,intra_process_va,cpu,16384,1,1012434946870275,18489,1012434946974380,104105
zenoh,2,intra_process_va,cpu,16384,2,1012435046864422,17356,1012435046992514,128092
zenoh,2,intra_process_va,cpu,16384,3,1012435146908138,20998,1012435147084516,176378
zenoh,2,intra_process_va,cpu,16384,4,1012435246875417,18045,1012435246979922,104505
zenoh,2,intra_process_va,cpu,16384,5,1012435346885061,18526,1012435346996801,111740
zenoh,2,intra_process_va,cpu,16384,6,1012435446909482,16758,1012435447053208,143726
zenoh,2,intra_process_va,cpu,16384,7,1012435546874028,16770,1012435546971659,97631
zenoh,2,intra_process_va,cpu,16384,8,1012435646771343,8794,1012435646820707,49364
zenoh,2,intra_process_va,cpu,16384,9,1012435746858346,16666,1012435746955754,97408
zenoh,2,intra_process_va,cpu,16384,10,1012435846856815,15490,1012435846951137,94322
zenoh,2,intra_process_va,cpu,16384,11,1012435946859467,14863,1012435946948012,88545
zenoh,2,intra_process_va,cpu,16384,12,1012436047302276,20087,1012436047400957,98681
zenoh,2,intra_process_va,cpu,16384,13,1012436146797936,5951,1012436146835464,37528
zenoh,2,intra_process_va,cpu,16384,14,1012436246850701,18145,1012436246956618,105917
zenoh,2,intra_process_va,cpu,16384,15,1012436346858576,15807,1012436346956053,97477
zenoh,2,intra_process_va,cpu,16384,16,1012436446832846,13825,1012436446912728,79882
zenoh,2,intra_process_va,cpu,16384,17,1012436546764215,12877,1012436546841366,77151
zenoh,2,intra_process_va,cpu,16384,18,1012436646751899,9945,1012436646810504,58605
zenoh,2,intra_process_va,cpu,16384,19,1012436746943912,21474,1012436747116847,172935
zenoh,2,inter_process,memfd,65536,0,1012441366188260,164614,1012441367247254,1058994
zenoh,2,inter_process,memfd,65536,1,1012441466201705,179680,1012441467214429,1012724
zenoh,2,inter_process,memfd,65536,2,1012441566145475,146727,1012441566944237,798762
zenoh,2,inter_process,memfd,65536,3,1012441666090118,96429,1012441666605904,515786
zenoh,2,inter_process,memfd,65536,4,1012441766099253,139997,1012441766867267,768014
zenoh,2,inter_process,memfd,65536,5,1012441866162489,166969,1012441867170028,1007539
zenoh,2,inter_process,memfd,65536,6,1012441966091341,58369,1012441966398047,306706
zenoh,2,inter_process,memfd,65536,7,1012442066162293,168092,1012442067178155,1015862
zenoh,2,inter_process,memfd,65536,8,1012442166190242,178042,1012442167210826,1020584
zenoh,2,inter_process,memfd,65536,9,1012442266204238,176173,1012442267214715,1010477
zenoh,2,inter_process,memfd,65536,10,1012442366166187,166741,1012442367136734,970547
zenoh,2,inter_process,memfd,65536,11,1012442466165968,166643,1012442467140385,974417
zenoh,2,inter_process,memfd,65536,12,1012442566161058,167723,1012442567128657,967599
zenoh,2,inter_process,memfd,65536,13,1012442666146625,146464,1012442666964173,817548
zenoh,2,inter_process,memfd,65536,14,1012442766129277,126651,1012442766835651,706374
zenoh,2,inter_process,memfd,65536,15,1012442866131253,126943,1012442866843102,711849
zenoh,2,inter_process,memfd,65536,16,1012442966122553,139676,1012442966902583,780030
zenoh,2,inter_process,memfd,65536,17,1012443065977293,203866,1012443066915713,938420
zenoh,2,inter_process,memfd,65536,18,1012443166168786,167965,1012443167165182,996396
zenoh,2,inter_process,memfd,65536,19,1012443266203795,176754,1012443267221115,1017320
zenoh,2,inter_process,memfd,1048576,0,1012449044344453,165782,1012449045266253,921800
zenoh,2,inter_process,memfd,1048576,1,1012449144277751,152861,1012449145101036,823285
zenoh,2,inter_process,memfd,1048576,2,1012449244238584,131562,1012449244990220,751636
zenoh,2,inter_process,memfd,1048576,3,1012449344264955,154394,1012449345080552,815597
zenoh,2,inter_process,memfd,1048576,4,1012449444296100,183531,1012449445261138,965038
zenoh,2,inter_process,memfd,1048576,5,1012449544382723,180117,1012449545401533,1018810
zenoh,2,inter_process,memfd,1048576,6,1012449644081345,84424,1012449644508887,427542
zenoh,2,inter_process,memfd,1048576,7,1012449744366186,187424,1012449745449979,1083793
zenoh,2,inter_process,memfd,1048576,8,1012449844387758,185073,1012449845423700,1035942
zenoh,2,inter_process,memfd,1048576,9,1012449944351239,167864,1012449945379124,1027885
zenoh,2,inter_process,memfd,1048576,10,1012450044348149,172196,1012450045332537,984388
zenoh,2,inter_process,memfd,1048576,11,1012450144328848,173752,1012450145294275,965427
zenoh,2,inter_process,memfd,1048576,12,1012450244161748,163978,1012450245140814,979066
zenoh,2,inter_process,memfd,1048576,13,1012450344326171,157826,1012450345122812,796641
zenoh,2,inter_process,memfd,1048576,14,1012450444290563,152098,1012450445127343,836780
zenoh,2,inter_process,memfd,1048576,15,1012450544246804,143955,1012450544969931,723127
zenoh,2,inter_process,memfd,1048576,16,1012450644030788,68160,1012450644420377,389589
zenoh,2,inter_process,memfd,1048576,17,1012450744360448,191549,1012450745448880,1088432
zenoh,2,inter_process,memfd,1048576,18,1012450844330324,171683,1012450845309839,979515
zenoh,2,inter_process,memfd,1048576,19,1012450944343268,171262,1012450945306344,963076
zenoh,2,inter_process,cpu,262144,0,1012456741949580,1308781,1012456743969762,2020182
zenoh,2,inter_process,cpu,262144,1,1012456842035033,1065400,1012456843786632,1751599
zenoh,2,inter_process,cpu,262144,2,1012456942061117,1171173,1012456943985984,1924867
zenoh,2,inter_process,cpu,262144,3,1012457042093614,1515852,1012457044362732,2269118
zenoh,2,inter_process,cpu,262144,4,1012457142083217,1405955,1012457144300961,2217744
zenoh,2,inter_process,cpu,262144,5,1012457242043800,1143231,1012457243937048,1893248
zenoh,2,inter_process,cpu,262144,6,1012457342079508,1299885,1012457344212120,2132612
zenoh,2,inter_process,cpu,262144,7,1012457442056535,1144208,1012457444414908,2358373
zenoh,2,inter_process,cpu,262144,8,1012457541999175,1175917,1012457543913304,1914129
zenoh,2,inter_process,cpu,262144,9,1012457641834315,367069,1012457642495828,661513
zenoh,2,inter_process,cpu,262144,10,1012457741960036,947086,1012457743618289,1658253
zenoh,2,inter_process,cpu,262144,11,1012457841974228,985053,1012457843657273,1683045
zenoh,2,inter_process,cpu,262144,12,1012457941978059,963634,1012457943628762,1650703
zenoh,2,inter_process,cpu,262144,13,1012458043158409,900410,1012458044694590,1536181
zenoh,2,inter_process,cpu,262144,14,1012458141999776,1159156,1012458143888321,1888545
zenoh,2,inter_process,cpu,262144,15,1012458242165049,1271568,1012458244246829,2081780
zenoh,2,inter_process,cpu,262144,16,1012458341829250,1278949,1012458343859679,2030429
zenoh,2,inter_process,cpu,262144,17,1012458442070433,1344187,1012458444219942,2149509
zenoh,2,inter_process,cpu,262144,18,1012458541951861,1127125,1012458543833234,1881373
zenoh,2,inter_process,cpu,262144,19,1012458641694971,316644,1012458642231440,536469
zenoh,2,inter_process,cpu,16777216,0,1012463346075439,6956957,1012463362520910,16445471
zenoh,2,inter_process,cpu,16777216,1,1012463446215500,6966904,1012463462702400,16486900
zenoh,2,inter_process,cpu,16777216,2,1012463546774552,7037402,1012463563312429,16537877
zenoh,2,inter_process,cpu,16777216,3,1012463643493824,9477954,1012463662486420,18992596
zenoh,2,inter_process,cpu,16777216,4,1012463746230216,7072292,1012463762802664,16572448
zenoh,2,inter_process,cpu,16777216,5,1012463846095824,6937002,1012463862505575,16409751
zenoh,2,inter_process,cpu,16777216,6,1012463946267986,7792653,1012463963559461,17291475
zenoh,2,inter_process,cpu,16777216,7,1012464046212504,7482460,1012464063270050,17057546
zenoh,2,inter_process,cpu,16777216,8,1012464146413643,6926640,1012464162912292,16498649
zenoh,2,inter_process,cpu,16777216,9,1012464246630125,7120376,1012464263276453,16646328
zenoh,2,inter_process,cpu,16777216,10,1012464346258388,7347439,1012464363203172,16944784
zenoh,2,inter_process,cpu,16777216,11,1012464446197113,7264029,1012464463026597,16829484
zenoh,2,inter_process,cpu,16777216,12,1012464546143620,7559780,1012464563291378,17147758
zenoh,2,inter_process,cpu,16777216,13,1012464644538397,8075362,1012464662226487,17688090
zenoh,2,inter_process,cpu,16777216,14,1012464745851358,7085884,1012464762572627,16721269
zenoh,2,inter_process,cpu,16777216,15,1012464845793750,12737309,1012464868162467,22368717
zenoh,2,inter_process,cpu,16777216,16,1012464946236212,12568347,1012464968593779,22357567
zenoh,2,inter_process,cpu,16777216,17,1012465045387028,12386965,1012465067394801,22007773
zenoh,2,inter_process,cpu,16777216,18,1012465145425348,12364113,1012465167361511,21936163
zenoh,2,inter_process,cpu,16777216,19,1012465244907269,7950527,1012465262330124,17422855
zenoh,2,inter_process,memfd,1024,0,1012469955026261,313521,1012469955572835,546574
zenoh,2,inter_process,memfd,1024,1,1012470055159353,483406,1012470055991631,832278
zenoh,2,inter_process,memfd,1024,2,1012470155140417,420479,1012470155843822,703405
zenoh,2,inter_process,memfd,1024,3,1012470254952607,173804,1012470255775451,822844
zenoh,2,inter_process,memfd,1024,4,1012470354942785,205505,1012470355902753,959968
zenoh,2,inter_process,memfd,1024,5,1012470454907374,112014,1012470455412234,504860
zenoh,2,inter_process,memfd,1024,6,1012470555178204,170867,1012470556084424,906220
zenoh,2,inter_process,memfd,1024,7,1012470654945694,152679,1012470655718350,772656
zenoh,2,inter_process,memfd,1024,8,1012470755154812,164651,1012470756079051,924239
zenoh,2,inter_process,memfd,1024,9,1012470854955739,173795,1012470855979531,1023792
zenoh,2,inter_process,memfd,1024,10,1012470955191413,165130,1012470956153301,961888
zenoh,2,inter_process,memfd,1024,11,1012471055169612,167357,1012471056134997,965385
zenoh,2,inter_process,memfd,1024,12,1012471155165639,153405,1012471155952044,786405
zenoh,2,inter_process,memfd,1024,13,1012471255253984,163095,1012471256216279,962295
zenoh,2,inter_process,memfd,1024,14,1012471355151009,166933,1012471356104956,953947
zenoh,2,inter_process,memfd,1024,15,1012471455172816,165994,1012471456149580,976764
zenoh,2,inter_process,memfd,1024,16,1012471555176200,182609,1012471556239566,1063366
zenoh,2,inter_process,memfd,1024,17,1012471655105055,122116,1012471655785856,680801
zenoh,2,inter_process,memfd,1024,18,1012471755151201,159778,1012471756092747,941546
zenoh,2,inter_process,memfd,1024,19,1012471855143961,151091,1012471856029688,885727
zenoh,2,inter_process,cpu,4096,0,1012477654873524,125057,1012477655820507,946983
zenoh,2,inter_process,cpu,4096,1,1012477754888077,199995,1012477755873723,985646
zenoh,2,inter_process,cpu,4096,2,1012477854895872,170483,1012477855810375,914503
zenoh,2,inter_process,cpu,4096,3,1012477954865465,163173,1012477955753022,887557
zenoh,2,inter_process,cpu,4096,4,1012478054898434,177721,1012478055793160,894726
zenoh,2,inter_process,cpu,4096,5,1012478154933593,170054,1012478155850036,916443
zenoh,2,inter_process,cpu,4096,6,1012478254923950,167057,1012478255829691,905741
zenoh,2,inter_process,cpu,4096,7,1012478354916697,180667,1012478355906786,990089
zenoh,2,inter_process,cpu,4096,8,1012478454937038,168345,1012478455837807,900769
zenoh,2,inter_process,cpu,4096,9,1012478554891611,166181,1012478555816000,924389
zenoh,2,inter_process,cpu,4096,10,1012478654899776,155166,1012478655764621,864845
zenoh,2,inter_process,cpu,4096,11,1012478754891074,164059,1012478755857084,966010
zenoh,2,inter_process,cpu,4096,12,1012478854909327,182262,1012478855862131,952804
zenoh,2,inter_process,cpu,4096,13,1012478954849610,129803,1012478955751254,901644
zenoh,2,inter_process,cpu,4096,14,1012479054948193,169081,1012479055810258,862065
zenoh,2,inter_process,cpu,4096,15,1012479154883356,144356,1012479155700811,817455
zenoh,2,inter_process,cpu,4096,16,1012479254863560,107292,1012479255580932,717372
zenoh,2,inter_process,cpu,4096,17,1012479354889440,162856,1012479355734655,845215
zenoh,2,inter_process,cpu,4096,18,1012479454862367,106508,1012479455510893,648526
zenoh,2,inter_process,cpu,4096,19,1012479554721495,148993,1012479555550632,829137
zenoh,2,intra_process_va,memfd,64,0,1012481297881944,15214,1012481297983531,101587
zenoh,2,intra_process_va,memfd,64,1,1012481397903034,15599,1012481398053889,150855
zenoh,2,intra_process_va,memfd,64,2,1012481497920282,17849,1012481498095589,175307
zenoh,2,intra_process_va,memfd,64,3,1012481597941922,15481,1012481598095828,153906
zenoh,2,intra_process_va,memfd,64,4,1012481697863848,15074,1012481697966228,102380
zenoh,2,intra_process_va,memfd,64,5,1012481797968594,15657,1012481798126191,157597
zenoh,2,intra_process_va,memfd,64,6,1012481897871346,15478,1012481897973167,101821
zenoh,2,intra_process_va,memfd,64,7,1012481997897005,15677,1012481998057955,160950
zenoh,2,intra_process_va,memfd,64,8,1012482097881951,15251,1012482097983459,101508
zenoh,2,intra_process_va,memfd,64,9,1012482197906436,15631,1012482198108173,201737
zenoh,2,intra_process_va,memfd,64,10,1012482297928078,16042,1012482298085838,157760
zenoh,2,intra_process_va,memfd,64,11,1012482397843160,14931,1012482397943209,100049
zenoh,2,intra_process_va,memfd,64,12,1012482497933395,18221,1012482498104619,171224
zenoh,2,intra_process_va,memfd,64,13,1012482597921119,15605,1012482598064234,143115
zenoh,2,intra_process_va,memfd,64,14,1012482697928529,15947,1012482698065338,136809
zenoh,2,intra_process_va,memfd,64,15,1012482797934632,15565,1012482798079352,144720
zenoh,2,intra_process_va,memfd,64,16,1012482897870152,13593,1012482897964102,93950
zenoh,2,intra_process_va,memfd,64,17,1012482997894708,14186,1012482997996647,101939
zenoh,2,intra_process_va,memfd,64,18,1012483097903747,15556,1012483098065465,161718
zenoh,2,intra_process_va,memfd,64,19,1012483197906284,15921,1012483198054874,148590
zenoh,2,inter_process,cpu,4194304,0,1012487835741510,5216243,1012487842145874,6404364
zenoh,2,inter_process,cpu,4194304,1,1012487935777879,4583623,1012487941613306,5835427
zenoh,2,inter_process,cpu,4194304,2,1012488035636607,4766434,1012488041615467,5978860
zenoh,2,inter_process,cpu,4194304,3,1012488135375259,4856041,1012488141392805,6017546
zenoh,2,inter_process,cpu,4194304,4,1012488235594850,5316003,1012488242094057,6499207
zenoh,2,inter_process,cpu,4194304,5,1012488335599839,4678371,1012488341453038,5853199
zenoh,2,inter_process,cpu,4194304,6,1012488435568499,4907727,1012488441718248,6149749
zenoh,2,inter_process,cpu,4194304,7,1012488535518935,4994691,1012488541666572,6147637
zenoh,2,inter_process,cpu,4194304,8,1012488634851287,1932745,1012488638061862,3210575
zenoh,2,inter_process,cpu,4194304,9,1012488735656206,4811951,1012488741617944,5961738
zenoh,2,inter_process,cpu,4194304,10,1012488835573570,5314454,1012488842133072,6559502
zenoh,2,inter_process,cpu,4194304,11,1012488935594934,4616806,1012488941476369,5881435
zenoh,2,inter_process,cpu,4194304,12,1012489035389130,4937085,1012489041468263,6079133
zenoh,2,inter_process,cpu,4194304,13,1012489135593957,5125434,1012489141874848,6280891
zenoh,2,inter_process,cpu,4194304,14,1012489235566207,5240520,1012489241983921,6417714
zenoh,2,inter_process,cpu,4194304,15,1012489335573842,4913062,1012489341645915,6072073
zenoh,2,inter_process,cpu,4194304,16,1012489435403710,4527330,1012489441095777,5692067
zenoh,2,inter_process,cpu,4194304,17,1012489535204097,4801254,1012489541162494,5958397
zenoh,2,inter_process,cpu,4194304,18,1012489634729298,2293123,1012489638315532,3586234
zenoh,2,inter_process,cpu,4194304,19,1012489736018628,3957124,1012489741181183,5162555
zenoh,2,intra_process_va,cpu,65536,0,1012491486837680,21249,1012491486956323,118643
zenoh,2,intra_process_va,cpu,65536,1,1012491586876151,20107,1012491587040144,163993
zenoh,2,intra_process_va,cpu,65536,2,1012491686900881,18584,1012491687048196,147315
zenoh,2,intra_process_va,cpu,65536,3,1012491786846614,18834,1012491786959082,112468
zenoh,2,intra_process_va,cpu,65536,4,1012491886861243,20039,1012491886986748,125505
zenoh,2,intra_process_va,cpu,65536,5,1012491986811498,14245,1012491986893057,81559
zenoh,2,intra_process_va,cpu,65536,6,1012492086857604,18721,1012492086960368,102764
zenoh,2,intra_process_va,cpu,65536,7,1012492186843195,17585,1012492186957601,114406
zenoh,2,intra_process_va,cpu,65536,8,1012492286799652,19267,1012492286905532,105880
zenoh,2,intra_process_va,cpu,65536,9,1012492386782198,19675,1012492386885851,103653
zenoh,2,intra_process_va,cpu,65536,10,1012492486783874,18963,1012492486888682,104808
zenoh,2,intra_process_va,cpu,65536,11,1012492586817852,22518,1012492586941990,124138
zenoh,2,intra_process_va,cpu,65536,12,1012492686876723,20316,1012492686989212,112489
zenoh,2,intra_process_va,cpu,65536,13,1012492786872435,22631,1012492786994852,122417
zenoh,2,intra_process_va,cpu,65536,14,1012492886886164,19912,1012492886992172,106008
zenoh,2,intra_process_va,cpu,65536,15,1012492986864292,19768,1012492986976001,111709
zenoh,2,intra_process_va,cpu,65536,16,1012493086883893,21123,1012493086997927,114034
zenoh,2,intra_process_va,cpu,65536,17,1012493186832955,18586,1012493186963014,130059
zenoh,2,intra_process_va,cpu,65536,18,1012493286849345,19062,1012493286954369,105024
zenoh,2,intra_process_va,cpu,65536,19,1012493386867621,19510,1012493386979475,111854
zenoh,2,intra_process_va,memfd,4096,0,1012495035915329,15010,1012495036061524,146195
zenoh,2,intra_process_va,memfd,4096,1,1012495135852616,14983,1012495135951666,99050
zenoh,2,intra_process_va,memfd,4096,2,1012495235885203,15422,1012495235986882,101679
zenoh,2,intra_process_va,memfd,4096,3,1012495335890828,15654,1012495336051149,160321
zenoh,2,intra_process_va,memfd,4096,4,1012495435936035,13399,1012495436062117,126082
zenoh,2,intra_process_va,memfd,4096,5,1012495535906198,15547,1012495536053633,147435
zenoh,2,intra_process_va,memfd,4096,6,1012495635733983,3422,1012495635758906,24923
zenoh,2,intra_process_va,memfd,4096,7,1012495735891407,15202,1012495735993299,101892
zenoh,2,intra_process_va,memfd,4096,8,1012495835902914,15148,1012495836040631,137717
zenoh,2,intra_process_va,memfd,4096,9,1012495935902023,15554,1012495936093054,191031
zenoh,2,intra_process_va,memfd,4096,10,1012496035906813,14843,1012496036043434,136621
zenoh,2,intra_process_va,memfd,4096,11,1012496135924521,13927,1012496136059562,135041
zenoh,2,intra_process_va,memfd,4096,12,1012496235906674,32838,1012496236069692,163018
zenoh,2,intra_process_va,memfd,4096,13,1012496335836990,13241,1012496335930226,93236
zenoh,2,intra_process_va,memfd,4096,14,1012496435916310,15989,1012496436061688,145378
zenoh,2,intra_process_va,memfd,4096,15,1012496535903767,14929,1012496536041245,137478
zenoh,2,intra_process_va,memfd,4096,16,1012496635716917,3161,1012496635739585,22668
zenoh,2,intra_process_va,memfd,4096,17,1012496735925618,14478,1012496736072388,146770
zenoh,2,intra_process_va,memfd,4096,18,1012496835894026,14898,1012496835997556,103530
zenoh,2,intra_process_va,memfd,4096,19,1012496935902350,14453,1012496936040943,138593
zenoh,3,inter_process,cpu,1048576,0,1012501546264905,3111837,1012501550678185,4413280
zenoh,3,inter_process,cpu,1048576,1,1012501645937419,1469132,1012501648239311,2301892
zenoh,3,inter_process,cpu,1048576,2,1012501746257145,3154579,1012501750708687,4451542
zenoh,3,inter_process,cpu,1048576,3,1012501846267101,3135124,1012501850679847,4412746
zenoh,3,inter_process,cpu,1048576,4,1012501946180932,2859426,1012501950274855,4093923
zenoh,3,inter_process,cpu,1048576,5,1012502046223662,3098484,1012502050631449,4407787
zenoh,3,inter_process,cpu,1048576,6,1012502146176760,2987502,1012502150531090,4354330
zenoh,3,inter_process,cpu,1048576,7,1012502246222151,3166505,1012502250674775,4452624
zenoh,3,inter_process,cpu,1048576,8,1012502346201053,2643469,1012502349930264,3729211
zenoh,3,inter_process,cpu,1048576,9,1012502446237726,2829045,1012502450251495,4013769
zenoh,3,inter_process,cpu,1048576,10,1012502545999868,2705721,1012502549173186,3173318
zenoh,3,inter_process,cpu,1048576,11,1012502645889212,1075992,1012502647620450,1731238
zenoh,3,inter_process,cpu,1048576,12,1012502746320569,3431126,1012502751189777,4869208
zenoh,3,inter_process,cpu,1048576,13,1012502846082153,3152585,1012502850543421,4461268
zenoh,3,inter_process,cpu,1048576,14,1012502946233114,3175324,1012502950664390,4431276
zenoh,3,inter_process,cpu,1048576,15,1012503046269407,3052445,1012503050623722,4354315
zenoh,3,inter_process,cpu,1048576,16,1012503146317669,3088550,1012503150728341,4410672
zenoh,3,inter_process,cpu,1048576,17,1012503246218843,3191201,1012503250693590,4474747
zenoh,3,inter_process,cpu,1048576,18,1012503345868148,1407535,1012503348084667,2216519
zenoh,3,inter_process,cpu,1048576,19,1012503446182236,2842796,1012503450225653,4043417
zenoh,3,inter_process,cpu,4194304,0,1012508146297712,7151663,1012508155906958,9609246
zenoh,3,inter_process,cpu,4194304,1,1012508246230528,5001513,1012508252389359,6158831
zenoh,3,inter_process,cpu,4194304,2,1012508345853204,6129852,1012508354502836,8649632
zenoh,3,inter_process,cpu,4194304,3,1012508446068634,3986634,1012508451243181,5174547
zenoh,3,inter_process,cpu,4194304,4,1012508546570716,4818325,1012508552583470,6012754
zenoh,3,inter_process,cpu,4194304,5,1012508645444291,5293285,1012508651919982,6475691
zenoh,3,inter_process,cpu,4194304,6,1012508746525650,4747816,1012508752538901,6013251
zenoh,3,inter_process,cpu,4194304,7,1012508846700493,5031630,1012508852911773,6211280
zenoh,3,inter_process,cpu,4194304,8,1012508946464231,5090804,1012508952712130,6247899
zenoh,3,inter_process,cpu,4194304,9,1012509046499203,5131588,1012509052781033,6281830
zenoh,3,inter_process,cpu,4194304,10,1012509146451721,4509473,1012509152115889,5664168
zenoh,3,inter_process,cpu,4194304,11,1012509246446065,4565705,1012509252165980,5719915
zenoh,3,inter_process,cpu,4194304,12,1012509346634235,5241629,1012509353027081,6392846
zenoh,3,inter_process,cpu,4194304,13,1012509446092350,4729348,1012509451956625,5864275
zenoh,3,inter_process,cpu,4194304,14,1012509546169652,5193475,1012509552503613,6333961
zenoh,3,inter_process,cpu,4194304,15,1012509645457698,5405677,1012509651988539,6530841
zenoh,3,inter_process,cpu,4194304,16,1012509746079809,5182118,1012509752444174,6364365
zenoh,3,inter_process,cpu,4194304,17,1012509846534262,5277148,1012509852987420,6453158
zenoh,3,inter_process,cpu,4194304,18,1012509946677497,5485694,1012509953349061,6671564
zenoh,3,inter_process,cpu,4194304,19,1012510046741688,5537090,1012510053459475,6717787
zenoh,3,inter_process,memfd,16384,0,1012514743195366,173417,1012514744156053,960687
zenoh,3,inter_process,memfd,16384,1,1012514843155937,161211,1012514844065151,909214
zenoh,3,inter_process,memfd,16384,2,1012514943167156,179996,1012514944167021,999865
zenoh,3,inter_process,memfd,16384,3,1012515043137613,163512,1012515044104672,967059
zenoh,3,inter_process,memfd,16384,4,1012515143140488,150196,1012515143989753,849265
zenoh,3,inter_process,memfd,16384,5,1012515243131755,151970,1012515243998471,866716
zenoh,3,inter_process,memfd,16384,6,1012515343086675,154296,1012515343921218,834543
zenoh,3,inter_process,memfd,16384,7,1012515443185813,189098,1012515444300874,1115061
zenoh,3,inter_process,memfd,16384,8,1012515543255324,175202,1012515544277774,1022450
zenoh,3,inter_process,memfd,16384,9,1012515643092710,76318,1012515643534208,441498
zenoh,3,inter_process,memfd,16384,10,1012515743142263,163607,1012515744086679,944416
zenoh,3,inter_process,memfd,16384,11,1012515843152149,162470,1012515844107890,955741
zenoh,3,inter_process,memfd,16384,12,1012515943147848,161793,1012515944111328,963480
zenoh,3,inter_process,memfd,16384,13,1012516043114707,147016,1012516043917579,802872
zenoh,3,inter_process,memfd,16384,14,1012516143136359,151088,1012516143980346,843987
zenoh,3,inter_process,memfd,16384,15,1012516243070641,125696,1012516243753842,683201
zenoh,3,inter_process,memfd,16384,16,1012516342973487,192848,1012516343941343,967856
zenoh,3,inter_process,memfd,16384,17,1012516443187765,163740,1012516444149455,961690
zenoh,3,inter_process,memfd,16384,18,1012516543181009,177462,1012516544237885,1056876
zenoh,3,inter_process,memfd,16384,19,1012516642993556,108850,1012516643445519,451963
zenoh,3,inter_process,memfd,4096,0,1012522438995522,204996,1012522439984789,989267
zenoh,3,inter_process,memfd,4096,1,1012522539063872,165029,1012522539993316,929444
zenoh,3,inter_process,memfd,4096,2,1012522638966698,45400,1012522639247133,280435
zenoh,3,inter_process,memfd,4096,3,1012522739103739,172183,1012522740073540,969801
zenoh,3,inter_process,memfd,4096,4,1012522839073290,141669,1012522839898000,824710
zenoh,3,inter_process,memfd,4096,5,1012522939049438,144290,1012522939836851,787413
zenoh,3,inter_process,memfd,4096,6,1012523039251509,155388,1012523040228689,977180
zenoh,3,inter_process,memfd,4096,7,1012523139078724,163710,1012523140034984,956260
zenoh,3,inter_process,memfd,4096,8,1012523239070249,168190,1012523240041008,970759
zenoh,3,inter_process,memfd,4096,9,1012523339125177,157385,1012523340054958,929781
zenoh,3,inter_process,memfd,4096,10,1012523439065075,163533,1012523439995671,930596
zenoh,3,inter_process,memfd,4096,11,1012523539129733,185020,1012523540195558,1065825
zenoh,3,inter_process,memfd,4096,12,1012523638895192,76473,1012523639315594,420402
zenoh,3,inter_process,memfd,4096,13,1012523739052917,163431,1012523739963393,910476
zenoh,3,inter_process,memfd,4096,14,1012523838853690,205387,1012523839810335,956645
zenoh,3,inter_process,memfd,4096,15,1012523939069893,167448,1012523939993344,923451
zenoh,3,inter_process,memfd,4096,16,1012524039056389,157577,1012524039917433,861044
zenoh,3,inter_process,memfd,4096,17,1012524138984064,142250,1012524139627821,643757
zenoh,3,inter_process,memfd,4096,18,1012524238858377,173367,1012524239777692,919315
zenoh,3,inter_process,memfd,4096,19,1012524339124822,193971,1012524340285957,1161135
zenoh,3,intra_process_va,memfd,16777216,0,1012527157568511,28260,1012527157704147,135636
zenoh,3,intra_process_va,memfd,16777216,1,1012527257309376,24739,1012527257421690,112314
zenoh,3,intra_process_va,memfd,16777216,2,1012527357036630,20496,1012527357131770,95140
zenoh,3,intra_process_va,memfd,16777216,3,1012527457219310,25345,1012527457333324,114014
zenoh,3,intra_process_va,memfd,16777216,4,1012527557313203,24469,1012527557424918,111715
zenoh,3,intra_process_va,memfd,16777216,5,1012527656672357,26112,1012527656788796,116439
zenoh,3,intra_process_va,memfd,16777216,6,1012527756991178,36247,1012527757103583,112405
zenoh,3,intra_process_va,memfd,16777216,7,1012527856760836,18951,1012527856848004,87168
zenoh,3,intra_process_va,memfd,16777216,8,1012527956369094,18246,1012527956450855,81761
zenoh,3,intra_process_va,memfd,16777216,9,1012528057232090,24713,1012528057339809,107719
zenoh,3,intra_process_va,memfd,16777216,10,1012528157226019,25047,1012528157340248,114229
zenoh,3,intra_process_va,memfd,16777216,11,1012528257265765,23867,1012528257375490,109725
zenoh,3,intra_process_va,memfd,16777216,12,1012528357223158,24279,1012528357336319,113161
zenoh,3,intra_process_va,memfd,16777216,13,1012528457322174,25419,1012528457438327,116153
zenoh,3,intra_process_va,memfd,16777216,14,1012528557287523,25067,1012528557399865,112342
zenoh,3,intra_process_va,memfd,16777216,15,1012528656966970,21448,1012528657082171,115201
zenoh,3,intra_process_va,memfd,16777216,16,1012528757320431,25272,1012528757435991,115560
zenoh,3,intra_process_va,memfd,16777216,17,1012528857301098,25458,1012528857408006,106908
zenoh,3,intra_process_va,memfd,16777216,18,1012528957264450,25579,1012528957379490,115040
zenoh,3,intra_process_va,memfd,16777216,19,1012529057283971,21839,1012529057384187,100216
zenoh,3,intra_process_va,memfd,65536,0,1012530700914813,15574,1012530701062378,147565
zenoh,3,intra_process_va,memfd,65536,1,1012530800962119,34071,1012530801115250,153131
zenoh,3,intra_process_va,memfd,65536,2,1012530900903698,15059,1012530900999357,95659
zenoh,3,intra_process_va,memfd,65536,3,1012531000918442,15909,1012531001068425,149983
zenoh,3,intra_process_va,memfd,65536,4,1012531100919008,15520,1012531101060365,141357
zenoh,3,intra_process_va,memfd,65536,5,1012531200915591,16763,1012531201052117,136526
zenoh,3,intra_process_va,memfd,65536,6,1012531300907675,14993,1012531301036760,129085
zenoh,3,intra_process_va,memfd,65536,7,1012531400888635,14106,1012531400978135,89500
zenoh,3,intra_process_va,memfd,65536,8,1012531500732437,12619,1012531500816525,84088
zenoh,3,intra_process_va,memfd,65536,9,1012531600728382,16595,1012531600834100,105718
zenoh,3,intra_process_va,memfd,65536,10,1012531700736355,15585,1012531700835108,98753
zenoh,3,intra_process_va,memfd,65536,11,1012531800920694,16086,1012531801058100,137406
zenoh,3,intra_process_va,memfd,65536,12,1012531900901893,15619,1012531901040083,138190
zenoh,3,intra_process_va,memfd,65536,13,1012532000900140,16344,1012532001041848,141708
zenoh,3,intra_process_va,memfd,65536,14,1012532100908766,15937,1012532101059153,150387
zenoh,3,intra_process_va,memfd,65536,15,1012532200913207,15628,1012532201055984,142777
zenoh,3,intra_process_va,memfd,65536,16,1012532300841307,16054,1012532300936060,94753
zenoh,3,intra_process_va,memfd,65536,17,1012532400848636,14019,1012532400932678,84042
zenoh,3,intra_process_va,memfd,65536,18,1012532500900082,14545,1012532500996836,96754
zenoh,3,intra_process_va,memfd,65536,19,1012532600892448,13572,1012532600983642,91194
zenoh,3,inter_process,memfd,16777216,0,1012537218858358,157675,1012537219646821,788463
zenoh,3,inter_process,memfd,16777216,1,1012537318564250,130018,1012537319276411,712161
zenoh,3,inter_process,memfd,16777216,2,1012537418863933,163506,1012537419672404,808471
zenoh,3,inter_process,memfd,16777216,3,1012537518883349,162577,1012537519669174,785825
zenoh,3,inter_process,memfd,16777216,4,1012537618546050,156142,1012537619306344,760294
zenoh,3,inter_process,memfd,16777216,5,1012537718565070,150530,1012537719316976,751906
zenoh,3,inter_process,memfd,16777216,6,1012537818486283,151700,1012537819248235,761952
zenoh,3,inter_process,memfd,16777216,7,1012537918509801,152876,1012537919252359,742558
zenoh,3,inter_process,memfd,16777216,8,1012538018542303,146356,1012538019226281,683978
zenoh,3,inter_process,memfd,16777216,9,1012538118539710,145919,1012538119271941,732231
zenoh,3,inter_process,memfd,16777216,10,1012538218225724,144866,1012538218894438,668714
zenoh,3,inter_process,memfd,16777216,11,1012538317911028,137579,1012538318552449,641421
zenoh,3,inter_process,memfd,16777216,12,1012538417669684,121256,1012538418283724,614040
zenoh,3,inter_process,memfd,16777216,13,1012538518198465,144485,1012538518854162,655697
zenoh,3,inter_process,memfd,16777216,14,1012538618359282,139389,1012538619022026,662744
zenoh,3,inter_process,memfd,16777216,15,1012538718695656,178509,1012538719547950,852294
zenoh,3,inter_process,memfd,16777216,16,1012538818778545,177488,1012538819589466,810921
zenoh,3,inter_process,memfd,16777216,17,1012538918705129,178123,1012538919541944,836815
zenoh,3,inter_process,memfd,16777216,18,1012539018708012,441227,1012539019523201,815189
zenoh,3,inter_process,memfd,16777216,19,1012539118762256,398876,1012539119508936,746680
zenoh,3,inter_process,memfd,1048576,0,1012544897305345,169454,1012544898280686,975341
zenoh,3,inter_process,memfd,1048576,1,1012544997383237,183506,1012544998397933,1014696
zenoh,3,inter_process,memfd,1048576,2,1012545097367986,183788,1012545098385508,1017522
zenoh,3,inter_process,memfd,1048576,3,1012545197387262,192053,1012545198463702,1076440
zenoh,3,inter_process,memfd,1048576,4,1012545297337565,174397,1012545298318422,980857
zenoh,3,inter_process,memfd,1048576,5,1012545397349070,172811,1012545398307722,958652
zenoh,3,inter_process,memfd,1048576,6,1012545497346984,174594,1012545498319967,972983
zenoh,3,inter_process,memfd,1048576,7,1012545597368124,173474,1012545598308938,940814
zenoh,3,inter_process,memfd,1048576,8,1012545697335726,165865,1012545698234343,898617
zenoh,3,inter_process,memfd,1048576,9,1012545797334990,163538,1012545798231844,896854
zenoh,3,inter_process,memfd,1048576,10,1012545897314861,151743,1012545898148316,833455
zenoh,3,inter_process,memfd,1048576,11,1012545997307698,148382,1012545998043334,735636
zenoh,3,inter_process,memfd,1048576,12,1012546097200427,184260,1012546098152695,952268
zenoh,3,inter_process,memfd,1048576,13,1012546197228575,181611,1012546198178365,949790
zenoh,3,inter_process,memfd,1048576,14,1012546297345508,174311,1012546298374440,1028932
zenoh,3,inter_process,memfd,1048576,15,1012546397348105,173469,1012546398314599,966494
zenoh,3,inter_process,memfd,1048576,16,1012546497381408,183815,1012546498411651,1030243
zenoh,3,inter_process,memfd,1048576,17,1012546597415211,206306,1012546598513617,1098406
zenoh,3,inter_process,memfd,1048576,18,1012546697392511,185604,1012546698417510,1024999
zenoh,3,inter_process,memfd,1048576,19,1012546797386640,177430,1012546798330220,943580
zenoh,3,intra_process_va,memfd,4096,0,1012549603995467,51682,1012549604137715,142248
zenoh,3,intra_process_va,memfd,4096,1,1012549703899510,12316,1012549703983748,84238
zenoh,3,intra_process_va,memfd,4096,2,1012549803937437,18682,1012549804094288,156851
zenoh,3,intra_process_va,memfd,4096,3,1012549903908376,16028,1012549904052494,144118
zenoh,3,intra_process_va,memfd,4096,4,1012550003902864,15278,1012550004059475,156611
zenoh,3,intra_process_va,memfd,4096,5,1012550103904579,16280,1012550104042862,138283
zenoh,3,intra_process_va,memfd,4096,6,1012550203895760,13879,1012550203988411,92651
zenoh,3,intra_process_va,memfd,4096,7,1012550303767294,15799,1012550303868906,101612
zenoh,3,intra_process_va,memfd,4096,8,1012550403886517,11901,1012550403965317,78800
zenoh,3,intra_process_va,memfd,4096,9,1012550503854296,12630,1012550503940731,86435
zenoh,3,intra_process_va,memfd,4096,10,1012550603724975,16383,1012550603832204,107229
zenoh,3,intra_process_va,memfd,4096,11,1012550703936664,14973,1012550704073291,136627
zenoh,3,intra_process_va,memfd,4096,12,1012550803868862,15242,1012550803968964,100102
zenoh,3,intra_process_va,memfd,4096,13,1012550903937431,16724,1012550904090418,152987
zenoh,3,intra_process_va,memfd,4096,14,1012551003905657,15772,1012551004060018,154361
zenoh,3,intra_process_va,memfd,4096,15,1012551103891412,14962,1012551104055252,163840
zenoh,3,intra_process_va,memfd,4096,16,1012551203898993,15801,1012551204037318,138325
zenoh,3,intra_process_va,memfd,4096,17,1012551303902502,15175,1012551304037339,134837
zenoh,3,intra_process_va,memfd,4096,18,1012551403854985,14747,1012551403957460,102475
zenoh,3,intra_process_va,memfd,4096,19,1012551503869461,14016,1012551503959690,90229
zenoh,3,intra_process_va,cpu,4194304,0,1012553145505045,25104,1012553145612895,107850
zenoh,3,intra_process_va,cpu,4194304,1,1012553245507503,25501,1012553245623396,115893
zenoh,3,intra_process_va,cpu,4194304,2,1012553345489995,26813,1012553345607118,117123
zenoh,3,intra_process_va,cpu,4194304,3,1012553445324588,23759,1012553445426414,101826
zenoh,3,intra_process_va,cpu,4194304,4,1012553545244637,22591,1012553545341617,96980
zenoh,3,intra_process_va,cpu,4194304,5,1012553644496476,12321,1012553644551075,54599
zenoh,3,intra_process_va,cpu,4194304,6,1012553745693971,26578,1012553745809765,115794
zenoh,3,intra_process_va,cpu,4194304,7,1012553845521816,24948,1012553845629721,107905
zenoh,3,intra_process_va,cpu,4194304,8,1012553945325830,24684,1012553962914683,17588853
zenoh,3,intra_process_va,cpu,4194304,9,1012554045583745,24172,1012554045692130,108385
zenoh,3,intra_process_va,cpu,4194304,10,1012554145476343,24340,1012554145584258,107915
zenoh,3,intra_process_va,cpu,4194304,11,1012554245519209,24445,1012554245633617,114408
zenoh,3,intra_process_va,cpu,4194304,12,1012554345536509,27157,1012554345653437,116928
zenoh,3,intra_process_va,cpu,4194304,13,1012554445369886,23265,1012554445472848,102962
zenoh,3,intra_process_va,cpu,4194304,14,1012554545352352,24632,1012554545462063,109711
zenoh,3,intra_process_va,cpu,4194304,15,1012554644537852,10637,1012554644591718,53866
zenoh,3,intra_process_va,cpu,4194304,16,1012554744901803,17501,1012554744980423,78620
zenoh,3,intra_process_va,cpu,4194304,17,1012554845196960,23163,1012554845293943,96983
zenoh,3,intra_process_va,cpu,4194304,18,1012554945572538,28963,1012554945692182,119644
zenoh,3,intra_process_va,cpu,4194304,19,1012555045589130,23249,1012555045694964,105834
zenoh,3,inter_process,cpu,16384,0,1012559655905265,183251,1012559656797822,892557
zenoh,3,inter_process,cpu,16384,1,1012559755888222,157048,1012559756742652,854430
zenoh,3,inter_process,cpu,16384,2,1012559855887345,145833,1012559856706803,819458
zenoh,3,inter_process,cpu,16384,3,1012559955821359,97724,1012559956509189,687830
zenoh,3,inter_process,cpu,16384,4,1012560055854403,113836,1012560056549364,694961
zenoh,3,inter_process,cpu,16384,5,1012560156785311,134945,1012560157633061,847750
zenoh,3,inter_process,cpu,16384,6,1012560255904646,512602,1012560256848748,944102
zenoh,3,inter_process,cpu,16384,7,1012560355925226,191008,1012560356937566,1012340
zenoh,3,inter_process,cpu,16384,8,1012560455912892,213853,1012560456936674,1023782
zenoh,3,inter_process,cpu,16384,9,1012560555902122,238276,1012560556889694,987572
zenoh,3,inter_process,cpu,16384,10,1012560655871935,127767,1012560656728618,856683
zenoh,3,inter_process,cpu,16384,11,1012560755918834,215246,1012560756915471,996637
zenoh,3,inter_process,cpu,16384,12,1012560855914272,194220,1012560856850424,936152
zenoh,3,inter_process,cpu,16384,13,1012560955724485,138517,1012560956624457,899972
zenoh,3,inter_process,cpu,16384,14,1012561055901413,167067,1012561056778744,877331
zenoh,3,inter_process,cpu,16384,15,1012561155807984,117070,1012561156520135,712151
zenoh,3,inter_process,cpu,16384,16,1012561255817129,109699,1012561256610964,793835
zenoh,3,inter_process,cpu,16384,17,1012561355738123,149375,1012561356669755,931632
zenoh,3,inter_process,cpu,16384,18,1012561455941680,193760,1012561456952302,1010622
zenoh,3,inter_process,cpu,16384,19,1012561555900100,211115,1012561556950500,1050400
zenoh,3,intra_process_va,memfd,1048576,0,1012563286144781,21746,1012563286261223,116442
zenoh,3,intra_process_va,memfd,1048576,1,1012563386121115,19068,1012563386231321,110206
zenoh,3,intra_process_va,memfd,1048576,2,1012563486117096,19969,1012563486227165,110069
zenoh,3,intra_process_va,memfd,1048576,3,1012563586146694,21562,1012563586263178,116484
zenoh,3,intra_process_va,memfd,1048576,4,1012563686113821,20764,1012563686223307,109486
zenoh,3,intra_process_va,memfd,1048576,5,1012563786115688,21114,1012563786228462,112774
zenoh,3,intra_process_va,memfd,1048576,6,1012563886156939,21737,1012563886273298,116359
zenoh,3,intra_process_va,memfd,1048576,7,1012563985895059,18182,1012563986031375,136316
zenoh,3,intra_process_va,memfd,1048576,8,1012564086099840,19146,1012564086209971,110131
zenoh,3,intra_process_va,memfd,1048576,9,1012564186133099,19229,1012564186235195,102096
zenoh,3,intra_process_va,memfd,1048576,10,1012564286060010,14744,1012564286144232,84222
zenoh,3,intra_process_va,memfd,1048576,11,1012564386060168,19940,1012564386168537,108369
zenoh,3,intra_process_va,memfd,1048576,12,1012564486147614,19310,1012564486255215,107601
zenoh,3,intra_process_va,memfd,1048576,13,1012564586148280,20780,1012564586264742,116462
zenoh,3,intra_process_va,memfd,1048576,14,1012564686115820,18402,1012564686218919,103099
zenoh,3,intra_process_va,memfd,1048576,15,1012564786137421,20633,1012564786247731,110310
zenoh,3,intra_process_va,memfd,1048576,16,1012564886154336,21966,1012564886272453,118117
zenoh,3,intra_process_va,memfd,1048576,17,1012564986115020,20651,1012564986225148,110128
zenoh,3,intra_process_va,memfd,1048576,18,1012565086124143,20817,1012565086234673,110530
zenoh,3,intra_process_va,memfd,1048576,19,1012565186096839,19786,1012565186206419,109580
zenoh,3,intra_process_va,cpu,4096,0,1012566825760088,10790,1012566825832985,72897
zenoh,3,intra_process_va,cpu,4096,1,1012566925814644,14637,1012566925905520,90876
zenoh,3,intra_process_va,cpu,4096,2,1012567026685050,21733,1012567026792609,107559
zenoh,3,intra_process_va,cpu,4096,3,1012567125866568,20462,1012567125986924,120356
zenoh,3,intra_process_va,cpu,4096,4,1012567225873662,20538,1012567225995213,121551
zenoh,3,intra_process_va,cpu,4096,5,1012567325838684,18123,1012567325942645,103961
zenoh,3,intra_process_va,cpu,4096,6,1012567425900763,19296,1012567426048120,147357
zenoh,3,intra_process_va,cpu,4096,7,1012567525855457,19269,1012567525969030,113573
zenoh,3,intra_process_va,cpu,4096,8,1012567625910408,17392,1012567626047572,137164
zenoh,3,intra_process_va,cpu,4096,9,1012567725764567,18531,1012567725867146,102579
zenoh,3,intra_process_va,cpu,4096,10,1012567825775145,13631,1012567825852519,77374
zenoh,3,intra_process_va,cpu,4096,11,1012567925832413,17471,1012567925935933,103520
zenoh,3,intra_process_va,cpu,4096,12,1012568025821180,15963,1012568025916227,95047
zenoh,3,intra_process_va,cpu,4096,13,1012568125823387,16304,1012568125920002,96615
zenoh,3,intra_process_va,cpu,4096,14,1012568225680149,7811,1012568225727548,47399
zenoh,3,intra_process_va,cpu,4096,15,1012568325646071,16403,1012568325735954,89883
zenoh,3,intra_process_va,cpu,4096,16,1012568425793962,17789,1012568425899559,105597
zenoh,3,intra_process_va,cpu,4096,17,1012568525837313,17308,1012568525942597,105284
zenoh,3,intra_process_va,cpu,4096,18,1012568625848385,17460,1012568625957419,109034
zenoh,3,intra_process_va,cpu,4096,19,1012568725862449,17364,1012568725967580,105131
zenoh,3,intra_process_va,memfd,16384,0,1012570379889513,17491,1012570380058773,169260
zenoh,3,intra_process_va,memfd,16384,1,1012570479854360,16655,1012570479961294,106934
zenoh,3,intra_process_va,memfd,16384,2,1012570579835957,14670,1012570579935303,99346
zenoh,3,intra_process_va,memfd,16384,3,1012570679831664,12184,1012570679911206,79542
zenoh,3,intra_process_va,memfd,16384,4,1012570779820158,10487,1012570779890150,69992
zenoh,3,intra_process_va,memfd,16384,5,1012570879815797,15425,1012570879917022,101225
zenoh,3,intra_process_va,memfd,16384,6,1012570979867095,16796,1012570979972861,105766
zenoh,3,intra_process_va,memfd,16384,7,1012571079886243,17642,1012571079997499,111256
zenoh,3,intra_process_va,memfd,16384,8,1012571179855798,15754,1012571179959398,103600
zenoh,3,intra_process_va,memfd,16384,9,1012571279890277,16437,1012571280090749,200472
zenoh,3,intra_process_va,memfd,16384,10,1012571379855612,13376,1012571379950453,94841
zenoh,3,intra_process_va,memfd,16384,11,1012571479731130,16178,1012571479843165,112035
zenoh,3,intra_process_va,memfd,16384,12,1012571579867690,14479,1012571579969967,102277
zenoh,3,intra_process_va,memfd,16384,13,1012571679914295,16359,1012571680053935,139640
zenoh,3,intra_process_va,memfd,16384,14,1012571779856965,13984,1012571779951732,94767
zenoh,3,intra_process_va,memfd,16384,15,1012571879836388,11002,1012571879915049,78661
zenoh,3,intra_process_va,memfd,16384,16,1012571979828612,11458,1012571979908184,79572
zenoh,3,intra_process_va,memfd,16384,17,1012572079788866,13354,1012572079882483,93617
zenoh,3,intra_process_va,memfd,16384,18,1012572179901206,16232,1012572180046943,145737
zenoh,3,intra_process_va,memfd,16384,19,1012572279883373,16073,1012572279994913,111540
zenoh,3,intra_process_va,cpu,65536,0,1012573946856156,19293,1012573946966846,110690
zenoh,3,intra_process_va,cpu,65536,1,1012574046876703,18597,1012574046981730,105027
zenoh,3,intra_process_va,cpu,65536,2,1012574146906161,20176,1012574147055835,149674
zenoh,3,intra_process_va,cpu,65536,3,1012574247179352,10295,1012574247234653,55301
zenoh,3,intra_process_va,cpu,65536,4,1012574346644590,5691,1012574346676479,31889
zenoh,3,intra_process_va,cpu,65536,5,1012574446596441,6134,1012574446626186,29745
zenoh,3,intra_process_va,cpu,65536,6,1012574546781552,14962,1012574546864406,82854
zenoh,3,intra_process_va,cpu,65536,7,1012574646799290,9969,1012574646856269,56979
zenoh,3,intra_process_va,cpu,65536,8,1012574746882371,19052,1012574746989546,107175
zenoh,3,intra_process_va,cpu,65536,9,1012574846859162,17087,1012574846953948,94786
zenoh,3,intra_process_va,cpu,65536,10,1012574946859163,15924,1012574946952283,93120
zenoh,3,intra_process_va,cpu,65536,11,1012575046870802,14182,1012575046951065,80263
zenoh,3,intra_process_va,cpu,65536,12,1012575146691621,14631,1012575146765283,73662
zenoh,3,intra_process_va,cpu,65536,13,1012575248476592,18819,1012575248572987,96395
zenoh,3,intra_process_va,cpu,65536,14,1012575346904473,19443,1012575347066419,161946
zenoh,3,intra_process_va,cpu,65536,15,1012575446896928,19881,1012575447080116,183188
zenoh,3,intra_process_va,cpu,65536,16,1012575546874582,18314,1012575546980875,106293
zenoh,3,intra_process_va,cpu,65536,17,1012575646856301,10682,1012575646915962,59661
zenoh,3,intra_process_va,cpu,65536,18,1012575746875680,18450,1012575747045317,169637
zenoh,3,intra_process_va,cpu,65536,19,1012575846878948,18184,1012575846983633,104685
zenoh,3,inter_process,cpu,262144,0,1012580465905580,988264,1012580467608750,1703170
zenoh,3,inter_process,cpu,262144,1,1012580565969398,1345138,1012580567968299,1998901
zenoh,3,inter_process,cpu,262144,2,1012580665958049,1227253,1012580667907056,1949007
zenoh,3,inter_process,cpu,262144,3,1012580765943177,1119390,1012580767839206,1896029
zenoh,3,inter_process,cpu,262144,4,1012580865934292,1159957,1012580867806997,1872705
zenoh,3,inter_process,cpu,262144,5,1012580965939028,1104008,1012580967717062,1778034
zenoh,3,inter_process,cpu,262144,6,1012581065940616,922912,1012581067546032,1605416
zenoh,3,inter_process,cpu,262144,7,1012581165929331,995185,1012581167539303,1609972
zenoh,3,inter_process,cpu,262144,8,1012581265871310,969194,1012581267493664,1622354
zenoh,3,inter_process,cpu,262144,9,1012581366062656,1317365,1012581368194761,2132105
zenoh,3,inter_process,cpu,262144,10,1012581465993145,1385143,1012581468189346,2196201
zenoh,3,inter_process,cpu,262144,11,1012581565975308,1182014,1012581567905454,1930146
zenoh,3,inter_process,cpu,262144,12,1012581665956676,1132951,1012581667833329,1876653
zenoh,3,inter_process,cpu,262144,13,1012581765954709,1163626,1012581767860676,1905967
zenoh,3,inter_process,cpu,262144,14,1012581865861813,619431,1012581866913366,1051553
zenoh,3,inter_process,cpu,262144,15,1012581965957060,1221921,1012581967861239,1904179
zenoh,3,inter_process,cpu,262144,16,1012582065980713,1252982,1012582067926402,1945689
zenoh,3,inter_process,cpu,262144,17,1012582165980270,1123654,1012582167842211,1861941
zenoh,3,inter_process,cpu,262144,18,1012582265787843,960038,1012582267502398,1714555
zenoh,3,inter_process,cpu,262144,19,1012582365950683,1256110,1012582367878699,1928016
zenoh,3,intra_process_va,cpu,1024,0,1012584092858107,13481,1012584092939490,81383
zenoh,3,intra_process_va,cpu,1024,1,1012584192852530,12751,1012584192933000,80470
zenoh,3,intra_process_va,cpu,1024,2,1012584292855551,13200,1012584292941159,85608
zenoh,3,intra_process_va,cpu,1024,3,1012584392720487,16228,1012584392821644,101157
zenoh,3,intra_process_va,cpu,1024,4,1012584492883778,18015,1012584492988932,105154
zenoh,3,intra_process_va,cpu,1024,5,1012584592728232,35948,1012584592851938,123706
zenoh,3,intra_process_va,cpu,1024,6,1012584692914787,18132,1012584693075666,160879
zenoh,3,intra_process_va,cpu,1024,7,1012584792888743,18237,1012584793054430,165687
zenoh,3,intra_process_va,cpu,1024,8,1012584892910358,19089,1012584893056533,146175
zenoh,3,intra_process_va,cpu,1024,9,1012584992890494,18004,1012584992995977,105483
zenoh,3,intra_process_va,cpu,1024,10,1012585092816705,17610,1012585092918021,101316
zenoh,3,intra_process_va,cpu,1024,11,1012585192865435,15700,1012585192963503,98068
zenoh,3,intra_process_va,cpu,1024,12,1012585292875830,16722,1012585292973710,97880
zenoh,3,intra_process_va,cpu,1024,13,1012585392880061,16263,1012585392978880,98819
zenoh,3,intra_process_va,cpu,1024,14,1012585492893201,14725,1012585492983624,90423
zenoh,3,intra_process_va,cpu,1024,15,1012585592825338,14425,1012585592913293,87955
zenoh,3,intra_process_va,cpu,1024,16,1012585692913606,18835,1012585693088115,174509
zenoh,3,intra_process_va,cpu,1024,17,1012585792976283,19250,1012585793125513,149230
zenoh,3,intra_process_va,cpu,1024,18,1012585892906207,18768,1012585893066368,160161
zenoh,3,intra_process_va,cpu,1024,19,1012585992919062,18389,1012585993086654,167592
zenoh,3,intra_process_va,memfd,1024,0,1012587639609135,5525,1012587639643452,34317
zenoh,3,intra_process_va,memfd,1024,1,1012587739729909,13972,1012587739823781,93872
zenoh,3,intra_process_va,memfd,1024,2,1012587839868708,13496,1012587839958788,90080
zenoh,3,intra_process_va,memfd,1024,3,1012587939850364,11153,1012587939927766,77402
zenoh,3,intra_process_va,memfd,1024,4,1012588041107409,17786,1012588041206443,99034
zenoh,3,intra_process_va,memfd,1024,5,1012588139907411,16424,1012588140052208,144797
zenoh,3,intra_process_va,memfd,1024,6,1012588239917287,18807,1012588240089042,171755
zenoh,3,intra_process_va,memfd,1024,7,1012588339909816,16048,1012588340067136,157320
zenoh,3,intra_process_va,memfd,1024,8,1012588439912671,15927,1012588440057612,144941
zenoh,3,intra_process_va,memfd,1024,9,1012588539889456,15460,1012588539991223,101767
zenoh,3,intra_process_va,memfd,1024,10,1012588639800486,5220,1012588639837444,36958
zenoh,3,intra_process_va,memfd,1024,11,1012588739710874,14863,1012588739808563,97689
zenoh,3,intra_process_va,memfd,1024,12,1012588839888170,15542,1012588839990642,102472
zenoh,3,intra_process_va,memfd,1024,13,1012588939880235,14247,1012588939975149,94914
zenoh,3,intra_process_va,memfd,1024,14,1012589039869850,13449,1012589039963456,93606
zenoh,3,intra_process_va,memfd,1024,15,1012589139810936,10032,1012589139880032,69096
zenoh,3,intra_process_va,memfd,1024,16,1012589239695820,13218,1012589239774608,78788
zenoh,3,intra_process_va,memfd,1024,17,1012589339899824,16745,1012589340050582,150758
zenoh,3,intra_process_va,memfd,1024,18,1012589439899947,17047,1012589440055623,155676
zenoh,3,intra_process_va,memfd,1024,19,1012589539881963,15213,1012589539989821,107858
zenoh,3,inter_process,cpu,64,0,1012594165908857,174727,1012594166819703,910846
zenoh,3,inter_process,cpu,64,1,1012594265876400,159355,1012594266775376,898976
zenoh,3,inter_process,cpu,64,2,1012594365836561,101460,1012594366580144,743583
zenoh,3,inter_process,cpu,64,3,1012594465827757,93644,1012594466424071,596314
zenoh,3,inter_process,cpu,64,4,1012594565675833,106763,1012594566378918,703085
zenoh,3,inter_process,cpu,64,5,1012594665911753,167004,1012594666863875,952122
zenoh,3,inter_process,cpu,64,6,1012594765897669,179000,1012594766977195,1079526
zenoh,3,inter_process,cpu,64,7,1012594865902783,183396,1012594866858809,956026
zenoh,3,inter_process,cpu,64,8,1012594965891281,180301,1012594966894453,1003172
zenoh,3,inter_process,cpu,64,9,1012595065888272,184856,1012595066853665,965393
zenoh,3,inter_process,cpu,64,10,1012595165884857,162661,1012595166791516,906659
zenoh,3,inter_process,cpu,64,11,1012595265941140,173785,1012595266910623,969483
zenoh,3,inter_process,cpu,64,12,1012595365888565,178320,1012595366864958,976393
zenoh,3,inter_process,cpu,64,13,1012595465871411,127852,1012595466753943,882532
zenoh,3,inter_process,cpu,64,14,1012595565868797,126924,1012595566700319,831522
zenoh,3,inter_process,cpu,64,15,1012595665847013,103869,1012595666580109,733096
zenoh,3,inter_process,cpu,64,16,1012595765860596,118870,1012595766568378,707782
zenoh,3,inter_process,cpu,64,17,1012595865762018,133816,1012595866673107,911089
zenoh,3,inter_process,cpu,64,18,1012595965887564,170556,1012595966766351,878787
zenoh,3,inter_process,cpu,64,19,1012596065883927,158960,1012596066813392,929465
zenoh,3,inter_process,cpu,16777216,0,1012600786751988,7432453,1012600803831092,17079104
zenoh,3,inter_process,cpu,16777216,1,1012600886787272,7341687,1012600903712281,16925009
zenoh,3,inter_process,cpu,16777216,2,1012600987319335,6807257,1012601003701772,16382437
zenoh,3,inter_process,cpu,16777216,3,1012601087309074,6774938,1012601103620515,16311441
zenoh,3,inter_process,cpu,16777216,4,1012601187432889,6790400,1012601203776536,16343647
zenoh,3,inter_process,cpu,16777216,5,1012601287096465,7029533,1012601303709132,16612667
zenoh,3,inter_process,cpu,16777216,6,1012601387123821,7163831,1012601403817497,16693676
zenoh,3,inter_process,cpu,16777216,7,1012601487094338,7037875,1012601503681439,16587101
zenoh,3,inter_process,cpu,16777216,8,1012601586303417,12493372,1012601608425396,22121979
zenoh,3,inter_process,cpu,16777216,9,1012601686712942,7401093,1012601703620672,16907730
zenoh,3,inter_process,cpu,16777216,10,1012601785212080,10773328,1012601805999551,20787471
zenoh,3,inter_process,cpu,16777216,11,1012601886036483,7832527,1012601903397539,17361056
zenoh,3,inter_process,cpu,16777216,12,1012601985504745,11813189,1012602006957464,21452719
zenoh,3,inter_process,cpu,16777216,13,1012602086769735,6932206,1012602103221852,16452117
zenoh,3,inter_process,cpu,16777216,14,1012602187795367,12704683,1012602210037117,22241750
zenoh,3,inter_process,cpu,16777216,15,1012602287576197,6798275,1012602303885902,16309705
zenoh,3,inter_process,cpu,16777216,16,1012602387513368,12841937,1012602409893869,22380501
zenoh,3,inter_process,cpu,16777216,17,1012602487051747,6880102,1012602503438792,16387045
zenoh,3,inter_process,cpu,16777216,18,1012602587471804,12867907,1012602609841165,22369361
zenoh,3,inter_process,cpu,16777216,19,1012602687241555,6839399,1012602703585056,16343501
zenoh,3,inter_process,memfd,1024,0,1012607403076488,118480,1012607403756662,680174
zenoh,3,inter_process,memfd,1024,1,1012607502996311,237238,1012607504403784,1407473
zenoh,3,inter_process,memfd,1024,2,1012607603158812,160846,1012607604182499,1023687
zenoh,3,inter_process,memfd,1024,3,1012607703201881,178719,1012607704313775,1111894
zenoh,3,inter_process,memfd,1024,4,1012607803147933,161822,1012607804157691,1009758
zenoh,3,inter_process,memfd,1024,5,1012607903163801,186353,1012607904222737,1058936
zenoh,3,inter_process,memfd,1024,6,1012608003146261,162874,1012608004133920,987659
zenoh,3,inter_process,memfd,1024,7,1012608103151467,164082,1012608104137847,986380
zenoh,3,inter_process,memfd,1024,8,1012608203143474,161908,1012608204092588,949114
zenoh,3,inter_process,memfd,1024,9,1012608303154936,160537,1012608304097467,942531
zenoh,3,inter_process,memfd,1024,10,1012608403090205,150516,1012608403932153,841948
zenoh,3,inter_process,memfd,1024,11,1012608503143114,151168,1012608504025599,882485
zenoh,3,inter_process,memfd,1024,12,1012608603121593,144023,1012608603925551,803958
zenoh,3,inter_process,memfd,1024,13,1012608703085335,145378,1012608703917068,831733
zenoh,3,inter_process,memfd,1024,14,1012608803172525,209706,1012608805429670,2257145
zenoh,3,inter_process,memfd,1024,15,1012608903147787,162773,1012608904184289,1036502
zenoh,3,inter_process,memfd,1024,16,1012609003165955,160759,1012609004218186,1052231
zenoh,3,inter_process,memfd,1024,17,1012609103176308,181441,1012609104304161,1127853
zenoh,3,inter_process,memfd,1024,18,1012609203142652,163524,1012609204108182,965530
zenoh,3,inter_process,memfd,1024,19,1012609303174579,165468,1012609304090596,916017
zenoh,3,intra_process_va,cpu,64,0,1012612128876958,17151,1012612128979644,102686
zenoh,3,intra_process_va,cpu,64,1,1012612228873798,17981,1012612228978132,104334
zenoh,3,intra_process_va,cpu,64,2,1012612328879548,17604,1012612328981726,102178
zenoh,3,intra_process_va,cpu,64,3,1012612428902997,16502,1012612429036168,133171
zenoh,3,intra_process_va,cpu,64,4,1012612528947251,16519,1012612529077896,130645
zenoh,3,intra_process_va,cpu,64,5,1012612628859447,17000,1012612628951566,92119
zenoh,3,intra_process_va,cpu,64,6,1012612728840852,11629,1012612728911330,70478
zenoh,3,intra_process_va,cpu,64,7,1012612828747605,21396,1012612828859842,112237
zenoh,3,intra_process_va,cpu,64,8,1012612928864718,17534,1012612928967409,102691
zenoh,3,intra_process_va,cpu,64,9,1012613028883680,17714,1012613028987685,104005
zenoh,3,intra_process_va,cpu,64,10,1012613128897663,19818,1012613129057589,159926
zenoh,3,intra_process_va,cpu,64,11,1012613228949033,19551,1012613229097711,148678
zenoh,3,intra_process_va,cpu,64,12,1012613328873768,17691,1012613328975998,102230
zenoh,3,intra_process_va,cpu,64,13,1012613428902422,19746,1012613429051157,148735
zenoh,3,intra_process_va,cpu,64,14,1012613528864005,15613,1012613528957310,93305
zenoh,3,intra_process_va,cpu,64,15,1012613628933604,16209,1012613629073641,140037
zenoh,3,intra_process_va,cpu,64,16,1012613728864367,15169,1012613728954630,90263
zenoh,3,intra_process_va,cpu,64,17,1012613828861768,15025,1012613828949536,87768
zenoh,3,intra_process_va,cpu,64,18,1012613928763588,22714,1012613928885952,122364
zenoh,3,intra_process_va,cpu,64,19,1012614028899591,19069,1012614029053839,154248
zenoh,3,inter_process,cpu,4096,0,1012618648820246,254189,1012618649290342,470096
zenoh,3,inter_process,cpu,4096,1,1012618748879453,164592,1012618749793717,914264
zenoh,3,inter_process,cpu,4096,2,1012618848805192,125590,1012618849632745,827553
zenoh,3,inter_process,cpu,4096,3,1012618948849117,103727,1012618949522523,673406
zenoh,3,inter_process,cpu,4096,4,1012619048855270,105354,1012619049530667,675397
zenoh,3,inter_process,cpu,4096,5,1012619148914208,200042,1012619149906360,992152
zenoh,3,inter_process,cpu,4096,6,1012619248884367,194711,1012619249915222,1030855
zenoh,3,inter_process,cpu,4096,7,1012619348884826,161479,1012619349784451,899625
zenoh,3,inter_process,cpu,4096,8,1012619448880604,173892,1012619449804853,924249
zenoh,3,inter_process,cpu,4096,9,1012619548882980,168154,1012619549786494,903514
zenoh,3,inter_process,cpu,4096,10,1012619648868978,120841,1012619649662227,793249
zenoh,3,inter_process,cpu,4096,11,1012619748916839,166836,1012619749813357,896518
zenoh,3,inter_process,cpu,4096,12,1012619848704329,119968,1012619849504133,799804
zenoh,3,inter_process,cpu,4096,13,1012619948878406,155719,1012619949727110,848704
zenoh,3,inter_process,cpu,4096,14,1012620048876883,166860,1012620049730263,853380
zenoh,3,inter_process,cpu,4096,15,1012620148854301,105396,1012620149526759,672458
zenoh,3,inter_process,cpu,4096,16,1012620248850691,103928,1012620249522072,671381
zenoh,3,inter_process,cpu,4096,17,1012620348704295,122897,1012620349497957,793662
zenoh,3,inter_process,cpu,4096,18,1012620448881935,161032,1012620449791676,909741
zenoh,3,inter_process,cpu,4096,19,1012620548895765,198225,1012620549910611,1014846
zenoh,3,inter_process,cpu,1024,0,1012625264884202,150800,1012625265715924,831722
zenoh,3,inter_process,cpu,1024,1,1012625364868414,120408,1012625365662861,794447
zenoh,3,inter_process,cpu,1024,2,1012625464865652,123762,1012625465606456,740804
zenoh,3,inter_process,cpu,1024,3,1012625564710662,133220,1012625565464631,753969
zenoh,3,inter_process,cpu,1024,4,1012625664913369,197527,1012625665865169,951800
zenoh,3,inter_process,cpu,1024,5,1012625764922105,188175,1012625765883596,961491
zenoh,3,inter_process,cpu,1024,6,1012625864900047,185731,1012625865899945,999898
zenoh,3,inter_process,cpu,1024,7,1012625964917529,200823,1012625965931195,1013666
zenoh,3,inter_process,cpu,1024,8,1012626064890670,163089,1012626065818348,927678
zenoh,3,inter_process,cpu,1024,9,1012626164900766,195439,1012626165885438,984672
zenoh,3,inter_process,cpu,1024,10,1012626264901433,188702,1012626265908032,1006599
zenoh,3,inter_process,cpu,1024,11,1012626364889982,160582,1012626365804752,914770
zenoh,3,inter_process,cpu,1024,12,1012626464889003,161383,1012626465781974,892971
zenoh,3,inter_process,cpu,1024,13,1012626564890314,176506,1012626565816135,925821
zenoh,3,inter_process,cpu,1024,14,1012626665012982,125023,1012626665842620,829638
zenoh,3,inter_process,cpu,1024,15,1012626764883669,186517,1012626765852817,969148
zenoh,3,inter_process,cpu,1024,16,1012626864916095,197164,1012626865971853,1055758
zenoh,3,inter_process,cpu,1024,17,1012626964943853,180364,1012626965908034,964181
zenoh,3,inter_process,cpu,1024,18,1012627064972243,178131,1012627065935518,963275
zenoh,3,inter_process,cpu,1024,19,1012627164892147,161801,1012627165807094,914947
zenoh,3,inter_process,memfd,4194304,0,1012631885073734,236712,1012631885988916,915182
zenoh,3,inter_process,memfd,4194304,1,1012631984985897,225741,1012631986025974,1040077
zenoh,3,inter_process,memfd,4194304,2,1012632084965731,176876,1012632085846966,881235
zenoh,3,inter_process,memfd,4194304,3,1012632184985330,215011,1012632185946932,961602
zenoh,3,inter_process,memfd,4194304,4,1012632284988955,216284,1012632285970451,981496
zenoh,3,inter_process,memfd,4194304,5,1012632384665697,120717,1012632385321648,655951
zenoh,3,inter_process,memfd,4194304,6,1012632484770779,147924,1012632485531780,761001
zenoh,3,inter_process,memfd,4194304,7,1012632584965051,181961,1012632585822987,857936
zenoh,3,inter_process,memfd,4194304,8,1012632684715146,127527,1012632685347646,632500
zenoh,3,inter_process,memfd,4194304,9,1012632784706975,121726,1012632785351747,644772
zenoh,3,inter_process,memfd,4194304,10,1012632884998135,224897,1012632885995618,997483
zenoh,3,inter_process,memfd,4194304,11,1012632984807789,163631,1012632985646884,839095
zenoh,3,inter_process,memfd,4194304,12,1012633084949707,197964,1012633085854584,904877
zenoh,3,inter_process,memfd,4194304,13,1012633185136652,179745,1012633186093618,956966
zenoh,3,inter_process,memfd,4194304,14,1012633285058231,176291,1012633286033324,975093
zenoh,3,inter_process,memfd,4194304,15,1012633385031324,171966,1012633385973100,941776
zenoh,3,inter_process,memfd,4194304,16,1012633485041608,173980,1012633485932854,891246
zenoh,3,inter_process,memfd,4194304,17,1012633584936477,197544,1012633585785368,848891
zenoh,3,inter_process,memfd,4194304,18,1012633684952354,177742,1012633685847109,894755
zenoh,3,inter_process,memfd,4194304,19,1012633785153147,191460,1012633786264582,1111435
zenoh,3,intra_process_va,memfd,4194304,0,1012636619873066,26760,1012636620022567,149501
zenoh,3,intra_process_va,memfd,4194304,1,1012636719756663,23713,1012636719876009,119346
zenoh,3,intra_process_va,memfd,4194304,2,1012636819871813,27591,1012636820020896,149083
zenoh,3,intra_process_va,memfd,4194304,3,1012636919717111,23828,1012636919831054,113943
zenoh,3,intra_process_va,memfd,4194304,4,1012637019709134,23064,1012637019821727,112593
zenoh,3,intra_process_va,memfd,4194304,5,1012637119731599,24818,1012637119845067,113468
zenoh,3,intra_process_va,memfd,4194304,6,1012637219759400,23681,1012637219871227,111827
zenoh,3,intra_process_va,memfd,4194304,7,1012637319720573,24381,1012637319833581,113008
zenoh,3,intra_process_va,memfd,4194304,8,1012637419714182,23550,1012637419827542,113360
zenoh,3,intra_process_va,memfd,4194304,9,1012637519836908,25117,1012637519950559,113651
zenoh,3,intra_process_va,memfd,4194304,10,1012637619755768,23401,1012637619868802,113034
zenoh,3,intra_process_va,memfd,4194304,11,1012637719489829,19384,1012637719586377,96548
zenoh,3,intra_process_va,memfd,4194304,12,1012637819668207,21709,1012637819770473,102266
zenoh,3,intra_process_va,memfd,4194304,13,1012637919729323,26277,1012637919855994,126671
zenoh,3,intra_process_va,memfd,4194304,14,1012638019486968,19997,1012638019581786,94818
zenoh,3,intra_process_va,memfd,4194304,15,1012638119755036,23443,1012638119868316,113280
zenoh,3,intra_process_va,memfd,4194304,16,1012638219478710,18974,1012638219573534,94824
zenoh,3,intra_process_va,memfd,4194304,17,1012638319839249,24983,1012638320061856,222607
zenoh,3,intra_process_va,memfd,4194304,18,1012638419915963,28144,1012638420080605,164642
zenoh,3,intra_process_va,memfd,4194304,19,1012638519745591,23481,1012638519858094,112503
zenoh,3,inter_process,cpu,65536,0,1012643140957881,248278,1012643142204238,1246357
zenoh,3,inter_process,cpu,65536,1,1012643241084155,195744,1012643242117794,1033639
zenoh,3,inter_process,cpu,65536,2,1012643341053519,185405,1012643342065378,1011859
zenoh,3,inter_process,cpu,65536,3,1012643440938734,214428,1012643441914807,976073
zenoh,3,inter_process,cpu,65536,4,1012643540942813,222471,1012643542143329,1200516
zenoh,3,inter_process,cpu,65536,5,1012643640860285,69554,1012643641258630,398345
zenoh,3,inter_process,cpu,65536,6,1012643740770542,212959,1012643741991847,1221305
zenoh,3,inter_process,cpu,65536,7,1012643840957797,235217,1012643842250813,1293016
zenoh,3,inter_process,cpu,65536,8,1012643940963854,243359,1012643942269955,1306101
zenoh,3,inter_process,cpu,65536,9,1012644041151981,651107,1012644042444775,1292794
zenoh,3,inter_process,cpu,65536,10,1012644140979697,234763,1012644142172635,1192938
zenoh,3,inter_process,cpu,65536,11,1012644240966311,251499,1012644242363244,1396933
zenoh,3,inter_process,cpu,65536,12,1012644340890860,225837,1012644341957511,1066651
zenoh,3,inter_process,cpu,65536,13,1012644440906928,215563,1012644442099731,1192803
zenoh,3,inter_process,cpu,65536,14,1012644540962972,248651,1012644542247171,1284199
zenoh,3,inter_process,cpu,65536,15,1012644640814414,79118,1012644641288474,474060
zenoh,3,inter_process,cpu,65536,16,1012644740965666,236660,1012644742183160,1217494
zenoh,3,inter_process,cpu,65536,17,1012644840971730,275034,1012644842375435,1403705
zenoh,3,inter_process,cpu,65536,18,1012644940945701,250769,1012644942317868,1372167
zenoh,3,inter_process,cpu,65536,19,1012645040955849,249916,1012645042316910,1361061
zenoh,3,inter_process,memfd,262144,0,1012649745199769,460809,1012649746107579,907810
zenoh,3,inter_process,memfd,262144,1,1012649845197287,167652,1012649846150492,953205
zenoh,3,inter_process,memfd,262144,2,1012649945197443,163632,1012649946180395,982952
zenoh,3,inter_process,memfd,262144,3,1012650045241862,178971,1012650046250367,1008505
zenoh,3,inter_process,memfd,262144,4,1012650145220583,175528,1012650146241294,1020711
zenoh,3,inter_process,memfd,262144,5,1012650245259991,190604,1012650246249463,989472
zenoh,3,inter_process,memfd,262144,6,1012650345228479,178297,1012650346248418,1019939
zenoh,3,inter_process,memfd,262144,7,1012650445216249,164899,1012650446164492,948243
zenoh,3,inter_process,memfd,262144,8,1012650545214191,188576,1012650546415913,1201722
zenoh,3,inter_process,memfd,262144,9,1012650645076602,72933,1012650645472414,395812
zenoh,3,inter_process,memfd,262144,10,1012650745240523,167404,1012650746217569,977046
zenoh,3,inter_process,memfd,262144,11,1012650845184058,154082,1012650846094395,910337
zenoh,3,inter_process,memfd,262144,12,1012650945210574,164996,1012650946159259,948685
zenoh,3,inter_process,memfd,262144,13,1012651045214498,163310,1012651046199995,985497
zenoh,3,inter_process,memfd,262144,14,1012651145224364,152688,1012651146108820,884456
zenoh,3,inter_process,memfd,262144,15,1012651245174879,143440,1012651245979403,804524
zenoh,3,inter_process,memfd,262144,16,1012651345025248,162010,1012651345994622,969374
zenoh,3,inter_process,memfd,262144,17,1012651445225187,182394,1012651446230484,1005297
zenoh,3,inter_process,memfd,262144,18,1012651545220141,165087,1012651546182351,962210
zenoh,3,inter_process,memfd,262144,19,1012651645088336,72319,1012651645486229,397893
zenoh,3,intra_process_va,cpu,16384,0,1012654469928419,18768,1012654470087623,159204
zenoh,3,intra_process_va,cpu,16384,1,1012654569920855,19240,1012654570069445,148590
zenoh,3,intra_process_va,cpu,16384,2,1012654669906178,19010,1012654670066001,159823
zenoh,3,intra_process_va,cpu,16384,3,1012654769901716,18962,1012654770053916,152200
zenoh,3,intra_process_va,cpu,16384,4,1012654869893037,18089,1012654869998657,105620
zenoh,3,intra_process_va,cpu,16384,5,1012654969905677,19948,1012654970079840,174163
zenoh,3,intra_process_va,cpu,16384,6,1012655069940618,20230,1012655070104816,164198
zenoh,3,intra_process_va,cpu,16384,7,1012655169902301,19183,1012655170051393,149092
zenoh,3,intra_process_va,cpu,16384,8,1012655269936283,18238,1012655270100807,164524
zenoh,3,intra_process_va,cpu,16384,9,1012655369888157,17775,1012655369992712,104555
zenoh,3,intra_process_va,cpu,16384,10,1012655469887567,17994,1012655470055602,168035
zenoh,3,intra_process_va,cpu,16384,11,1012655569905667,19884,1012655570068518,162851
zenoh,3,intra_process_va,cpu,16384,12,1012655669882158,18196,1012655669988422,106264
zenoh,3,intra_process_va,cpu,16384,13,1012655769932191,18002,1012655770103255,171064
zenoh,3,intra_process_va,cpu,16384,14,1012655869907633,17959,1012655870070289,162656
zenoh,3,intra_process_va,cpu,16384,15,1012655969893037,17458,1012655970074788,181751
zenoh,3,intra_process_va,cpu,16384,16,1012656069938600,16904,1012656070068928,130328
zenoh,3,intra_process_va,cpu,16384,17,1012656169879496,15711,1012656169976160,96664
zenoh,3,intra_process_va,cpu,16384,18,1012656269881951,18385,1012656270056785,174834
zenoh,3,intra_process_va,cpu,16384,19,1012656369897933,19354,1012656370073658,175725
zenoh,3,inter_process,memfd,65536,0,1012661006177304,154373,1012661007054563,877259
zenoh,3,inter_process,memfd,65536,1,1012661106186810,166212,1012661107136050,949240
zenoh,3,inter_process,memfd,65536,2,1012661206182141,173137,1012661207156763,974622
zenoh,3,inter_process,memfd,65536,3,1012661306168913,163056,1012661307118829,949916
zenoh,3,inter_process,memfd,65536,4,1012661406123215,161453,1012661407035690,912475
zenoh,3,inter_process,memfd,65536,5,1012661505971890,237820,1012661507104178,1132288
zenoh,3,inter_process,memfd,65536,6,1012661606240476,192616,1012661607376973,1136497
zenoh,3,inter_process,memfd,65536,7,1012661706190862,195985,1012661707331416,1140554
zenoh,3,inter_process,memfd,65536,8,1012661806192557,193292,1012661807319229,1126672
zenoh,3,inter_process,memfd,65536,9,1012661906192233,193349,1012661907329153,1136920
zenoh,3,inter_process,memfd,65536,10,1012662006178129,197782,1012662007181299,1003170
zenoh,3,inter_process,memfd,65536,11,1012662106180768,167629,1012662107131136,950368
zenoh,3,inter_process,memfd,65536,12,1012662206209966,194994,1012662207342848,1132882
zenoh,3,inter_process,memfd,65536,13,1012662306173395,165525,1012662307125099,951704
zenoh,3,inter_process,memfd,65536,14,1012662406171549,176092,1012662407200616,1029067
zenoh,3,inter_process,memfd,65536,15,1012662506194721,196191,1012662507336584,1141863
zenoh,3,inter_process,memfd,65536,16,1012662606169218,164492,1012662607127919,958701
zenoh,3,inter_process,memfd,65536,17,1012662706200579,219890,1012662707264487,1063908
zenoh,3,inter_process,memfd,65536,18,1012662806156321,168505,1012662807131969,975648
zenoh,3,inter_process,memfd,65536,19,1012662906178553,165257,1012662907128768,950215
zenoh,3,intra_process_va,cpu,1048576,0,1012665714886113,16522,1012665714966688,80575
zenoh,3,intra_process_va,cpu,1048576,1,1012665816414276,22079,1012665816514221,99945
zenoh,3,intra_process_va,cpu,1048576,2,1012665915199911,23319,1012665915308032,108121
zenoh,3,intra_process_va,cpu,1048576,3,1012666015195556,23763,1012666015305345,109789
zenoh,3,intra_process_va,cpu,1048576,4,1012666115237700,23480,1012666115346828,109128
zenoh,3,intra_process_va,cpu,1048576,5,1012666215200287,23981,1012666215309851,109564
zenoh,3,intra_process_va,cpu,1048576,6,1012666314968285,16834,1012666315085779,117494
zenoh,3,intra_process_va,cpu,1048576,7,1012666415191563,23725,1012666415298865,107302
zenoh,3,intra_process_va,cpu,1048576,8,1012666515224731,23828,1012666515339464,114733
zenoh,3,intra_process_va,cpu,1048576,9,1012666615303385,24583,1012666615420336,116951
zenoh,3,intra_process_va,cpu,1048576,10,1012666715256194,25817,1012666715375787,119593
zenoh,3,intra_process_va,cpu,1048576,11,1012666815184879,21371,1012666815292072,107193
zenoh,3,intra_process_va,cpu,1048576,12,1012666915150357,21744,1012666915258653,108296
zenoh,3,intra_process_va,cpu,1048576,13,1012667015117794,20540,1012667015220884,103090
zenoh,3,intra_process_va,cpu,1048576,14,1012667115131277,19754,1012667115227332,96055
zenoh,3,intra_process_va,cpu,1048576,15,1012667215983206,36036,1012667216102510,119304
zenoh,3,intra_process_va,cpu,1048576,16,1012667315227121,23685,1012667315342265,115144
zenoh,3,intra_process_va,cpu,1048576,17,1012667415191525,23515,1012667415301736,110211
zenoh,3,intra_process_va,cpu,1048576,18,1012667515191835,23014,1012667515301106,109271
zenoh,3,intra_process_va,cpu,1048576,19,1012667615212656,23241,1012667615321912,109256
zenoh,3,intra_process_va,memfd,64,0,1012669257847675,11676,1012669257930675,83000
zenoh,3,intra_process_va,memfd,64,1,1012669357746279,12301,1012669357824768,78489
zenoh,3,intra_process_va,memfd,64,2,1012669457932368,14669,1012669458163704,231336
zenoh,3,intra_process_va,memfd,64,3,1012669557940084,14710,1012669558082988,142904
zenoh,3,intra_process_va,memfd,64,4,1012669657952710,14126,1012669658078321,125611
zenoh,3,intra_process_va,memfd,64,5,1012669757951337,16841,1012669758120891,169554
zenoh,3,intra_process_va,memfd,64,6,1012669857931528,15885,1012669858071473,139945
zenoh,3,intra_process_va,memfd,64,7,1012669957937733,14723,1012669958087895,150162
zenoh,3,intra_process_va,memfd,64,8,1012670057901638,13707,1012670058024761,123123
zenoh,3,intra_process_va,memfd,64,9,1012670157948482,14606,1012670158074642,126160
zenoh,3,intra_process_va,memfd,64,10,1012670257896655,11469,1012670257973633,76978
zenoh,3,intra_process_va,memfd,64,11,1012670357894501,10462,1012670357971617,77116
zenoh,3,intra_process_va,memfd,64,12,1012670457790702,16770,1012670457905969,115267
zenoh,3,intra_process_va,memfd,64,13,1012670557956990,15215,1012670558089767,132777
zenoh,3,intra_process_va,memfd,64,14,1012670657908612,13446,1012670658053811,145199
zenoh,3,intra_process_va,memfd,64,15,1012670757937892,14941,1012670758082036,144144
zenoh,3,intra_process_va,memfd,64,16,1012670857938334,13556,1012670858084115,145781
zenoh,3,intra_process_va,memfd,64,17,1012670957925719,15673,1012670958073686,147967
zenoh,3,intra_process_va,memfd,64,18,1012671057974262,14569,1012671058107936,133674
zenoh,3,intra_process_va,memfd,64,19,1012671157965012,14430,1012671158098837,133825
zenoh,3,intra_process_va,memfd,262144,0,1012672825987499,49909,1012672826123564,136065
zenoh,3,intra_process_va,memfd,262144,1,1012672925956707,15187,1012672926083958,127251
zenoh,3,intra_process_va,memfd,262144,2,1012673025923153,17228,1012673026060712,137559
zenoh,3,intra_process_va,memfd,262144,3,1012673125955209,17051,1012673126093895,138686
zenoh,3,intra_process_va,memfd,262144,4,1012673225953395,15254,1012673226083108,129713
zenoh,3,intra_process_va,memfd,262144,5,1012673325910893,15775,1012673326041310,130417
zenoh,3,intra_process_va,memfd,262144,6,1012673425913270,15816,1012673426041948,128678
zenoh,3,intra_process_va,memfd,262144,7,1012673525879673,12571,1012673525959656,79983
zenoh,3,intra_process_va,memfd,262144,8,1012673625927094,16443,1012673626067371,140277
zenoh,3,intra_process_va,memfd,262144,9,1012673725969724,20175,1012673726211002,241278
zenoh,3,intra_process_va,memfd,262144,10,1012673825952609,17748,1012673826099593,146984
zenoh,3,intra_process_va,memfd,262144,11,1012673925924480,17103,1012673926062186,137706
zenoh,3,intra_process_va,memfd,262144,12,1012674025944609,19609,1012674026123134,178525
zenoh,3,intra_process_va,memfd,262144,13,1012674125976895,17714,1012674126116856,139961
zenoh,3,intra_process_va,memfd,262144,14,1012674225928657,17350,1012674226070076,141419
zenoh,3,intra_process_va,memfd,262144,15,1012674325915448,15202,1012674326051142,135694
zenoh,3,intra_process_va,memfd,262144,16,1012674425907003,14407,1012674425999398,92395
zenoh,3,intra_process_va,memfd,262144,17,1012674525903163,14310,1012674525993870,90707
zenoh,3,intra_process_va,memfd,262144,18,1012674625730798,13366,1012674625815579,84781
zenoh,3,intra_process_va,memfd,262144,19,1012674725767878,20182,1012674725880144,112266
zenoh,3,inter_process,memfd,64,0,1012679335143189,157723,1012679336057914,914725
zenoh,3,inter_process,memfd,64,1,1012679435122920,182279,1012679436072941,950021
zenoh,3,inter_process,memfd,64,2,1012679535151796,165585,1012679536096279,944483
zenoh,3,inter_process,memfd,64,3,1012679634974189,46225,1012679635192330,218141
zenoh,3,inter_process,memfd,64,4,1012679735142044,166863,1012679736128948,986904
zenoh,3,inter_process,memfd,64,5,1012679835192999,166523,1012679836156603,963604
zenoh,3,inter_process,memfd,64,6,1012679935164655,179852,1012679936168624,1003969
zenoh,3,inter_process,memfd,64,7,1012680035145177,164073,1012680036118679,973502
zenoh,3,inter_process,memfd,64,8,1012680135136209,154201,1012680135985828,849619
zenoh,3,inter_process,memfd,64,9,1012680235143375,144724,1012680235942132,798757
zenoh,3,inter_process,memfd,64,10,1012680334973132,176415,1012680335832038,858906
zenoh,3,inter_process,memfd,64,11,1012680435172061,175882,1012680436196412,1024351
zenoh,3,inter_process,memfd,64,12,1012680535254056,160612,1012680536154653,900597
zenoh,3,inter_process,memfd,64,13,1012680635051840,97609,1012680635599292,547452
zenoh,3,inter_process,memfd,64,14,1012680735164696,183193,1012680736223915,1059219
zenoh,3,inter_process,memfd,64,15,1012680835187395,190204,1012680836304837,1117442
zenoh,3,inter_process,memfd,64,16,1012680935290581,153753,1012680936199273,908692
zenoh,3,inter_process,memfd,64,17,1012681035207783,176373,1012681036233116,1025333
zenoh,3,inter_process,memfd,64,18,1012681135146490,165735,1012681136099905,953415
zenoh,3,inter_process,memfd,64,19,1012681235199937,164446,1012681236129053,929116
zenoh,3,intra_process_va,cpu,16777216,0,1012684048084133,5914,1012684048111915,27782
zenoh,3,intra_process_va,cpu,16777216,1,1012684148089851,6019,1012684148117539,27688
zenoh,3,intra_process_va,cpu,16777216,2,1012684248167547,16928,1012684248238688,71141
zenoh,3,intra_process_va,cpu,16777216,3,1012684348378521,18758,1012684348456194,77673
zenoh,3,intra_process_va,cpu,16777216,4,1012684447652944,16000,1012684447724853,71909
zenoh,3,intra_process_va,cpu,16777216,5,1012684546864517,15416,1012684546930444,65927
zenoh,3,intra_process_va,cpu,16777216,6,1012684645933792,16033,1012684645993395,59603
zenoh,3,intra_process_va,cpu,16777216,7,1012684748536989,18256,1012684748577011,40022
zenoh,3,intra_process_va,cpu,16777216,8,1012684848591553,19473,1012684848671320,79767
zenoh,3,intra_process_va,cpu,16777216,9,1012684947868884,30891,1012684947922599,53715
zenoh,3,intra_process_va,cpu,16777216,10,1012685048137866,16867,1012685048208868,71002
zenoh,3,intra_process_va,cpu,16777216,11,1012685148367340,18093,1012685148448157,80817
zenoh,3,intra_process_va,cpu,16777216,12,1012685248021361,6129,1012685248050839,29478
zenoh,3,intra_process_va,cpu,16777216,13,1012685348464719,5768,1012685348492617,27898
zenoh,3,intra_process_va,cpu,16777216,14,1012685447550725,5445,1012685447577187,26462
zenoh,3,intra_process_va,cpu,16777216,15,1012685548410727,6233,1012685548439005,28278
zenoh,3,intra_process_va,cpu,16777216,16,1012685644952880,10099,1012685644996002,43122
zenoh,3,intra_process_va,cpu,16777216,17,1012685748356101,19151,1012685748435884,79783
zenoh,3,intra_process_va,cpu,16777216,18,1012685847627773,17075,1012685847699628,71855
zenoh,3,intra_process_va,cpu,16777216,19,1012685947244579,15465,1012685947308007,63428
zenoh,3,intra_process_va,cpu,262144,0,1012687612926715,14442,1012687613031181,104466
zenoh,3,intra_process_va,cpu,262144,1,1012687712904163,21318,1012687713035748,131585
zenoh,3,intra_process_va,cpu,262144,2,1012687812980627,55425,1012687813121746,141119
zenoh,3,intra_process_va,cpu,262144,3,1012687912989816,59673,1012687913142307,152491
zenoh,3,intra_process_va,cpu,262144,4,1012688012958005,20908,1012688013100858,142853
zenoh,3,intra_process_va,cpu,262144,5,1012688112975614,21728,1012688113126141,150527
zenoh,3,intra_process_va,cpu,262144,6,1012688212991834,69436,1012688213146850,155016
zenoh,3,intra_process_va,cpu,262144,7,1012688312975408,21796,1012688313124708,149300
zenoh,3,intra_process_va,cpu,262144,8,1012688412949205,20315,1012688413105464,156259
zenoh,3,intra_process_va,cpu,262144,9,1012688512919019,19099,1012688513052059,133040
zenoh,3,intra_process_va,cpu,262144,10,1012688612928551,17977,1012688613059856,131305
zenoh,3,intra_process_va,cpu,262144,11,1012688712921655,18296,1012688713063006,141351
zenoh,3,intra_process_va,cpu,262144,12,1012688812768513,16829,1012688812861002,92489
zenoh,3,intra_process_va,cpu,262144,13,1012688913269110,18708,1012688913369745,100635
zenoh,3,intra_process_va,cpu,262144,14,1012689012945509,20566,1012689013101668,156159
zenoh,3,intra_process_va,cpu,262144,15,1012689112936873,20222,1012689113077613,140740
zenoh,3,intra_process_va,cpu,262144,16,1012689212969586,20051,1012689213118825,149239
zenoh,3,intra_process_va,cpu,262144,17,1012689312954788,20391,1012689313101241,146453
zenoh,3,intra_process_va,cpu,262144,18,1012689412944378,20665,1012689413100196,155818
zenoh,3,intra_process_va,cpu,262144,19,1012689512949001,20107,1012689513088908,139907
zenoh,4,intra_process_va,memfd,64,0,1012691180753271,15899,1012691180862417,109146
zenoh,4,intra_process_va,memfd,64,1,1012691280766980,16250,1012691280877316,110336
zenoh,4,intra_process_va,memfd,64,2,1012691380765516,15918,1012691380874287,108771
zenoh,4,intra_process_va,memfd,64,3,1012691480736869,15364,1012691480838889,102020
zenoh,4,intra_process_va,memfd,64,4,1012691580737134,14687,1012691580831611,94477
zenoh,4,intra_process_va,memfd,64,5,1012691680798573,14895,1012691680902581,104008
zenoh,4,intra_process_va,memfd,64,6,1012691780724841,14791,1012691780823273,98432
zenoh,4,intra_process_va,memfd,64,7,1012691880738589,14048,1012691880832823,94234
zenoh,4,intra_process_va,memfd,64,8,1012691980699986,10373,1012691980771885,71899
zenoh,4,intra_process_va,memfd,64,9,1012692080616168,13580,1012692080707537,91369
zenoh,4,intra_process_va,memfd,64,10,1012692180582719,18511,1012692180701278,118559
zenoh,4,intra_process_va,memfd,64,11,1012692280785648,17320,1012692280903903,118255
zenoh,4,intra_process_va,memfd,64,12,1012692380742662,17402,1012692380854522,111860
zenoh,4,intra_process_va,memfd,64,13,1012692480756558,15755,1012692480864596,108038
zenoh,4,intra_process_va,memfd,64,14,1012692580744406,16051,1012692580862095,117689
zenoh,4,intra_process_va,memfd,64,15,1012692680729306,13711,1012692680856763,127457
zenoh,4,intra_process_va,memfd,64,16,1012692780756161,15165,1012692780859619,103458
zenoh,4,intra_process_va,memfd,64,17,1012692880716897,13903,1012692880811947,95050
zenoh,4,intra_process_va,memfd,64,18,1012692980730373,13168,1012692980824957,94584
zenoh,4,intra_process_va,memfd,64,19,1012693080707868,13715,1012693080797664,89796
zenoh,4,intra_process_va,memfd,65536,0,1012694725662315,14461,1012694725756357,94042
zenoh,4,intra_process_va,memfd,65536,1,1012694825818037,15188,1012694825921874,103837
zenoh,4,intra_process_va,memfd,65536,2,1012694925845156,13663,1012694925938606,93450
zenoh,4,intra_process_va,memfd,65536,3,1012695025868412,11549,1012695025947446,79034
zenoh,4,intra_process_va,memfd,65536,4,1012695125853559,13333,1012695125944749,91190
zenoh,4,intra_process_va,memfd,65536,5,1012695226161049,15301,1012695226251226,90177
zenoh,4,intra_process_va,memfd,65536,6,1012695325878740,19088,1012695325993583,114843
zenoh,4,intra_process_va,memfd,65536,7,1012695425894333,16790,1012695426044288,149955
zenoh,4,intra_process_va,memfd,65536,8,1012695525868653,16197,1012695525974027,105374
zenoh,4,intra_process_va,memfd,65536,9,1012695625874018,16917,1012695625979331,105313
zenoh,4,intra_process_va,memfd,65536,10,1012695725853917,15603,1012695725956347,102430
zenoh,4,intra_process_va,memfd,65536,11,1012695825865388,16086,1012695825969145,103757
zenoh,4,intra_process_va,memfd,65536,12,1012695925888123,17470,1012695925999123,111000
zenoh,4,intra_process_va,memfd,65536,13,1012696025864263,16045,1012696025968870,104607
zenoh,4,intra_process_va,memfd,65536,14,1012696125790437,14151,1012696125885312,94875
zenoh,4,intra_process_va,memfd,65536,15,1012696225844596,14490,1012696225941278,96682
zenoh,4,intra_process_va,memfd,65536,16,1012696325832152,12185,1012696325912880,80728
zenoh,4,intra_process_va,memfd,65536,17,1012696425706563,12699,1012696425801548,94985
zenoh,4,intra_process_va,memfd,65536,18,1012696526523379,17011,1012696526627969,104590
zenoh,4,intra_process_va,memfd,65536,19,1012696625866680,15607,1012696625970831,104151
zenoh,4,inter_process,cpu,16384,0,1012701243873144,472244,1012701244757124,883980
zenoh,4,inter_process,cpu,16384,1,1012701343760520,154494,1012701344768630,1008110
zenoh,4,inter_process,cpu,16384,2,1012701443855185,173274,1012701444798232,943047
zenoh,4,inter_process,cpu,16384,3,1012701543906545,208756,1012701544886733,980188
zenoh,4,inter_process,cpu,16384,4,1012701643905520,59435,1012701644314887,409367
zenoh,4,inter_process,cpu,16384,5,1012701743916794,186386,1012701744927656,1010862
zenoh,4,inter_process,cpu,16384,6,1012701843871605,152902,1012701844768205,896600
zenoh,4,inter_process,cpu,16384,7,1012701943837380,132245,1012701944692580,855200
zenoh,4,inter_process,cpu,16384,8,1012702043894671,160931,1012702044757421,862750
zenoh,4,inter_process,cpu,16384,9,1012702143885634,151762,1012702144715697,830063
zenoh,4,inter_process,cpu,16384,10,1012702243856421,122479,1012702244632996,776575
zenoh,4,inter_process,cpu,16384,11,1012702343908104,178478,1012702344886272,978168
zenoh,4,inter_process,cpu,16384,12,1012702443951575,201590,1012702444966714,1015139
zenoh,4,inter_process,cpu,16384,13,1012702543912463,198095,1012702544967430,1054967
zenoh,4,inter_process,cpu,16384,14,1012702643847916,72434,1012702644305301,457385
zenoh,4,inter_process,cpu,16384,15,1012702743742999,152774,1012702744701128,958129
zenoh,4,inter_process,cpu,16384,16,1012702843898566,173772,1012702844895782,997216
zenoh,4,inter_process,cpu,16384,17,1012702943958686,178195,1012702944912517,953831
zenoh,4,inter_process,cpu,16384,18,1012703043853790,178247,1012703044833542,979752
zenoh,4,inter_process,cpu,16384,19,1012703143862774,134774,1012703144713364,850590
zenoh,4,intra_process_va,memfd,16777216,0,1012704875803690,18285,1012704875891170,87480
zenoh,4,intra_process_va,memfd,16777216,1,1012704974407176,12863,1012704974469913,62737
zenoh,4,intra_process_va,memfd,16777216,2,1012705076058681,20403,1012705076152152,93471
zenoh,4,intra_process_va,memfd,16777216,3,1012705175412107,19140,1012705175496778,84671
zenoh,4,intra_process_va,memfd,16777216,4,1012705276056344,20701,1012705276146811,90467
zenoh,4,intra_process_va,memfd,16777216,5,1012705376561210,26035,1012705376674638,113428
zenoh,4,intra_process_va,memfd,16777216,6,1012705476549239,24774,1012705476653380,104141
zenoh,4,intra_process_va,memfd,16777216,7,1012705576362038,26379,1012705576472565,110527
zenoh,4,intra_process_va,memfd,16777216,8,1012705676346029,24768,1012705676458005,111976
zenoh,4,intra_process_va,memfd,16777216,9,1012705776366791,26081,1012705776477783,110992
zenoh,4,intra_process_va,memfd,16777216,10,1012705876438784,21401,1012705876537875,99091
zenoh,4,intra_process_va,memfd,16777216,11,1012705976431427,27264,1012705976533773,102346
zenoh,4,intra_process_va,memfd,16777216,12,1012706076281200,23870,1012706076394586,113386
zenoh,4,intra_process_va,memfd,16777216,13,1012706176263952,24564,1012706176377377,113425
zenoh,4,intra_process_va,memfd,16777216,14,1012706276059215,20798,1012706276155309,96094
zenoh,4,intra_process_va,memfd,16777216,15,1012706376020395,20748,1012706376116229,95834
zenoh,4,intra_process_va,memfd,16777216,16,1012706475417216,19090,1012706475503596,86380
zenoh,4,intra_process_va,memfd,16777216,17,1012706575658794,17715,1012706575740644,81850
zenoh,4,intra_process_va,memfd,16777216,18,1012706676068716,19977,1012706676160987,92271
zenoh,4,intra_process_va,memfd,16777216,19,1012706776465413,23535,1012706776572193,106780
zenoh,4,inter_process,memfd,4194304,0,1012711387056111,577154,1012711387984304,928193
zenoh,4,inter_process,memfd,4194304,1,1012711486833300,193943,1012711487787082,953782
zenoh,4,inter_process,memfd,4194304,2,1012711587067700,189592,1012711588051236,983536
zenoh,4,inter_process,memfd,4194304,3,1012711687065919,187506,1012711688034623,968704
zenoh,4,inter_process,memfd,4194304,4,1012711786985730,197365,1012711787921062,935332
zenoh,4,inter_process,memfd,4194304,5,1012711886989324,199536,1012711887894536,905212
zenoh,4,inter_process,memfd,4194304,6,1012711986991481,203165,1012711987903450,911969
zenoh,4,inter_process,memfd,4194304,7,1012712087095583,194898,1012712088081760,986177
zenoh,4,inter_process,memfd,4194304,8,1012712186855685,193935,1012712187744586,888901
zenoh,4,inter_process,memfd,4194304,9,1012712287082604,168763,1012712287903476,820872
zenoh,4,inter_process,memfd,4194304,10,1012712386963095,181798,1012712387789501,826406
zenoh,4,inter_process,memfd,4194304,11,1012712486788069,134089,1012712487452470,664401
zenoh,4,inter_process,memfd,4194304,12,1012712586900434,421418,1012712587625149,724715
zenoh,4,inter_process,memfd,4194304,13,1012712687161360,510400,1012712688077056,915696
zenoh,4,inter_process,memfd,4194304,14,1012712787163972,477553,1012712787985794,821822
zenoh,4,inter_process,memfd,4194304,15,1012712887055493,204696,1012712888073874,1018381
zenoh,4,inter_process,memfd,4194304,16,1012712987062602,217415,1012712987993770,931168
zenoh,4,inter_process,memfd,4194304,17,1012713086981198,197469,1012713087895817,914619
zenoh,4,inter_process,memfd,4194304,18,1012713187045041,176298,1012713187939932,894891
zenoh,4,inter_process,memfd,4194304,19,1012713286998272,205585,1012713287907111,908839
zenoh,4,intra_process_va,cpu,4096,0,1012716093786650,15691,1012716093878343,91693
zenoh,4,intra_process_va,cpu,4096,1,1012716193759594,19525,1012716193872677,113083
zenoh,4,intra_process_va,cpu,4096,2,1012716293830008,18691,1012716293942300,112292
zenoh,4,intra_process_va,cpu,4096,3,1012716393841085,18306,1012716393946317,105232
zenoh,4,intra_process_va,cpu,4096,4,1012716493735069,16242,1012716493824283,89214
zenoh,4,intra_process_va,cpu,4096,5,1012716593815257,18174,1012716593920799,105542
zenoh,4,intra_process_va,cpu,4096,6,1012716693829148,20489,1012716693946333,117185
zenoh,4,intra_process_va,cpu,4096,7,1012716793807993,17888,1012716793911631,103638
zenoh,4,intra_process_va,cpu,4096,8,1012716893799230,16162,1012716893895405,96175
zenoh,4,intra_process_va,cpu,4096,9,1012716993779506,16213,1012716993877560,98054
zenoh,4,intra_process_va,cpu,4096,10,1012717093774754,13581,1012717093853307,78553
zenoh,4,intra_process_va,cpu,4096,11,1012717193814798,12431,1012717193885739,70941
zenoh,4,intra_process_va,cpu,4096,12,1012717293618617,15502,1012717293705579,86962
zenoh,4,intra_process_va,cpu,4096,13,1012717393833047,18522,1012717393945374,112327
zenoh,4,intra_process_va,cpu,4096,14,1012717493809672,17389,1012717493916441,106769
zenoh,4,intra_process_va,cpu,4096,15,1012717593808003,18167,1012717593913399,105396
zenoh,4,intra_process_va,cpu,4096,16,1012717693831951,19297,1012717693945190,113239
zenoh,4,intra_process_va,cpu,4096,17,1012717793811853,18046,1012717793917345,105492
zenoh,4,intra_process_va,cpu,4096,18,1012717893804791,18905,1012717893909602,104811
zenoh,4,intra_process_va,cpu,4096,19,1012717993808093,18403,1012717993912949,104856
zenoh,4,intra_process_va,memfd,1024,0,1012719659849700,14172,1012719659944645,94945
zenoh,4,intra_process_va,memfd,1024,1,1012719759902815,16949,1012719760052177,149362
zenoh,4,intra_process_va,memfd,1024,2,1012719859841830,13836,1012719859936026,94196
zenoh,4,intra_process_va,memfd,1024,3,1012719959827578,13906,1012719959922541,94963
zenoh,4,intra_process_va,memfd,1024,4,1012720059836373,14273,1012720059931591,95218
zenoh,4,intra_process_va,memfd,1024,5,1012720159800131,10395,1012720159871128,70997
zenoh,4,intra_process_va,memfd,1024,6,1012720259660448,12432,1012720259743467,83019
zenoh,4,intra_process_va,memfd,1024,7,1012720359852782,15865,1012720359956284,103502
zenoh,4,intra_process_va,memfd,1024,8,1012720459843855,15025,1012720459966889,123034
zenoh,4,intra_process_va,memfd,1024,9,1012720559906663,16765,1012720560118308,211645
zenoh,4,intra_process_va,memfd,1024,10,1012720659838092,15595,1012720659946965,108873
zenoh,4,intra_process_va,memfd,1024,11,1012720759864308,17914,1012720759979025,114717
zenoh,4,intra_process_va,memfd,1024,12,1012720859748966,10613,1012720859816248,67282
zenoh,4,intra_process_va,memfd,1024,13,1012720959872872,17649,1012720959986430,113558
zenoh,4,intra_process_va,memfd,1024,14,1012721059929735,15375,1012721060069787,140052
zenoh,4,intra_process_va,memfd,1024,15,1012721159862306,15263,1012721159965247,102941
zenoh,4,intra_process_va,memfd,1024,16,1012721259813565,10937,1012721259891366,77801
zenoh,4,intra_process_va,memfd,1024,17,1012721359831365,12409,1012721359920643,89278
zenoh,4,intra_process_va,memfd,1024,18,1012721459736926,16728,1012721459840042,103116
zenoh,4,intra_process_va,memfd,1024,19,1012721559875585,16345,1012721559986716,111131
zenoh,4,inter_process,cpu,64,0,1012726177958742,157540,1012726178758785,800043
zenoh,4,inter_process,cpu,64,1,1012726277900584,150977,1012726278710313,809729
zenoh,4,inter_process,cpu,64,2,1012726377966803,148359,1012726378778584,811781
zenoh,4,inter_process,cpu,64,3,1012726477913298,154490,1012726478774805,861507
zenoh,4,inter_process,cpu,64,4,1012726577869208,101380,1012726578488767,619559
zenoh,4,inter_process,cpu,64,5,1012726677719416,116347,1012726678470425,751009
zenoh,4,inter_process,cpu,64,6,1012726777892368,146533,1012726778713795,821427
zenoh,4,inter_process,cpu,64,7,1012726877914459,199264,1012726878872665,958206
zenoh,4,inter_process,cpu,64,8,1012726977918299,174561,1012726978870086,951787
zenoh,4,inter_process,cpu,64,9,1012727077905045,164170,1012727078796411,891366
zenoh,4,inter_process,cpu,64,10,1012727177898939,176949,1012727178818418,919479
zenoh,4,inter_process,cpu,64,11,1012727277882041,160027,1012727278817580,935539
zenoh,4,inter_process,cpu,64,12,1012727377900571,145292,1012727378732855,832284
zenoh,4,inter_process,cpu,64,13,1012727477694044,110215,1012727478472646,778602
zenoh,4,inter_process,cpu,64,14,1012727577862780,100617,1012727578541748,678968
zenoh,4,inter_process,cpu,64,15,1012727677794463,81192,1012727678357166,562703
zenoh,4,inter_process,cpu,64,16,1012727777721905,118411,1012727778493371,771466
zenoh,4,inter_process,cpu,64,17,1012727877905206,198310,1012727878894360,989154
zenoh,4,inter_process,cpu,64,18,1012727977901067,185149,1012727978875389,974322
zenoh,4,inter_process,cpu,64,19,1012728077913414,185286,1012728078861709,948295
zenoh,4,intra_process_va,memfd,4096,0,1012729806740897,13661,1012729806834593,93696
zenoh,4,intra_process_va,memfd,4096,1,1012729906898957,15218,1012729907033876,134919
zenoh,4,intra_process_va,memfd,4096,2,1012730006883148,15868,1012730006990606,107458
zenoh,4,intra_process_va,memfd,4096,3,1012730106903528,15843,1012730107079143,175615
zenoh,4,intra_process_va,memfd,4096,4,1012730206903679,15265,1012730207044845,141166
zenoh,4,intra_process_va,memfd,4096,5,1012730306907637,16440,1012730307053958,146321
zenoh,4,intra_process_va,memfd,4096,6,1012730406915119,16105,1012730407088251,173132
zenoh,4,intra_process_va,memfd,4096,7,1012730506835191,12049,1012730506914017,78826
zenoh,4,intra_process_va,memfd,4096,8,1012730606704846,5410,1012730606738525,33679
zenoh,4,intra_process_va,memfd,4096,9,1012730706879835,13681,1012730706971491,91656
zenoh,4,intra_process_va,memfd,4096,10,1012730806732481,12853,1012730806820526,88045
zenoh,4,intra_process_va,memfd,4096,11,1012730907086767,14927,1012730907177896,91129
zenoh,4,intra_process_va,memfd,4096,12,1012731006884746,18033,1012731006994183,109437
zenoh,4,intra_process_va,memfd,4096,13,1012731106898322,15709,1012731107049887,151565
zenoh,4,intra_process_va,memfd,4096,14,1012731206907586,15494,1012731207056316,148730
zenoh,4,intra_process_va,memfd,4096,15,1012731306917436,17960,1012731307089750,172314
zenoh,4,intra_process_va,memfd,4096,16,1012731406821667,13409,1012731406903283,81616
zenoh,4,intra_process_va,memfd,4096,17,1012731506896228,15911,1012731507033211,136983
zenoh,4,intra_process_va,memfd,4096,18,1012731606865744,13469,1012731606961845,96101
zenoh,4,intra_process_va,memfd,4096,19,1012731706885013,13050,1012731706974558,89545
zenoh,4,intra_process_va,memfd,4194304,0,1012733378843425,24195,1012733378965138,121713
zenoh,4,intra_process_va,memfd,4194304,1,1012733478790711,24947,1012733478907296,116585
zenoh,4,intra_process_va,memfd,4194304,2,1012733578784044,22861,1012733578906578,122534
zenoh,4,intra_process_va,memfd,4194304,3,1012733678773756,23639,1012733678892035,118279
zenoh,4,intra_process_va,memfd,4194304,4,1012733778689981,22175,1012733778796228,106247
zenoh,4,intra_process_va,memfd,4194304,5,1012733878714205,21866,1012733878821385,107180
zenoh,4,intra_process_va,memfd,4194304,6,1012733978786127,23800,1012733978893205,107078
zenoh,4,intra_process_va,memfd,4194304,7,1012734078519964,18220,1012734078608479,88515
zenoh,4,intra_process_va,memfd,4194304,8,1012734178505144,21505,1012734178603658,98514
zenoh,4,intra_process_va,memfd,4194304,9,1012734278858751,28164,1012734278982230,123479
zenoh,4,intra_process_va,memfd,4194304,10,1012734378772978,23208,1012734378887216,114238
zenoh,4,intra_process_va,memfd,4194304,11,1012734478836155,25643,1012734478955421,119266
zenoh,4,intra_process_va,memfd,4194304,12,1012734578760157,24037,1012734578874221,114064
zenoh,4,intra_process_va,memfd,4194304,13,1012734678798866,24401,1012734678908687,109821
zenoh,4,intra_process_va,memfd,4194304,14,1012734778927374,25550,1012734779069327,141953
zenoh,4,intra_process_va,memfd,4194304,15,1012734878853550,24606,1012734878976383,122833
zenoh,4,intra_process_va,memfd,4194304,16,1012734978867427,25463,1012734978988284,120857
zenoh,4,intra_process_va,memfd,4194304,17,1012735078776662,23778,1012735078890855,114193
zenoh,4,intra_process_va,memfd,4194304,18,1012735178653476,20911,1012735178756503,103027
zenoh,4,intra_process_va,memfd,4194304,19,1012735278702466,22525,1012735278808520,106054
zenoh,4,inter_process,memfd,4096,0,1012739891146879,162444,1012739892105460,958581
zenoh,4,inter_process,memfd,4096,1,1012739991177841,163688,1012739992114555,936714
zenoh,4,inter_process,memfd,4096,2,1012740091168938,165175,1012740092130829,961891
zenoh,4,inter_process,memfd,4096,3,1012740191161259,161900,1012740192116803,955544
zenoh,4,inter_process,memfd,4096,4,1012740291137872,152039,1012740292031997,894125
zenoh,4,inter_process,memfd,4096,5,1012740391142853,144279,1012740391950713,807860
zenoh,4,inter_process,memfd,4096,6,1012740491311668,151851,1012740492205242,893574
zenoh,4,inter_process,memfd,4096,7,1012740591152100,179242,1012740592222600,1070500
zenoh,4,inter_process,memfd,4096,8,1012740691133254,174143,1012740692149121,1015867
zenoh,4,inter_process,memfd,4096,9,1012740791199119,188965,1012740792327645,1128526
zenoh,4,inter_process,memfd,4096,10,1012740891146477,164046,1012740892111304,964827
zenoh,4,inter_process,memfd,4096,11,1012740991173008,156936,1012740992139730,966722
zenoh,4,inter_process,memfd,4096,12,1012741091150606,162499,1012741092112002,961396
zenoh,4,inter_process,memfd,4096,13,1012741191120569,162193,1012741192066972,946403
zenoh,4,inter_process,memfd,4096,14,1012741291144676,161096,1012741292107948,963272
zenoh,4,inter_process,memfd,4096,15,1012741391165435,165849,1012741392134266,968831
zenoh,4,inter_process,memfd,4096,16,1012741491142141,150138,1012741491997245,855104
zenoh,4,inter_process,memfd,4096,17,1012741591145545,111127,1012741591763381,617836
zenoh,4,inter_process,memfd,4096,18,1012741691067996,150894,1012741691893931,825935
zenoh,4,inter_process,memfd,4096,19,1012741791164569,164384,1012741792208850,1044281
zenoh,4,inter_process,memfd,1024,0,1012747576154108,243145,1012747578485129,2331021
zenoh,4,inter_process,memfd,1024,1,1012747676225908,166553,1012747677178298,952390
zenoh,4,inter_process,memfd,1024,2,1012747776173669,179954,1012747777219120,1045451
zenoh,4,inter_process,memfd,1024,3,1012747876143632,154079,1012747877083031,939399
zenoh,4,inter_process,memfd,1024,4,1012747976189047,178079,1012747977237417,1048370
zenoh,4,inter_process,memfd,1024,5,1012748076185395,178491,1012748077198249,1012854
zenoh,4,inter_process,memfd,1024,6,1012748176170455,178440,1012748177206690,1036235
zenoh,4,inter_process,memfd,1024,7,1012748276178174,168170,1012748277110070,931896
zenoh,4,inter_process,memfd,1024,8,1012748375982154,170728,1012748376873376,891222
zenoh,4,inter_process,memfd,1024,9,1012748476138306,152434,1012748477084890,946584
zenoh,4,inter_process,memfd,1024,10,1012748576142112,154366,1012748577028550,886438
zenoh,4,inter_process,memfd,1024,11,1012748676123785,142039,1012748676908472,784687
zenoh,4,inter_process,memfd,1024,12,1012748776130174,145281,1012748776926164,795990
zenoh,4,inter_process,memfd,1024,13,1012748876118708,128815,1012748876786949,668241
zenoh,4,inter_process,memfd,1024,14,1012748976081564,194285,1012748977517108,1435544
zenoh,4,inter_process,memfd,1024,15,1012749076170568,177004,1012749077191892,1021324
zenoh,4,inter_process,memfd,1024,16,1012749176157369,163740,1012749177113238,955869
zenoh,4,inter_process,memfd,1024,17,1012749276150011,169987,1012749277127752,977741
zenoh,4,inter_process,memfd,1024,18,1012749376157613,165178,1012749377178457,1020844
zenoh,4,inter_process,memfd,1024,19,1012749476140808,164963,1012749477092552,951744
zenoh,4,inter_process,cpu,65536,0,1012755280950769,197095,1012755281798704,847935
zenoh,4,inter_process,cpu,65536,1,1012755380765433,149000,1012755381645200,879767
zenoh,4,inter_process,cpu,65536,2,1012755480932900,234030,1012755482169163,1236263
zenoh,4,inter_process,cpu,65536,3,1012755580946826,572864,1012755582124624,1177798
zenoh,4,inter_process,cpu,65536,4,1012755680988607,231774,1012755682198939,1210332
zenoh,4,inter_process,cpu,65536,5,1012755781093210,196392,1012755782330431,1237221
zenoh,4,inter_process,cpu,65536,6,1012755881046459,186493,1012755882153326,1106867
zenoh,4,inter_process,cpu,65536,7,1012755980954651,222680,1012755982136726,1182075
zenoh,4,inter_process,cpu,65536,8,1012756080951290,230157,1012756082098792,1147502
zenoh,4,inter_process,cpu,65536,9,1012756180905000,244638,1012756182086814,1181814
zenoh,4,inter_process,cpu,65536,10,1012756280940383,211738,1012756281919063,978680
zenoh,4,inter_process,cpu,65536,11,1012756380998357,206051,1012756382027956,1029599
zenoh,4,inter_process,cpu,65536,12,1012756480900785,147448,1012756481673990,773205
zenoh,4,inter_process,cpu,65536,13,1012756580759618,147951,1012756581633184,873566
zenoh,4,inter_process,cpu,65536,14,1012756680930987,188154,1012756681928497,997510
zenoh,4,inter_process,cpu,65536,15,1012756780988116,228438,1012756782245612,1257496
zenoh,4,inter_process,cpu,65536,16,1012756880950484,224855,1012756882058251,1107767
zenoh,4,inter_process,cpu,65536,17,1012756980956046,199050,1012756982098870,1142824
zenoh,4,inter_process,cpu,65536,18,1012757080949100,240651,1012757082114814,1165714
zenoh,4,inter_process,cpu,65536,19,1012757180982235,232995,1012757182242098,1259863
zenoh,4,inter_process,memfd,16384,0,1012761881142488,479959,1012761881966472,823984
zenoh,4,inter_process,memfd,16384,1,1012761981138136,156990,1012761981987016,848880
zenoh,4,inter_process,memfd,16384,2,1012762081180632,177225,1012762082202876,1022244
zenoh,4,inter_process,memfd,16384,3,1012762181180699,172702,1012762182186932,1006233
zenoh,4,inter_process,memfd,16384,4,1012762281108122,130526,1012762281889213,781091
zenoh,4,inter_process,memfd,16384,5,1012762381052399,160178,1012762381892121,839722
zenoh,4,inter_process,memfd,16384,6,1012762481181941,173766,1012762482215209,1033268
zenoh,4,inter_process,memfd,16384,7,1012762581173827,174767,1012762582166903,993076
zenoh,4,inter_process,memfd,16384,8,1012762681163961,164987,1012762682126738,962777
zenoh,4,inter_process,memfd,16384,9,1012762781141021,160953,1012762782080338,939317
zenoh,4,inter_process,memfd,16384,10,1012762881141488,164640,1012762882094528,953040
zenoh,4,inter_process,memfd,16384,11,1012762981187205,173717,1012762982250308,1063103
zenoh,4,inter_process,memfd,16384,12,1012763081162561,174827,1012763082182004,1019443
zenoh,4,inter_process,memfd,16384,13,1012763180952721,87941,1012763181378522,425801
zenoh,4,inter_process,memfd,16384,14,1012763280869497,60149,1012763281198802,329305
zenoh,4,inter_process,memfd,16384,15,1012763381130553,142439,1012763381915723,785170
zenoh,4,inter_process,memfd,16384,16,1012763481065703,127519,1012763481750377,684674
zenoh,4,inter_process,memfd,16384,17,1012763581098302,187346,1012763581981497,883195
zenoh,4,inter_process,memfd,16384,18,1012763681145007,166239,1012763682107061,962054
zenoh,4,inter_process,memfd,16384,19,1012763781187421,190647,1012763782303073,1115652
zenoh,4,inter_process,memfd,1048576,0,1012769564320970,170286,1012769565303184,982214
zenoh,4,inter_process,memfd,1048576,1,1012769664277602,159021,1012769665153819,876217
zenoh,4,inter_process,memfd,1048576,2,1012769764342374,167832,1012769765283090,940716
zenoh,4,inter_process,memfd,1048576,3,1012769864274155,167334,1012769865196712,922557
zenoh,4,inter_process,memfd,1048576,4,1012769964295882,148533,1012769965149127,853245
zenoh,4,inter_process,memfd,1048576,5,1012770064303589,160421,1012770065189725,886136
zenoh,4,inter_process,memfd,1048576,6,1012770164192338,115565,1012770164820708,628370
zenoh,4,inter_process,memfd,1048576,7,1012770264259708,159525,1012770265134968,875260
zenoh,4,inter_process,memfd,1048576,8,1012770364375782,185331,1012770365420461,1044679
zenoh,4,inter_process,memfd,1048576,9,1012770464397830,474642,1012770465353430,955600
zenoh,4,inter_process,memfd,1048576,10,1012770564332445,171067,1012770565310820,978375
zenoh,4,inter_process,memfd,1048576,11,1012770664349719,181656,1012770665362286,1012567
zenoh,4,inter_process,memfd,1048576,12,1012770764353002,182380,1012770765380408,1027406
zenoh,4,inter_process,memfd,1048576,13,1012770864316972,174104,1012770865272556,955584
zenoh,4,inter_process,memfd,1048576,14,1012770964158833,182253,1012770965196093,1037260
zenoh,4,inter_process,memfd,1048576,15,1012771064276918,152451,1012771065105895,828977
zenoh,4,inter_process,memfd,1048576,16,1012771164216892,128922,1012771164921113,704221
zenoh,4,inter_process,memfd,1048576,17,1012771264112006,143737,1012771264890142,778136
zenoh,4,inter_process,memfd,1048576,18,1012771364275093,180421,1012771365269091,993998
zenoh,4,inter_process,memfd,1048576,19,1012771464376866,183607,1012771465414258,1037392
zenoh,4,inter_process,cpu,1024,0,1012777258902500,180575,1012777259810290,907790
zenoh,4,inter_process,cpu,1024,1,1012777358930299,226505,1012777360052121,1121822
zenoh,4,inter_process,cpu,1024,2,1012777458945217,191135,1012777459902568,957351
zenoh,4,inter_process,cpu,1024,3,1012777558909624,193798,1012777559875770,966146
zenoh,4,inter_process,cpu,1024,4,1012777658936403,184590,1012777660076634,1140231
zenoh,4,inter_process,cpu,1024,5,1012777758977547,188728,1012777759974939,997392
zenoh,4,inter_process,cpu,1024,6,1012777858972800,200323,1012777860102112,1129312
zenoh,4,inter_process,cpu,1024,7,1012777958910674,236631,1012777959865261,954587
zenoh,4,inter_process,cpu,1024,8,1012778058872552,172731,1012778059943011,1070459
zenoh,4,inter_process,cpu,1024,9,1012778158897942,458560,1012778159711728,813786
zenoh,4,inter_process,cpu,1024,10,1012778258875380,155404,1012778259711474,836094
zenoh,4,inter_process,cpu,1024,11,1012778358887892,106736,1012778359554905,667013
zenoh,4,inter_process,cpu,1024,12,1012778458899285,140023,1012778459661220,761935
zenoh,4,inter_process,cpu,1024,13,1012778558879580,154374,1012778559781941,902361
zenoh,4,inter_process,cpu,1024,14,1012778658933032,501125,1012778659840739,907707
zenoh,4,inter_process,cpu,1024,15,1012778758911703,204370,1012778759901715,990012
zenoh,4,inter_process,cpu,1024,16,1012778858926769,219768,1012778860027222,1100453
zenoh,4,inter_process,cpu,1024,17,1012778958933338,186870,1012778959943723,1010385
zenoh,4,inter_process,cpu,1024,18,1012779058910626,205962,1012779059890971,980345
zenoh,4,inter_process,cpu,1024,19,1012779158917297,169371,1012779159851683,934386
zenoh,4,inter_process,cpu,1048576,0,1012783860280778,3108876,1012783864744490,4463712
zenoh,4,inter_process,cpu,1048576,1,1012783960042230,2876074,1012783964188237,4146007
zenoh,4,inter_process,cpu,1048576,2,1012784060203327,3282594,1012784064829705,4626378
zenoh,4,inter_process,cpu,1048576,3,1012784160205105,2991113,1012784164418811,4213706
zenoh,4,inter_process,cpu,1048576,4,1012784260133867,2549190,1012784265021123,4887256
zenoh,4,inter_process,cpu,1048576,5,1012784359991498,2644927,1012784363355733,3364235
zenoh,4,inter_process,cpu,1048576,6,1012784460218003,3285338,1012784464712954,4494951
zenoh,4,inter_process,cpu,1048576,7,1012784560126074,3197396,1012784564790749,4664675
zenoh,4,inter_process,cpu,1048576,8,1012784660257295,2886725,1012784664440587,4183292
zenoh,4,inter_process,cpu,1048576,9,1012784760384045,3082375,1012784764811815,4427770
zenoh,4,inter_process,cpu,1048576,10,1012784860313053,3156652,1012784864856839,4543786
zenoh,4,inter_process,cpu,1048576,11,1012784960140026,3128950,1012784964675109,4535083
zenoh,4,inter_process,cpu,1048576,12,1012785060265246,3179885,1012785064802448,4537202
zenoh,4,inter_process,cpu,1048576,13,1012785160275428,3040827,1012785164733833,4458405
zenoh,4,inter_process,cpu,1048576,14,1012785260272870,3104400,1012785264759607,4486737
zenoh,4,inter_process,cpu,1048576,15,1012785360364190,3491081,1012785365321327,4957137
zenoh,4,inter_process,cpu,1048576,16,1012785460203150,2543202,1012785463927896,3724746
zenoh,4,inter_process,cpu,1048576,17,1012785560116005,2557892,1012785563828907,3712902
zenoh,4,inter_process,cpu,1048576,18,1012785659905120,2023671,1012785662923762,3018642
zenoh,4,inter_process,cpu,1048576,19,1012785760060849,3050465,1012785764328370,4267521
zenoh,4,intra_process_va,cpu,16384,0,1012787492858012,20127,1012787492972963,114951
zenoh,4,intra_process_va,cpu,16384,1,1012787592843835,20250,1012787592957752,113917
zenoh,4,intra_process_va,cpu,16384,2,1012787692829558,20370,1012787692968076,138518
zenoh,4,intra_process_va,cpu,16384,3,1012787792824236,19395,1012787792932090,107854
zenoh,4,intra_process_va,cpu,16384,4,1012787892827505,19151,1012787892934511,107006
zenoh,4,intra_process_va,cpu,16384,5,1012787992829460,19166,1012787992936739,107279
zenoh,4,intra_process_va,cpu,16384,6,1012788092876784,19179,1012788092984109,107325
zenoh,4,intra_process_va,cpu,16384,7,1012788192815144,17691,1012788192916184,101040
zenoh,4,intra_process_va,cpu,16384,8,1012788292876632,18528,1012788292985506,108874
zenoh,4,intra_process_va,cpu,16384,9,1012788392813233,16889,1012788392913239,100006
zenoh,4,intra_process_va,cpu,16384,10,1012788492857538,15521,1012788492951806,94268
zenoh,4,intra_process_va,cpu,16384,11,1012788592813072,16525,1012788592908197,95125
zenoh,4,intra_process_va,cpu,16384,12,1012788692643749,36210,1012788692760089,116340
zenoh,4,intra_process_va,cpu,16384,13,1012788792847147,20134,1012788792961859,114712
zenoh,4,intra_process_va,cpu,16384,14,1012788892816969,18061,1012788892923392,106423
zenoh,4,intra_process_va,cpu,16384,15,1012788992822328,17629,1012788992928901,106573
zenoh,4,intra_process_va,cpu,16384,16,1012789092862094,19001,1012789092976282,114188
zenoh,4,intra_process_va,cpu,16384,17,1012789192820014,18786,1012789192925735,105721
zenoh,4,intra_process_va,cpu,16384,18,1012789292823979,18955,1012789292932413,108434
zenoh,4,intra_process_va,cpu,16384,19,1012789392810155,18106,1012789392913743,103588
zenoh,4,intra_process_va,cpu,4194304,0,1012791056135669,23463,1012791056237535,101866
zenoh,4,intra_process_va,cpu,4194304,1,1012791156172386,25295,1012791156276460,104074
zenoh,4,intra_process_va,cpu,4194304,2,1012791255797857,16913,1012791255870614,72757
zenoh,4,intra_process_va,cpu,4194304,3,1012791356628221,29359,1012791356750986,122765
zenoh,4,intra_process_va,cpu,4194304,4,1012791456588054,24693,1012791456694826,106772
zenoh,4,intra_process_va,cpu,4194304,5,1012791556620360,26039,1012791556728972,108612
zenoh,4,intra_process_va,cpu,4194304,6,1012791656363943,27169,1012791656480607,116664
zenoh,4,intra_process_va,cpu,4194304,7,1012791756502843,28736,1012791756613703,110860
zenoh,4,intra_process_va,cpu,4194304,8,1012791856513994,44662,1012791856642824,128830
zenoh,4,intra_process_va,cpu,4194304,9,1012791956534503,23739,1012791956641544,107041
zenoh,4,intra_process_va,cpu,4194304,10,1012792056503568,27421,1012792056636569,133001
zenoh,4,intra_process_va,cpu,4194304,11,1012792156361047,25141,1012792156469269,108222
zenoh,4,intra_process_va,cpu,4194304,12,1012792256207046,23990,1012792256313307,106261
zenoh,4,intra_process_va,cpu,4194304,13,1012792356235182,23465,1012792356344296,109114
zenoh,4,intra_process_va,cpu,4194304,14,1012792456081411,22227,1012792456179278,97867
zenoh,4,intra_process_va,cpu,4194304,15,1012792556488425,28799,1012792556606417,117992
zenoh,4,intra_process_va,cpu,4194304,16,1012792656288522,22773,1012792656396963,108441
zenoh,4,intra_process_va,cpu,4194304,17,1012792756735662,28141,1012792756852941,117279
zenoh,4,intra_process_va,cpu,4194304,18,1012792856510193,27311,1012792856641827,131634
zenoh,4,intra_process_va,cpu,4194304,19,1012792956502229,24756,1012792956610748,108519
zenoh,4,inter_process,memfd,262144,0,1012797591226645,171638,1012797592190158,963513
zenoh,4,inter_process,memfd,262144,1,1012797691206453,165569,1012797692157256,950803
zenoh,4,inter_process,memfd,262144,2,1012797790982871,173437,1012797791895150,912279
zenoh,4,inter_process,memfd,262144,3,1012797891191609,152138,1012797891998954,807345
zenoh,4,inter_process,memfd,262144,4,1012797991195331,154186,1012797992078132,882801
zenoh,4,inter_process,memfd,262144,5,1012798090973465,151004,1012798091670380,696915
zenoh,4,inter_process,memfd,262144,6,1012798191231474,172464,1012798192203834,972360
zenoh,4,inter_process,memfd,262144,7,1012798291228554,169524,1012798292236333,1007779
zenoh,4,inter_process,memfd,262144,8,1012798391212257,172610,1012798392183294,971037
zenoh,4,inter_process,memfd,262144,9,1012798491218950,168397,1012798492188369,969419
zenoh,4,inter_process,memfd,262144,10,1012798591222855,164951,1012798592233577,1010722
zenoh,4,inter_process,memfd,262144,11,1012798691209453,167502,1012798692212080,1002627
zenoh,4,inter_process,memfd,262144,12,1012798791280506,175256,1012798792256750,976244
zenoh,4,inter_process,memfd,262144,13,1012798891207602,174947,1012798892169336,961734
zenoh,4,inter_process,memfd,262144,14,1012798991207112,153725,1012798992140509,933397
zenoh,4,inter_process,memfd,262144,15,1012799091195363,159485,1012799092142832,947469
zenoh,4,inter_process,memfd,262144,16,1012799191185190,148608,1012799192060824,875634
zenoh,4,inter_process,memfd,262144,17,1012799291154252,128905,1012799291937000,782748
zenoh,4,inter_process,memfd,262144,18,1012799391199680,150264,1012799391924383,724703
zenoh,4,inter_process,memfd,262144,19,1012799491039762,166705,1012799491991873,952111
zenoh,4,inter_process,memfd,16777216,0,1012805274464086,463603,1012805275304040,839954
zenoh,4,inter_process,memfd,16777216,1,1012805374568024,474638,1012805375396832,828808
zenoh,4,inter_process,memfd,16777216,2,1012805474479586,430418,1012805475283200,803614
zenoh,4,inter_process,memfd,16777216,3,1012805574532596,414460,1012805575304017,771421
zenoh,4,inter_process,memfd,16777216,4,1012805674488050,135667,1012805675197792,709742
zenoh,4,inter_process,memfd,16777216,5,1012805774371849,171257,1012805775226218,854369
zenoh,4,inter_process,memfd,16777216,6,1012805874480228,195504,1012805875385623,905395
zenoh,4,inter_process,memfd,16777216,7,1012805974017679,146637,1012805974671002,653323
zenoh,4,inter_process,memfd,16777216,8,1012806073491069,113564,1012806074073201,582132
zenoh,4,inter_process,memfd,16777216,9,1012806174568054,174016,1012806175386567,818513
zenoh,4,inter_process,memfd,16777216,10,1012806274495580,166428,1012806275330702,835122
zenoh,4,inter_process,memfd,16777216,11,1012806374849890,261753,1012806375756035,906145
zenoh,4,inter_process,memfd,16777216,12,1012806474374480,151511,1012806475103877,729397
zenoh,4,inter_process,memfd,16777216,13,1012806574199830,148628,1012806574923443,723613
zenoh,4,inter_process,memfd,16777216,14,1012806674533160,185509,1012806675360666,827506
zenoh,4,inter_process,memfd,16777216,15,1012806774214972,135726,1012806774874722,659750
zenoh,4,inter_process,memfd,16777216,16,1012806874512978,179622,1012806875366700,853722
zenoh,4,inter_process,memfd,16777216,17,1012806974605541,175361,1012806975405356,799815
zenoh,4,inter_process,memfd,16777216,18,1012807074041646,141313,1012807074700470,658824
zenoh,4,inter_process,memfd,16777216,19,1012807174114047,116693,1012807174742184,628137
zenoh,4,intra_process_va,memfd,1048576,0,1012810005082041,22853,1012810005192791,110750
zenoh,4,intra_process_va,memfd,1048576,1,1012810105089828,19837,1012810105197036,107208
zenoh,4,intra_process_va,memfd,1048576,2,1012810205067820,18981,1012810205167803,99983
zenoh,4,intra_process_va,memfd,1048576,3,1012810305075234,20020,1012810305178481,103247
zenoh,4,intra_process_va,memfd,1048576,4,1012810405060301,15955,1012810405143124,82823
zenoh,4,intra_process_va,memfd,1048576,5,1012810504906879,20547,1012810505042387,135508
zenoh,4,intra_process_va,memfd,1048576,6,1012810605190741,23202,1012810605307752,117011
zenoh,4,intra_process_va,memfd,1048576,7,1012810704983469,54095,1012810705117907,134438
zenoh,4,intra_process_va,memfd,1048576,8,1012810805107910,23200,1012810805219398,111488
zenoh,4,intra_process_va,memfd,1048576,9,1012810905117819,22153,1012810905224457,106638
zenoh,4,intra_process_va,memfd,1048576,10,1012811005075241,22018,1012811005183155,107914
zenoh,4,intra_process_va,memfd,1048576,11,1012811105153673,23524,1012811105271585,117912
zenoh,4,intra_process_va,memfd,1048576,12,1012811205112263,21611,1012811205220734,108471
zenoh,4,intra_process_va,memfd,1048576,13,1012811305095638,20839,1012811305198090,102452
zenoh,4,intra_process_va,memfd,1048576,14,1012811404994647,43713,1012811405112267,117620
zenoh,4,intra_process_va,memfd,1048576,15,1012811504873183,18067,1012811504970727,97544
zenoh,4,intra_process_va,memfd,1048576,16,1012811605062792,22875,1012811605178887,116095
zenoh,4,intra_process_va,memfd,1048576,17,1012811705125551,22312,1012811705236955,111404
zenoh,4,intra_process_va,memfd,1048576,18,1012811805106992,22386,1012811805217595,110603
zenoh,4,intra_process_va,memfd,1048576,19,1012811905044986,22046,1012811905152945,107959
zenoh,4,intra_process_va,cpu,65536,0,1012813566823868,18918,1012813566933904,110036
zenoh,4,intra_process_va,cpu,65536,1,1012813666807125,18038,1012813666911117,103992
zenoh,4,intra_process_va,cpu,65536,2,1012813766775030,16183,1012813766871243,96213
zenoh,4,intra_process_va,cpu,65536,3,1012813866806063,15099,1012813866903576,97513
zenoh,4,intra_process_va,cpu,65536,4,1012813966755583,12268,1012813966830723,75140
zenoh,4,intra_process_va,cpu,65536,5,1012814066768707,13525,1012814066847382,78675
zenoh,4,intra_process_va,cpu,65536,6,1012814166746506,19381,1012814166849774,103268
zenoh,4,intra_process_va,cpu,65536,7,1012814266742307,12084,1012814266812818,70511
zenoh,4,intra_process_va,cpu,65536,8,1012814366840961,20449,1012814366952372,111411
zenoh,4,intra_process_va,cpu,65536,9,1012814466822321,19158,1012814466934429,112108
zenoh,4,intra_process_va,cpu,65536,10,1012814566827257,19332,1012814566938290,111033
zenoh,4,intra_process_va,cpu,65536,11,1012814666807567,17706,1012814666911826,104259
zenoh,4,intra_process_va,cpu,65536,12,1012814766800345,17338,1012814766905812,105467
zenoh,4,intra_process_va,cpu,65536,13,1012814866806596,18151,1012814866911167,104571
zenoh,4,intra_process_va,cpu,65536,14,1012814966843174,19251,1012814966953604,110430
zenoh,4,intra_process_va,cpu,65536,15,1012815066802085,16409,1012815066898738,96653
zenoh,4,intra_process_va,cpu,65536,16,1012815166796502,16527,1012815166892662,96160
zenoh,4,intra_process_va,cpu,65536,17,1012815266618539,14990,1012815266701226,82687
zenoh,4,intra_process_va,cpu,65536,18,1012815366628726,19015,1012815366738688,109962
zenoh,4,intra_process_va,cpu,65536,19,1012815466843267,19166,1012815466954419,111152
zenoh,4,inter_process,cpu,4096,0,1012820086889765,181448,1012820087848822,959057
zenoh,4,inter_process,cpu,4096,1,1012820186883960,162034,1012820187784942,900982
zenoh,4,inter_process,cpu,4096,2,1012820286944345,171359,1012820287865391,921046
zenoh,4,inter_process,cpu,4096,3,1012820386936938,168695,1012820387832157,895219
zenoh,4,inter_process,cpu,4096,4,1012820486885429,162467,1012820487841377,955948
zenoh,4,inter_process,cpu,4096,5,1012820586871789,151319,1012820587716043,844254
zenoh,4,inter_process,cpu,4096,6,1012820686872643,167065,1012820687725866,853223
zenoh,4,inter_process,cpu,4096,7,1012820786866510,119840,1012820787633024,766514
zenoh,4,inter_process,cpu,4096,8,1012820887398814,118058,1012820888171971,773157
zenoh,4,inter_process,cpu,4096,9,1012820986878510,268291,1012820987863377,984867
zenoh,4,inter_process,cpu,4096,10,1012821086881337,162774,1012821087795554,914217
zenoh,4,inter_process,cpu,4096,11,1012821186881809,181438,1012821187805364,923555
zenoh,4,inter_process,cpu,4096,12,1012821286888845,161670,1012821287790409,901564
zenoh,4,inter_process,cpu,4096,13,1012821386881598,161817,1012821387841418,959820
zenoh,4,inter_process,cpu,4096,14,1012821486886487,172115,1012821487810384,923897
zenoh,4,inter_process,cpu,4096,15,1012821586890545,161270,1012821587784408,893863
zenoh,4,inter_process,cpu,4096,16,1012821686875546,153626,1012821687759460,883914
zenoh,4,inter_process,cpu,4096,17,1012821786906742,191436,1012821787828277,921535
zenoh,4,inter_process,cpu,4096,18,1012821886870499,122361,1012821887662793,792294
zenoh,4,inter_process,cpu,4096,19,1012821986863761,129430,1012821987729548,865787
zenoh,4,inter_process,cpu,262144,0,1012826688874616,1035334,1012826690649620,1775004
zenoh,4,inter_process,cpu,262144,1,1012826788882577,995790,1012826790609420,1726843
zenoh,4,inter_process,cpu,262144,2,1012826888897369,1164167,1012826890845099,1947730
zenoh,4,inter_process,cpu,262144,3,1012826988871652,1208968,1012826990873442,2001790
zenoh,4,inter_process,cpu,262144,4,1012827088892392,1143038,1012827090810401,1918009
zenoh,4,inter_process,cpu,262144,5,1012827188966211,1172767,1012827190933804,1967593
zenoh,4,inter_process,cpu,262144,6,1012827288701153,1205479,1012827290658177,1957024
zenoh,4,inter_process,cpu,262144,7,1012827388873605,1054243,1012827390685405,1811800
zenoh,4,inter_process,cpu,262144,8,1012827488676448,719158,1012827489931792,1255344
zenoh,4,inter_process,cpu,262144,9,1012827588882970,1304517,1012827590725469,1842499
zenoh,4,inter_process,cpu,262144,10,1012827688895633,1094254,1012827690787853,1892220
zenoh,4,inter_process,cpu,262144,11,1012827788865579,1113060,1012827790772427,1906848
zenoh,4,inter_process,cpu,262144,12,1012827888891940,1133212,1012827890789974,1898034
zenoh,4,inter_process,cpu,262144,13,1012827988894248,1177020,1012827990830932,1936684
zenoh,4,inter_process,cpu,262144,14,1012828088910294,1477552,1012828091202037,2291743
zenoh,4,inter_process,cpu,262144,15,1012828188704120,452613,1012828189471646,767526
zenoh,4,inter_process,cpu,262144,16,1012828288912020,1306219,1012828291075135,2163115
zenoh,4,inter_process,cpu,262144,17,1012828388889768,1191853,1012828390848344,1958576
zenoh,4,inter_process,cpu,262144,18,1012828488891725,1134006,1012828490836835,1945110
zenoh,4,inter_process,cpu,262144,19,1012828588901122,1193523,1012828590881791,1980669
zenoh,4,intra_process_va,cpu,1048576,0,1012830319162044,21766,1012830319265017,102973
zenoh,4,intra_process_va,cpu,1048576,1,1012830419229778,24120,1012830419339791,110013
zenoh,4,intra_process_va,cpu,1048576,2,1012830519136763,21275,1012830519238317,101554
zenoh,4,intra_process_va,cpu,1048576,3,1012830619127234,18174,1012830619212592,85358
zenoh,4,intra_process_va,cpu,1048576,4,1012830719056088,16506,1012830719139225,83137
zenoh,4,intra_process_va,cpu,1048576,5,1012830819140440,21080,1012830819237940,97500
zenoh,4,intra_process_va,cpu,1048576,6,1012830918964052,21215,1012830919083051,118999
zenoh,4,intra_process_va,cpu,1048576,7,1012831019168661,29238,1012831019297278,128617
zenoh,4,intra_process_va,cpu,1048576,8,1012831119254297,25645,1012831119372916,118619
zenoh,4,intra_process_va,cpu,1048576,9,1012831219207362,25355,1012831219326002,118640
zenoh,4,intra_process_va,cpu,1048576,10,1012831319195291,23979,1012831319307042,111751
zenoh,4,intra_process_va,cpu,1048576,11,1012831419226810,24339,1012831419365823,139013
zenoh,4,intra_process_va,cpu,1048576,12,1012831519278752,26671,1012831519409144,130392
zenoh,4,intra_process_va,cpu,1048576,13,1012831619258134,24606,1012831619376824,118690
zenoh,4,intra_process_va,cpu,1048576,14,1012831719231837,24567,1012831719344120,112283
zenoh,4,intra_process_va,cpu,1048576,15,1012831819199035,24500,1012831819317991,118956
zenoh,4,intra_process_va,cpu,1048576,16,1012831919074368,21725,1012831919171387,97019
zenoh,4,intra_process_va,cpu,1048576,17,1012832019232691,24137,1012832019351624,118933
zenoh,4,intra_process_va,cpu,1048576,18,1012832119225240,23680,1012832119327109,101869
zenoh,4,intra_process_va,cpu,1048576,19,1012832219259969,24075,1012832219371711,111742
zenoh,4,intra_process_va,memfd,262144,0,1012833869921904,19531,1012833870072161,150257
zenoh,4,intra_process_va,memfd,262144,1,1012833969870717,18094,1012833969977007,106290
zenoh,4,intra_process_va,memfd,262144,2,1012834069870497,18094,1012834069977985,107488
zenoh,4,intra_process_va,memfd,262144,3,1012834169812492,17975,1012834169917456,104964
zenoh,4,intra_process_va,memfd,262144,4,1012834269882392,18717,1012834269992272,109880
zenoh,4,intra_process_va,memfd,262144,5,1012834369881656,18964,1012834369989274,107618
zenoh,4,intra_process_va,memfd,262144,6,1012834469973590,20161,1012834470133755,160165
zenoh,4,intra_process_va,memfd,262144,7,1012834569878506,17876,1012834570042070,163564
zenoh,4,intra_process_va,memfd,262144,8,1012834669930624,17230,1012834670072207,141583
zenoh,4,intra_process_va,memfd,262144,9,1012834769848420,15473,1012834769938105,89685
zenoh,4,intra_process_va,memfd,262144,10,1012834869858848,16730,1012834869958030,99182
zenoh,4,intra_process_va,memfd,262144,11,1012834969901221,20236,1012834970057097,155876
zenoh,4,intra_process_va,memfd,262144,12,1012835069855409,14043,1012835069961686,106277
zenoh,4,intra_process_va,memfd,262144,13,1012835169876109,17529,1012835169982159,106050
zenoh,4,intra_process_va,memfd,262144,14,1012835269854389,18736,1012835269958032,103643
zenoh,4,intra_process_va,memfd,262144,15,1012835369881542,18310,1012835369985807,104265
zenoh,4,intra_process_va,memfd,262144,16,1012835469730006,18054,1012835469840360,110354
zenoh,4,intra_process_va,memfd,262144,17,1012835569778525,23733,1012835569897832,119307
zenoh,4,intra_process_va,memfd,262144,18,1012835669899535,20010,1012835670057795,158260
zenoh,4,intra_process_va,memfd,262144,19,1012835769879363,18869,1012835769985605,106242
zenoh,4,intra_process_va,cpu,262144,0,1012837415075008,24264,1012837415195674,120666
zenoh,4,intra_process_va,cpu,262144,1,1012837515044885,21913,1012837515152299,107414
zenoh,4,intra_process_va,cpu,262144,2,1012837614920352,23265,1012837615069176,148824
zenoh,4,intra_process_va,cpu,262144,3,1012837715044516,22912,1012837715154578,110062
zenoh,4,intra_process_va,cpu,262144,4,1012837814978762,20663,1012837815122867,144105
zenoh,4,intra_process_va,cpu,262144,5,1012837915058344,25169,1012837915185777,127433
zenoh,4,intra_process_va,cpu,262144,6,1012838014985387,55595,1012838015126865,141478
zenoh,4,intra_process_va,cpu,262144,7,1012838114962753,19210,1012838115093754,131001
zenoh,4,intra_process_va,cpu,262144,8,1012838214976167,23359,1012838215135543,159376
zenoh,4,intra_process_va,cpu,262144,9,1012838314965746,18964,1012838315172651,206905
zenoh,4,intra_process_va,cpu,262144,10,1012838414974594,20229,1012838415157058,182464
zenoh,4,intra_process_va,cpu,262144,11,1012838514981996,61208,1012838515130522,148526
zenoh,4,intra_process_va,cpu,262144,12,1012838614996864,64003,1012838615155446,158582
zenoh,4,intra_process_va,cpu,262144,13,1012838714952785,20349,1012838715096646,143861
zenoh,4,intra_process_va,cpu,262144,14,1012838814975970,20068,1012838815141774,165804
zenoh,4,intra_process_va,cpu,262144,15,1012838914996488,63382,1012838915154695,158207
zenoh,4,intra_process_va,cpu,262144,16,1012839014983644,130374,1012839015202839,219195
zenoh,4,intra_process_va,cpu,262144,17,1012839114970279,20780,1012839115112238,141959
zenoh,4,intra_process_va,cpu,262144,18,1012839214992648,57532,1012839215137586,144938
zenoh,4,intra_process_va,cpu,262144,19,1012839314998332,60393,1012839315152626,154294
zenoh,4,intra_process_va,memfd,16384,0,1012840956909113,15519,1012840957049370,140257
zenoh,4,intra_process_va,memfd,16384,1,1012841056917444,16580,1012841057056894,139450
zenoh,4,intra_process_va,memfd,16384,2,1012841157290129,16727,1012841157382777,92648
zenoh,4,intra_process_va,memfd,16384,3,1012841256716618,15068,1012841256811190,94572
zenoh,4,intra_process_va,memfd,16384,4,1012841357200924,17925,1012841357308508,107584
zenoh,4,intra_process_va,memfd,16384,5,1012841456732992,17135,1012841456830281,97289
zenoh,4,intra_process_va,memfd,16384,6,1012841557076813,16119,1012841557180424,103611
zenoh,4,intra_process_va,memfd,16384,7,1012841656890412,14381,1012841656984563,94151
zenoh,4,intra_process_va,memfd,16384,8,1012841756896622,14564,1012841756998197,101575
zenoh,4,intra_process_va,memfd,16384,9,1012841856897411,15014,1012841856998901,101490
zenoh,4,intra_process_va,memfd,16384,10,1012841956903049,16190,1012841957062058,159009
zenoh,4,intra_process_va,memfd,16384,11,1012842056895719,15292,1012842056996582,100863
zenoh,4,intra_process_va,memfd,16384,12,1012842156881836,14406,1012842156976539,94703
zenoh,4,intra_process_va,memfd,16384,13,1012842256892502,14833,1012842256986218,93716
zenoh,4,intra_process_va,memfd,16384,14,1012842356944425,16543,1012842357091902,147477
zenoh,4,intra_process_va,memfd,16384,15,1012842456898129,15814,1012842456999220,101091
zenoh,4,intra_process_va,memfd,16384,16,1012842556897264,15594,1012842556999519,102255
zenoh,4,intra_process_va,memfd,16384,17,1012842656878845,13327,1012842656973634,94789
zenoh,4,intra_process_va,memfd,16384,18,1012842756899068,15416,1012842757037665,138597
zenoh,4,intra_process_va,memfd,16384,19,1012842856887369,13993,1012842856982566,95197
zenoh,4,inter_process,memfd,64,0,1012847479121648,176629,1012847480132783,1011135
zenoh,4,inter_process,memfd,64,1,1012847579097644,162342,1012847580036600,938956
zenoh,4,inter_process,memfd,64,2,1012847679138995,173016,1012847680149605,1010610
zenoh,4,inter_process,memfd,64,3,1012847779102977,164918,1012847780041229,938252
zenoh,4,inter_process,memfd,64,4,1012847878883840,189677,1012847879782684,898844
zenoh,4,inter_process,memfd,64,5,1012847979076831,163736,1012847979923821,846990
zenoh,4,inter_process,memfd,64,6,1012848078943772,184373,1012848079849578,905806
zenoh,4,inter_process,memfd,64,7,1012848179080602,173511,1012848179960615,880013
zenoh,4,inter_process,memfd,64,8,1012848279076601,142450,1012848279905638,829037
zenoh,4,inter_process,memfd,64,9,1012848379180350,146686,1012848379980461,800111
zenoh,4,inter_process,memfd,64,10,1012848479111549,154491,1012848480085635,974086
zenoh,4,inter_process,memfd,64,11,1012848579084178,154332,1012848579925531,841353
zenoh,4,inter_process,memfd,64,12,1012848679089449,164830,1012848680056535,967086
zenoh,4,inter_process,memfd,64,13,1012848779086531,149672,1012848779936915,850384
zenoh,4,inter_process,memfd,64,14,1012848879092238,164202,1012848880069002,976764
zenoh,4,inter_process,memfd,64,15,1012848979084739,153124,1012848979927546,842807
zenoh,4,inter_process,memfd,64,16,1012849079124487,148995,1012849079980514,856027
zenoh,4,inter_process,memfd,64,17,1012849179059995,125220,1012849179742910,682915
zenoh,4,inter_process,memfd,64,18,1012849278995948,165632,1012849279727304,731356
zenoh,4,inter_process,memfd,64,19,1012849378879032,170792,1012849379744871,865839
zenoh,4,inter_process,cpu,16777216,0,1012855174827991,6992889,1012855191342585,16514594
zenoh,4,inter_process,cpu,16777216,1,1012855275453141,7050082,1012855292013637,16560496
zenoh,4,inter_process,cpu,16777216,2,1012855375409750,7176001,1012855393865985,18456235
zenoh,4,inter_process,cpu,16777216,3,1012855475146272,7013901,1012855495451589,20305317
zenoh,4,inter_process,cpu,16777216,4,1012855575466993,13034813,1012855601480241,26013248
zenoh,4,inter_process,cpu,16777216,5,1012855675475450,11701875,1012855696663123,21187673
zenoh,4,inter_process,cpu,16777216,6,1012855775067511,6952801,1012855791545972,16478461
zenoh,4,inter_process,cpu,16777216,7,1012855875296355,7002484,1012855891769550,16473195
zenoh,4,inter_process,cpu,16777216,8,1012855975437150,13075717,1012855998025558,22588408
zenoh,4,inter_process,cpu,16777216,9,1012856075262909,6904973,1012856091703035,16440126
zenoh,4,inter_process,cpu,16777216,10,1012856175378639,6972664,1012856191884210,16505571
zenoh,4,inter_process,cpu,16777216,11,1012856275316163,6940855,1012856291806795,16490632
zenoh,4,inter_process,cpu,16777216,12,1012856375510309,13102999,1012856398130574,22620265
zenoh,4,inter_process,cpu,16777216,13,1012856475373098,12788563,1012856497653100,22280002
zenoh,4,inter_process,cpu,16777216,14,1012856575045895,6880590,1012856591401685,16355790
zenoh,4,inter_process,cpu,16777216,15,1012856675051511,7252470,1012856691798903,16747392
zenoh,4,inter_process,cpu,16777216,16,1012856775440134,13223390,1012856798238163,22798029
zenoh,4,inter_process,cpu,16777216,17,1012856875109177,6895135,1012856891515009,16405832
zenoh,4,inter_process,cpu,16777216,18,1012856975498218,7090366,1012856992129536,16631318
zenoh,4,inter_process,cpu,16777216,19,1012857075469231,6924428,1012857091861028,16391797
zenoh,4,inter_process,memfd,65536,0,1012861810200743,176437,1012861811208652,1007909
zenoh,4,inter_process,memfd,65536,1,1012861910123151,460940,1012861911029979,906828
zenoh,4,inter_process,memfd,65536,2,1012862010112934,162314,1012862011075847,962913
zenoh,4,inter_process,memfd,65536,3,1012862110156332,166409,1012862111049228,892896
zenoh,4,inter_process,memfd,65536,4,1012862210129852,161129,1012862211090004,960152
zenoh,4,inter_process,memfd,65536,5,1012862310103797,145484,1012862310901768,797971
zenoh,4,inter_process,memfd,65536,6,1012862410149765,143153,1012862410928925,779160
zenoh,4,inter_process,memfd,65536,7,1012862510078208,125279,1012862510759481,681273
zenoh,4,inter_process,memfd,65536,8,1012862609994180,206766,1012862611077048,1082868
zenoh,4,inter_process,memfd,65536,9,1012862710178712,433323,1012862711045821,867109
zenoh,4,inter_process,memfd,65536,10,1012862810139555,456613,1012862811029456,889901
zenoh,4,inter_process,memfd,65536,11,1012862910130892,499930,1012862911100315,969423
zenoh,4,inter_process,memfd,65536,12,1012863010129119,457176,1012863011029661,900542
zenoh,4,inter_process,memfd,65536,13,1012863110132366,460611,1012863111050564,918198
zenoh,4,inter_process,memfd,65536,14,1012863210141693,490642,1012863211086637,944944
zenoh,4,inter_process,memfd,65536,15,1012863310128444,459956,1012863311041134,912690
zenoh,4,inter_process,memfd,65536,16,1012863410123295,424686,1012863410960949,837654
zenoh,4,inter_process,memfd,65536,17,1012863510128215,422293,1012863510954401,826186
zenoh,4,inter_process,memfd,65536,18,1012863610113251,395555,1012863610859358,746107
zenoh,4,inter_process,memfd,65536,19,1012863710074625,109016,1012863710722829,648204
zenoh,4,inter_process,cpu,4194304,0,1012869492833665,5564353,1012869499557605,6723940
zenoh,4,inter_process,cpu,4194304,1,1012869593136408,4872927,1012869599203900,6067492
zenoh,4,inter_process,cpu,4194304,2,1012869693541615,4756792,1012869699482341,5940726
zenoh,4,inter_process,cpu,4194304,3,1012869793472293,4981572,1012869799636794,6164501
zenoh,4,inter_process,cpu,4194304,4,1012869893502737,5322978,1012869900024876,6522139
zenoh,4,inter_process,cpu,4194304,5,1012869993452427,5297355,1012869999909203,6456776
zenoh,4,inter_process,cpu,4194304,6,1012870093338621,4773273,1012870099275593,5936972
zenoh,4,inter_process,cpu,4194304,7,1012870193728519,4455084,1012870199344704,5616185
zenoh,4,inter_process,cpu,4194304,8,1012870293460296,5290612,1012870299906133,6445837
zenoh,4,inter_process,cpu,4194304,9,1012870393599577,5243540,1012870399993537,6393960
zenoh,4,inter_process,cpu,4194304,10,1012870493555087,4655743,1012870499375714,5820627
zenoh,4,inter_process,cpu,4194304,11,1012870593756463,8386750,1012870604635312,10878849
zenoh,4,inter_process,cpu,4194304,12,1012870693141424,6515576,1012870702080519,8939095
zenoh,4,inter_process,cpu,4194304,13,1012870793437066,8145791,1012870803961674,10524608
zenoh,4,inter_process,cpu,4194304,14,1012870892969378,6375535,1012870901869959,8900581
zenoh,4,inter_process,cpu,4194304,15,1012870993188032,2897016,1012870997287852,4099820
zenoh,4,inter_process,cpu,4194304,16,1012871093563240,5292170,1012871100057519,6494279
zenoh,4,inter_process,cpu,4194304,17,1012871193556763,4754917,1012871199559559,6002796
zenoh,4,inter_process,cpu,4194304,18,1012871293487265,4669148,1012871299318301,5831036
zenoh,4,inter_process,cpu,4194304,19,1012871393536654,7898687,1012871404118836,10582182
zenoh,4,intra_process_va,cpu,16777216,0,1012873132882005,5388,1012873132910072,28067
zenoh,4,intra_process_va,cpu,16777216,1,1012873232392064,16853,1012873232469027,76963
zenoh,4,intra_process_va,cpu,16777216,2,1012873332764823,19661,1012873332815047,50224
zenoh,4,intra_process_va,cpu,16777216,3,1012873432051114,5584,1012873432079492,28378
zenoh,4,intra_process_va,cpu,16777216,4,1012873532154809,5064,1012873532182626,27817
zenoh,4,intra_process_va,cpu,16777216,5,1012873632313316,6090,1012873632341371,28055
zenoh,4,intra_process_va,cpu,16777216,6,1012873732750550,22805,1012873732796365,45815
zenoh,4,intra_process_va,cpu,16777216,7,1012873831929755,15912,1012873831999691,69936
zenoh,4,intra_process_va,cpu,16777216,8,1012873931842258,16342,1012873931914173,71915
zenoh,4,intra_process_va,cpu,16777216,9,1012874031408824,15571,1012874031479907,71083
zenoh,4,intra_process_va,cpu,16777216,10,1012874131833065,5647,1012874131862181,29116
zenoh,4,intra_process_va,cpu,16777216,11,1012874231107833,14397,1012874231173352,65519
zenoh,4,intra_process_va,cpu,16777216,12,1012874332247330,5793,1012874332273358,26028
zenoh,4,intra_process_va,cpu,16777216,13,1012874432394085,18411,1012874432470112,76027
zenoh,4,intra_process_va,cpu,16777216,14,1012874532229735,17965,1012874532305318,75583
zenoh,4,intra_process_va,cpu,16777216,15,1012874632292903,5840,1012874632321582,28679
zenoh,4,intra_process_va,cpu,16777216,16,1012874732000023,8445,1012874732032957,32934
zenoh,4,intra_process_va,cpu,16777216,17,1012874832174565,5171,1012874832203587,29022
zenoh,4,intra_process_va,cpu,16777216,18,1012874932253316,5684,1012874932282888,29572
zenoh,4,intra_process_va,cpu,16777216,19,1012875032240432,16046,1012875032317752,77320
zenoh,4,intra_process_va,cpu,64,0,1012876696869757,19277,1012876696993084,123327
zenoh,4,intra_process_va,cpu,64,1,1012876796884220,16225,1012876796986596,102376
zenoh,4,intra_process_va,cpu,64,2,1012876896861029,17569,1012876896964452,103423
zenoh,4,intra_process_va,cpu,64,3,1012876996861462,17698,1012876996974633,113171
zenoh,4,intra_process_va,cpu,64,4,1012877096861367,18238,1012877096989502,128135
zenoh,4,intra_process_va,cpu,64,5,1012877196911748,19860,1012877197053774,142026
zenoh,4,intra_process_va,cpu,64,6,1012877296817309,15598,1012877296910807,93498
zenoh,4,intra_process_va,cpu,64,7,1012877396831091,15288,1012877396923986,92895
zenoh,4,intra_process_va,cpu,64,8,1012877496836787,12965,1012877496933543,96756
zenoh,4,intra_process_va,cpu,64,9,1012877596854721,17604,1012877596946779,92058
zenoh,4,intra_process_va,cpu,64,10,1012877696891879,17879,1012877697038893,147014
zenoh,4,intra_process_va,cpu,64,11,1012877796871103,38134,1012877797036958,165855
zenoh,4,intra_process_va,cpu,64,12,1012877896952565,18466,1012877897103326,150761
zenoh,4,intra_process_va,cpu,64,13,1012877996904266,19661,1012877997072758,168492
zenoh,4,intra_process_va,cpu,64,14,1012878096884814,18893,1012878096995870,111056
zenoh,4,intra_process_va,cpu,64,15,1012878196870741,17861,1012878196999957,129216
zenoh,4,intra_process_va,cpu,64,16,1012878296845493,17423,1012878296948870,103377
zenoh,4,intra_process_va,cpu,64,17,1012878396908542,15494,1012878397035870,127328
zenoh,4,intra_process_va,cpu,64,18,1012878496864615,17799,1012878496968675,104060
zenoh,4,intra_process_va,cpu,64,19,1012878596848137,15054,1012878596938857,90720
zenoh,4,intra_process_va,cpu,1024,0,1012880236678532,17467,1012880236778244,99712
zenoh,4,intra_process_va,cpu,1024,1,1012880336910119,18502,1012880337047941,137822
zenoh,4,intra_process_va,cpu,1024,2,1012880436876742,17587,1012880436979864,103122
zenoh,4,intra_process_va,cpu,1024,3,1012880536878004,17262,1012880536979307,101303
zenoh,4,intra_process_va,cpu,1024,4,1012880636729602,8968,1012880636780566,50964
zenoh,4,intra_process_va,cpu,1024,5,1012880736826532,12257,1012880736896414,69882
zenoh,4,intra_process_va,cpu,1024,6,1012880836680571,13512,1012880836751340,70769
zenoh,4,intra_process_va,cpu,1024,7,1012880937931125,16333,1012880938034745,103620
zenoh,4,intra_process_va,cpu,1024,8,1012881036917837,18046,1012881037068386,150549
zenoh,4,intra_process_va,cpu,1024,9,1012881136914359,19460,1012881137061752,147393
zenoh,4,intra_process_va,cpu,1024,10,1012881236719495,17479,1012881236821416,101921
zenoh,4,intra_process_va,cpu,1024,11,1012881336899034,17640,1012881336999620,100586
zenoh,4,intra_process_va,cpu,1024,12,1012881436874075,17909,1012881436977075,103000
zenoh,4,intra_process_va,cpu,1024,13,1012881536878572,18347,1012881536981461,102889
zenoh,4,intra_process_va,cpu,1024,14,1012881636723236,8193,1012881636769845,46609
zenoh,4,intra_process_va,cpu,1024,15,1012881736868437,17048,1012881736963865,95428
zenoh,4,intra_process_va,cpu,1024,16,1012881836823608,13115,1012881836902547,78939
zenoh,4,intra_process_va,cpu,1024,17,1012881936672297,8790,1012881936725842,53545
zenoh,4,intra_process_va,cpu,1024,18,1012882036691457,17198,1012882036779898,88441
zenoh,4,intra_process_va,cpu,1024,19,1012882136723448,18979,1012882136823472,100024
zenoh,5,inter_process,cpu,4096,0,1012886759662679,77444,1012886760153786,491107
zenoh,5,inter_process,cpu,4096,1,1012886859662049,70871,1012886860124033,461984
zenoh,5,inter_process,cpu,4096,2,1012886959909947,205914,1012886960884479,974532
zenoh,5,inter_process,cpu,4096,3,1012887059874665,164924,1012887060762217,887552
zenoh,5,inter_process,cpu,4096,4,1012887159905089,179566,1012887160876611,971522
zenoh,5,inter_process,cpu,4096,5,1012887259706440,116100,1012887260467920,761480
zenoh,5,inter_process,cpu,4096,6,1012887359872579,127191,1012887360706588,834009
zenoh,5,inter_process,cpu,4096,7,1012887459860101,103844,1012887460587300,727199
zenoh,5,inter_process,cpu,4096,8,1012887559915913,151417,1012887560598305,682392
zenoh,5,inter_process,cpu,4096,9,1012887660346061,115909,1012887661114900,768839
zenoh,5,inter_process,cpu,4096,10,1012887759964591,507176,1012887760886278,921687
zenoh,5,inter_process,cpu,4096,11,1012887859915294,191113,1012887860876714,961420
zenoh,5,inter_process,cpu,4096,12,1012887959725869,134903,1012887960604051,878182
zenoh,5,inter_process,cpu,4096,13,1012888059883961,162646,1012888060777804,893843
zenoh,5,inter_process,cpu,4096,14,1012888159915156,179921,1012888160877868,962712
zenoh,5,inter_process,cpu,4096,15,1012888259881644,175221,1012888260793137,911493
zenoh,5,inter_process,cpu,4096,16,1012888359909004,178185,1012888360872193,963189
zenoh,5,inter_process,cpu,4096,17,1012888459879457,148186,1012888460715514,836057
zenoh,5,inter_process,cpu,4096,18,1012888559871880,127503,1012888560710093,838213
zenoh,5,inter_process,cpu,4096,19,1012888659789740,102472,1012888660503197,713457
zenoh,5,intra_process_va,memfd,16777216,0,1012890399035604,23385,1012890399146474,110870
zenoh,5,intra_process_va,memfd,16777216,1,1012890499208382,20454,1012890499306006,97624
zenoh,5,intra_process_va,memfd,16777216,2,1012890599191294,23632,1012890599297085,105791
zenoh,5,intra_process_va,memfd,16777216,3,1012890698639280,17507,1012890698724760,85480
zenoh,5,intra_process_va,memfd,16777216,4,1012890798367157,16374,1012890798445262,78105
zenoh,5,intra_process_va,memfd,16777216,5,1012890899129538,21595,1012890899210148,80610
zenoh,5,intra_process_va,memfd,16777216,6,1012890999266033,19924,1012890999362533,96500
zenoh,5,intra_process_va,memfd,16777216,7,1012891099213929,20772,1012891099312066,98137
zenoh,5,intra_process_va,memfd,16777216,8,1012891199271496,20309,1012891199368649,97153
zenoh,5,intra_process_va,memfd,16777216,9,1012891298857154,20932,1012891298953275,96121
zenoh,5,intra_process_va,memfd,16777216,10,1012891399195793,19447,1012891399290944,95151
zenoh,5,intra_process_va,memfd,16777216,11,1012891498907062,20616,1012891499017254,110192
zenoh,5,intra_process_va,memfd,16777216,12,1012891598622961,17864,1012891598709777,86816
zenoh,5,intra_process_va,memfd,16777216,13,1012891698262857,15606,1012891698336791,73934
zenoh,5,intra_process_va,memfd,16777216,14,1012891799218462,20884,1012891799324468,106006
zenoh,5,intra_process_va,memfd,16777216,15,1012891899394526,18541,1012891899487244,92718
zenoh,5,intra_process_va,memfd,16777216,16,1012891999252568,20214,1012891999353347,100779
zenoh,5,intra_process_va,memfd,16777216,17,1012892099279464,20460,1012892099377280,97816
zenoh,5,intra_process_va,memfd,16777216,18,1012892199255629,19967,1012892199351504,95875
zenoh,5,intra_process_va,memfd,16777216,19,1012892299269314,17140,1012892299354681,85367
zenoh,5,intra_process_va,memfd,64,0,1012893953883945,12181,1012893953973434,89489
zenoh,5,intra_process_va,memfd,64,1,1012894053883239,12834,1012894053973651,90412
zenoh,5,intra_process_va,memfd,64,2,1012894153734641,15469,1012894153844570,109929
zenoh,5,intra_process_va,memfd,64,3,1012894253924219,15495,1012894254077259,153040
zenoh,5,intra_process_va,memfd,64,4,1012894353858076,16172,1012894353964938,106862
zenoh,5,intra_process_va,memfd,64,5,1012894453867699,16622,1012894453978444,110745
zenoh,5,intra_process_va,memfd,64,6,1012894553908816,14918,1012894554045681,136865
zenoh,5,intra_process_va,memfd,64,7,1012894653888181,12215,1012894653972870,84689
zenoh,5,intra_process_va,memfd,64,8,1012894753872308,15920,1012894753975157,102849
zenoh,5,intra_process_va,memfd,64,9,1012894853905245,15325,1012894854097701,192456
zenoh,5,intra_process_va,memfd,64,10,1012894953886070,15306,1012894953989688,103618
zenoh,5,intra_process_va,memfd,64,11,1012895053878761,13261,1012895053972431,93670
zenoh,5,intra_process_va,memfd,64,12,1012895153877001,14161,1012895153972716,95715
zenoh,5,intra_process_va,memfd,64,13,1012895253837021,9432,1012895253906024,69003
zenoh,5,intra_process_va,memfd,64,14,1012895353727904,13759,1012895353817610,89706
zenoh,5,intra_process_va,memfd,64,15,1012895453831020,18171,1012895453939976,108956
zenoh,5,intra_process_va,memfd,64,16,1012895553931258,15606,1012895554075454,144196
zenoh,5,intra_process_va,memfd,64,17,1012895653865710,10594,1012895653943277,77567
zenoh,5,intra_process_va,memfd,64,18,1012895753926438,16169,1012895754072821,146383
zenoh,5,intra_process_va,memfd,64,19,1012895853902598,14167,1012895854044208,141610
zenoh,5,intra_process_va,cpu,4096,0,1012897499815034,11152,1012897499885413,70379
zenoh,5,intra_process_va,cpu,4096,1,1012897599667620,15957,1012897599760080,92460
zenoh,5,intra_process_va,cpu,4096,2,1012897699866490,17393,1012897699975990,109500
zenoh,5,intra_process_va,cpu,4096,3,1012897799851615,16780,1012897799954975,103360
zenoh,5,intra_process_va,cpu,4096,4,1012897899852895,17181,1012897899957375,104480
zenoh,5,intra_process_va,cpu,4096,5,1012897999942479,17940,1012898000103436,160957
zenoh,5,intra_process_va,cpu,4096,6,1012898099807455,16559,1012898099904229,96774
zenoh,5,intra_process_va,cpu,4096,7,1012898199885591,17421,1012898199991643,106052
zenoh,5,intra_process_va,cpu,4096,8,1012898299856796,17546,1012898299961533,104737
zenoh,5,intra_process_va,cpu,4096,9,1012898399791137,16982,1012898399892587,101450
zenoh,5,intra_process_va,cpu,4096,10,1012898499660686,15196,1012898499752231,91545
zenoh,5,intra_process_va,cpu,4096,11,1012898599851920,15786,1012898599949803,97883
zenoh,5,intra_process_va,cpu,4096,12,1012898699840604,12435,1012898699919434,78830
zenoh,5,intra_process_va,cpu,4096,13,1012898799819385,13591,1012898799899026,79641
zenoh,5,intra_process_va,cpu,4096,14,1012898899674839,15943,1012898899767248,92409
zenoh,5,intra_process_va,cpu,4096,15,1012898999888084,17781,1012899000068211,180127
zenoh,5,intra_process_va,cpu,4096,16,1012899099857745,17066,1012899099963863,106118
zenoh,5,intra_process_va,cpu,4096,17,1012899199896539,17846,1012899200048321,151782
zenoh,5,intra_process_va,cpu,4096,18,1012899299858054,17750,1012899299963615,105561
zenoh,5,intra_process_va,cpu,4096,19,1012899399855542,17460,1012899399960376,104834
zenoh,5,intra_process_va,cpu,16384,0,1012901055694689,18300,1012901055802011,107322
zenoh,5,intra_process_va,cpu,16384,1,1012901155881931,17681,1012901155984594,102663
zenoh,5,intra_process_va,cpu,16384,2,1012901255900514,15387,1012901255996863,96349
zenoh,5,intra_process_va,cpu,16384,3,1012901355862238,15859,1012901355959927,97689
zenoh,5,intra_process_va,cpu,16384,4,1012901455864900,15573,1012901455962815,97915
zenoh,5,intra_process_va,cpu,16384,5,1012901555674257,15698,1012901555761873,87616
zenoh,5,intra_process_va,cpu,16384,6,1012901655873935,16240,1012901655972239,98304
zenoh,5,intra_process_va,cpu,16384,7,1012901755877929,18659,1012901755983731,105802
zenoh,5,intra_process_va,cpu,16384,8,1012901855888319,20022,1012901856039370,151051
zenoh,5,intra_process_va,cpu,16384,9,1012901955920160,17298,1012901956059835,139675
zenoh,5,intra_process_va,cpu,16384,10,1012902055881244,19372,1012902056043572,162328
zenoh,5,intra_process_va,cpu,16384,11,1012902155861237,16298,1012902155961787,100550
zenoh,5,intra_process_va,cpu,16384,12,1012902255865892,18049,1012902255970143,104251
zenoh,5,intra_process_va,cpu,16384,13,1012902355691286,18034,1012902355795415,104129
zenoh,5,intra_process_va,cpu,16384,14,1012902455858108,15775,1012902455955038,96930
zenoh,5,intra_process_va,cpu,16384,15,1012902555844074,14871,1012902555933811,89737
zenoh,5,intra_process_va,cpu,16384,16,1012902655687425,16628,1012902655792049,104624
zenoh,5,intra_process_va,cpu,16384,17,1012902755863175,17850,1012902755964640,101465
zenoh,5,intra_process_va,cpu,16384,18,1012902855863903,17431,1012902855967321,103418
zenoh,5,intra_process_va,cpu,16384,19,1012902955928503,19647,1012902956090803,162300
zenoh,5,intra_process_va,memfd,4194304,0,1012904607774198,22422,1012904607888394,114196
zenoh,5,intra_process_va,memfd,4194304,1,1012904707659863,20713,1012904707760542,100679
zenoh,5,intra_process_va,memfd,4194304,2,1012904807664055,19607,1012904807765189,101134
zenoh,5,intra_process_va,memfd,4194304,3,1012904907842138,23861,1012904907965346,123208
zenoh,5,intra_process_va,memfd,4194304,4,1012905007964009,26788,1012905008114741,150732
zenoh,5,intra_process_va,memfd,4194304,5,1012905107843031,25885,1012905107968249,125218
zenoh,5,intra_process_va,memfd,4194304,6,1012905207822008,24616,1012905207938096,116088
zenoh,5,intra_process_va,memfd,4194304,7,1012905307727293,23759,1012905307835158,107865
zenoh,5,intra_process_va,memfd,4194304,8,1012905407602032,23691,1012905407716447,114415
zenoh,5,intra_process_va,memfd,4194304,9,1012905507828734,23984,1012905507942152,113418
zenoh,5,intra_process_va,memfd,4194304,10,1012905607858639,23783,1012905607981407,122768
zenoh,5,intra_process_va,memfd,4194304,11,1012905707773526,22977,1012905707887658,114132
zenoh,5,intra_process_va,memfd,4194304,12,1012905807712788,21255,1012905807818109,105321
zenoh,5,intra_process_va,memfd,4194304,13,1012905907647331,20767,1012905907748980,101649
zenoh,5,intra_process_va,memfd,4194304,14,1012906007400368,15402,1012906007477244,76876
zenoh,5,intra_process_va,memfd,4194304,15,1012906107444109,14810,1012906107520736,76627
zenoh,5,intra_process_va,memfd,4194304,16,1012906207735576,25133,1012906207850273,114697
zenoh,5,intra_process_va,memfd,4194304,17,1012906307918179,23516,1012906308068261,150082
zenoh,5,intra_process_va,memfd,4194304,18,1012906407767013,23643,1012906407882412,115399
zenoh,5,intra_process_va,memfd,4194304,19,1012906507905297,25651,1012906508113179,207882
zenoh,5,inter_process,cpu,65536,0,1012911130853185,225301,1012911131925885,1072700
zenoh,5,inter_process,cpu,65536,1,1012911230844871,211967,1012911231911122,1066251
zenoh,5,inter_process,cpu,65536,2,1012911330849630,211067,1012911331894440,1044810
zenoh,5,inter_process,cpu,65536,3,1012911430765067,580517,1012911431910880,1145813
zenoh,5,inter_process,cpu,65536,4,1012911530826850,161290,1012911531767509,940659
zenoh,5,inter_process,cpu,65536,5,1012911630739603,136300,1012911631499123,759520
zenoh,5,inter_process,cpu,65536,6,1012911730795961,124330,1012911731501019,705058
zenoh,5,inter_process,cpu,65536,7,1012911830899670,694396,1012911832189764,1290094
zenoh,5,inter_process,cpu,65536,8,1012911930790080,101385,1012911931435186,645106
zenoh,5,inter_process,cpu,65536,9,1012912030855046,582023,1012912032031336,1176290
zenoh,5,inter_process,cpu,65536,10,1012912130856293,238864,1012912131980370,1124077
zenoh,5,inter_process,cpu,65536,11,1012912230873831,254088,1012912232054437,1180606
zenoh,5,inter_process,cpu,65536,12,1012912330848817,232450,1012912331974597,1125780
zenoh,5,inter_process,cpu,65536,13,1012912430850529,210534,1012912431913603,1063074
zenoh,5,inter_process,cpu,65536,14,1012912530847710,214747,1012912531918695,1070985
zenoh,5,inter_process,cpu,65536,15,1012912630781816,177717,1012912631761139,979323
zenoh,5,inter_process,cpu,65536,16,1012912730783095,171775,1012912731769370,986275
zenoh,5,inter_process,cpu,65536,17,1012912830905640,187208,1012912831837365,931725
zenoh,5,inter_process,cpu,65536,18,1012912930802109,123373,1012912931514619,712510
zenoh,5,inter_process,cpu,65536,19,1012913030673125,166536,1012913031612047,938922
zenoh,5,intra_process_va,cpu,65536,0,1012914764890706,14920,1012914764982145,91439
zenoh,5,intra_process_va,cpu,65536,1,1012914864868270,13688,1012914864951136,82866
zenoh,5,intra_process_va,cpu,65536,2,1012914964877970,20749,1012914964994099,116129
zenoh,5,intra_process_va,cpu,65536,3,1012915064917542,20772,1012915065069821,152279
zenoh,5,intra_process_va,cpu,65536,4,1012915164922150,20182,1012915165081333,159183
zenoh,5,intra_process_va,cpu,65536,5,1012915264898628,16570,1012915264996680,98052
zenoh,5,intra_process_va,cpu,65536,6,1012915364928790,19096,1012915365077745,148955
zenoh,5,intra_process_va,cpu,65536,7,1012915464910758,19888,1012915465070540,159782
zenoh,5,intra_process_va,cpu,65536,8,1012915564894801,16904,1012915564995256,100455
zenoh,5,intra_process_va,cpu,65536,9,1012915664893230,15823,1012915664986207,92977
zenoh,5,intra_process_va,cpu,65536,10,1012915764890310,15718,1012915764984065,93755
zenoh,5,intra_process_va,cpu,65536,11,1012915864872437,13034,1012915864952286,79849
zenoh,5,intra_process_va,cpu,65536,12,1012915964722784,15781,1012915964810308,87524
zenoh,5,intra_process_va,cpu,65536,13,1012916064872729,17994,1012916064977307,104578
zenoh,5,intra_process_va,cpu,65536,14,1012916164908131,18584,1012916165050706,142575
zenoh,5,intra_process_va,cpu,65536,15,1012916264961236,17993,1012916265105673,144437
zenoh,5,intra_process_va,cpu,65536,16,1012916364931018,18419,1012916365078896,147878
zenoh,5,intra_process_va,cpu,65536,17,1012916464905073,18938,1012916465045947,140874
zenoh,5,intra_process_va,cpu,65536,18,1012916564908147,18381,1012916565049654,141507
zenoh,5,intra_process_va,cpu,65536,19,1012916664886049,16522,1012916664984171,98122
zenoh,5,inter_process,cpu,262144,0,1012921283984720,989235,1012921285675353,1690633
zenoh,5,inter_process,cpu,262144,1,1012921383956512,804418,1012921385451374,1494862
zenoh,5,inter_process,cpu,262144,2,1012921483986515,1381764,1012921486180786,2194271
zenoh,5,inter_process,cpu,262144,3,1012921584180338,1388874,1012921586354360,2174022
zenoh,5,inter_process,cpu,262144,4,1012921683989500,1136744,1012921685871796,1882296
zenoh,5,inter_process,cpu,262144,5,1012921784086438,1331952,1012921786240880,2154442
zenoh,5,inter_process,cpu,262144,6,1012921884065212,1279979,1012921886167316,2102104
zenoh,5,inter_process,cpu,262144,7,1012921984051758,1156916,1012921985924914,1873156
zenoh,5,inter_process,cpu,262144,8,1012922084064610,1119573,1012922085901291,1836681
zenoh,5,inter_process,cpu,262144,9,1012922183991405,1179053,1012922185819347,1827942
zenoh,5,inter_process,cpu,262144,10,1012922283955085,888521,1012922285515025,1559940
zenoh,5,inter_process,cpu,262144,11,1012922383819257,1006988,1012922385540936,1721679
zenoh,5,inter_process,cpu,262144,12,1012922483947025,1147655,1012922485792945,1845920
zenoh,5,inter_process,cpu,262144,13,1012922583862799,1427211,1012922586056357,2193558
zenoh,5,inter_process,cpu,262144,14,1012922684126670,1203509,1012922685995668,1868998
zenoh,5,inter_process,cpu,262144,15,1012922784101088,1181626,1012922786025177,1924089
zenoh,5,inter_process,cpu,262144,16,1012922883971339,1114951,1012922885757719,1786380
zenoh,5,inter_process,cpu,262144,17,1012922984105598,1200774,1012922986084684,1979086
zenoh,5,inter_process,cpu,262144,18,1012923084108940,1111204,1012923085926409,1817469
zenoh,5,inter_process,cpu,262144,19,1012923183992327,1238075,1012923185922628,1930301
zenoh,5,inter_process,cpu,4194304,0,1012927885509287,7559648,1012927896869627,11360340
zenoh,5,inter_process,cpu,4194304,1,1012927985450225,8042782,1012927996058009,10607784
zenoh,5,inter_process,cpu,4194304,2,1012928085343617,7048732,1012928094858221,9514604
zenoh,5,inter_process,cpu,4194304,3,1012928185330740,7111413,1012928194891115,9560375
zenoh,5,inter_process,cpu,4194304,4,1012928285187123,6606616,1012928294267802,9080679
zenoh,5,inter_process,cpu,4194304,5,1012928385907408,3776166,1012928390872392,4964984
zenoh,5,inter_process,cpu,4194304,6,1012928485555131,5139946,1012928491837031,6281900
zenoh,5,inter_process,cpu,4194304,7,1012928585562275,4903809,1012928591624835,6062560
zenoh,5,inter_process,cpu,4194304,8,1012928685423076,5275153,1012928692022327,6599251
zenoh,5,inter_process,cpu,4194304,9,1012928785590991,5160042,1012928791968012,6377021
zenoh,5,inter_process,cpu,4194304,10,1012928885559004,7688446,1012928895829484,10270480
zenoh,5,inter_process,cpu,4194304,11,1012928985470766,5315444,1012928991953539,6482773
zenoh,5,inter_process,cpu,4194304,12,1012929085457642,5101931,1012929091705689,6248047
zenoh,5,inter_process,cpu,4194304,13,1012929185303128,7514648,1012929195396513,10093385
zenoh,5,inter_process,cpu,4194304,14,1012929285458344,5139439,1012929291754204,6295860
zenoh,5,inter_process,cpu,4194304,15,1012929385476417,8180508,1012929396178162,10701745
zenoh,5,inter_process,cpu,4194304,16,1012929485362454,4979259,1012929491506224,6143770
zenoh,5,inter_process,cpu,4194304,17,1012929585342653,7259083,1012929595030557,9687904
zenoh,5,inter_process,cpu,4194304,18,1012929684786303,5978648,1012929693254102,8467799
zenoh,5,inter_process,cpu,4194304,19,1012929785245620,6720642,1012929794430783,9185163
zenoh,5,intra_process_va,cpu,1024,0,1012931524212462,20731,1012931524310095,97633
zenoh,5,intra_process_va,cpu,1024,1,1012931622838688,18860,1012931622951091,112403
zenoh,5,intra_process_va,cpu,1024,2,1012931722825603,18547,1012931722935584,109981
zenoh,5,intra_process_va,cpu,1024,3,1012931822829480,19036,1012931822939940,110460
zenoh,5,intra_process_va,cpu,1024,4,1012931922804127,3956,1012931922823403,19276
zenoh,5,intra_process_va,cpu,1024,5,1012932022804381,17504,1012932022906974,102593
zenoh,5,intra_process_va,cpu,1024,6,1012932122804545,18358,1012932122905601,101056
zenoh,5,intra_process_va,cpu,1024,7,1012932222802211,17253,1012932222912974,110763
zenoh,5,intra_process_va,cpu,1024,8,1012932322716775,13656,1012932322801337,84562
zenoh,5,intra_process_va,cpu,1024,9,1012932422646123,15778,1012932422739125,93002
zenoh,5,intra_process_va,cpu,1024,10,1012932522795030,16490,1012932522890106,95076
zenoh,5,intra_process_va,cpu,1024,11,1012932622751611,10528,1012932622815255,63644
zenoh,5,intra_process_va,cpu,1024,12,1012932722612563,15654,1012932722697512,84949
zenoh,5,intra_process_va,cpu,1024,13,1012932822821453,18083,1012932822930824,109371
zenoh,5,intra_process_va,cpu,1024,14,1012932922791020,17509,1012932922894657,103637
zenoh,5,intra_process_va,cpu,1024,15,1012933022801573,19390,1012933022915075,113502
zenoh,5,intra_process_va,cpu,1024,16,1012933122839408,18399,1012933122950450,111042
zenoh,5,intra_process_va,cpu,1024,17,1012933222817568,18661,1012933222926967,109399
zenoh,5,intra_process_va,cpu,1024,18,1012933322849867,17363,1012933322953171,103304
zenoh,5,intra_process_va,cpu,1024,19,1012933422804230,17252,1012933422907183,102953
zenoh,5,intra_process_va,memfd,65536,0,1012935066902049,17548,1012935067064837,162788
zenoh,5,intra_process_va,memfd,65536,1,1012935166898797,18860,1012935167057101,158304
zenoh,5,intra_process_va,memfd,65536,2,1012935266897605,18463,1012935267048964,151359
zenoh,5,intra_process_va,memfd,65536,3,1012935366915853,19484,1012935367076097,160244
zenoh,5,intra_process_va,memfd,65536,4,1012935466864147,16286,1012935466971437,107290
zenoh,5,intra_process_va,memfd,65536,5,1012935566917453,14601,1012935567049014,131561
zenoh,5,intra_process_va,memfd,65536,6,1012935666822586,10104,1012935666886607,64021
zenoh,5,intra_process_va,memfd,65536,7,1012935766859232,14120,1012935766949262,90030
zenoh,5,intra_process_va,memfd,65536,8,1012935866892202,14479,1012935866988236,96034
zenoh,5,intra_process_va,memfd,65536,9,1012935966865360,17196,1012935966976011,110651
zenoh,5,intra_process_va,memfd,65536,10,1012936066858892,33193,1012936066978385,119493
zenoh,5,intra_process_va,memfd,65536,11,1012936166885127,18454,1012936167058476,173349
zenoh,5,intra_process_va,memfd,65536,12,1012936266885770,16451,1012936266989075,103305
zenoh,5,intra_process_va,memfd,65536,13,1012936366913477,16947,1012936367059535,146058
zenoh,5,intra_process_va,memfd,65536,14,1012936466913103,17584,1012936467058949,145846
zenoh,5,intra_process_va,memfd,65536,15,1012936566904993,17457,1012936567049020,144027
zenoh,5,intra_process_va,memfd,65536,16,1012936666879143,16940,1012936666984068,104925
zenoh,5,intra_process_va,memfd,65536,17,1012936766921161,17538,1012936767077192,156031
zenoh,5,intra_process_va,memfd,65536,18,1012936866870394,13264,1012936866958934,88540
zenoh,5,intra_process_va,memfd,65536,19,1012936966691761,13500,1012936966774879,83118
zenoh,5,inter_process,cpu,1048576,0,1012941586347553,3942208,1012941591968627,5621074
zenoh,5,inter_process,cpu,1048576,1,1012941686280507,3542678,1012941691158055,4877548
zenoh,5,inter_process,cpu,1048576,2,1012941786243824,3263130,1012941790900957,4657133
zenoh,5,inter_process,cpu,1048576,3,1012941886210077,2950407,1012941890435116,4225039
zenoh,5,inter_process,cpu,1048576,4,1012941985986571,2045900,1012941989224166,3237595
zenoh,5,inter_process,cpu,1048576,5,1012942086257305,3253040,1012942090932179,4674874
zenoh,5,inter_process,cpu,1048576,6,1012942186247873,3335242,1012942191288387,5040514
zenoh,5,inter_process,cpu,1048576,7,1012942286199022,3080852,1012942290501717,4302695
zenoh,5,inter_process,cpu,1048576,8,1012942386206212,2943334,1012942390595480,4389268
zenoh,5,inter_process,cpu,1048576,9,1012942486269140,3014305,1012942490535696,4266556
zenoh,5,inter_process,cpu,1048576,10,1012942586146044,2445371,1012942589718884,3572840
zenoh,5,inter_process,cpu,1048576,11,1012942686179104,2776257,1012942690162508,3983404
zenoh,5,inter_process,cpu,1048576,12,1012942786285001,3356885,1012942790997346,4712345
zenoh,5,inter_process,cpu,1048576,13,1012942886308128,3232906,1012942891014318,4706190
zenoh,5,inter_process,cpu,1048576,14,1012942986231839,3094915,1012942990607945,4376106
zenoh,5,inter_process,cpu,1048576,15,1012943086282136,3162458,1012943090935828,4653692
zenoh,5,inter_process,cpu,1048576,16,1012943186270625,3331813,1012943191087488,4816863
zenoh,5,inter_process,cpu,1048576,17,1012943286240203,3251942,1012943290956360,4716157
zenoh,5,inter_process,cpu,1048576,18,1012943386243231,3237935,1012943391041246,4798015
zenoh,5,inter_process,cpu,1048576,19,1012943486243172,3344625,1012943491051390,4808218
zenoh,5,inter_process,memfd,64,0,1012948213941058,182171,1012948214821244,880186
zenoh,5,inter_process,memfd,64,1,1012948313922033,171372,1012948314739642,817609
zenoh,5,inter_process,memfd,64,2,1012948413969160,148892,1012948414694687,725527
zenoh,5,inter_process,memfd,64,3,1012948513765093,147535,1012948514633575,868482
zenoh,5,inter_process,memfd,64,4,1012948613983647,237885,1012948615060653,1077006
zenoh,5,inter_process,memfd,64,5,1012948713997766,197268,1012948714949365,951599
zenoh,5,inter_process,memfd,64,6,1012948813960298,222540,1012948814982923,1022625
zenoh,5,inter_process,memfd,64,7,1012948913938862,198696,1012948914889533,950671
zenoh,5,inter_process,memfd,64,8,1012949013963158,197685,1012949014922276,959118
zenoh,5,inter_process,memfd,64,9,1012949113974666,271060,1012949115057753,1083087
zenoh,5,inter_process,memfd,64,10,1012949213954787,197086,1012949214913954,959167
zenoh,5,inter_process,memfd,64,11,1012949313954582,198823,1012949314906096,951514
zenoh,5,inter_process,memfd,64,12,1012949413938116,182802,1012949414821813,883697
zenoh,5,inter_process,memfd,64,13,1012949513946799,197472,1012949514837026,890227
zenoh,5,inter_process,memfd,64,14,1012949613908472,136877,1012949614555438,646966
zenoh,5,inter_process,memfd,64,15,1012949713803159,141782,1012949714570081,766922
zenoh,5,inter_process,memfd,64,16,1012949813979434,241384,1012949815049444,1070010
zenoh,5,inter_process,memfd,64,17,1012949913971860,214535,1012949914987464,1015604
zenoh,5,inter_process,memfd,64,18,1012950013930689,195771,1012950014884746,954057
zenoh,5,inter_process,memfd,64,19,1012950113950215,197168,1012950114899899,949684
zenoh,5,inter_process,cpu,16777216,0,1012955899998676,6790363,1012955916292565,16293889
zenoh,5,inter_process,cpu,16777216,1,1012956000240926,7509935,1012956017266110,17025184
zenoh,5,inter_process,cpu,16777216,2,1012956100324855,7237866,1012956117066639,16741784
zenoh,5,inter_process,cpu,16777216,3,1012956200323216,7760323,1012956217820127,17496911
zenoh,5,inter_process,cpu,16777216,4,1012956300157994,6727136,1012956316484915,16326921
zenoh,5,inter_process,cpu,16777216,5,1012956400242892,6790535,1012956416634109,16391217
zenoh,5,inter_process,cpu,16777216,6,1012956499799906,6796636,1012956516193699,16393793
zenoh,5,inter_process,cpu,16777216,7,1012956600052169,6748126,1012956616365104,16312935
zenoh,5,inter_process,cpu,16777216,8,1012956699883208,7391000,1012956716899782,17016574
zenoh,5,inter_process,cpu,16777216,9,1012956799890269,6671895,1012956816168062,16277793
zenoh,5,inter_process,cpu,16777216,10,1012956899460132,7739534,1012956916735413,17275281
zenoh,5,inter_process,cpu,16777216,11,1012956999906542,6794268,1012957016321560,16415018
zenoh,5,inter_process,cpu,16777216,12,1012957099798263,7109383,1012957116443602,16645339
zenoh,5,inter_process,cpu,16777216,13,1012957199050843,7621027,1012957216206815,17155972
zenoh,5,inter_process,cpu,16777216,14,1012957299775398,7032675,1012957316275086,16499688
zenoh,5,inter_process,cpu,16777216,15,1012957400095660,6737128,1012957417739644,17643984
zenoh,5,inter_process,cpu,16777216,16,1012957500249182,12692590,1012957522487294,22238112
zenoh,5,inter_process,cpu,16777216,17,1012957600331215,6725621,1012957616640963,16309748
zenoh,5,inter_process,cpu,16777216,18,1012957699975171,6865142,1012957716380696,16405525
zenoh,5,inter_process,cpu,16777216,19,1012957800159357,6896860,1012957816655296,16495939
zenoh,5,intra_process_va,memfd,1048576,0,1012959569875006,18075,1012959569974769,99763
zenoh,5,intra_process_va,memfd,1048576,1,1012959670099847,26200,1012959670227118,127271
zenoh,5,intra_process_va,memfd,1048576,2,1012959770078207,20436,1012959770187162,108955
zenoh,5,intra_process_va,memfd,1048576,3,1012959870110565,21034,1012959870226213,115648
zenoh,5,intra_process_va,memfd,1048576,4,1012959970105101,20549,1012959970213796,108695
zenoh,5,intra_process_va,memfd,1048576,5,1012960070152942,23776,1012960070279041,126099
zenoh,5,intra_process_va,memfd,1048576,6,1012960170114659,22141,1012960170230815,116156
zenoh,5,intra_process_va,memfd,1048576,7,1012960270081573,20159,1012960270189202,107629
zenoh,5,intra_process_va,memfd,1048576,8,1012960370112940,20650,1012960370222729,109789
zenoh,5,intra_process_va,memfd,1048576,9,1012960470137698,21455,1012960470246644,108946
zenoh,5,intra_process_va,memfd,1048576,10,1012960570075713,19507,1012960570181025,105312
zenoh,5,intra_process_va,memfd,1048576,11,1012960670073146,18597,1012960670171515,98369
zenoh,5,intra_process_va,memfd,1048576,12,1012960770113611,21839,1012960770229902,116291
zenoh,5,intra_process_va,memfd,1048576,13,1012960870113124,20976,1012960870228770,115646
zenoh,5,intra_process_va,memfd,1048576,14,1012960969870871,5007,1012960969903733,32862
zenoh,5,intra_process_va,memfd,1048576,15,1012961070080750,20917,1012961070212960,132210
zenoh,5,intra_process_va,memfd,1048576,16,1012961170056124,19094,1012961170156579,100455
zenoh,5,intra_process_va,memfd,1048576,17,1012961270064106,18972,1012961270162665,98559
zenoh,5,intra_process_va,memfd,1048576,18,1012961370074978,20739,1012961370184662,109684
zenoh,5,intra_process_va,memfd,1048576,19,1012961470048698,17764,1012961470144006,95308
zenoh,5,intra_process_va,memfd,1024,0,1012963119841126,16374,1012963119946079,104953
zenoh,5,intra_process_va,memfd,1024,1,1012963219894473,18073,1012963220054496,160023
zenoh,5,intra_process_va,memfd,1024,2,1012963319874974,15670,1012963319984008,109034
zenoh,5,intra_process_va,memfd,1024,3,1012963419835339,15771,1012963419945617,110278
zenoh,5,intra_process_va,memfd,1024,4,1012963519820563,13484,1012963519921200,100637
zenoh,5,intra_process_va,memfd,1024,5,1012963619841795,16074,1012963619945331,103536
zenoh,5,intra_process_va,memfd,1024,6,1012963719841746,15794,1012963719945044,103298
zenoh,5,intra_process_va,memfd,1024,7,1012963819788455,13174,1012963819882226,93771
zenoh,5,intra_process_va,memfd,1024,8,1012963919803792,12696,1012963919894085,90293
zenoh,5,intra_process_va,memfd,1024,9,1012964019798412,11276,1012964019875108,76696
zenoh,5,intra_process_va,memfd,1024,10,1012964119801655,11511,1012964119879887,78232
zenoh,5,intra_process_va,memfd,1024,11,1012964219836131,15351,1012964219963038,126907
zenoh,5,intra_process_va,memfd,1024,12,1012964319852840,17973,1012964319989582,136742
zenoh,5,intra_process_va,memfd,1024,13,1012964419885815,18250,1012964420057652,171837
zenoh,5,intra_process_va,memfd,1024,14,1012964519847835,15978,1012964519956909,109074
zenoh,5,intra_process_va,memfd,1024,15,1012964619848850,15442,1012964619957681,108831
zenoh,5,intra_process_va,memfd,1024,16,1012964719832472,15178,1012964719958980,126508
zenoh,5,intra_process_va,memfd,1024,17,1012964819813376,15744,1012964819937741,124365
zenoh,5,intra_process_va,memfd,1024,18,1012964919913362,15918,1012964920058046,144684
zenoh,5,intra_process_va,memfd,1024,19,1012965019766654,14052,1012965019860506,93852
zenoh,5,intra_process_va,cpu,64,0,1012966673793594,14524,1012966673882918,89324
zenoh,5,intra_process_va,cpu,64,1,1012966773839204,16533,1012966773941475,102271
zenoh,5,intra_process_va,cpu,64,2,1012966873835183,17603,1012966873946427,111244
zenoh,5,intra_process_va,cpu,64,3,1012966973820858,17035,1012966973925156,104298
zenoh,5,intra_process_va,cpu,64,4,1012967073811196,18352,1012967073916127,104931
zenoh,5,intra_process_va,cpu,64,5,1012967173901925,20637,1012967174051765,149840
zenoh,5,intra_process_va,cpu,64,6,1012967273813805,16690,1012967273915620,101815
zenoh,5,intra_process_va,cpu,64,7,1012967373806008,17521,1012967373910429,104421
zenoh,5,intra_process_va,cpu,64,8,1012967473804674,15205,1012967473901468,96794
zenoh,5,intra_process_va,cpu,64,9,1012967573806345,14677,1012967573899507,93162
zenoh,5,intra_process_va,cpu,64,10,1012967673767346,11685,1012967673837465,70119
zenoh,5,intra_process_va,cpu,64,11,1012967773631362,14361,1012967773718053,86691
zenoh,5,intra_process_va,cpu,64,12,1012967873814806,17161,1012967873919289,104483
zenoh,5,intra_process_va,cpu,64,13,1012967973830643,18133,1012967973942314,111671
zenoh,5,intra_process_va,cpu,64,14,1012968073871818,18047,1012968073975809,103991
zenoh,5,intra_process_va,cpu,64,15,1012968173812179,16483,1012968173914715,102536
zenoh,5,intra_process_va,cpu,64,16,1012968273811119,15552,1012968273906791,95672
zenoh,5,intra_process_va,cpu,64,17,1012968373869264,18382,1012968373981836,112572
zenoh,5,intra_process_va,cpu,64,18,1012968473809151,17852,1012968473914321,105170
zenoh,5,intra_process_va,cpu,64,19,1012968573808904,15182,1012968573913714,104810
zenoh,5,inter_process,memfd,1024,0,1012973230058988,159180,1012973230865829,806841
zenoh,5,inter_process,memfd,1024,1,1012973330173865,179380,1012973331234190,1060325
zenoh,5,inter_process,memfd,1024,2,1012973430203967,191637,1012973431337484,1133517
zenoh,5,inter_process,memfd,1024,3,1012973530141242,162253,1012973531075749,934507
zenoh,5,inter_process,memfd,1024,4,1012973630049907,157738,1012973630934124,884217
zenoh,5,inter_process,memfd,1024,5,1012973730131741,162184,1012973731088291,956550
zenoh,5,inter_process,memfd,1024,6,1012973830153103,162615,1012973831114825,961722
zenoh,5,inter_process,memfd,1024,7,1012973930120350,162574,1012973931087436,967086
zenoh,5,inter_process,memfd,1024,8,1012974030133932,151292,1012974030989973,856041
zenoh,5,inter_process,memfd,1024,9,1012974130118569,151125,1012974130965670,847101
zenoh,5,inter_process,memfd,1024,10,1012974230142235,146871,1012974230952407,810172
zenoh,5,inter_process,memfd,1024,11,1012974330079415,149560,1012974330866353,786938
zenoh,5,inter_process,memfd,1024,12,1012974430274117,144154,1012974431152088,877971
zenoh,5,inter_process,memfd,1024,13,1012974530147484,164829,1012974531106295,958811
zenoh,5,inter_process,memfd,1024,14,1012974633745190,119894,1012974634476827,731637
zenoh,5,inter_process,memfd,1024,15,1012974730150329,185180,1012974731167277,1016948
zenoh,5,inter_process,memfd,1024,16,1012974830140753,188303,1012974831174098,1033345
zenoh,5,inter_process,memfd,1024,17,1012974930159580,163426,1012974931104948,945368
zenoh,5,inter_process,memfd,1024,18,1012975030150626,172466,1012975031115819,965193
zenoh,5,inter_process,memfd,1024,19,1012975130133277,165590,1012975131097054,963777
zenoh,5,inter_process,memfd,1048576,0,1012980909371685,493441,1012980910332548,960863
zenoh,5,inter_process,memfd,1048576,1,1012981009341003,171051,1012981010344313,1003310
zenoh,5,inter_process,memfd,1048576,2,1012981109364910,182722,1012981110383934,1019024
zenoh,5,inter_process,memfd,1048576,3,1012981209338207,176026,1012981210300265,962058
zenoh,5,inter_process,memfd,1048576,4,1012981309358432,170458,1012981310341849,983417
zenoh,5,inter_process,memfd,1048576,5,1012981409373448,188361,1012981410436987,1063539
zenoh,5,inter_process,memfd,1048576,6,1012981509320738,160294,1012981510244313,923575
zenoh,5,inter_process,memfd,1048576,7,1012981609334147,160638,1012981610255689,921542
zenoh,5,inter_process,memfd,1048576,8,1012981709273680,130562,1012981709978912,705232
zenoh,5,inter_process,memfd,1048576,9,1012981809227310,115767,1012981809845553,618243
zenoh,5,inter_process,memfd,1048576,10,1012981909321597,168602,1012981910269928,948331
zenoh,5,inter_process,memfd,1048576,11,1012982009339382,175689,1012982010316957,977575
zenoh,5,inter_process,memfd,1048576,12,1012982109423202,199371,1012982110556700,1133498
zenoh,5,inter_process,memfd,1048576,13,1012982209383229,180624,1012982210409976,1026747
zenoh,5,inter_process,memfd,1048576,14,1012982309372690,507540,1012982310361104,988414
zenoh,5,inter_process,memfd,1048576,15,1012982409352116,173450,1012982410323507,971391
zenoh,5,inter_process,memfd,1048576,16,1012982509347269,172364,1012982510324850,977581
zenoh,5,inter_process,memfd,1048576,17,1012982609378128,182488,1012982610394778,1016650
zenoh,5,inter_process,memfd,1048576,18,1012982709387848,183241,1012982710411919,1024071
zenoh,5,inter_process,memfd,1048576,19,1012982809343976,174110,1012982810324568,980592
zenoh,5,inter_process,memfd,16384,0,1012988606186013,176304,1012988607207743,1021730
zenoh,5,inter_process,memfd,16384,1,1012988706159774,164154,1012988707102522,942748
zenoh,5,inter_process,memfd,16384,2,1012988806139337,152050,1012988806994811,855474
zenoh,5,inter_process,memfd,16384,3,1012988906109611,111081,1012988906715503,605892
zenoh,5,inter_process,memfd,16384,4,1012989006093014,138988,1012989006878619,785605
zenoh,5,inter_process,memfd,16384,5,1012989105976284,215678,1012989107073806,1097522
zenoh,5,inter_process,memfd,16384,6,1012989206185113,173948,1012989207196489,1011376
zenoh,5,inter_process,memfd,16384,7,1012989306166831,166159,1012989307166925,1000094
zenoh,5,inter_process,memfd,16384,8,1012989406172297,161953,1012989407134306,962009
zenoh,5,inter_process,memfd,16384,9,1012989506165186,161229,1012989507111526,946340
zenoh,5,inter_process,memfd,16384,10,1012989606175778,163144,1012989607142774,966996
zenoh,5,inter_process,memfd,16384,11,1012989706164349,164381,1012989707104581,940232
zenoh,5,inter_process,memfd,16384,12,1012989806162846,164120,1012989807124203,961357
zenoh,5,inter_process,memfd,16384,13,1012989906157714,156414,1012989907051140,893426
zenoh,5,inter_process,memfd,16384,14,1012990006088085,122227,1012990006786968,698883
zenoh,5,inter_process,memfd,16384,15,1012990106097378,111908,1012990106708263,610885
zenoh,5,inter_process,memfd,16384,16,1012990206139138,397720,1012990206922557,783419
zenoh,5,inter_process,memfd,16384,17,1012990306164315,163932,1012990307155644,991329
zenoh,5,inter_process,memfd,16384,18,1012990406168135,164687,1012990407135751,967616
zenoh,5,inter_process,memfd,16384,19,1012990506167188,165130,1012990507116343,949155
zenoh,5,inter_process,memfd,4096,0,1012996300168014,188658,1012996301157245,989231
zenoh,5,inter_process,memfd,4096,1,1012996400168734,187196,1012996401131414,962680
zenoh,5,inter_process,memfd,4096,2,1012996500140208,162252,1012996501098034,957826
zenoh,5,inter_process,memfd,4096,3,1012996599947076,61771,1012996600219629,272553
zenoh,5,inter_process,memfd,4096,4,1012996700116988,155473,1012996700969528,852540
zenoh,5,inter_process,memfd,4096,5,1012996800105003,126043,1012996800782365,677362
zenoh,5,inter_process,memfd,4096,6,1012996899945826,159896,1012996900777463,831637
zenoh,5,inter_process,memfd,4096,7,1012997000147621,184893,1012997001195073,1047452
zenoh,5,inter_process,memfd,4096,8,1012997100148385,188462,1012997101132866,984481
zenoh,5,inter_process,memfd,4096,9,1012997200168858,176215,1012997201166874,998016
zenoh,5,inter_process,memfd,4096,10,1012997300146871,164059,1012997301107715,960844
zenoh,5,inter_process,memfd,4096,11,1012997400130700,165201,1012997401090104,959404
zenoh,5,inter_process,memfd,4096,12,1012997500179540,165910,1012997501149716,970176
zenoh,5,inter_process,memfd,4096,13,1012997600153798,161943,1012997601093467,939669
zenoh,5,inter_process,memfd,4096,14,1012997700150602,174319,1012997701141172,990570
zenoh,5,inter_process,memfd,4096,15,1012997800114885,152129,1012997800957976,843091
zenoh,5,inter_process,memfd,4096,16,1012997900119177,141820,1012997900942194,823017
zenoh,5,inter_process,memfd,4096,17,1012998000127550,140464,1012998000957175,829625
zenoh,5,inter_process,memfd,4096,18,1012998100081245,124524,1012998100769505,688260
zenoh,5,inter_process,memfd,4096,19,1012998200081446,147181,1012998200884855,803409
zenoh,5,intra_process_va,memfd,16384,0,1013001016854242,15824,1013001016961037,106795
zenoh,5,intra_process_va,memfd,16384,1,1013001116846323,15016,1013001116953095,106772
zenoh,5,intra_process_va,memfd,16384,2,1013001216909749,15364,1013001217051631,141882
zenoh,5,intra_process_va,memfd,16384,3,1013001316853553,14961,1013001316958062,104509
zenoh,5,intra_process_va,memfd,16384,4,1013001416851646,15752,1013001416958258,106612
zenoh,5,intra_process_va,memfd,16384,5,1013001516663375,15237,1013001516766924,103549
zenoh,5,intra_process_va,memfd,16384,6,1013001616860478,15638,1013001616966977,106499
zenoh,5,intra_process_va,memfd,16384,7,1013001716835251,14045,1013001716933929,98678
zenoh,5,intra_process_va,memfd,16384,8,1013001816836654,13649,1013001816933052,96398
zenoh,5,intra_process_va,memfd,16384,9,1013001916765718,10146,1013001916838633,72915
zenoh,5,intra_process_va,memfd,16384,10,1013002016777095,15014,1013002016880407,103312
zenoh,5,intra_process_va,memfd,16384,11,1013002116852047,14955,1013002116957289,105242
zenoh,5,intra_process_va,memfd,16384,12,1013002216846298,15511,1013002216952047,105749
zenoh,5,intra_process_va,memfd,16384,13,1013002316860930,16755,1013002316966739,105809
zenoh,5,intra_process_va,memfd,16384,14,1013002416875511,16062,1013002416990391,114880
zenoh,5,intra_process_va,memfd,16384,15,1013002516848038,15207,1013002516953198,105160
zenoh,5,intra_process_va,memfd,16384,16,1013002616842627,14837,1013002616950209,107582
zenoh,5,intra_process_va,memfd,16384,17,1013002716875937,15013,1013002716981762,105825
zenoh,5,intra_process_va,memfd,16384,18,1013002816848012,13607,1013002816945955,97943
zenoh,5,intra_process_va,memfd,16384,19,1013002916870738,12924,1013002916963187,92449
zenoh,5,intra_process_va,cpu,16777216,0,1013004570389368,21950,1013004570463983,74615
zenoh,5,intra_process_va,cpu,16777216,1,1013004670210881,6866,1013004670240614,29733
zenoh,5,intra_process_va,cpu,16777216,2,1013004770381492,18701,1013004770460126,78634
zenoh,5,intra_process_va,cpu,16777216,3,1013004870119799,6588,1013004870149499,29700
zenoh,5,intra_process_va,cpu,16777216,4,1013004969928939,6577,1013004969960252,31313
zenoh,5,intra_process_va,cpu,16777216,5,1013005069884339,16875,1013005070011569,127230
zenoh,5,intra_process_va,cpu,16777216,6,1013005169981863,6503,1013005170025789,43926
zenoh,5,intra_process_va,cpu,16777216,7,1013005270247023,19238,1013005270324084,77061
zenoh,5,intra_process_va,cpu,16777216,8,1013005370342389,18119,1013005370424120,81731
zenoh,5,intra_process_va,cpu,16777216,9,1013005470197923,6469,1013005470227247,29324
zenoh,5,intra_process_va,cpu,16777216,10,1013005569803297,16681,1013005569874659,71362
zenoh,5,intra_process_va,cpu,16777216,11,1013005669438195,15568,1013005669506028,67833
zenoh,5,intra_process_va,cpu,16777216,12,1013005768741633,14934,1013005768805095,63462
zenoh,5,intra_process_va,cpu,16777216,13,1013005870141839,7498,1013005870170709,28870
zenoh,5,intra_process_va,cpu,16777216,14,1013005969856745,16577,1013005969927764,71019
zenoh,5,intra_process_va,cpu,16777216,15,1013006070005309,6279,1013006070034554,29245
zenoh,5,intra_process_va,cpu,16777216,16,1013006170179613,5967,1013006170208145,28532
zenoh,5,intra_process_va,cpu,16777216,17,1013006270619521,18433,1013006270698212,78691
zenoh,5,intra_process_va,cpu,16777216,18,1013006370253176,5985,1013006370282026,28850
zenoh,5,intra_process_va,cpu,16777216,19,1013006470233676,18899,1013006470313051,79375
zenoh,5,intra_process_va,cpu,262144,0,1013008115913946,16432,1013008116039988,126042
zenoh,5,intra_process_va,cpu,262144,1,1013008215796347,20437,1013008215900970,104623
zenoh,5,intra_process_va,cpu,262144,2,1013008315956200,20605,1013008316108478,152278
zenoh,5,intra_process_va,cpu,262144,3,1013008415951822,19760,1013008416116614,164792
zenoh,5,intra_process_va,cpu,262144,4,1013008515951954,20803,1013008516128144,176190
zenoh,5,intra_process_va,cpu,262144,5,1013008615951113,20497,1013008616123218,172105
zenoh,5,intra_process_va,cpu,262144,6,1013008715985059,68440,1013008716140617,155558
zenoh,5,intra_process_va,cpu,262144,7,1013008815976258,21496,1013008816127189,150931
zenoh,5,intra_process_va,cpu,262144,8,1013008915929668,21382,1013008916087927,158259
zenoh,5,intra_process_va,cpu,262144,9,1013009015960020,19623,1013009016100274,140254
zenoh,5,intra_process_va,cpu,262144,10,1013009115952153,19889,1013009116106193,154040
zenoh,5,intra_process_va,cpu,262144,11,1013009215924074,18915,1013009216056918,132844
zenoh,5,intra_process_va,cpu,262144,12,1013009315889320,13453,1013009315961502,72182
zenoh,5,intra_process_va,cpu,262144,13,1013009415881333,18694,1013009415977478,96145
zenoh,5,intra_process_va,cpu,262144,14,1013009515983646,59748,1013009516135159,151513
zenoh,5,intra_process_va,cpu,262144,15,1013009615956751,19166,1013009616099566,142815
zenoh,5,intra_process_va,cpu,262144,16,1013009715955229,21104,1013009716098272,143043
zenoh,5,intra_process_va,cpu,262144,17,1013009815807447,20839,1013009815911435,103988
zenoh,5,intra_process_va,cpu,262144,18,1013009916045427,22896,1013009916160034,114607
zenoh,5,intra_process_va,cpu,262144,19,1013010015955143,20193,1013010016103969,148826
zenoh,5,inter_process,cpu,1024,0,1013014649820518,79774,1013014650377458,556940
zenoh,5,inter_process,cpu,1024,1,1013014749876382,159354,1013014750757975,881593
zenoh,5,inter_process,cpu,1024,2,1013014849873360,188395,1013014850825453,952093
zenoh,5,inter_process,cpu,1024,3,1013014949886087,176586,1013014950815709,929622
zenoh,5,inter_process,cpu,1024,4,1013015049834908,95312,1013015050478177,643269
zenoh,5,inter_process,cpu,1024,5,1013015149704103,123424,1013015150495897,791794
zenoh,5,inter_process,cpu,1024,6,1013015249917459,194039,1013015250893272,975813
zenoh,5,inter_process,cpu,1024,7,1013015349930424,169205,1013015350896137,965713
zenoh,5,inter_process,cpu,1024,8,1013015449882425,164441,1013015450791489,909064
zenoh,5,inter_process,cpu,1024,9,1013015549880833,261179,1013015550973270,1092437
zenoh,5,inter_process,cpu,1024,10,1013015649930660,115239,1013015650578727,648067
zenoh,5,inter_process,cpu,1024,11,1013015749878636,172922,1013015750783908,905272
zenoh,5,inter_process,cpu,1024,12,1013015849977944,182677,1013015850906324,928380
zenoh,5,inter_process,cpu,1024,13,1013015949882510,162330,1013015950776159,893649
zenoh,5,inter_process,cpu,1024,14,1013016049901412,167499,1013016050850741,949329
zenoh,5,inter_process,cpu,1024,15,1013016150083370,129346,1013016150922618,839248
zenoh,5,inter_process,cpu,1024,16,1013016249877701,153043,1013016250679131,801430
zenoh,5,inter_process,cpu,1024,17,1013016349868274,120166,1013016350644284,776010
zenoh,5,inter_process,cpu,1024,18,1013016449873876,123543,1013016450600703,726827
zenoh,5,inter_process,cpu,1024,19,1013016549809606,136116,1013016550647639,838033
zenoh,5,inter_process,cpu,16384,0,1013021261876045,161457,1013021262711487,835442
zenoh,5,inter_process,cpu,16384,1,1013021361860903,110116,1013021362645105,784202
zenoh,5,inter_process,cpu,16384,2,1013021461839628,185716,1013021462843276,1003648
zenoh,5,inter_process,cpu,16384,3,1013021561908536,184703,1013021562908513,999977
zenoh,5,inter_process,cpu,16384,4,1013021661878756,176842,1013021662830605,951849
zenoh,5,inter_process,cpu,16384,5,1013021761972455,187323,1013021762967776,995321
zenoh,5,inter_process,cpu,16384,6,1013021861934532,185767,1013021862930094,995562
zenoh,5,inter_process,cpu,16384,7,1013021961875769,155760,1013021962731825,856056
zenoh,5,inter_process,cpu,16384,8,1013022061900994,173261,1013022062850249,949255
zenoh,5,inter_process,cpu,16384,9,1013022161969668,237096,1013022163036090,1066422
zenoh,5,inter_process,cpu,16384,10,1013022261903433,173234,1013022262825729,922296
zenoh,5,inter_process,cpu,16384,11,1013022361881967,154944,1013022362758237,876270
zenoh,5,inter_process,cpu,16384,12,1013022461868758,129582,1013022462696988,828230
zenoh,5,inter_process,cpu,16384,13,1013022561877087,152780,1013022562744511,867424
zenoh,5,inter_process,cpu,16384,14,1013022661861213,110057,1013022662521496,660283
zenoh,5,inter_process,cpu,16384,15,1013022761705820,160951,1013022762633195,927375
zenoh,5,inter_process,cpu,16384,16,1013022861908753,171128,1013022862832517,923764
zenoh,5,inter_process,cpu,16384,17,1013022961930280,208904,1013022962983907,1053627
zenoh,5,inter_process,cpu,16384,18,1013023061895913,174481,1013023062843084,947171
zenoh,5,inter_process,cpu,16384,19,1013023161898244,205775,1013023162908725,1010481
zenoh,5,intra_process_va,cpu,1048576,0,1013024911047425,15477,1013024911122093,74668
zenoh,5,intra_process_va,cpu,1048576,1,1013025011112637,35358,1013025011234312,121675
zenoh,5,intra_process_va,cpu,1048576,2,1013025111186701,24083,1013025111501610,314909
zenoh,5,intra_process_va,cpu,1048576,3,1013025211207033,24286,1013025211320447,113414
zenoh,5,intra_process_va,cpu,1048576,4,1013025311207729,23500,1013025311317512,109783
zenoh,5,intra_process_va,cpu,1048576,5,1013025411233176,25849,1013025411353570,120394
zenoh,5,intra_process_va,cpu,1048576,6,1013025511206284,24047,1013025511316520,110236
zenoh,5,intra_process_va,cpu,1048576,7,1013025611189063,25731,1013025611301716,112653
zenoh,5,intra_process_va,cpu,1048576,8,1013025711194362,24976,1013025711306887,112525
zenoh,5,intra_process_va,cpu,1048576,9,1013025811232442,24667,1013025811342626,110184
zenoh,5,intra_process_va,cpu,1048576,10,1013025911112047,20689,1013025911209815,97768
zenoh,5,intra_process_va,cpu,1048576,11,1013026010890740,17717,1013026010976392,85652
zenoh,5,intra_process_va,cpu,1048576,12,1013026110904129,18987,1013026111020980,116851
zenoh,5,intra_process_va,cpu,1048576,13,1013026211127050,21988,1013026211230115,103065
zenoh,5,intra_process_va,cpu,1048576,14,1013026311290084,24916,1013026311407576,117492
zenoh,5,intra_process_va,cpu,1048576,15,1013026411225930,24493,1013026411343581,117651
zenoh,5,intra_process_va,cpu,1048576,16,1013026511190607,25166,1013026511303869,113262
zenoh,5,intra_process_va,cpu,1048576,17,1013026611139519,22242,1013026611240183,100664
zenoh,5,intra_process_va,cpu,1048576,18,1013026711155083,22618,1013026711260497,105414
zenoh,5,intra_process_va,cpu,1048576,19,1013026811164782,21498,1013026811268807,104025
zenoh,5,inter_process,memfd,16777216,0,1013031430537206,279250,1013031431461429,924223
zenoh,5,inter_process,memfd,16777216,1,1013031530513262,165666,1013031531309943,796681
zenoh,5,inter_process,memfd,16777216,2,1013031630647529,163772,1013031631489517,841988
zenoh,5,inter_process,memfd,16777216,3,1013031730590136,167397,1013031731357623,767487
zenoh,5,inter_process,memfd,16777216,4,1013031830561970,168658,1013031831329980,768010
zenoh,5,inter_process,memfd,16777216,5,1013031928361620,68300,1013031928701261,339641
zenoh,5,inter_process,memfd,16777216,6,1013032030504822,179719,1013032031290380,785558
zenoh,5,inter_process,memfd,16777216,7,1013032130546400,180742,1013032131328707,782307
zenoh,5,inter_process,memfd,16777216,8,1013032230562001,152259,1013032231267358,705357
zenoh,5,inter_process,memfd,16777216,9,1013032330649421,158936,1013032331393302,743881
zenoh,5,inter_process,memfd,16777216,10,1013032430604170,179527,1013032431379130,774960
zenoh,5,inter_process,memfd,16777216,11,1013032530506787,191342,1013032531298920,792133
zenoh,5,inter_process,memfd,16777216,12,1013032630642158,159745,1013032631383739,741581
zenoh,5,inter_process,memfd,16777216,13,1013032730525466,178824,1013032731320679,795213
zenoh,5,inter_process,memfd,16777216,14,1013032830697969,186727,1013032831570365,872396
zenoh,5,inter_process,memfd,16777216,15,1013032930787556,170936,1013032931582572,795016
zenoh,5,inter_process,memfd,16777216,16,1013033030507986,171761,1013033031308973,800987
zenoh,5,inter_process,memfd,16777216,17,1013033130492742,170118,1013033131270501,777759
zenoh,5,inter_process,memfd,16777216,18,1013033230514492,178210,1013033231294924,780432
zenoh,5,inter_process,memfd,16777216,19,1013033330517851,151869,1013033331266390,748539
zenoh,5,intra_process_va,memfd,4096,0,1013036144931728,15827,1013036145068777,137049
zenoh,5,intra_process_va,memfd,4096,1,1013036244898615,15199,1013036245042171,143556
zenoh,5,intra_process_va,memfd,4096,2,1013036344892521,14824,1013036344994227,101706
zenoh,5,intra_process_va,memfd,4096,3,1013036444883515,15755,1013036444987438,103923
zenoh,5,intra_process_va,memfd,4096,4,1013036544882949,12936,1013036544979330,96381
zenoh,5,intra_process_va,memfd,4096,5,1013036644813123,7245,1013036644859565,46442
zenoh,5,intra_process_va,memfd,4096,6,1013036744925728,15383,1013036745063530,137802
zenoh,5,intra_process_va,memfd,4096,7,1013036844885372,11390,1013036844962178,76806
zenoh,5,intra_process_va,memfd,4096,8,1013036944737544,15625,1013036944835280,97736
zenoh,5,intra_process_va,memfd,4096,9,1013037044895107,11339,1013037044973333,78226
zenoh,5,intra_process_va,memfd,4096,10,1013037144881300,12397,1013037144969897,88597
zenoh,5,intra_process_va,memfd,4096,11,1013037245154627,17130,1013037245253557,98930
zenoh,5,intra_process_va,memfd,4096,12,1013037344914561,17481,1013037345073114,158553
zenoh,5,intra_process_va,memfd,4096,13,1013037444898998,14789,1013037444999800,100802
zenoh,5,intra_process_va,memfd,4096,14,1013037544897778,15286,1013037545061856,164078
zenoh,5,intra_process_va,memfd,4096,15,1013037644871479,6613,1013037644917275,45796
zenoh,5,intra_process_va,memfd,4096,16,1013037744911367,18168,1013037745069555,158188
zenoh,5,intra_process_va,memfd,4096,17,1013037844898735,16353,1013037845049226,150491
zenoh,5,intra_process_va,memfd,4096,18,1013037944925566,15787,1013037945071601,146035
zenoh,5,intra_process_va,memfd,4096,19,1013038044942689,17399,1013038045083562,140873
zenoh,5,intra_process_va,memfd,262144,0,1013039710888888,17465,1013039710996057,107169
zenoh,5,intra_process_va,memfd,262144,1,1013039810895030,16061,1013039810990377,95347
zenoh,5,intra_process_va,memfd,262144,2,1013039910899464,15182,1013039910994566,95102
zenoh,5,intra_process_va,memfd,262144,3,1013040010873295,15561,1013040010967530,94235
zenoh,5,intra_process_va,memfd,262144,4,1013040110895867,15562,1013040110991828,95961
zenoh,5,intra_process_va,memfd,262144,5,1013040210846983,18962,1013040210960451,113468
zenoh,5,intra_process_va,memfd,262144,6,1013040310924647,19225,1013040311075447,150800
zenoh,5,intra_process_va,memfd,262144,7,1013040410930586,18513,1013040411105465,174879
zenoh,5,intra_process_va,memfd,262144,8,1013040510860591,18574,1013040510974156,113565
zenoh,5,intra_process_va,memfd,262144,9,1013040610918345,18726,1013040611136112,217767
zenoh,5,intra_process_va,memfd,262144,10,1013040710900368,18187,1013040711045820,145452
zenoh,5,intra_process_va,memfd,262144,11,1013040810942249,18437,1013040811092314,150065
zenoh,5,intra_process_va,memfd,262144,12,1013040910933186,19130,1013040911098224,165038
zenoh,5,intra_process_va,memfd,262144,13,1013041010891480,20580,1013041011056317,164837
zenoh,5,intra_process_va,memfd,262144,14,1013041110917236,19394,1013041111089729,172493
zenoh,5,intra_process_va,memfd,262144,15,1013041210939417,18381,1013041211095777,156360
zenoh,5,intra_process_va,memfd,262144,16,1013041310891359,17969,1013041310998215,106856
zenoh,5,intra_process_va,memfd,262144,17,1013041410905362,18818,1013041411067679,162317
zenoh,5,intra_process_va,memfd,262144,18,1013041510872606,18213,1013041510979031,106425
zenoh,5,intra_process_va,memfd,262144,19,1013041610957837,17025,1013041611097684,139847
zenoh,5,inter_process,cpu,64,0,1013046231883402,103814,1013046232586738,703336
zenoh,5,inter_process,cpu,64,1,1013046331761940,115815,1013046332490486,728546
zenoh,5,inter_process,cpu,64,2,1013046431727768,114751,1013046432506441,778673
zenoh,5,inter_process,cpu,64,3,1013046531720849,136031,1013046532621557,900708
zenoh,5,inter_process,cpu,64,4,1013046633097237,101123,1013046633773910,676673
zenoh,5,inter_process,cpu,64,5,1013046731941945,197262,1013046732962942,1020997
zenoh,5,inter_process,cpu,64,6,1013046831911552,199803,1013046832891441,979889
zenoh,5,inter_process,cpu,64,7,1013046931919713,200150,1013046932981696,1061983
zenoh,5,inter_process,cpu,64,8,1013047031953280,205220,1013047033057444,1104164
zenoh,5,inter_process,cpu,64,9,1013047131740679,140373,1013047132624261,883582
zenoh,5,inter_process,cpu,64,10,1013047231960636,195065,1013047233036938,1076302
zenoh,5,inter_process,cpu,64,11,1013047331929122,176458,1013047332887059,957937
zenoh,5,inter_process,cpu,64,12,1013047431907235,168319,1013047432807552,900317
zenoh,5,inter_process,cpu,64,13,1013047531903377,186470,1013047532834013,930636
zenoh,5,inter_process,cpu,64,14,1013047633658114,104953,1013047634358857,700743
zenoh,5,inter_process,cpu,64,15,1013047731899890,179087,1013047732819064,919174
zenoh,5,inter_process,cpu,64,16,1013047831912449,234685,1013047832871358,958909
zenoh,5,inter_process,cpu,64,17,1013047931941689,165920,1013047932843474,901785
zenoh,5,inter_process,cpu,64,18,1013048031909608,168069,1013048032809012,899404
zenoh,5,inter_process,cpu,64,19,1013048131969018,184759,1013048132978552,1009534
zenoh,5,inter_process,memfd,65536,0,1013052840202574,171493,1013052841207780,1005206
zenoh,5,inter_process,memfd,65536,1,1013052940187759,156229,1013052941055180,867421
zenoh,5,inter_process,memfd,65536,2,1013053040157834,168095,1013053041113940,956106
zenoh,5,inter_process,memfd,65536,3,1013053140130378,162825,1013053141084716,954338
zenoh,5,inter_process,memfd,65536,4,1013053240171701,164052,1013053241128069,956368
zenoh,5,inter_process,memfd,65536,5,1013053340182964,182861,1013053341243289,1060325
zenoh,5,inter_process,memfd,65536,6,1013053440151438,144546,1013053440956181,804743
zenoh,5,inter_process,memfd,65536,7,1013053540172640,164597,1013053541123377,950737
zenoh,5,inter_process,memfd,65536,8,1013053639991704,65363,1013053640302075,310371
zenoh,5,inter_process,memfd,65536,9,1013053740143683,136051,1013053740857527,713844
zenoh,5,inter_process,memfd,65536,10,1013053840182095,196436,1013053841189892,1007797
zenoh,5,inter_process,memfd,65536,11,1013053940288297,170079,1013053941386768,1098471
zenoh,5,inter_process,memfd,65536,12,1013054040176439,497060,1013054041187014,1010575
zenoh,5,inter_process,memfd,65536,13,1013054140212155,496511,1013054141171692,959537
zenoh,5,inter_process,memfd,65536,14,1013054240143895,697978,1013054241173823,1029928
zenoh,5,inter_process,memfd,65536,15,1013054340165646,483756,1013054341118560,952914
zenoh,5,inter_process,memfd,65536,16,1013054440188713,456916,1013054441101452,912739
zenoh,5,inter_process,memfd,65536,17,1013054540174297,462450,1013054541091668,917371
zenoh,5,inter_process,memfd,65536,18,1013054640066600,161471,1013054640374953,308353
zenoh,5,inter_process,memfd,65536,19,1013054740157222,476873,1013054741099450,942228
zenoh,5,intra_process_va,cpu,4194304,0,1013057557449159,25266,1013057557557001,107842
zenoh,5,intra_process_va,cpu,4194304,1,1013057657332772,25026,1013057657440429,107657
zenoh,5,intra_process_va,cpu,4194304,2,1013057757406939,25196,1013057757515701,108762
zenoh,5,intra_process_va,cpu,4194304,3,1013057857391641,24273,1013057857497781,106140
zenoh,5,intra_process_va,cpu,4194304,4,1013057957273150,23307,1013057957374599,101449
zenoh,5,intra_process_va,cpu,4194304,5,1013058057432411,25523,1013058057540991,108580
zenoh,5,intra_process_va,cpu,4194304,6,1013058157429058,27082,1013058157538416,109358
zenoh,5,intra_process_va,cpu,4194304,7,1013058257407612,25247,1013058257514423,106811
zenoh,5,intra_process_va,cpu,4194304,8,1013058357274920,22614,1013058357375602,100682
zenoh,5,intra_process_va,cpu,4194304,9,1013058457311261,22513,1013058457411288,100027
zenoh,5,intra_process_va,cpu,4194304,10,1013058557307046,24064,1013058557409702,102656
zenoh,5,intra_process_va,cpu,4194304,11,1013058657175099,25228,1013058657268642,93543
zenoh,5,intra_process_va,cpu,4194304,12,1013058757159939,24535,1013058757263728,103789
zenoh,5,intra_process_va,cpu,4194304,13,1013058857255584,23078,1013058857355612,100028
zenoh,5,intra_process_va,cpu,4194304,14,1013058957179171,25345,1013058957272618,93447
zenoh,5,intra_process_va,cpu,4194304,15,1013059057271786,23099,1013059057365844,94058
zenoh,5,intra_process_va,cpu,4194304,16,1013059157653836,26830,1013059157770461,116625
zenoh,5,intra_process_va,cpu,4194304,17,1013059257576554,27161,1013059257691187,114633
zenoh,5,intra_process_va,cpu,4194304,18,1013059357568716,25954,1013059357683568,114852
zenoh,5,intra_process_va,cpu,4194304,19,1013059457475425,25016,1013059457582034,106609
zenoh,5,inter_process,memfd,262144,0,1013064079086904,180184,1013064079809122,722218
zenoh,5,inter_process,memfd,262144,1,1013064179168289,585707,1013064180298968,1130679
zenoh,5,inter_process,memfd,262144,2,1013064279160266,169307,1013064280118230,957964
zenoh,5,inter_process,memfd,262144,3,1013064379232593,202920,1013064380385583,1152990
zenoh,5,inter_process,memfd,262144,4,1013064479275951,185608,1013064480318928,1042977
zenoh,5,inter_process,memfd,262144,5,1013064579197439,171639,1013064580160221,962782
zenoh,5,inter_process,memfd,262144,6,1013064679206545,174248,1013064680179292,972747
zenoh,5,inter_process,memfd,262144,7,1013064779130484,165789,1013064780073529,943045
zenoh,5,inter_process,memfd,262144,8,1013064879209051,173169,1013064880185014,975963
zenoh,5,inter_process,memfd,262144,9,1013064979136732,155816,1013064979976435,839703
zenoh,5,inter_process,memfd,262144,10,1013065079165454,146450,1013065079964685,799231
zenoh,5,inter_process,memfd,262144,11,1013065179181992,149745,1013065179973415,791423
zenoh,5,inter_process,memfd,262144,12,1013065280059307,143926,1013065280911096,851789
zenoh,5,inter_process,memfd,262144,13,1013065379227178,543892,1013065380298602,1071424
zenoh,5,inter_process,memfd,262144,14,1013065479260280,196706,1013065480391990,1131710
zenoh,5,inter_process,memfd,262144,15,1013065579220077,186666,1013065580233332,1013255
zenoh,5,inter_process,memfd,262144,16,1013065679222553,190769,1013065680252877,1030324
zenoh,5,inter_process,memfd,262144,17,1013065779252142,185646,1013065780265246,1013104
zenoh,5,inter_process,memfd,262144,18,1013065879239820,167803,1013065880242915,1003095
zenoh,5,inter_process,memfd,262144,19,1013065979184297,156779,1013065980069741,885444
zenoh,5,inter_process,memfd,4194304,0,1013071780984675,480860,1013071781812179,827504
zenoh,5,inter_process,memfd,4194304,1,1013071880971314,467729,1013071881824743,853429
zenoh,5,inter_process,memfd,4194304,2,1013071980922346,468082,1013071981784250,861904
zenoh,5,inter_process,memfd,4194304,3,1013072080961546,436411,1013072081742161,780615
zenoh,5,inter_process,memfd,4194304,4,1013072180908887,380703,1013072181599072,690185
zenoh,5,inter_process,memfd,4194304,5,1013072281139779,170693,1013072282073111,933332
zenoh,5,inter_process,memfd,4194304,6,1013072381145493,184374,1013072382156120,1010627
zenoh,5,inter_process,memfd,4194304,7,1013072481112025,184709,1013072482095735,983710
zenoh,5,inter_process,memfd,4194304,8,1013072581078969,171955,1013072582045746,966777
zenoh,5,inter_process,memfd,4194304,9,1013072681168087,163099,1013072682081581,913494
zenoh,5,inter_process,memfd,4194304,10,1013072781050879,174475,1013072781986399,935520
zenoh,5,inter_process,memfd,4194304,11,1013072881114486,184836,1013072882113616,999130
zenoh,5,inter_process,memfd,4194304,12,1013072981082094,195572,1013072982048156,966062
zenoh,5,inter_process,memfd,4194304,13,1013073081061381,175448,1013073081992283,930902
zenoh,5,inter_process,memfd,4194304,14,1013073180869928,191720,1013073181830761,960833
zenoh,5,inter_process,memfd,4194304,15,1013073280955653,207518,1013073281845018,889365
zenoh,5,inter_process,memfd,4194304,16,1013073380959946,202298,1013073381871516,911570
zenoh,5,inter_process,memfd,4194304,17,1013073480967729,195184,1013073481852800,885071
zenoh,5,inter_process,memfd,4194304,18,1013073580544258,112800,1013073581134765,590507
zenoh,5,inter_process,memfd,4194304,19,1013073681054390,173105,1013073681974219,919829
